// Auto-generated
pub const NUM_ABILITIES: usize = 800;

#[derive(Debug, Clone, Copy, PartialEq, Eq)]
#[repr(u8)]
pub enum Opcode {
    ActivateAbility = 1,
    ChangeState = 2,
    ChooseTargetPlayer = 3,
    ConditionalOnOptional = 4,
    ConditionalOnResult = 5,
    DiscardUntilCount = 6,
    DoNothing = 7,
    DrawCard = 8,
    DrawUntilCount = 9,
    GainAbility = 10,
    GainAbilityFromSource = 11,
    GainResource = 12,
    InvalidateAbility = 13,
    LookAt = 14,
    ModifyCost = 15,
    ModifyRequiredHearts = 16,
    ModifyRequiredHeartsGlobal = 17,
    ModifyScore = 18,
    ModifyYellCount = 19,
    MoveCards = 20,
    PayEnergy = 21,
    PerformYell = 22,
    PlaceEnergyUnderMember = 23,
    PlayBatonTouch = 24,
    PositionChange = 25,
    ReYell = 26,
    ReduceLiveCardSetLimit = 27,
    RepeatProcedure = 28,
    Restriction = 29,
    Reveal = 30,
    RevealUntilLiveCard = 31,
    Select = 32,
    SelectCards = 33,
    SelectNumber = 34,
    SetBladeCount = 35,
    SetBladeType = 36,
    SetCardIdentity = 37,
    SetHeartType = 38,
    SpecifyHeartColor = 39,
    SuppressAbilityTrigger = 40,
    ConditionalAlternative = 41,
    CardCountCondition = 64,
    LocationCondition = 65,
    ComparisonCondition = 66,
    GroupCondition = 67,
    MovementCondition = 68,
    TemporalCondition = 69,
    AppearanceCondition = 70,
    StateCondition = 71,
    EnergyStateCondition = 72,
    PositionCondition = 73,
    OrCondition = 74,
    AndCondition = 75,
    EndCondition = 76,
    HighestCostOnStageCondition = 77,
    StateChangeCondition = 78,
    CardBladeCondition = 79,
    AllCostComparisonCondition = 80,
    AbilityFilterCondition = 81,
    HasMoved = 82,
    NotMoved = 83,
    OpponentLiveSuccess = 84,
    NoExcessHeart = 85,
    MoveCardsCost = 128,
    Tap = 129,
    Rest = 130,
    EnergyCost = 131,
    DiscardCost = 132,
    PlaceEnergyUnderMemberCost = 133,
    PayEnergyCost = 134,
    ChangeStateCost = 135,
    SequentialCost = 136,
    RevealCost = 137,
    ChoiceCondition = 138,
}

impl TryFrom<u8> for Opcode {
    type Error = UnknownOpcode;
    fn try_from(v: u8) -> Result<Self, Self::Error> {
        match v {
            1 => Ok(Self::ActivateAbility),
            2 => Ok(Self::ChangeState),
            3 => Ok(Self::ChooseTargetPlayer),
            4 => Ok(Self::ConditionalOnOptional),
            5 => Ok(Self::ConditionalOnResult),
            6 => Ok(Self::DiscardUntilCount),
            7 => Ok(Self::DoNothing),
            8 => Ok(Self::DrawCard),
            9 => Ok(Self::DrawUntilCount),
            10 => Ok(Self::GainAbility),
            11 => Ok(Self::GainAbilityFromSource),
            12 => Ok(Self::GainResource),
            13 => Ok(Self::InvalidateAbility),
            14 => Ok(Self::LookAt),
            15 => Ok(Self::ModifyCost),
            16 => Ok(Self::ModifyRequiredHearts),
            17 => Ok(Self::ModifyRequiredHeartsGlobal),
            18 => Ok(Self::ModifyScore),
            19 => Ok(Self::ModifyYellCount),
            20 => Ok(Self::MoveCards),
            21 => Ok(Self::PayEnergy),
            22 => Ok(Self::PerformYell),
            23 => Ok(Self::PlaceEnergyUnderMember),
            24 => Ok(Self::PlayBatonTouch),
            25 => Ok(Self::PositionChange),
            26 => Ok(Self::ReYell),
            27 => Ok(Self::ReduceLiveCardSetLimit),
            28 => Ok(Self::RepeatProcedure),
            29 => Ok(Self::Restriction),
            30 => Ok(Self::Reveal),
            31 => Ok(Self::RevealUntilLiveCard),
            32 => Ok(Self::Select),
            33 => Ok(Self::SelectCards),
            34 => Ok(Self::SelectNumber),
            35 => Ok(Self::SetBladeCount),
            36 => Ok(Self::SetBladeType),
            37 => Ok(Self::SetCardIdentity),
            38 => Ok(Self::SetHeartType),
            39 => Ok(Self::SpecifyHeartColor),
            40 => Ok(Self::SuppressAbilityTrigger),
            41 => Ok(Self::ConditionalAlternative),
            64 => Ok(Self::CardCountCondition),
            65 => Ok(Self::LocationCondition),
            66 => Ok(Self::ComparisonCondition),
            67 => Ok(Self::GroupCondition),
            68 => Ok(Self::MovementCondition),
            69 => Ok(Self::TemporalCondition),
            70 => Ok(Self::AppearanceCondition),
            71 => Ok(Self::StateCondition),
            72 => Ok(Self::EnergyStateCondition),
            73 => Ok(Self::PositionCondition),
            74 => Ok(Self::OrCondition),
            75 => Ok(Self::AndCondition),
            76 => Ok(Self::EndCondition),
            77 => Ok(Self::HighestCostOnStageCondition),
            78 => Ok(Self::StateChangeCondition),
            79 => Ok(Self::CardBladeCondition),
            80 => Ok(Self::AllCostComparisonCondition),
            81 => Ok(Self::AbilityFilterCondition),
            82 => Ok(Self::HasMoved),
            83 => Ok(Self::NotMoved),
            84 => Ok(Self::OpponentLiveSuccess),
            85 => Ok(Self::NoExcessHeart),
            128 => Ok(Self::MoveCardsCost),
            129 => Ok(Self::Tap),
            130 => Ok(Self::Rest),
            131 => Ok(Self::EnergyCost),
            132 => Ok(Self::DiscardCost),
            133 => Ok(Self::PlaceEnergyUnderMemberCost),
            134 => Ok(Self::PayEnergyCost),
            135 => Ok(Self::ChangeStateCost),
            136 => Ok(Self::SequentialCost),
            137 => Ok(Self::RevealCost),
            138 => Ok(Self::ChoiceCondition),
            _ => Err(UnknownOpcode(v)),
        }
    }
}

pub struct UnknownOpcode(pub u8);

pub const BYTECODE: &[u8] = &[
    0x80, 0x01, 0x05, 0x01, 0x01, 0x01, 0x14, 0x00, 0x00, 0x00, 0x00, 0xff, 0xff, 0x00, 0x00, 0xff, 0xff, 0xff, 0xff, 0x02, 0xff, 0xff, 0x00, 0x00,
    0x00, 0x00, 0x00, 0xff, 0xff, 0x00, 0x00, 0x01, 0x00, 0x00, 0xff, 0xff, 0xff, 0xff, 0x00, 0xff, 0xff, 0xff, 0xff, 0x00, 0x00, 0x00, 0x00, 0xff,
    0xff, 0xff, 0xff, 0x00, 0x00, 0x00, 0x00, 0x00, 0x00, 0xff, 0xff, 0xff, 0xff, 0x00, 0x00, 0x00, 0x05, 0x00, 0x00, 0x80, 0x01, 0x05, 0x01, 0x01,
    0x01, 0x14, 0x00, 0x00, 0x00, 0x00, 0xff, 0xff, 0x00, 0x00, 0xff, 0xff, 0xff, 0xff, 0x01, 0xff, 0xff, 0x00, 0x00, 0x00, 0x00, 0x00, 0xff, 0xff,
    0x00, 0x00, 0x01, 0x00, 0x00, 0xff, 0xff, 0xff, 0xff, 0x00, 0xff, 0xff, 0xff, 0xff, 0x00, 0x00, 0x00, 0x00, 0xff, 0xff, 0xff, 0xff, 0x00, 0x00,
    0x00, 0x00, 0x00, 0x00, 0xff, 0xff, 0xff, 0xff, 0x00, 0x00, 0x00, 0x05, 0x00, 0x00, 0x80, 0x00, 0x05, 0x01, 0x00, 0x01, 0x70, 0x03, 0x0a, 0x00,
    0x71, 0x01, 0x00, 0x01, 0x60, 0x02, 0x08, 0x00, 0x00, 0xff, 0xff, 0x00, 0x00, 0x01, 0x00, 0x00, 0x00, 0xff, 0xff, 0x00, 0x00, 0x00, 0x00, 0x00,
    0xff, 0xff, 0x00, 0x00, 0x00, 0x00, 0xff, 0xff, 0x09, 0x00, 0x00, 0xff, 0xff, 0x14, 0x00, 0x00, 0x00, 0x00, 0xff, 0xff, 0x00, 0x00, 0xff, 0xff,
    0xff, 0xff, 0x00, 0xff, 0xff, 0x00, 0x00, 0x00, 0x00, 0x00, 0xff, 0xff, 0x00, 0x00, 0x01, 0x05, 0x00, 0xff, 0xff, 0xff, 0xff, 0x00, 0xff, 0xff,
    0xff, 0xff, 0x00, 0x00, 0x00, 0x00, 0xff, 0xff, 0xff, 0xff, 0x00, 0x00, 0x00, 0x00, 0x00, 0x00, 0xff, 0xff, 0xff, 0xff, 0x00, 0x00, 0x00, 0x00,
    0x00, 0x00, 0x86, 0x01, 0x01, 0x0c, 0x00, 0x00, 0x00, 0xff, 0xff, 0x00, 0xff, 0xff, 0x00, 0xff, 0xff, 0x00, 0x00, 0x00, 0x02, 0xff, 0xff, 0x00,
    0x00, 0xff, 0xff, 0x00, 0x00, 0xff, 0xff, 0xff, 0xff, 0x00, 0x00, 0x00, 0xff, 0xff, 0x00, 0x00, 0x00, 0x00, 0x00, 0x00, 0xff, 0xff, 0x00, 0x00,
    0xff, 0xff, 0x00, 0x00, 0x00, 0x01, 0x00, 0x00, 0x00, 0xff, 0xff, 0x00, 0x00, 0x00, 0x00, 0xff, 0xff, 0xff, 0xff, 0x87, 0x03, 0x01, 0x01, 0x70,
    0x02, 0x0a, 0x00, 0x71, 0x01, 0x0a, 0x01, 0x70, 0x03, 0x0a, 0x00, 0x71, 0x01, 0x0a, 0x01, 0x86, 0x02, 0x00, 0x08, 0x00, 0x00, 0xff, 0xff, 0x00,
    0x00, 0x01, 0x00, 0x00, 0x00, 0xff, 0xff, 0x00, 0x00, 0x00, 0x00, 0x00, 0xff, 0xff, 0x00, 0x00, 0x00, 0x00, 0xff, 0xff, 0x09, 0x00, 0x00, 0xff,
    0xff, 0x87, 0x03, 0x01, 0x01, 0x02, 0x00, 0x00, 0x00, 0x00, 0x00, 0x01, 0x00, 0x04, 0x05, 0x01, 0xff, 0xff, 0xff, 0xff, 0x00, 0xff, 0xff, 0x00,
    0x00, 0x00, 0x00, 0x02, 0x00, 0x00, 0x00, 0xff, 0xff, 0x00, 0xff, 0xff, 0x00, 0x00, 0x01, 0x00, 0x03, 0x00, 0x01, 0x80, 0x00, 0x05, 0x01, 0x00,
    0x01, 0x14, 0x00, 0x00, 0x00, 0x00, 0xff, 0xff, 0x00, 0x00, 0xff, 0xff, 0xff, 0xff, 0x03, 0xff, 0xff, 0x00, 0x00, 0x00, 0x00, 0x00, 0xff, 0xff,
    0x00, 0x00, 0x01, 0x08, 0x00, 0xff, 0xff, 0xff, 0xff, 0x00, 0xff, 0xff, 0xff, 0xff, 0x00, 0x00, 0x00, 0x00, 0xff, 0xff, 0xff, 0xff, 0x00, 0x00,
    0x00, 0x00, 0x00, 0x00, 0xff, 0xff, 0xff, 0xff, 0x00, 0x00, 0x00, 0x0f, 0x03, 0x00, 0x80, 0x00, 0x05, 0x01, 0x00, 0x01, 0x14, 0x00, 0x00, 0x00,
    0x00, 0xff, 0xff, 0x00, 0x00, 0xff, 0xff, 0xff, 0xff, 0x02, 0xff, 0xff, 0x00, 0x00, 0x00, 0x00, 0x00, 0xff, 0xff, 0x00, 0x00, 0x01, 0x00, 0x00,
    0xff, 0xff, 0xff, 0xff, 0x00, 0x04, 0x00, 0xff, 0xff, 0x00, 0x00, 0x00, 0x00, 0xff, 0xff, 0xff, 0xff, 0x00, 0x00, 0x00, 0x00, 0x00, 0x00, 0xff,
    0xff, 0xff, 0xff, 0x00, 0x00, 0x00, 0x05, 0x00, 0x00, 0x60, 0x02, 0x08, 0x00, 0x00, 0xff, 0xff, 0x00, 0x00, 0x02, 0x00, 0x00, 0x00, 0xff, 0xff,
    0x00, 0x00, 0x00, 0x00, 0x00, 0xff, 0xff, 0x00, 0x00, 0x00, 0x00, 0xff, 0xff, 0x09, 0x00, 0x00, 0xff, 0xff, 0x14, 0x00, 0x00, 0x00, 0x00, 0xff,
    0xff, 0x00, 0x00, 0xff, 0xff, 0xff, 0xff, 0x00, 0xff, 0xff, 0x00, 0x00, 0x00, 0x00, 0x00, 0xff, 0xff, 0x00, 0x00, 0x01, 0x05, 0x00, 0xff, 0xff,
    0xff, 0xff, 0x00, 0xff, 0xff, 0xff, 0xff, 0x00, 0x00, 0x00, 0x00, 0xff, 0xff, 0xff, 0xff, 0x00, 0x00, 0x00, 0x00, 0x00, 0x00, 0xff, 0xff, 0xff,
    0xff, 0x00, 0x00, 0x00, 0x00, 0x00, 0x00, 0x60, 0x02, 0x08, 0x00, 0x00, 0xff, 0xff, 0x00, 0x00, 0x02, 0x00, 0x00, 0x00, 0xff, 0xff, 0x00, 0x00,
    0x00, 0x00, 0x00, 0xff, 0xff, 0x00, 0x00, 0x00, 0x00, 0xff, 0xff, 0x09, 0x00, 0x00, 0xff, 0xff, 0x14, 0x00, 0x00, 0x00, 0x00, 0xff, 0xff, 0x00,
    0x00, 0xff, 0xff, 0xff, 0xff, 0x00, 0xff, 0xff, 0x00, 0x00, 0x00, 0x00, 0x00, 0xff, 0xff, 0x00, 0x00, 0x01, 0x05, 0x00, 0xff, 0xff, 0xff, 0xff,
    0x00, 0xff, 0xff, 0xff, 0xff, 0x00, 0x00, 0x00, 0x00, 0xff, 0xff, 0xff, 0xff, 0x00, 0x00, 0x00, 0x00, 0x00, 0x00, 0xff, 0xff, 0xff, 0xff, 0x00,
    0x00, 0x00, 0x00, 0x00, 0x00, 0x18, 0x00, 0x02, 0xff, 0xff, 0x01, 0x00, 0x60, 0x02, 0x20, 0xff, 0xff, 0xff, 0xff, 0x00, 0x00, 0x00, 0x00, 0xff,
    0xff, 0x00, 0x00, 0x01, 0xff, 0xff, 0x00, 0x00, 0x00, 0xff, 0xff, 0x00, 0x00, 0x00, 0x00, 0x00, 0x0c, 0x00, 0x00, 0x00, 0xff, 0xff, 0x00, 0xff,
    0xff, 0x00, 0xff, 0xff, 0x00, 0x00, 0x00, 0x01, 0xff, 0xff, 0x00, 0x00, 0xff, 0xff, 0x00, 0x00, 0xff, 0xff, 0xff, 0xff, 0x00, 0x00, 0x00, 0xff,
    0xff, 0x0e, 0x00, 0x00, 0x00, 0x00, 0x00, 0xff, 0xff, 0x01, 0x01, 0xff, 0xff, 0x00, 0x00, 0x00, 0x05, 0x00, 0x00, 0x00, 0xff, 0xff, 0x00, 0x00,
    0x00, 0x00, 0xff, 0xff, 0xff, 0xff, 0x60, 0x02, 0x08, 0x00, 0x00, 0xff, 0xff, 0x00, 0x00, 0x02, 0x00, 0x00, 0x00, 0xff, 0xff, 0x00, 0x00, 0x00,
    0x00, 0x00, 0xff, 0xff, 0x00, 0x00, 0x00, 0x00, 0xff, 0xff, 0x09, 0x00, 0x00, 0xff, 0xff, 0x14, 0x00, 0x00, 0x00, 0x00, 0xff, 0xff, 0x00, 0x00,
    0xff, 0xff, 0xff, 0xff, 0x00, 0xff, 0xff, 0x00, 0x00, 0x00, 0x00, 0x00, 0xff, 0xff, 0x00, 0x00, 0x02, 0x05, 0x00, 0xff, 0xff, 0xff, 0xff, 0x00,
    0xff, 0xff, 0xff, 0xff, 0x00, 0x00, 0x00, 0x00, 0xff, 0xff, 0xff, 0xff, 0x00, 0x00, 0x00, 0x00, 0x00, 0x00, 0xff, 0xff, 0xff, 0xff, 0x00, 0x00,
    0x00, 0x00, 0x00, 0x00, 0x86, 0x03, 0x00, 0x14, 0x00, 0x00, 0x00, 0x00, 0xff, 0xff, 0x00, 0x00, 0xff, 0xff, 0xff, 0xff, 0x02, 0xff, 0xff, 0x00,
    0x00, 0x00, 0x00, 0x00, 0xff, 0xff, 0x00, 0x00, 0x01, 0x00, 0x00, 0xff, 0xff, 0xff, 0xff, 0x00, 0xff, 0xff, 0xff, 0xff, 0x00, 0x00, 0x00, 0x00,
    0xff, 0xff, 0xff, 0xff, 0x00, 0x00, 0x00, 0x00, 0x00, 0x00, 0xff, 0xff, 0xff, 0xff, 0x00, 0x00, 0x00, 0x05, 0x00, 0x00, 0x80, 0x00, 0x05, 0x01,
    0x00, 0x01, 0x02, 0x00, 0x00, 0x00, 0x00, 0x00, 0x01, 0x00, 0x04, 0x05, 0x02, 0xff, 0xff, 0xff, 0xff, 0x00, 0xff, 0xff, 0x00, 0x01, 0x00, 0x00,
    0x02, 0x00, 0x00, 0x00, 0xff, 0xff, 0x00, 0xff, 0xff, 0x00, 0x00, 0x01, 0x00, 0x03, 0x00, 0x01, 0x19, 0x01, 0x00, 0x00, 0x00, 0x01, 0xff, 0xff,
    0x00, 0x01, 0x06, 0x00, 0x00, 0xff, 0xff, 0x00, 0x00, 0x00, 0xff, 0xff, 0x80, 0x00, 0x05, 0x01, 0x00, 0x01, 0x70, 0x05, 0x0a, 0x00, 0x71, 0x01,
    0x00, 0x01, 0x88, 0x02, 0x86, 0x02, 0x00, 0x80, 0x00, 0x05, 0x01, 0x00, 0x01, 0x14, 0x00, 0x00, 0x00, 0x01, 0xff, 0xff, 0x00, 0x00, 0xff, 0xff,
    0xff, 0xff, 0x00, 0xff, 0xff, 0x00, 0x00, 0x00, 0x00, 0x00, 0xff, 0xff, 0x00, 0x00, 0x01, 0x01, 0x00, 0xff, 0xff, 0xff, 0xff, 0x00, 0xff, 0xff,
    0xff, 0xff, 0x00, 0x00, 0x00, 0x00, 0xff, 0xff, 0xff, 0xff, 0x00, 0x00, 0x00, 0x00, 0x00, 0x00, 0xff, 0xff, 0xff, 0xff, 0x00, 0x01, 0x00, 0x05,
    0x00, 0x00, 0x86, 0x01, 0x01, 0x60, 0x02, 0x27, 0x00, 0x01, 0x01, 0x00, 0x00, 0x0c, 0x00, 0x00, 0x00, 0xff, 0xff, 0x00, 0xff, 0xff, 0x00, 0xff,
    0xff, 0x00, 0x00, 0x00, 0x01, 0xff, 0xff, 0x00, 0x00, 0xff, 0xff, 0x00, 0x00, 0xff, 0xff, 0xff, 0xff, 0x00, 0x00, 0x00, 0xff, 0xff, 0x00, 0x00,
    0x00, 0x00, 0x00, 0x00, 0xff, 0xff, 0x00, 0x00, 0xff, 0xff, 0x00, 0x00, 0x00, 0x05, 0x00, 0x00, 0x00, 0xff, 0xff, 0x00, 0x00, 0x00, 0x00, 0xff,
    0xff, 0xff, 0xff, 0x80, 0x00, 0x05, 0x01, 0x00, 0x01, 0x61, 0x03, 0x00, 0x45, 0x01, 0x00, 0x26, 0x00, 0x02, 0x00, 0x00, 0x00, 0x00, 0x00, 0x03,
    0x00, 0x00, 0x00, 0x02, 0xff, 0xff, 0xff, 0xff, 0x00, 0xff, 0xff, 0x00, 0x00, 0x00, 0x00, 0xff, 0xff, 0x00, 0x00, 0xff, 0xff, 0x00, 0xff, 0xff,
    0x00, 0x00, 0x00, 0x00, 0x07, 0x00, 0x00, 0x00, 0x00, 0x61, 0x12, 0x00, 0x4b, 0x40, 0x0d, 0x03, 0x03, 0x00, 0xff, 0xff, 0x00, 0x40, 0x0d, 0x03,
    0x01, 0x02, 0x04, 0x00, 0x00, 0x4c, 0x7e, 0x00, 0x60, 0x02, 0x0c, 0x00, 0x00, 0x00, 0xff, 0xff, 0x00, 0xff, 0xff, 0x00, 0xff, 0xff, 0x00, 0x00,
    0x00, 0x02, 0xff, 0xff, 0xff, 0xff, 0xff, 0xff, 0x00, 0x00, 0xff, 0xff, 0xff, 0xff, 0x00, 0x00, 0x00, 0xff, 0xff, 0x00, 0x00, 0x00, 0x00, 0x00,
    0x00, 0xff, 0xff, 0x00, 0x00, 0xff, 0xff, 0x00, 0x00, 0x00, 0x01, 0x00, 0x00, 0x00, 0xff, 0xff, 0x00, 0x00, 0x00, 0x00, 0xff, 0xff, 0xff, 0xff,
    0x0c, 0x00, 0x00, 0x00, 0xff, 0xff, 0x00, 0xff, 0xff, 0x00, 0xff, 0xff, 0x00, 0x00, 0x00, 0x02, 0xff, 0xff, 0xff, 0xff, 0xff, 0xff, 0x00, 0x00,
    0xff, 0xff, 0xff, 0xff, 0x00, 0x00, 0x00, 0x08, 0x00, 0x00, 0x00, 0x00, 0x00, 0x00, 0x00, 0xff, 0xff, 0x00, 0x00, 0xff, 0xff, 0x00, 0x00, 0x00,
    0x05, 0x00, 0x00, 0x00, 0xff, 0xff, 0x00, 0x00, 0x00, 0x00, 0xff, 0xff, 0xff, 0xff, 0x00, 0x00, 0x86, 0x02, 0x01, 0x61, 0x03, 0x00, 0x46, 0x01,
    0x00, 0x1f, 0x00, 0x08, 0x00, 0x00, 0xff, 0xff, 0x00, 0x00, 0x02, 0x00, 0x00, 0x00, 0xff, 0xff, 0x00, 0x00, 0x00, 0x00, 0x00, 0xff, 0xff, 0x00,
    0x00, 0x00, 0x00, 0xff, 0xff, 0x09, 0x00, 0x00, 0xff, 0xff, 0x00, 0x00, 0x89, 0x00, 0x01, 0x01, 0x61, 0x0e, 0x00, 0x42, 0x14, 0x09, 0x00, 0x0a,
    0x00, 0x00, 0x0a, 0x00, 0x00, 0x00, 0x00, 0xff, 0xff, 0x13, 0x00, 0x0a, 0x0b, 0x00, 0x0c, 0x00, 0x00, 0x00, 0x00, 0x01, 0xff, 0xff, 0xff, 0xff,
    0x00, 0xff, 0xff, 0x00, 0x00, 0x00, 0x00, 0x00, 0x61, 0x08, 0x00, 0x40, 0x08, 0x03, 0x0b, 0x00, 0xff, 0xff, 0x00, 0x3d, 0x00, 0x14, 0x00, 0x00,
    0x00, 0x00, 0xff, 0xff, 0x00, 0x00, 0xff, 0xff, 0xff, 0xff, 0x02, 0xff, 0xff, 0x00, 0x00, 0x00, 0x00, 0x00, 0xff, 0xff, 0x00, 0x00, 0x01, 0x00,
    0x00, 0xff, 0xff, 0xff, 0xff, 0x00, 0xff, 0xff, 0xff, 0xff, 0x00, 0x00, 0x00, 0x00, 0xff, 0xff, 0xff, 0xff, 0x00, 0x00, 0x00, 0x00, 0x00, 0x00,
    0xff, 0xff, 0xff, 0xff, 0x00, 0x00, 0x00, 0x05, 0x00, 0x00, 0x00, 0x00, 0x02, 0x00, 0x00, 0x00, 0x00, 0x00, 0x03, 0x00, 0x00, 0x00, 0x02, 0xff,
    0xff, 0xff, 0xff, 0x00, 0xff, 0xff, 0x00, 0x00, 0x00, 0x00, 0xff, 0xff, 0x00, 0x00, 0xff, 0xff, 0x00, 0xff, 0xff, 0x00, 0x00, 0x00, 0x00, 0x07,
    0x00, 0x00, 0x61, 0x0a, 0x00, 0x4b, 0x46, 0x01, 0x00, 0x41, 0x01, 0x00, 0x00, 0x00, 0x4c, 0x13, 0x00, 0x0a, 0x0b, 0x00, 0x0c, 0x00, 0x00, 0x00,
    0x00, 0x00, 0xff, 0xff, 0xff, 0xff, 0x00, 0xff, 0xff, 0x00, 0x00, 0x00, 0x00, 0x00, 0x86, 0x01, 0x00, 0x14, 0x00, 0x00, 0x00, 0x00, 0xff, 0xff,
    0x00, 0x00, 0xff, 0xff, 0xff, 0xff, 0x01, 0xff, 0xff, 0x04, 0x00, 0x00, 0x05, 0x00, 0xff, 0xff, 0x00, 0x00, 0x01, 0x00, 0x00, 0xff, 0xff, 0xff,
    0xff, 0x00, 0x0d, 0x00, 0xff, 0xff, 0x00, 0x00, 0x00, 0x00, 0xff, 0xff, 0xff, 0xff, 0x00, 0x00, 0x00, 0x00, 0x00, 0x00, 0xff, 0xff, 0xff, 0xff,
    0x00, 0x00, 0x00, 0x05, 0x00, 0x00, 0x86, 0x03, 0x00, 0x14, 0x00, 0x00, 0x00, 0x00, 0xff, 0xff, 0x00, 0x00, 0xff, 0xff, 0xff, 0xff, 0x02, 0xff,
    0xff, 0x00, 0x00, 0x00, 0x00, 0x00, 0xff, 0xff, 0x00, 0x00, 0x01, 0x00, 0x00, 0xff, 0xff, 0xff, 0xff, 0x00, 0x0d, 0x00, 0xff, 0xff, 0x00, 0x00,
    0x00, 0x00, 0xff, 0xff, 0xff, 0xff, 0x00, 0x00, 0x00, 0x00, 0x00, 0x00, 0xff, 0xff, 0xff, 0xff, 0x00, 0x00, 0x00, 0x05, 0x00, 0x00, 0x86, 0x01,
    0x01, 0x0c, 0x00, 0x00, 0x00, 0xff, 0xff, 0x00, 0xff, 0xff, 0x00, 0xff, 0xff, 0x00, 0x00, 0x00, 0x01, 0xff, 0xff, 0x00, 0x00, 0xff, 0xff, 0x00,
    0x00, 0xff, 0xff, 0xff, 0xff, 0x00, 0x00, 0x00, 0xff, 0xff, 0x00, 0x00, 0x00, 0x00, 0x00, 0x00, 0xff, 0xff, 0x01, 0x01, 0xff, 0xff, 0x0d, 0x00,
    0x00, 0x01, 0x00, 0x00, 0x00, 0xff, 0xff, 0x00, 0x00, 0x00, 0x00, 0xff, 0xff, 0xff, 0xff, 0x80, 0x00, 0x05, 0x01, 0x00, 0x01, 0x61, 0x05, 0x00,
    0x41, 0x01, 0x01, 0x01, 0x00, 0x46, 0x00, 0x60, 0x02, 0x27, 0x00, 0x01, 0x01, 0x00, 0x00, 0x0c, 0x00, 0x00, 0x00, 0xff, 0xff, 0x00, 0xff, 0xff,
    0x00, 0xff, 0xff, 0x00, 0x00, 0x00, 0x01, 0xff, 0xff, 0x00, 0x00, 0xff, 0xff, 0x00, 0x00, 0xff, 0xff, 0xff, 0xff, 0x00, 0x00, 0x00, 0xff, 0xff,
    0x00, 0x00, 0x00, 0x00, 0x00, 0x00, 0xff, 0xff, 0x00, 0x00, 0xff, 0xff, 0x00, 0x00, 0x00, 0x05, 0x00, 0x00, 0x00, 0xff, 0xff, 0x00, 0x00, 0x00,
    0x00, 0xff, 0xff, 0xff, 0xff, 0x00, 0x00, 0x80, 0x00, 0x05, 0x01, 0x00, 0x01, 0x70, 0x07, 0x0a, 0x00, 0x71, 0x03, 0x00, 0x01, 0x61, 0x18, 0x00,
    0x4b, 0x40, 0x14, 0x03, 0x01, 0x02, 0xff, 0xff, 0x00, 0x42, 0x00, 0xff, 0xff, 0xff, 0xff, 0x05, 0x07, 0x00, 0x00, 0x00, 0x00, 0xff, 0xff, 0x4c,
    0x1f, 0x00, 0x08, 0x00, 0x00, 0xff, 0xff, 0x00, 0x00, 0x01, 0x00, 0x00, 0x00, 0xff, 0xff, 0x00, 0x00, 0x00, 0x00, 0x00, 0xff, 0xff, 0x00, 0x00,
    0x00, 0x00, 0xff, 0xff, 0x09, 0x00, 0x00, 0xff, 0xff, 0x00, 0x00, 0x88, 0x02, 0x89, 0x00, 0x02, 0x01, 0x80, 0x01, 0x0b, 0x01, 0x00, 0x01, 0x70,
    0x02, 0x0a, 0x00, 0x71, 0x01, 0x0a, 0x01, 0x14, 0x00, 0x00, 0x00, 0x00, 0xff, 0xff, 0x00, 0x00, 0xff, 0xff, 0xff, 0xff, 0x02, 0xff, 0xff, 0x00,
    0x00, 0x00, 0x00, 0x00, 0xff, 0xff, 0x00, 0x00, 0x01, 0x0b, 0x00, 0xff, 0xff, 0xff, 0xff, 0x00, 0xff, 0xff, 0xff, 0xff, 0x00, 0x00, 0x01, 0x00,
    0xff, 0xff, 0xff, 0xff, 0x00, 0x00, 0x00, 0x00, 0x00, 0x00, 0xff, 0xff, 0xff, 0xff, 0x00, 0x00, 0x00, 0x05, 0x00, 0x00, 0x61, 0x0a, 0x00, 0x4b,
    0x46, 0x01, 0x00, 0x41, 0x01, 0x00, 0x00, 0x00, 0x4c, 0x13, 0x00, 0x0a, 0x0e, 0x00, 0x0f, 0x00, 0x00, 0x02, 0x01, 0x00, 0x10, 0x00, 0xff, 0xff,
    0x00, 0xff, 0xff, 0x00, 0x14, 0x00, 0x00, 0x00, 0x64, 0x61, 0x05, 0x00, 0x44, 0x00, 0x00, 0x00, 0x00, 0x3d, 0x00, 0x14, 0x00, 0x00, 0x00, 0x00,
    0xff, 0xff, 0x00, 0x01, 0xff, 0xff, 0xff, 0xff, 0x01, 0xff, 0xff, 0x00, 0x00, 0x00, 0x00, 0x00, 0xff, 0xff, 0x00, 0x00, 0x01, 0x00, 0x00, 0xff,
    0xff, 0xff, 0xff, 0x00, 0x11, 0x00, 0xff, 0xff, 0x00, 0x00, 0x00, 0x00, 0xff, 0xff, 0xff, 0xff, 0x00, 0x00, 0x00, 0x00, 0x00, 0x00, 0xff, 0xff,
    0xff, 0xff, 0x00, 0x00, 0x00, 0x00, 0x00, 0x00, 0x00, 0x00, 0x80, 0x00, 0x05, 0x01, 0x00, 0x01, 0x01, 0x12, 0x00, 0x01, 0xff, 0xff, 0x00, 0x13,
    0x00, 0x14, 0x00, 0x15, 0x00, 0x16, 0x00, 0x80, 0x00, 0x05, 0x01, 0x00, 0x01, 0x70, 0x05, 0x0a, 0x00, 0x71, 0x01, 0x00, 0x01, 0x0c, 0x00, 0x00,
    0x00, 0xff, 0xff, 0x00, 0xff, 0xff, 0x00, 0xff, 0xff, 0x00, 0x00, 0x00, 0x01, 0xff, 0xff, 0x00, 0x00, 0xff, 0xff, 0x00, 0x00, 0xff, 0xff, 0xff,
    0xff, 0x00, 0x00, 0x00, 0xff, 0xff, 0x00, 0x00, 0x00, 0x00, 0x00, 0x00, 0xff, 0xff, 0x01, 0x02, 0xff, 0xff, 0x00, 0x00, 0x00, 0x01, 0x00, 0x00,
    0x00, 0xff, 0xff, 0x00, 0x00, 0x00, 0x00, 0xff, 0xff, 0xff, 0xff, 0x11, 0x01, 0x17, 0x00, 0x18, 0x00, 0x01, 0x01, 0x61, 0x08, 0x00, 0x40, 0x01,
    0x03, 0x01, 0x01, 0xff, 0xff, 0x00, 0x08, 0x00, 0x13, 0x08, 0x01, 0x01, 0xff, 0xff, 0x19, 0x00, 0x00, 0x00, 0x14, 0x00, 0x00, 0x00, 0x00, 0xff,
    0xff, 0x00, 0x00, 0xff, 0xff, 0xff, 0xff, 0x01, 0xff, 0xff, 0x02, 0x00, 0x00, 0x05, 0x00, 0xff, 0xff, 0x00, 0x00, 0x02, 0x00, 0x00, 0xff, 0xff,
    0xff, 0xff, 0x00, 0xff, 0xff, 0xff, 0xff, 0x00, 0x00, 0x01, 0x00, 0xff, 0xff, 0xff, 0xff, 0x00, 0x00, 0x00, 0x00, 0x00, 0x00, 0xff, 0xff, 0xff,
    0xff, 0x00, 0x00, 0x00, 0x05, 0x00, 0x00, 0x61, 0x0e, 0x00, 0x42, 0x01, 0x09, 0x00, 0xff, 0xff, 0x02, 0x00, 0x00, 0x00, 0x00, 0x01, 0xff, 0xff,
    0x3e, 0x00, 0x0c, 0x00, 0x00, 0x00, 0xff, 0xff, 0x00, 0xff, 0xff, 0x00, 0xff, 0xff, 0x00, 0x00, 0x00, 0x03, 0xff, 0xff, 0xff, 0xff, 0xff, 0xff,
    0x00, 0x00, 0xff, 0xff, 0xff, 0xff, 0x00, 0x00, 0x00, 0xff, 0xff, 0x00, 0x00, 0x00, 0x00, 0x00, 0x00, 0xff, 0xff, 0x00, 0x00, 0xff, 0xff, 0x00,
    0x00, 0x00, 0x01, 0x00, 0x00, 0x00, 0xff, 0xff, 0x00, 0x00, 0x00, 0x00, 0xff, 0xff, 0xff, 0xff, 0x00, 0x00, 0x80, 0x00, 0x05, 0x01, 0x00, 0x01,
    0x61, 0x05, 0x00, 0x41, 0x01, 0x01, 0x01, 0x00, 0x3d, 0x00, 0x14, 0x00, 0x00, 0x00, 0x00, 0xff, 0xff, 0x00, 0x00, 0xff, 0xff, 0xff, 0xff, 0x00,
    0xff, 0xff, 0x00, 0x00, 0x00, 0x00, 0x00, 0xff, 0xff, 0x00, 0x00, 0x01, 0x00, 0x00, 0xff, 0xff, 0xff, 0xff, 0x00, 0x1a, 0x00, 0xff, 0xff, 0x00,
    0x00, 0x00, 0x00, 0xff, 0xff, 0xff, 0xff, 0x00, 0x00, 0x00, 0x00, 0x00, 0x00, 0xff, 0xff, 0xff, 0xff, 0x00, 0x00, 0x00, 0x05, 0x00, 0x00, 0x00,
    0x00, 0x86, 0x01, 0x01, 0x61, 0x03, 0x00, 0x46, 0x01, 0x00, 0x3e, 0x00, 0x0c, 0x00, 0x00, 0x00, 0xff, 0xff, 0x00, 0xff, 0xff, 0x00, 0xff, 0xff,
    0x00, 0x00, 0x00, 0x02, 0xff, 0xff, 0x00, 0x00, 0xff, 0xff, 0x00, 0x00, 0xff, 0xff, 0xff, 0xff, 0x00, 0x00, 0x00, 0xff, 0xff, 0x00, 0x00, 0x00,
    0x00, 0x00, 0x00, 0xff, 0xff, 0x00, 0x00, 0xff, 0xff, 0x00, 0x00, 0x00, 0x01, 0x00, 0x00, 0x00, 0xff, 0xff, 0x00, 0x00, 0x00, 0x00, 0xff, 0xff,
    0xff, 0xff, 0x00, 0x00, 0x61, 0x05, 0x00, 0x44, 0x00, 0x00, 0x00, 0x00, 0x3d, 0x00, 0x14, 0x00, 0x00, 0x00, 0x00, 0xff, 0xff, 0x00, 0x01, 0xff,
    0xff, 0xff, 0xff, 0x02, 0xff, 0xff, 0x00, 0x00, 0x00, 0x00, 0x00, 0xff, 0xff, 0x00, 0x00, 0x01, 0x00, 0x00, 0xff, 0xff, 0xff, 0xff, 0x00, 0x0d,
    0x00, 0xff, 0xff, 0x00, 0x00, 0x00, 0x00, 0xff, 0xff, 0xff, 0xff, 0x00, 0x00, 0x00, 0x00, 0x00, 0x00, 0xff, 0xff, 0xff, 0xff, 0x00, 0x00, 0x00,
    0x05, 0x00, 0x00, 0x00, 0x00, 0x80, 0x00, 0x05, 0x01, 0x00, 0x01, 0x61, 0x05, 0x00, 0x41, 0x05, 0x01, 0x00, 0x00, 0x3e, 0x00, 0x0c, 0x00, 0x00,
    0x00, 0xff, 0xff, 0x00, 0xff, 0xff, 0x01, 0xff, 0xff, 0x00, 0x00, 0x00, 0x01, 0xff, 0xff, 0x00, 0x00, 0xff, 0xff, 0x00, 0x00, 0xff, 0xff, 0xff,
    0xff, 0x00, 0x00, 0x00, 0xff, 0xff, 0x00, 0x00, 0x00, 0x00, 0x00, 0x00, 0xff, 0xff, 0x00, 0x00, 0xff, 0xff, 0x00, 0x00, 0x00, 0x01, 0x00, 0x01,
    0x00, 0xff, 0xff, 0x00, 0x00, 0x01, 0x00, 0xff, 0xff, 0xff, 0xff, 0x00, 0x00, 0x60, 0x02, 0x08, 0x00, 0x00, 0xff, 0xff, 0x00, 0x00, 0x01, 0x00,
    0x00, 0x00, 0xff, 0xff, 0x00, 0x01, 0x00, 0x00, 0x00, 0xff, 0xff, 0x01, 0x01, 0x00, 0x00, 0xff, 0xff, 0x09, 0x00, 0x00, 0xff, 0xff, 0x14, 0x00,
    0x00, 0x00, 0x00, 0xff, 0xff, 0x00, 0x00, 0xff, 0xff, 0xff, 0xff, 0x00, 0xff, 0xff, 0x00, 0x00, 0x00, 0x00, 0x00, 0xff, 0xff, 0x00, 0x00, 0x01,
    0x05, 0x00, 0xff, 0xff, 0xff, 0xff, 0x00, 0xff, 0xff, 0xff, 0xff, 0x00, 0x00, 0x00, 0x00, 0xff, 0xff, 0xff, 0xff, 0x00, 0x00, 0x00, 0x00, 0x00,
    0x00, 0xff, 0xff, 0xff, 0xff, 0x00, 0x00, 0x00, 0x00, 0x00, 0x00, 0x61, 0x05, 0x00, 0x41, 0x00, 0x02, 0x00, 0x00, 0x7c, 0x00, 0x60, 0x02, 0x14,
    0x00, 0x00, 0x00, 0x00, 0xff, 0xff, 0x00, 0x00, 0xff, 0xff, 0xff, 0xff, 0x00, 0xff, 0xff, 0x00, 0x00, 0x00, 0x00, 0x00, 0xff, 0xff, 0x00, 0x00,
    0x01, 0x05, 0x00, 0xff, 0xff, 0xff, 0xff, 0x00, 0xff, 0xff, 0xff, 0xff, 0x00, 0x00, 0x00, 0x00, 0xff, 0xff, 0xff, 0xff, 0x00, 0x00, 0x00, 0x00,
    0x01, 0x00, 0xff, 0xff, 0xff, 0xff, 0x00, 0x00, 0x00, 0x00, 0x00, 0x00, 0x14, 0x00, 0x00, 0x00, 0x00, 0xff, 0xff, 0x00, 0x00, 0xff, 0xff, 0xff,
    0xff, 0x02, 0xff, 0xff, 0x00, 0x00, 0x00, 0x00, 0x00, 0xff, 0xff, 0x00, 0x00, 0x01, 0x00, 0x00, 0xff, 0xff, 0xff, 0xff, 0x00, 0x1b, 0x00, 0xff,
    0xff, 0x00, 0x00, 0x00, 0x00, 0xff, 0xff, 0xff, 0xff, 0x00, 0x00, 0x00, 0x00, 0x00, 0x00, 0xff, 0xff, 0xff, 0xff, 0x00, 0x00, 0x00, 0x05, 0x00,
    0x00, 0x00, 0x00, 0x87, 0x03, 0x00, 0x01, 0x14, 0x00, 0x00, 0x00, 0x00, 0xff, 0xff, 0x00, 0x00, 0xff, 0xff, 0xff, 0xff, 0x02, 0xff, 0xff, 0x00,
    0x00, 0x00, 0x00, 0x00, 0xff, 0xff, 0x00, 0x00, 0x01, 0x00, 0x00, 0xff, 0xff, 0xff, 0xff, 0x00, 0x1b, 0x00, 0xff, 0xff, 0x00, 0x00, 0x00, 0x00,
    0xff, 0xff, 0xff, 0xff, 0x00, 0x00, 0x00, 0x00, 0x00, 0x00, 0xff, 0xff, 0xff, 0xff, 0x00, 0x00, 0x00, 0x05, 0x00, 0x00, 0x87, 0x03, 0x01, 0x00,
    0x0c, 0x00, 0x00, 0x00, 0xff, 0xff, 0x00, 0xff, 0xff, 0x00, 0xff, 0xff, 0x00, 0x00, 0x00, 0x02, 0xff, 0xff, 0x00, 0x00, 0xff, 0xff, 0x00, 0x00,
    0xff, 0xff, 0xff, 0xff, 0x00, 0x00, 0x00, 0xff, 0xff, 0x00, 0x00, 0x00, 0x00, 0x00, 0x00, 0xff, 0xff, 0x00, 0x00, 0xff, 0xff, 0x00, 0x00, 0x00,
    0x05, 0x00, 0x00, 0x00, 0xff, 0xff, 0x00, 0x00, 0x00, 0x00, 0xff, 0xff, 0xff, 0xff, 0x61, 0x0e, 0x00, 0x42, 0x01, 0x09, 0x00, 0xff, 0xff, 0x03,
    0x0d, 0x00, 0x00, 0x00, 0x01, 0xff, 0xff, 0x1f, 0x00, 0x08, 0x00, 0x00, 0xff, 0xff, 0x00, 0x00, 0x01, 0x00, 0x00, 0x00, 0xff, 0xff, 0x00, 0x00,
    0x00, 0x00, 0x00, 0xff, 0xff, 0x00, 0x00, 0x00, 0x00, 0xff, 0xff, 0x09, 0x00, 0x00, 0xff, 0xff, 0x00, 0x00, 0x87, 0x03, 0x00, 0x01, 0x60, 0x02,
    0x20, 0xff, 0xff, 0xff, 0xff, 0x00, 0x00, 0x00, 0x00, 0xff, 0xff, 0x00, 0x00, 0x01, 0xff, 0xff, 0x00, 0x00, 0x00, 0xff, 0xff, 0x00, 0x00, 0x00,
    0x00, 0x00, 0x0c, 0x00, 0x00, 0x00, 0xff, 0xff, 0x00, 0xff, 0xff, 0x00, 0xff, 0xff, 0x00, 0x00, 0x00, 0x01, 0xff, 0xff, 0x00, 0x00, 0xff, 0xff,
    0x00, 0x00, 0xff, 0xff, 0xff, 0xff, 0x00, 0x00, 0x00, 0xff, 0xff, 0x00, 0x00, 0x00, 0x00, 0x00, 0x00, 0xff, 0xff, 0x00, 0x00, 0xff, 0xff, 0x00,
    0x00, 0x00, 0x05, 0x00, 0x00, 0x00, 0xff, 0xff, 0x00, 0x00, 0x00, 0x00, 0xff, 0xff, 0xff, 0xff, 0x87, 0x03, 0x00, 0x00, 0x0a, 0x0b, 0x00, 0x0c,
    0x00, 0x02, 0x01, 0x00, 0x01, 0xff, 0xff, 0xff, 0xff, 0x00, 0x1c, 0x00, 0x00, 0x00, 0x00, 0x80, 0x00, 0x05, 0x02, 0x00, 0x01, 0x08, 0x00, 0x00,
    0xff, 0xff, 0x00, 0x00, 0x03, 0x00, 0x00, 0x00, 0xff, 0xff, 0x00, 0x00, 0x00, 0x00, 0x00, 0xff, 0xff, 0x00, 0x00, 0x00, 0x00, 0xff, 0xff, 0x09,
    0x00, 0x00, 0xff, 0xff, 0x80, 0x00, 0x05, 0x01, 0x00, 0x02, 0x0c, 0x00, 0x00, 0x00, 0xff, 0xff, 0x00, 0xff, 0xff, 0x00, 0xff, 0xff, 0x00, 0x00,
    0x00, 0x02, 0xff, 0xff, 0x00, 0x00, 0xff, 0xff, 0x00, 0x00, 0xff, 0xff, 0xff, 0xff, 0x00, 0x00, 0x00, 0xff, 0xff, 0x00, 0x00, 0x00, 0x00, 0x00,
    0x00, 0xff, 0xff, 0x01, 0x01, 0xff, 0xff, 0x05, 0x00, 0x00, 0x01, 0x00, 0x00, 0x00, 0xff, 0xff, 0x00, 0x00, 0x00, 0x00, 0xff, 0xff, 0xff, 0xff,
    0x88, 0x02, 0x87, 0x03, 0x00, 0x01, 0x80, 0x00, 0x05, 0x01, 0x00, 0x01, 0x60, 0x02, 0x14, 0x00, 0x02, 0x00, 0x00, 0xff, 0xff, 0x00, 0x00, 0xff,
    0xff, 0xff, 0xff, 0x01, 0xff, 0xff, 0x00, 0x00, 0x00, 0x00, 0x00, 0xff, 0xff, 0x00, 0x00, 0x01, 0x05, 0x00, 0xff, 0xff, 0xff, 0xff, 0x01, 0x10,
    0x00, 0xff, 0xff, 0x00, 0x00, 0x00, 0x00, 0xff, 0xff, 0xff, 0xff, 0x00, 0x00, 0x00, 0x00, 0x00, 0x00, 0xff, 0xff, 0xff, 0xff, 0x00, 0x00, 0x00,
    0x01, 0x00, 0x00, 0x14, 0x00, 0x02, 0x00, 0x00, 0xff, 0xff, 0x00, 0x00, 0xff, 0xff, 0xff, 0xff, 0x01, 0xff, 0xff, 0x00, 0x00, 0x00, 0x00, 0x02,
    0x1d, 0x00, 0x00, 0x00, 0x01, 0x11, 0x00, 0xff, 0xff, 0xff, 0xff, 0x00, 0x10, 0x00, 0xff, 0xff, 0x00, 0x00, 0x00, 0x00, 0xff, 0xff, 0xff, 0xff,
    0x00, 0x00, 0x00, 0x00, 0x00, 0x00, 0xff, 0xff, 0xff, 0xff, 0x00, 0x00, 0x00, 0x05, 0x00, 0x00, 0x60, 0x02, 0x17, 0x00, 0x01, 0x00, 0x00, 0x01,
    0x12, 0x01, 0xff, 0xff, 0x01, 0x00, 0x00, 0x00, 0xff, 0xff, 0x60, 0x02, 0x08, 0x00, 0x00, 0xff, 0xff, 0x00, 0x00, 0x01, 0x00, 0x00, 0x00, 0xff,
    0xff, 0x00, 0x00, 0x00, 0x00, 0x00, 0xff, 0xff, 0x00, 0x00, 0x00, 0x00, 0xff, 0xff, 0x09, 0x00, 0x00, 0xff, 0xff, 0x0c, 0x00, 0x00, 0x00, 0xff,
    0xff, 0x00, 0xff, 0xff, 0x01, 0xff, 0xff, 0x00, 0x00, 0x00, 0x02, 0xff, 0xff, 0x00, 0x00, 0xff, 0xff, 0x00, 0x00, 0xff, 0xff, 0xff, 0xff, 0x00,
    0x00, 0x00, 0xff, 0xff, 0x00, 0x00, 0x00, 0x00, 0x00, 0x00, 0xff, 0xff, 0x00, 0x00, 0xff, 0xff, 0x00, 0x00, 0x00, 0x01, 0x00, 0x00, 0x00, 0xff,
    0xff, 0x00, 0x00, 0x00, 0x00, 0xff, 0xff, 0xff, 0xff, 0x61, 0x03, 0x00, 0x45, 0x03, 0x00, 0x06, 0x00, 0x09, 0x05, 0x00, 0x09, 0x00, 0x05, 0x00,
    0x00, 0x61, 0x03, 0x00, 0x45, 0x02, 0x00, 0x13, 0x00, 0x0a, 0x0b, 0x00, 0x0c, 0x00, 0x00, 0x00, 0x00, 0x01, 0xff, 0xff, 0xff, 0xff, 0x00, 0xff,
    0xff, 0x00, 0x00, 0x00, 0x00, 0x00, 0x87, 0x03, 0x00, 0x00, 0x08, 0x00, 0x00, 0xff, 0xff, 0x00, 0x00, 0x01, 0x00, 0x00, 0x00, 0xff, 0xff, 0x00,
    0x00, 0x00, 0x00, 0x00, 0xff, 0xff, 0x00, 0x00, 0x00, 0x00, 0xff, 0xff, 0x09, 0x00, 0x00, 0xff, 0xff, 0x80, 0x00, 0x05, 0x01, 0x00, 0x02, 0x60,
    0x03, 0x02, 0x00, 0x00, 0x00, 0x00, 0x00, 0x01, 0x00, 0x00, 0x00, 0x01, 0xff, 0xff, 0xff, 0xff, 0x01, 0xff, 0xff, 0x00, 0x00, 0x00, 0x00, 0xff,
    0xff, 0x00, 0x00, 0xff, 0xff, 0x00, 0xff, 0xff, 0x00, 0x00, 0x01, 0x00, 0x07, 0x00, 0x00, 0x0c, 0x00, 0x00, 0x00, 0xff, 0xff, 0x00, 0xff, 0xff,
    0x00, 0xff, 0xff, 0x00, 0x00, 0x00, 0x01, 0xff, 0xff, 0x00, 0x00, 0xff, 0xff, 0x00, 0x00, 0xff, 0xff, 0xff, 0xff, 0x00, 0x00, 0x00, 0xff, 0xff,
    0x00, 0x00, 0x00, 0x00, 0x00, 0x00, 0xff, 0xff, 0x00, 0x00, 0xff, 0xff, 0x00, 0x00, 0x00, 0x05, 0x00, 0x00, 0x00, 0xff, 0xff, 0x00, 0x00, 0x00,
    0x01, 0xff, 0xff, 0xff, 0xff, 0x0c, 0x00, 0x00, 0x00, 0xff, 0xff, 0x00, 0xff, 0xff, 0x00, 0xff, 0xff, 0x00, 0x00, 0x00, 0x01, 0xff, 0xff, 0x00,
    0x00, 0xff, 0xff, 0x00, 0x00, 0xff, 0xff, 0xff, 0xff, 0x00, 0x00, 0x00, 0xff, 0xff, 0x00, 0x00, 0x00, 0x00, 0x00, 0x00, 0xff, 0xff, 0x00, 0x00,
    0xff, 0xff, 0x00, 0x00, 0x00, 0x05, 0x00, 0x00, 0x01, 0xff, 0xff, 0x00, 0x00, 0x00, 0x00, 0xff, 0xff, 0xff, 0xff, 0x80, 0x05, 0x0b, 0x01, 0x00,
    0x02, 0x60, 0x03, 0x08, 0x00, 0x00, 0xff, 0xff, 0x00, 0x00, 0x01, 0x00, 0x00, 0x00, 0xff, 0xff, 0x00, 0x00, 0x00, 0x00, 0x00, 0xff, 0xff, 0x00,
    0x00, 0x00, 0x00, 0xff, 0xff, 0x09, 0x00, 0x00, 0xff, 0xff, 0x0c, 0x00, 0x00, 0x00, 0xff, 0xff, 0x00, 0xff, 0xff, 0x00, 0xff, 0xff, 0x00, 0x00,
    0x00, 0x01, 0xff, 0xff, 0x00, 0x00, 0xff, 0xff, 0x00, 0x00, 0xff, 0xff, 0xff, 0xff, 0x00, 0x00, 0x00, 0x08, 0x00, 0x00, 0x00, 0x00, 0x00, 0x00,
    0x00, 0xff, 0xff, 0x00, 0x00, 0xff, 0xff, 0x00, 0x00, 0x00, 0x05, 0x00, 0x00, 0x00, 0xff, 0xff, 0x00, 0x00, 0x00, 0x00, 0xff, 0xff, 0xff, 0xff,
    0x12, 0x00, 0xff, 0xff, 0xff, 0xff, 0x00, 0x00, 0xff, 0xff, 0x00, 0x00, 0xff, 0xff, 0x00, 0x00, 0x00, 0x00, 0x00, 0x00, 0x00, 0x1e, 0x00, 0xff,
    0xff, 0x00, 0x00, 0x00, 0xff, 0xff, 0x00, 0x00, 0x00, 0x00, 0x00, 0x01, 0x61, 0x03, 0x00, 0x51, 0x1f, 0x00, 0x3e, 0x00, 0x0c, 0x00, 0x00, 0x00,
    0xff, 0xff, 0x00, 0xff, 0xff, 0x00, 0xff, 0xff, 0x01, 0x00, 0x00, 0x02, 0xff, 0xff, 0x20, 0x00, 0xff, 0xff, 0x00, 0x00, 0xff, 0xff, 0xff, 0xff,
    0x00, 0x00, 0x00, 0xff, 0xff, 0x00, 0x00, 0x00, 0x00, 0x00, 0x00, 0xff, 0xff, 0x00, 0x00, 0xff, 0xff, 0x00, 0x00, 0x00, 0x05, 0x00, 0x00, 0x00,
    0xff, 0xff, 0x00, 0x00, 0x00, 0x00, 0xff, 0xff, 0xff, 0xff, 0x00, 0x00, 0x14, 0x00, 0x00, 0x00, 0x00, 0xff, 0xff, 0x00, 0x00, 0xff, 0xff, 0xff,
    0xff, 0x01, 0xff, 0xff, 0x02, 0x00, 0x00, 0x05, 0x00, 0xff, 0xff, 0x00, 0x00, 0x01, 0x00, 0x00, 0xff, 0xff, 0xff, 0xff, 0x00, 0xff, 0xff, 0xff,
    0xff, 0x00, 0x00, 0x00, 0x00, 0xff, 0xff, 0xff, 0xff, 0x00, 0x00, 0x00, 0x00, 0x00, 0x00, 0xff, 0xff, 0xff, 0xff, 0x00, 0x00, 0x00, 0x05, 0x00,
    0x00, 0x12, 0x02, 0xff, 0xff, 0xff, 0xff, 0x00, 0x00, 0xff, 0xff, 0xff, 0xff, 0xff, 0xff, 0x00, 0x00, 0x00, 0x00, 0x00, 0x00, 0x00, 0x1e, 0x00,
    0xff, 0xff, 0x00, 0x00, 0x00, 0xff, 0xff, 0x02, 0x00, 0x00, 0x00, 0x00, 0x01, 0x61, 0x05, 0x00, 0x43, 0x1b, 0x00, 0x05, 0x03, 0x14, 0x00, 0x19,
    0x01, 0x00, 0x00, 0x02, 0x01, 0xff, 0xff, 0x00, 0x00, 0x06, 0x00, 0x00, 0xff, 0xff, 0x00, 0x00, 0x00, 0xff, 0xff, 0x00, 0x00, 0x60, 0x02, 0x08,
    0x00, 0x00, 0xff, 0xff, 0x00, 0x00, 0x01, 0x00, 0x00, 0x00, 0xff, 0xff, 0x00, 0x00, 0x00, 0x00, 0x00, 0xff, 0xff, 0x00, 0x00, 0x00, 0x00, 0xff,
    0xff, 0x09, 0x00, 0x00, 0xff, 0xff, 0x02, 0x00, 0x00, 0x00, 0x00, 0x00, 0x01, 0x00, 0x09, 0x05, 0x01, 0xff, 0xff, 0xff, 0xff, 0x00, 0xff, 0xff,
    0x00, 0x01, 0x00, 0x00, 0xff, 0xff, 0x00, 0x00, 0xff, 0xff, 0x00, 0xff, 0xff, 0x00, 0x00, 0x01, 0x00, 0x03, 0x00, 0x01, 0x60, 0x02, 0x20, 0xff,
    0xff, 0xff, 0xff, 0x00, 0x00, 0x00, 0x01, 0xff, 0xff, 0x00, 0x00, 0x00, 0xff, 0xff, 0x00, 0x00, 0x00, 0x04, 0x00, 0x00, 0x00, 0x00, 0x05, 0x00,
    0x14, 0x00, 0x00, 0x00, 0x00, 0xff, 0xff, 0x00, 0x00, 0xff, 0xff, 0xff, 0xff, 0x00, 0xff, 0xff, 0x00, 0x00, 0x00, 0x00, 0x00, 0xff, 0xff, 0x00,
    0x00, 0x00, 0x0a, 0x00, 0xff, 0xff, 0xff, 0xff, 0x00, 0xff, 0xff, 0xff, 0xff, 0x00, 0x00, 0x00, 0x00, 0xff, 0xff, 0xff, 0xff, 0x00, 0x00, 0x00,
    0x00, 0x00, 0x00, 0xff, 0xff, 0x21, 0x00, 0x00, 0x00, 0x00, 0x15, 0x00, 0x00, 0x14, 0x00, 0x00, 0x00, 0x00, 0xff, 0xff, 0x00, 0x00, 0xff, 0xff,
    0xff, 0xff, 0x02, 0xff, 0xff, 0x00, 0x00, 0x00, 0x00, 0x00, 0xff, 0xff, 0x00, 0x00, 0x01, 0x00, 0x00, 0xff, 0xff, 0xff, 0xff, 0x00, 0xff, 0xff,
    0xff, 0xff, 0x00, 0x00, 0x00, 0x01, 0xff, 0xff, 0xff, 0xff, 0x00, 0x00, 0x00, 0x00, 0x00, 0x00, 0xff, 0xff, 0xff, 0xff, 0x00, 0x00, 0x00, 0x05,
    0x00, 0x00, 0x61, 0x08, 0x00, 0x40, 0x08, 0x03, 0x0f, 0x00, 0xff, 0xff, 0x02, 0x3e, 0x00, 0x0c, 0x00, 0x00, 0x00, 0xff, 0xff, 0x00, 0xff, 0xff,
    0x00, 0xff, 0xff, 0x01, 0x00, 0x00, 0x02, 0xff, 0xff, 0x20, 0x00, 0xff, 0xff, 0x00, 0x00, 0xff, 0xff, 0xff, 0xff, 0x00, 0x00, 0x00, 0xff, 0xff,
    0x00, 0x00, 0x00, 0x00, 0x00, 0x00, 0xff, 0xff, 0x00, 0x00, 0xff, 0xff, 0x00, 0x00, 0x00, 0x05, 0x00, 0x00, 0x00, 0xff, 0xff, 0x00, 0x00, 0x00,
    0x00, 0xff, 0xff, 0xff, 0xff, 0x00, 0x00, 0x14, 0x00, 0x00, 0x00, 0x00, 0xff, 0xff, 0x00, 0x00, 0xff, 0xff, 0xff, 0xff, 0x03, 0xff, 0xff, 0x00,
    0x00, 0x00, 0x00, 0x00, 0xff, 0xff, 0x00, 0x00, 0x01, 0x08, 0x00, 0xff, 0xff, 0xff, 0xff, 0x00, 0xff, 0xff, 0xff, 0xff, 0x00, 0x00, 0x00, 0x01,
    0xff, 0xff, 0xff, 0xff, 0x00, 0x00, 0x00, 0x00, 0x00, 0x00, 0xff, 0xff, 0xff, 0xff, 0x00, 0x00, 0x00, 0x0f, 0x03, 0x00, 0x60, 0x02, 0x14, 0x00,
    0x00, 0x00, 0x00, 0xff, 0xff, 0x00, 0x00, 0xff, 0xff, 0xff, 0xff, 0x02, 0xff, 0xff, 0x00, 0x00, 0x00, 0x00, 0x00, 0xff, 0xff, 0x00, 0x00, 0x01,
    0x05, 0x00, 0xff, 0xff, 0xff, 0xff, 0x00, 0x04, 0x00, 0xff, 0xff, 0x00, 0x00, 0x00, 0x00, 0xff, 0xff, 0xff, 0xff, 0x00, 0x00, 0x00, 0x00, 0x01,
    0x00, 0xff, 0xff, 0xff, 0xff, 0x00, 0x00, 0x00, 0x0e, 0x00, 0x00, 0x14, 0x00, 0x00, 0x00, 0x00, 0xff, 0xff, 0x00, 0x00, 0xff, 0xff, 0xff, 0xff,
    0x02, 0xff, 0xff, 0x00, 0x00, 0x00, 0x00, 0x00, 0xff, 0xff, 0x00, 0x00, 0x01, 0x0e, 0x00, 0xff, 0xff, 0xff, 0xff, 0x00, 0x04, 0x00, 0xff, 0xff,
    0x00, 0x00, 0x00, 0x00, 0xff, 0xff, 0xff, 0xff, 0x00, 0x00, 0x00, 0x00, 0x00, 0x00, 0xff, 0xff, 0xff, 0xff, 0x00, 0x00, 0x00, 0x05, 0x00, 0x00,
    0x60, 0x02, 0x20, 0xff, 0xff, 0xff, 0xff, 0x00, 0x00, 0x00, 0x02, 0xff, 0xff, 0x00, 0x00, 0x01, 0xff, 0xff, 0x00, 0x00, 0x00, 0x04, 0x00, 0x00,
    0x00, 0x00, 0x0d, 0x00, 0x0c, 0x00, 0x00, 0x00, 0xff, 0xff, 0x00, 0xff, 0xff, 0x00, 0xff, 0xff, 0x00, 0x00, 0x00, 0x01, 0xff, 0xff, 0x00, 0x00,
    0xff, 0xff, 0x00, 0x00, 0xff, 0xff, 0xff, 0xff, 0x00, 0x00, 0x00, 0xff, 0xff, 0x00, 0x00, 0x00, 0x00, 0x00, 0x00, 0xff, 0xff, 0x00, 0x00, 0xff,
    0xff, 0x00, 0x00, 0x00, 0x05, 0x00, 0x00, 0x00, 0xff, 0xff, 0x00, 0x00, 0x00, 0x00, 0xff, 0xff, 0xff, 0xff, 0x80, 0x00, 0x05, 0x02, 0x00, 0x01,
    0x60, 0x02, 0x27, 0x00, 0x01, 0x01, 0x00, 0x00, 0x0c, 0x00, 0x00, 0x00, 0xff, 0xff, 0x00, 0xff, 0xff, 0x00, 0xff, 0xff, 0x00, 0x00, 0x00, 0x01,
    0xff, 0xff, 0x00, 0x00, 0xff, 0xff, 0x00, 0x00, 0xff, 0xff, 0xff, 0xff, 0x00, 0x00, 0x00, 0xff, 0xff, 0x00, 0x00, 0x00, 0x00, 0x00, 0x00, 0xff,
    0xff, 0x00, 0x00, 0xff, 0xff, 0x00, 0x00, 0x00, 0x05, 0x00, 0x00, 0x00, 0xff, 0xff, 0x00, 0x00, 0x00, 0x00, 0xff, 0xff, 0xff, 0xff, 0x60, 0x02,
    0x14, 0x00, 0x00, 0x00, 0x00, 0xff, 0xff, 0x00, 0x00, 0xff, 0xff, 0xff, 0xff, 0x00, 0xff, 0xff, 0x00, 0x00, 0x00, 0x00, 0x00, 0xff, 0xff, 0x00,
    0x00, 0x05, 0x05, 0x00, 0xff, 0xff, 0xff, 0xff, 0x00, 0xff, 0xff, 0xff, 0xff, 0x00, 0x00, 0x00, 0x00, 0xff, 0xff, 0xff, 0xff, 0x00, 0x00, 0x00,
    0x00, 0x00, 0x00, 0xff, 0xff, 0xff, 0xff, 0x00, 0x00, 0x00, 0x0a, 0x00, 0x00, 0x14, 0x00, 0x00, 0x00, 0x00, 0xff, 0xff, 0x00, 0x00, 0xff, 0xff,
    0xff, 0xff, 0x02, 0xff, 0xff, 0x00, 0x00, 0x00, 0x00, 0x00, 0xff, 0xff, 0x00, 0x00, 0x01, 0x00, 0x00, 0xff, 0xff, 0xff, 0xff, 0x00, 0x04, 0x00,
    0xff, 0xff, 0x00, 0x00, 0x00, 0x00, 0xff, 0xff, 0xff, 0xff, 0x00, 0x00, 0x00, 0x00, 0x00, 0x00, 0xff, 0xff, 0xff, 0xff, 0x00, 0x00, 0x00, 0x05,
    0x00, 0x00, 0x61, 0x03, 0x00, 0x46, 0x01, 0x00, 0x5e, 0x00, 0x60, 0x02, 0x08, 0x00, 0x02, 0xff, 0xff, 0x00, 0x00, 0x02, 0x00, 0x00, 0x00, 0x11,
    0x00, 0x00, 0x00, 0x00, 0x00, 0x00, 0xff, 0xff, 0x00, 0x00, 0x00, 0x02, 0xff, 0xff, 0x09, 0x00, 0x00, 0xff, 0xff, 0x14, 0x00, 0x02, 0x00, 0x00,
    0xff, 0xff, 0x00, 0x00, 0xff, 0xff, 0xff, 0xff, 0x01, 0xff, 0xff, 0x04, 0x00, 0x00, 0x05, 0x00, 0xff, 0xff, 0x00, 0x00, 0x01, 0x10, 0x00, 0xff,
    0xff, 0xff, 0xff, 0x00, 0x11, 0x00, 0xff, 0xff, 0x00, 0x00, 0x00, 0x00, 0xff, 0xff, 0xff, 0xff, 0x00, 0x00, 0x00, 0x00, 0x00, 0x00, 0xff, 0xff,
    0xff, 0xff, 0x02, 0x00, 0x00, 0x05, 0x00, 0x00, 0x00, 0x00, 0x61, 0x0f, 0x00, 0x4b, 0x44, 0x08, 0x00, 0x00, 0x00, 0x40, 0x08, 0x03, 0x07, 0x00,
    0xff, 0xff, 0x00, 0x4c, 0x3d, 0x00, 0x14, 0x00, 0x00, 0x00, 0x00, 0xff, 0xff, 0x00, 0x01, 0xff, 0xff, 0xff, 0xff, 0x03, 0xff, 0xff, 0x00, 0x00,
    0x00, 0x00, 0x00, 0xff, 0xff, 0x00, 0x00, 0x02, 0x08, 0x00, 0xff, 0xff, 0xff, 0xff, 0x00, 0xff, 0xff, 0xff, 0xff, 0x00, 0x00, 0x00, 0x00, 0xff,
    0xff, 0xff, 0xff, 0x00, 0x00, 0x00, 0x00, 0x00, 0x00, 0xff, 0xff, 0xff, 0xff, 0x00, 0x00, 0x00, 0x0f, 0x03, 0x00, 0x00, 0x00, 0x61, 0x08, 0x00,
    0x40, 0x08, 0x03, 0x0a, 0x00, 0xff, 0xff, 0x00, 0x3e, 0x00, 0x0c, 0x00, 0x00, 0x00, 0xff, 0xff, 0x00, 0xff, 0xff, 0x00, 0xff, 0xff, 0x01, 0x00,
    0x00, 0x03, 0xff, 0xff, 0x20, 0x00, 0xff, 0xff, 0x00, 0x00, 0xff, 0xff, 0xff, 0xff, 0x00, 0x00, 0x00, 0xff, 0xff, 0x00, 0x00, 0x00, 0x00, 0x00,
    0x00, 0xff, 0xff, 0x00, 0x00, 0xff, 0xff, 0x00, 0x00, 0x00, 0x01, 0x00, 0x00, 0x00, 0xff, 0xff, 0x00, 0x00, 0x00, 0x00, 0xff, 0xff, 0xff, 0xff,
    0x00, 0x00, 0x60, 0x02, 0x08, 0x00, 0x00, 0xff, 0xff, 0x00, 0x00, 0x02, 0x00, 0x00, 0x00, 0xff, 0xff, 0x00, 0x00, 0x00, 0x00, 0x00, 0xff, 0xff,
    0x00, 0x00, 0x00, 0x00, 0xff, 0xff, 0x09, 0x00, 0x00, 0xff, 0xff, 0x14, 0x00, 0x00, 0x00, 0x00, 0xff, 0xff, 0x00, 0x00, 0xff, 0xff, 0xff, 0xff,
    0x00, 0xff, 0xff, 0x00, 0x00, 0x00, 0x00, 0x00, 0xff, 0xff, 0x00, 0x00, 0x01, 0x05, 0x00, 0xff, 0xff, 0xff, 0xff, 0x00, 0xff, 0xff, 0xff, 0xff,
    0x00, 0x00, 0x00, 0x00, 0xff, 0xff, 0xff, 0xff, 0x00, 0x00, 0x00, 0x00, 0x00, 0x00, 0xff, 0xff, 0xff, 0xff, 0x00, 0x00, 0x00, 0x00, 0x00, 0x00,
    0x02, 0x00, 0x00, 0x00, 0x00, 0x00, 0x03, 0x00, 0x00, 0x00, 0x02, 0xff, 0xff, 0xff, 0xff, 0x00, 0xff, 0xff, 0x00, 0x00, 0x00, 0x00, 0xff, 0xff,
    0x00, 0x00, 0xff, 0xff, 0x00, 0xff, 0xff, 0x00, 0x00, 0x00, 0x00, 0x07, 0x00, 0x00, 0x19, 0x01, 0x00, 0x00, 0x00, 0x01, 0xff, 0xff, 0x00, 0x01,
    0x06, 0x00, 0x00, 0xff, 0xff, 0x00, 0x00, 0x00, 0xff, 0xff, 0x61, 0x0a, 0x00, 0x4a, 0x46, 0x01, 0x00, 0x44, 0x00, 0x00, 0x00, 0x00, 0x4c, 0x26,
    0x00, 0x02, 0x00, 0x00, 0x00, 0x03, 0x05, 0x01, 0x00, 0x00, 0x00, 0x01, 0xff, 0xff, 0xff, 0xff, 0x00, 0xff, 0xff, 0x00, 0x00, 0x00, 0x01, 0xff,
    0xff, 0x00, 0x00, 0xff, 0xff, 0x00, 0xff, 0xff, 0x00, 0x00, 0x01, 0x00, 0x03, 0x00, 0x01, 0x00, 0x00, 0x80, 0x00, 0x05, 0x01, 0x00, 0x01, 0x70,
    0x01, 0x0a, 0x00, 0x71, 0x01, 0x00, 0x01, 0x61, 0x05, 0x00, 0x41, 0x01, 0x00, 0x00, 0x00, 0x3e, 0x00, 0x0c, 0x00, 0x00, 0x00, 0xff, 0xff, 0x00,
    0xff, 0xff, 0x00, 0xff, 0xff, 0x01, 0x00, 0x00, 0x01, 0xff, 0xff, 0x20, 0x00, 0xff, 0xff, 0x00, 0x00, 0xff, 0xff, 0xff, 0xff, 0x00, 0x00, 0x00,
    0xff, 0xff, 0x00, 0x00, 0x00, 0x00, 0x00, 0x00, 0xff, 0xff, 0x00, 0x00, 0xff, 0xff, 0x00, 0x00, 0x00, 0x05, 0x00, 0x00, 0x00, 0xff, 0xff, 0x00,
    0x00, 0x00, 0x00, 0xff, 0xff, 0xff, 0xff, 0x00, 0x00, 0x88, 0x02, 0x86, 0x02, 0x00, 0x80, 0x00, 0x05, 0x01, 0x00, 0x01, 0x62, 0x86, 0x04, 0x00,
    0x60, 0x02, 0x02, 0x00, 0x00, 0x00, 0x00, 0x00, 0x01, 0x00, 0x0a, 0x05, 0x01, 0xff, 0xff, 0xff, 0xff, 0x00, 0xff, 0xff, 0x00, 0x00, 0x00, 0x00,
    0xff, 0xff, 0x00, 0x00, 0xff, 0xff, 0x00, 0xff, 0xff, 0x00, 0x00, 0x01, 0x00, 0x03, 0x00, 0x01, 0x0f, 0xff, 0xff, 0x00, 0x00, 0x00, 0x00, 0x01,
    0x00, 0xff, 0xff, 0x00, 0xff, 0xff, 0x00, 0x00, 0x19, 0x00, 0x00, 0x00, 0x00, 0x01, 0x01, 0x01, 0x00, 0x00, 0x00, 0x00, 0x00, 0x61, 0x08, 0x00,
    0x40, 0x14, 0x03, 0x03, 0x01, 0xff, 0xff, 0x00, 0x3e, 0x00, 0x0c, 0x00, 0x00, 0x00, 0xff, 0xff, 0x00, 0xff, 0xff, 0x00, 0xff, 0xff, 0x00, 0x00,
    0x00, 0x01, 0xff, 0xff, 0x00, 0x00, 0xff, 0xff, 0x00, 0x00, 0xff, 0xff, 0xff, 0xff, 0x00, 0x00, 0x00, 0x08, 0x00, 0x00, 0x00, 0x00, 0x00, 0x00,
    0x00, 0xff, 0xff, 0x00, 0x00, 0xff, 0xff, 0x00, 0x00, 0x00, 0x05, 0x00, 0x00, 0x00, 0xff, 0xff, 0x00, 0x00, 0x00, 0x00, 0xff, 0xff, 0xff, 0xff,
    0x00, 0x00, 0x61, 0x05, 0x00, 0x44, 0x00, 0x01, 0x00, 0x00, 0x1f, 0x00, 0x08, 0x00, 0x00, 0xff, 0xff, 0x01, 0x00, 0x01, 0x00, 0x00, 0x00, 0xff,
    0xff, 0x00, 0x00, 0x00, 0x00, 0x00, 0xff, 0xff, 0x00, 0x00, 0x00, 0x00, 0xff, 0xff, 0x09, 0x00, 0x00, 0xff, 0xff, 0x00, 0x00, 0x0f, 0x22, 0x00,
    0x01, 0x00, 0x00, 0x00, 0x01, 0x01, 0xff, 0xff, 0x00, 0xff, 0xff, 0x00, 0x00, 0x19, 0x00, 0x00, 0x00, 0x00, 0x00, 0x00, 0x00, 0x00, 0x00, 0x00,
    0x00, 0x01, 0x61, 0x05, 0x00, 0x41, 0x01, 0x01, 0x00, 0x00, 0x26, 0x00, 0x02, 0x00, 0x02, 0x01, 0x03, 0x05, 0x01, 0x00, 0x00, 0x00, 0x00, 0xff,
    0xff, 0xff, 0xff, 0x00, 0xff, 0xff, 0x00, 0x00, 0x00, 0x01, 0xff, 0xff, 0x00, 0x00, 0xff, 0xff, 0x00, 0xff, 0xff, 0x00, 0x00, 0x01, 0x00, 0x03,
    0x00, 0x01, 0x00, 0x00, 0x80, 0x00, 0x05, 0x01, 0x00, 0x01, 0x60, 0x02, 0x20, 0xff, 0xff, 0xff, 0xff, 0x00, 0x00, 0x01, 0x00, 0xff, 0xff, 0x00,
    0x00, 0x01, 0xff, 0xff, 0x00, 0x00, 0x00, 0x10, 0x00, 0x00, 0x00, 0x00, 0x00, 0x00, 0x0c, 0x00, 0x00, 0x01, 0xff, 0xff, 0x00, 0xff, 0xff, 0x01,
    0xff, 0xff, 0x00, 0x00, 0x00, 0x00, 0xff, 0xff, 0x00, 0x00, 0x10, 0x00, 0x00, 0x00, 0xff, 0xff, 0xff, 0xff, 0x00, 0x00, 0x00, 0xff, 0xff, 0x00,
    0x00, 0x00, 0x00, 0x00, 0x00, 0xff, 0xff, 0x00, 0x00, 0xff, 0xff, 0x00, 0x00, 0x00, 0x05, 0x00, 0x00, 0x00, 0xff, 0xff, 0x00, 0x00, 0x00, 0x00,
    0x23, 0x00, 0xff, 0xff, 0x61, 0x05, 0x00, 0x41, 0x14, 0x00, 0x00, 0x00, 0x53, 0x00, 0x60, 0x02, 0x0c, 0x00, 0x00, 0x00, 0xff, 0xff, 0x00, 0xff,
    0xff, 0x00, 0xff, 0xff, 0x00, 0x00, 0x00, 0x01, 0xff, 0xff, 0x00, 0x00, 0xff, 0xff, 0x00, 0x00, 0xff, 0xff, 0xff, 0xff, 0x00, 0x00, 0x00, 0xff,
    0xff, 0x00, 0x00, 0x00, 0x00, 0x00, 0x00, 0xff, 0xff, 0x00, 0x00, 0xff, 0xff, 0x00, 0x00, 0x00, 0x05, 0x00, 0x00, 0x00, 0xff, 0xff, 0x00, 0x00,
    0x00, 0x00, 0xff, 0xff, 0xff, 0xff, 0x0a, 0x0b, 0x00, 0x0c, 0x00, 0x00, 0x00, 0x00, 0x01, 0xff, 0xff, 0xff, 0xff, 0x00, 0xff, 0xff, 0x00, 0x00,
    0x00, 0x00, 0x00, 0x61, 0x08, 0x00, 0x40, 0x00, 0x03, 0x01, 0x01, 0xff, 0xff, 0x00, 0x47, 0x00, 0x60, 0x02, 0x02, 0x00, 0x00, 0x00, 0x00, 0x00,
    0x03, 0x00, 0x00, 0x00, 0x02, 0xff, 0xff, 0xff, 0xff, 0x00, 0xff, 0xff, 0x00, 0x00, 0x00, 0x00, 0xff, 0xff, 0x00, 0x00, 0xff, 0xff, 0x00, 0xff,
    0xff, 0x00, 0x00, 0x00, 0x00, 0x07, 0x00, 0x00, 0x08, 0x00, 0x00, 0xff, 0xff, 0x00, 0x00, 0x01, 0x00, 0x00, 0x00, 0x04, 0x00, 0x00, 0x00, 0x00,
    0x00, 0x00, 0xff, 0xff, 0x00, 0x00, 0x00, 0x00, 0xff, 0xff, 0x09, 0x00, 0x00, 0xff, 0xff, 0x00, 0x00, 0x61, 0x05, 0x00, 0x41, 0x00, 0x02, 0x00,
    0x02, 0x3e, 0x00, 0x0c, 0x00, 0x00, 0x00, 0xff, 0xff, 0x00, 0xff, 0xff, 0x00, 0xff, 0xff, 0x00, 0x00, 0x00, 0x02, 0xff, 0xff, 0x00, 0x00, 0xff,
    0xff, 0x00, 0x00, 0xff, 0xff, 0xff, 0xff, 0x00, 0x00, 0x00, 0xff, 0xff, 0x00, 0x00, 0x00, 0x00, 0x00, 0x00, 0xff, 0xff, 0x00, 0x00, 0xff, 0xff,
    0x00, 0x00, 0x00, 0x05, 0x00, 0x00, 0x00, 0xff, 0xff, 0x00, 0x00, 0x00, 0x00, 0xff, 0xff, 0xff, 0xff, 0x00, 0x00, 0x61, 0x0e, 0x00, 0x42, 0x00,
    0xff, 0xff, 0xff, 0xff, 0x03, 0x01, 0x00, 0x00, 0x00, 0x00, 0xff, 0xff, 0x5e, 0x00, 0x60, 0x02, 0x08, 0x00, 0x00, 0xff, 0xff, 0x00, 0x00, 0x02,
    0x00, 0x00, 0x00, 0xff, 0xff, 0x00, 0x00, 0x00, 0x00, 0x00, 0xff, 0xff, 0x00, 0x00, 0x00, 0x00, 0xff, 0xff, 0x09, 0x00, 0x00, 0xff, 0xff, 0x14,
    0x00, 0x00, 0x00, 0x00, 0xff, 0xff, 0x00, 0x00, 0xff, 0xff, 0xff, 0xff, 0x00, 0xff, 0xff, 0x00, 0x00, 0x00, 0x00, 0x00, 0xff, 0xff, 0x00, 0x00,
    0x01, 0x05, 0x00, 0xff, 0xff, 0xff, 0xff, 0x00, 0xff, 0xff, 0xff, 0xff, 0x00, 0x00, 0x00, 0x00, 0xff, 0xff, 0xff, 0xff, 0x00, 0x00, 0x00, 0x00,
    0x00, 0x00, 0xff, 0xff, 0xff, 0xff, 0x00, 0x00, 0x00, 0x00, 0x00, 0x00, 0x00, 0x00, 0x85, 0x01, 0x60, 0x02, 0x08, 0x00, 0x00, 0xff, 0xff, 0x00,
    0x00, 0x01, 0x00, 0x00, 0x00, 0xff, 0xff, 0x00, 0x00, 0x00, 0x00, 0x00, 0xff, 0xff, 0x00, 0x00, 0x00, 0x00, 0xff, 0xff, 0x09, 0x00, 0x00, 0xff,
    0xff, 0x0c, 0x00, 0x00, 0x00, 0xff, 0xff, 0x00, 0xff, 0xff, 0x00, 0xff, 0xff, 0x00, 0x00, 0x00, 0x01, 0xff, 0xff, 0x00, 0x00, 0xff, 0xff, 0x00,
    0x00, 0xff, 0xff, 0xff, 0xff, 0x00, 0x00, 0x00, 0xff, 0xff, 0x00, 0x00, 0x00, 0x00, 0x00, 0x00, 0xff, 0xff, 0x00, 0x00, 0xff, 0xff, 0x00, 0x00,
    0x00, 0x05, 0x00, 0x00, 0x00, 0xff, 0xff, 0x00, 0x00, 0x00, 0x00, 0xff, 0xff, 0xff, 0xff, 0x61, 0x0e, 0x00, 0x42, 0x00, 0x24, 0x00, 0x0a, 0x00,
    0x02, 0x00, 0x00, 0x00, 0x00, 0x00, 0xff, 0xff, 0x10, 0x00, 0x17, 0x00, 0x03, 0x00, 0x00, 0x00, 0x08, 0x01, 0xff, 0xff, 0x00, 0x12, 0x03, 0x00,
    0x25, 0x00, 0x00, 0x00, 0x60, 0x02, 0x08, 0x00, 0x00, 0xff, 0xff, 0x00, 0x00, 0x01, 0x00, 0x00, 0x00, 0xff, 0xff, 0x00, 0x00, 0x00, 0x00, 0x00,
    0xff, 0xff, 0x00, 0x00, 0x00, 0x00, 0xff, 0xff, 0x09, 0x00, 0x00, 0xff, 0xff, 0x14, 0x00, 0x00, 0x00, 0x00, 0xff, 0xff, 0x00, 0x00, 0xff, 0xff,
    0xff, 0xff, 0x00, 0xff, 0xff, 0x00, 0x00, 0x00, 0x00, 0x00, 0xff, 0xff, 0x00, 0x00, 0x01, 0x05, 0x00, 0xff, 0xff, 0xff, 0xff, 0x00, 0xff, 0xff,
    0xff, 0xff, 0x00, 0x00, 0x00, 0x00, 0xff, 0xff, 0xff, 0xff, 0x00, 0x00, 0x00, 0x00, 0x00, 0x00, 0xff, 0xff, 0xff, 0xff, 0x00, 0x00, 0x00, 0x00,
    0x00, 0x00, 0x86, 0x01, 0x01, 0x65, 0x01, 0xff, 0xff, 0x00, 0x00, 0x00, 0x00, 0x00, 0x02, 0x02, 0x00, 0x00, 0x00, 0x00, 0x00, 0x01, 0x00, 0x04,
    0x05, 0x01, 0xff, 0xff, 0xff, 0xff, 0x00, 0xff, 0xff, 0x00, 0x00, 0x00, 0x00, 0xff, 0xff, 0x00, 0x00, 0xff, 0xff, 0x00, 0xff, 0xff, 0x00, 0x00,
    0x01, 0x00, 0x03, 0x00, 0x01, 0x08, 0x00, 0x00, 0xff, 0xff, 0x00, 0x00, 0x01, 0x00, 0x00, 0x00, 0xff, 0xff, 0x00, 0x00, 0x00, 0x00, 0x00, 0xff,
    0xff, 0x00, 0x00, 0x00, 0x00, 0xff, 0xff, 0x09, 0x00, 0x00, 0xff, 0xff, 0x8a, 0x02, 0x87, 0x03, 0x00, 0x01, 0x80, 0x00, 0x05, 0x01, 0x00, 0x01,
    0x02, 0x00, 0x00, 0x00, 0x00, 0x00, 0x03, 0x00, 0x00, 0x00, 0x01, 0xff, 0xff, 0xff, 0xff, 0x00, 0xff, 0xff, 0x00, 0x00, 0x00, 0x00, 0xff, 0xff,
    0x00, 0x00, 0xff, 0xff, 0x00, 0xff, 0xff, 0x00, 0x00, 0x00, 0x00, 0x07, 0x00, 0x00, 0x87, 0x03, 0x00, 0x01, 0x64, 0x0f, 0xff, 0xff, 0x01, 0x00,
    0x0a, 0x00, 0x02, 0x01, 0xff, 0xff, 0x00, 0x11, 0x00, 0x00, 0x00, 0x19, 0x00, 0x00, 0x00, 0x00, 0x00, 0x00, 0x00, 0x00, 0x00, 0x00, 0x00, 0x02,
    0x02, 0x00, 0x02, 0x01, 0x00, 0x00, 0x01, 0x00, 0x00, 0x00, 0x00, 0xff, 0xff, 0xff, 0xff, 0x00, 0x11, 0x00, 0x00, 0x00, 0x00, 0x00, 0xff, 0xff,
    0x00, 0x00, 0xff, 0xff, 0x02, 0xff, 0xff, 0x00, 0x00, 0x01, 0x00, 0x07, 0x00, 0x00, 0x61, 0x05, 0x00, 0x44, 0x08, 0x01, 0x00, 0x00, 0x5f, 0x00,
    0x60, 0x02, 0x08, 0x00, 0x00, 0xff, 0xff, 0x00, 0x00, 0x01, 0x00, 0x00, 0x00, 0xff, 0xff, 0x00, 0x00, 0x00, 0x00, 0x00, 0xff, 0xff, 0x00, 0x00,
    0x00, 0x00, 0xff, 0xff, 0x09, 0x00, 0x00, 0xff, 0xff, 0x0c, 0x00, 0x00, 0x00, 0xff, 0xff, 0x00, 0xff, 0xff, 0x00, 0xff, 0xff, 0x00, 0x00, 0x00,
    0x01, 0xff, 0xff, 0x00, 0x00, 0xff, 0xff, 0x00, 0x00, 0xff, 0xff, 0xff, 0xff, 0x00, 0x00, 0x00, 0xff, 0xff, 0x00, 0x00, 0x00, 0x00, 0x00, 0x00,
    0xff, 0xff, 0x00, 0x00, 0xff, 0xff, 0x00, 0x00, 0x00, 0x05, 0x00, 0x00, 0x00, 0xff, 0xff, 0x00, 0x00, 0x00, 0x00, 0xff, 0xff, 0xff, 0xff, 0x00,
    0x00, 0x80, 0x0a, 0x05, 0x01, 0x00, 0x03, 0x0c, 0x00, 0x00, 0x00, 0xff, 0xff, 0x00, 0xff, 0xff, 0x01, 0xff, 0xff, 0x00, 0x00, 0x00, 0x01, 0xff,
    0xff, 0x00, 0x00, 0xff, 0xff, 0x00, 0x00, 0x11, 0x00, 0xff, 0xff, 0x00, 0x00, 0x00, 0xff, 0xff, 0x00, 0x00, 0x00, 0x00, 0x00, 0x00, 0xff, 0xff,
    0x01, 0x01, 0x26, 0x00, 0x05, 0x00, 0x00, 0x01, 0x00, 0x00, 0x00, 0xff, 0xff, 0x00, 0x00, 0x00, 0x00, 0xff, 0xff, 0xff, 0xff, 0x63, 0x00, 0x60,
    0x02, 0x14, 0x00, 0x00, 0x00, 0x00, 0xff, 0xff, 0x00, 0x00, 0xff, 0xff, 0xff, 0xff, 0x00, 0xff, 0xff, 0x00, 0x00, 0x00, 0x00, 0x00, 0xff, 0xff,
    0x00, 0x00, 0x04, 0x05, 0x00, 0xff, 0xff, 0xff, 0xff, 0x00, 0xff, 0xff, 0xff, 0xff, 0x00, 0x00, 0x00, 0x00, 0xff, 0xff, 0xff, 0xff, 0x00, 0x00,
    0x00, 0x00, 0x00, 0x00, 0xff, 0xff, 0xff, 0xff, 0x00, 0x00, 0x00, 0x0a, 0x00, 0x00, 0x0c, 0x00, 0x00, 0x00, 0xff, 0xff, 0x00, 0xff, 0xff, 0x00,
    0xff, 0xff, 0x00, 0x00, 0x00, 0x02, 0xff, 0xff, 0x00, 0x00, 0xff, 0xff, 0x00, 0x00, 0xff, 0xff, 0xff, 0xff, 0x00, 0x00, 0x00, 0xff, 0xff, 0x00,
    0x00, 0x00, 0x00, 0x00, 0x00, 0xff, 0xff, 0x00, 0x00, 0xff, 0xff, 0x00, 0x00, 0x00, 0x01, 0x00, 0x00, 0x00, 0xff, 0xff, 0x00, 0x00, 0x00, 0x00,
    0xff, 0xff, 0xff, 0xff, 0x88, 0x02, 0x86, 0x02, 0x00, 0x89, 0x00, 0x02, 0x01, 0x14, 0x00, 0x00, 0x00, 0x00, 0xff, 0xff, 0x00, 0x00, 0xff, 0xff,
    0xff, 0xff, 0x02, 0xff, 0xff, 0x00, 0x00, 0x00, 0x00, 0x00, 0xff, 0xff, 0x00, 0x00, 0x01, 0x00, 0x00, 0xff, 0xff, 0xff, 0xff, 0x00, 0xff, 0xff,
    0xff, 0xff, 0x00, 0x00, 0x00, 0x00, 0x27, 0x00, 0x28, 0x00, 0x00, 0x00, 0x00, 0x00, 0x00, 0x00, 0xff, 0xff, 0xff, 0xff, 0x00, 0x00, 0x00, 0x05,
    0x00, 0x00, 0x61, 0x08, 0x00, 0x40, 0x01, 0x03, 0x03, 0x01, 0xff, 0xff, 0x00, 0x7e, 0x00, 0x60, 0x02, 0x0c, 0x00, 0x00, 0x00, 0xff, 0xff, 0x00,
    0xff, 0xff, 0x00, 0xff, 0xff, 0x00, 0x00, 0x00, 0x01, 0xff, 0xff, 0x20, 0x00, 0xff, 0xff, 0x00, 0x00, 0xff, 0xff, 0xff, 0xff, 0x00, 0x00, 0x00,
    0xff, 0xff, 0x00, 0x00, 0x00, 0x00, 0x00, 0x00, 0xff, 0xff, 0x00, 0x00, 0xff, 0xff, 0x00, 0x00, 0x00, 0x01, 0x00, 0x00, 0x00, 0xff, 0xff, 0x00,
    0x00, 0x00, 0x00, 0xff, 0xff, 0xff, 0xff, 0x0c, 0x00, 0x00, 0x00, 0xff, 0xff, 0x00, 0xff, 0xff, 0x00, 0xff, 0xff, 0x00, 0x00, 0x00, 0x01, 0xff,
    0xff, 0x20, 0x00, 0xff, 0xff, 0x00, 0x00, 0xff, 0xff, 0xff, 0xff, 0x00, 0x00, 0x00, 0xff, 0xff, 0x00, 0x00, 0x00, 0x00, 0x00, 0x00, 0xff, 0xff,
    0x00, 0x00, 0xff, 0xff, 0x00, 0x00, 0x00, 0x05, 0x00, 0x00, 0x00, 0xff, 0xff, 0x00, 0x00, 0x00, 0x00, 0xff, 0xff, 0xff, 0xff, 0x00, 0x00, 0x86,
    0x02, 0x00, 0x14, 0x00, 0x00, 0x00, 0x00, 0xff, 0xff, 0x00, 0x00, 0xff, 0xff, 0xff, 0xff, 0x01, 0xff, 0xff, 0x02, 0x00, 0x00, 0x05, 0x00, 0xff,
    0xff, 0x00, 0x00, 0x01, 0x10, 0x00, 0xff, 0xff, 0xff, 0xff, 0x00, 0xff, 0xff, 0xff, 0xff, 0x00, 0x00, 0x00, 0x00, 0xff, 0xff, 0xff, 0xff, 0x00,
    0x00, 0x00, 0x00, 0x00, 0x00, 0xff, 0xff, 0xff, 0xff, 0x00, 0x00, 0x00, 0x05, 0x00, 0x00, 0x61, 0x08, 0x00, 0x40, 0x00, 0x03, 0x01, 0x01, 0xff,
    0xff, 0x00, 0x14, 0x00, 0x19, 0x01, 0x01, 0x00, 0x00, 0x00, 0xff, 0xff, 0x00, 0x01, 0xff, 0xff, 0x00, 0xff, 0xff, 0x00, 0x00, 0x00, 0x29, 0x00,
    0x00, 0x00, 0x80, 0x00, 0x05, 0x01, 0x00, 0x01, 0x0c, 0x00, 0x00, 0x00, 0xff, 0xff, 0x00, 0xff, 0xff, 0x01, 0xff, 0xff, 0x00, 0x00, 0x00, 0x01,
    0xff, 0xff, 0x00, 0x00, 0xff, 0xff, 0x00, 0x00, 0xff, 0xff, 0x2a, 0x00, 0x00, 0x00, 0x00, 0xff, 0xff, 0x00, 0x00, 0x00, 0x00, 0x00, 0x00, 0xff,
    0xff, 0x00, 0x00, 0xff, 0xff, 0x00, 0x00, 0x00, 0x05, 0x00, 0x00, 0x00, 0xff, 0xff, 0x00, 0x00, 0x01, 0x00, 0xff, 0xff, 0xff, 0xff, 0x86, 0x01,
    0x00, 0x19, 0x01, 0x00, 0x00, 0x00, 0x01, 0x10, 0x00, 0x00, 0x00, 0xff, 0xff, 0x00, 0xff, 0xff, 0x00, 0x00, 0x00, 0xff, 0xff, 0x61, 0x08, 0x00,
    0x40, 0x08, 0x00, 0x08, 0x00, 0xff, 0xff, 0x00, 0x24, 0x00, 0x12, 0x00, 0xff, 0xff, 0xff, 0xff, 0x00, 0x01, 0xff, 0xff, 0x20, 0x00, 0xff, 0xff,
    0x00, 0x00, 0x00, 0x00, 0x00, 0x00, 0x00, 0x1e, 0x00, 0xff, 0xff, 0x00, 0x00, 0x00, 0xff, 0xff, 0x00, 0x00, 0x00, 0x00, 0x00, 0x01, 0x00, 0x00,
    0x61, 0x05, 0x00, 0x43, 0x2b, 0x00, 0x00, 0x00, 0x3e, 0x00, 0x0c, 0x00, 0x02, 0x01, 0xff, 0xff, 0x00, 0xff, 0xff, 0x01, 0xff, 0xff, 0x00, 0x00,
    0x00, 0x00, 0xff, 0xff, 0x00, 0x00, 0xff, 0xff, 0x00, 0x00, 0x1b, 0x00, 0xff, 0xff, 0x00, 0x00, 0x00, 0xff, 0xff, 0x00, 0x00, 0x00, 0x00, 0x00,
    0x00, 0xff, 0xff, 0x00, 0x00, 0xff, 0xff, 0x00, 0x02, 0x00, 0x01, 0x00, 0x00, 0x00, 0xff, 0xff, 0x00, 0x00, 0x00, 0x00, 0xff, 0xff, 0xff, 0xff,
    0x00, 0x00, 0x61, 0x05, 0x00, 0x41, 0x14, 0x01, 0x00, 0x00, 0x5e, 0x00, 0x60, 0x02, 0x08, 0x00, 0x00, 0xff, 0xff, 0x00, 0x00, 0x01, 0x00, 0x00,
    0x00, 0xff, 0xff, 0x00, 0x00, 0x00, 0x00, 0x00, 0xff, 0xff, 0x00, 0x00, 0x00, 0x00, 0xff, 0xff, 0x09, 0x00, 0x00, 0xff, 0xff, 0x14, 0x00, 0x00,
    0x00, 0x00, 0xff, 0xff, 0x00, 0x00, 0xff, 0xff, 0xff, 0xff, 0x00, 0xff, 0xff, 0x00, 0x00, 0x00, 0x00, 0x00, 0xff, 0xff, 0x00, 0x00, 0x01, 0x05,
    0x00, 0xff, 0xff, 0xff, 0xff, 0x00, 0xff, 0xff, 0xff, 0xff, 0x00, 0x00, 0x00, 0x00, 0xff, 0xff, 0xff, 0xff, 0x00, 0x00, 0x00, 0x00, 0x00, 0x00,
    0xff, 0xff, 0xff, 0xff, 0x00, 0x00, 0x00, 0x00, 0x00, 0x00, 0x00, 0x00, 0x60, 0x02, 0x14, 0x00, 0x02, 0x00, 0x00, 0xff, 0xff, 0x00, 0x00, 0xff,
    0xff, 0xff, 0xff, 0x01, 0xff, 0xff, 0x02, 0x00, 0x00, 0x05, 0x00, 0xff, 0xff, 0x00, 0x00, 0x01, 0x12, 0x00, 0xff, 0xff, 0xff, 0xff, 0x00, 0x1b,
    0x00, 0xff, 0xff, 0x00, 0x00, 0x00, 0x00, 0xff, 0xff, 0xff, 0xff, 0x00, 0x00, 0x00, 0x00, 0x01, 0x00, 0xff, 0xff, 0xff, 0xff, 0x02, 0x00, 0x00,
    0x00, 0x00, 0x00, 0x60, 0x02, 0x27, 0x02, 0x01, 0x01, 0x02, 0x00, 0x0c, 0x00, 0x02, 0x00, 0xff, 0xff, 0x00, 0xff, 0xff, 0x00, 0xff, 0xff, 0x00,
    0x00, 0x00, 0x01, 0xff, 0xff, 0x00, 0x00, 0xff, 0xff, 0x00, 0x00, 0xff, 0xff, 0xff, 0xff, 0x00, 0x00, 0x00, 0xff, 0xff, 0x00, 0x00, 0x00, 0x00,
    0x00, 0x00, 0xff, 0xff, 0x00, 0x00, 0xff, 0xff, 0x00, 0x02, 0x00, 0x05, 0x00, 0x00, 0x00, 0xff, 0xff, 0x00, 0x00, 0x00, 0x00, 0xff, 0xff, 0xff,
    0xff, 0x17, 0x00, 0x01, 0x02, 0x05, 0x01, 0x10, 0x01, 0x1b, 0x00, 0x01, 0x12, 0x00, 0x00, 0x25, 0x00, 0x80, 0x00, 0x05, 0x01, 0x00, 0x01, 0x60,
    0x03, 0x27, 0x00, 0x01, 0x00, 0x00, 0x00, 0x64, 0x14, 0x00, 0x00, 0x01, 0x00, 0xff, 0xff, 0x00, 0x00, 0xff, 0xff, 0xff, 0xff, 0x00, 0xff, 0xff,
    0x00, 0x00, 0x00, 0x00, 0x00, 0xff, 0xff, 0x00, 0x00, 0x00, 0x05, 0x00, 0xff, 0xff, 0xff, 0xff, 0x00, 0xff, 0xff, 0xff, 0xff, 0x00, 0x00, 0x00,
    0x00, 0xff, 0xff, 0xff, 0xff, 0x00, 0x00, 0x00, 0x00, 0x00, 0x00, 0xff, 0xff, 0xff, 0xff, 0x00, 0x00, 0x00, 0x14, 0x00, 0x00, 0x60, 0x02, 0x14,
    0x00, 0x00, 0x00, 0x00, 0xff, 0xff, 0x00, 0x00, 0xff, 0xff, 0xff, 0xff, 0x00, 0xff, 0xff, 0x00, 0x00, 0x00, 0x00, 0x00, 0xff, 0xff, 0x00, 0x00,
    0x01, 0x00, 0x00, 0xff, 0xff, 0xff, 0xff, 0x00, 0xff, 0xff, 0xff, 0xff, 0x00, 0x00, 0x00, 0x00, 0xff, 0xff, 0xff, 0xff, 0x00, 0x00, 0x00, 0x00,
    0x00, 0x00, 0xff, 0xff, 0xff, 0xff, 0x00, 0x00, 0x00, 0x0a, 0x00, 0x00, 0x12, 0x00, 0xff, 0xff, 0xff, 0xff, 0x00, 0x00, 0xff, 0xff, 0xff, 0xff,
    0xff, 0xff, 0x00, 0x00, 0x00, 0x00, 0x00, 0x00, 0x00, 0x1e, 0x00, 0xff, 0xff, 0x00, 0x00, 0x00, 0xff, 0xff, 0x00, 0x00, 0x00, 0x00, 0x00, 0x01,
    0x61, 0x08, 0x00, 0x40, 0x00, 0x03, 0x01, 0x02, 0x10, 0x00, 0x00, 0x3d, 0x00, 0x14, 0x00, 0x00, 0x00, 0x00, 0xff, 0xff, 0x00, 0x00, 0xff, 0xff,
    0xff, 0xff, 0x02, 0xff, 0xff, 0x00, 0x00, 0x00, 0x00, 0x00, 0xff, 0xff, 0x00, 0x00, 0x01, 0x00, 0x00, 0xff, 0xff, 0xff, 0xff, 0x00, 0x10, 0x00,
    0xff, 0xff, 0x00, 0x00, 0x00, 0x00, 0xff, 0xff, 0xff, 0xff, 0x00, 0x00, 0x00, 0x00, 0x01, 0x00, 0xff, 0xff, 0xff, 0xff, 0x00, 0x00, 0x00, 0x00,
    0x00, 0x00, 0x00, 0x00, 0x61, 0x15, 0x00, 0x4b, 0x43, 0x10, 0x00, 0x00, 0x00, 0x42, 0x0d, 0x09, 0x00, 0x0a, 0x00, 0x03, 0x0c, 0x00, 0x00, 0x00,
    0x00, 0xff, 0xff, 0x4c, 0x3e, 0x00, 0x0c, 0x00, 0x00, 0x00, 0xff, 0xff, 0x00, 0xff, 0xff, 0x00, 0xff, 0xff, 0x00, 0x00, 0x00, 0x02, 0xff, 0xff,
    0x00, 0x00, 0xff, 0xff, 0x00, 0x00, 0xff, 0xff, 0xff, 0xff, 0x00, 0x00, 0x00, 0x08, 0x00, 0x00, 0x00, 0x00, 0x00, 0x00, 0x00, 0xff, 0xff, 0x00,
    0x00, 0xff, 0xff, 0x00, 0x00, 0x00, 0x05, 0x00, 0x00, 0x00, 0xff, 0xff, 0x00, 0x00, 0x00, 0x00, 0xff, 0xff, 0xff, 0xff, 0x00, 0x00, 0x61, 0x08,
    0x00, 0x40, 0x0d, 0x03, 0x02, 0x00, 0xff, 0xff, 0x00, 0x97, 0x00, 0x60, 0x03, 0x20, 0x2c, 0x00, 0x2d, 0x00, 0x00, 0x00, 0x00, 0x02, 0xff, 0xff,
    0x00, 0x00, 0x01, 0xff, 0xff, 0x00, 0x00, 0x00, 0x10, 0x00, 0x00, 0x01, 0x00, 0x0d, 0x00, 0x14, 0x00, 0x00, 0x01, 0x00, 0xff, 0xff, 0x00, 0x00,
    0xff, 0xff, 0xff, 0xff, 0x00, 0xff, 0xff, 0x00, 0x00, 0x00, 0x00, 0x00, 0xff, 0xff, 0x00, 0x00, 0x00, 0x0a, 0x00, 0xff, 0xff, 0x00, 0x00, 0x00,
    0x10, 0x00, 0xff, 0xff, 0x00, 0x00, 0x00, 0x00, 0xff, 0xff, 0xff, 0xff, 0x00, 0x00, 0x00, 0x00, 0x00, 0x00, 0xff, 0xff, 0xff, 0xff, 0x00, 0x00,
    0x00, 0x15, 0x00, 0x00, 0x0c, 0x00, 0x00, 0x00, 0xff, 0xff, 0x00, 0xff, 0xff, 0x00, 0xff, 0xff, 0x00, 0x00, 0x00, 0x02, 0xff, 0xff, 0x00, 0x00,
    0xff, 0xff, 0x00, 0x00, 0xff, 0xff, 0xff, 0xff, 0x00, 0x00, 0x00, 0xff, 0xff, 0x00, 0x00, 0x00, 0x00, 0x00, 0x00, 0xff, 0xff, 0x00, 0x00, 0xff,
    0xff, 0x00, 0x00, 0x01, 0x05, 0x00, 0x00, 0x00, 0xff, 0xff, 0x00, 0x00, 0x00, 0x00, 0xff, 0xff, 0xff, 0xff, 0x00, 0x00, 0x61, 0x0e, 0x00, 0x42,
    0x00, 0xff, 0xff, 0xff, 0xff, 0x02, 0x00, 0x00, 0x01, 0x00, 0x02, 0xff, 0xff, 0x3e, 0x00, 0x0c, 0x00, 0x00, 0x00, 0xff, 0xff, 0x00, 0xff, 0xff,
    0x00, 0xff, 0xff, 0x01, 0x00, 0x00, 0x01, 0xff, 0xff, 0x20, 0x00, 0xff, 0xff, 0x00, 0x00, 0xff, 0xff, 0xff, 0xff, 0x00, 0x00, 0x00, 0xff, 0xff,
    0x00, 0x00, 0x00, 0x00, 0x00, 0x00, 0xff, 0xff, 0x00, 0x00, 0xff, 0xff, 0x00, 0x00, 0x00, 0x01, 0x00, 0x00, 0x00, 0xff, 0xff, 0x00, 0x00, 0x00,
    0x00, 0xff, 0xff, 0xff, 0xff, 0x00, 0x00, 0x61, 0x05, 0x00, 0x41, 0x14, 0x02, 0x00, 0x00, 0x24, 0x00, 0x12, 0x02, 0xff, 0xff, 0xff, 0xff, 0x00,
    0x00, 0xff, 0xff, 0xff, 0xff, 0xff, 0xff, 0x00, 0x00, 0x00, 0x00, 0x00, 0x00, 0x00, 0x1e, 0x00, 0xff, 0xff, 0x00, 0x00, 0x00, 0xff, 0xff, 0x02,
    0x00, 0x00, 0x00, 0x00, 0x01, 0x00, 0x00, 0x70, 0x01, 0x0a, 0x00, 0x71, 0x01, 0x0a, 0x01, 0x14, 0x00, 0x00, 0x00, 0x00, 0xff, 0xff, 0x00, 0x00,
    0xff, 0xff, 0xff, 0xff, 0x00, 0xff, 0xff, 0x00, 0x00, 0x00, 0x00, 0x00, 0xff, 0xff, 0x00, 0x00, 0x01, 0x0a, 0x00, 0xff, 0xff, 0xff, 0xff, 0x00,
    0xff, 0xff, 0xff, 0xff, 0x00, 0x00, 0x00, 0x00, 0xff, 0xff, 0xff, 0xff, 0x00, 0x00, 0x00, 0x00, 0x01, 0x00, 0xff, 0xff, 0xff, 0xff, 0x00, 0x00,
    0x00, 0x14, 0x00, 0x00, 0x80, 0x00, 0x05, 0x01, 0x00, 0x01, 0x60, 0x02, 0x0f, 0xff, 0xff, 0x01, 0x00, 0x00, 0x00, 0x06, 0x00, 0x00, 0x00, 0x00,
    0xff, 0xff, 0x00, 0x00, 0x1e, 0x00, 0x00, 0x00, 0x00, 0x00, 0x00, 0x00, 0x00, 0x01, 0x00, 0x00, 0x06, 0x60, 0x02, 0x0c, 0x00, 0x00, 0x00, 0xff,
    0xff, 0x00, 0xff, 0xff, 0x00, 0xff, 0xff, 0x00, 0x00, 0x00, 0x01, 0xff, 0xff, 0x00, 0x00, 0xff, 0xff, 0x00, 0x00, 0xff, 0xff, 0xff, 0xff, 0x00,
    0x00, 0x00, 0xff, 0xff, 0x00, 0x00, 0x00, 0x00, 0x00, 0x00, 0xff, 0xff, 0x00, 0x00, 0xff, 0xff, 0x00, 0x00, 0x00, 0x01, 0x00, 0x00, 0x00, 0xff,
    0xff, 0x00, 0x00, 0x00, 0x00, 0xff, 0xff, 0xff, 0xff, 0x0c, 0x00, 0x00, 0x00, 0xff, 0xff, 0x00, 0xff, 0xff, 0x00, 0xff, 0xff, 0x00, 0x00, 0x00,
    0x01, 0xff, 0xff, 0x00, 0x00, 0xff, 0xff, 0x00, 0x00, 0xff, 0xff, 0xff, 0xff, 0x00, 0x00, 0x00, 0xff, 0xff, 0x00, 0x00, 0x00, 0x00, 0x00, 0x00,
    0xff, 0xff, 0x00, 0x00, 0xff, 0xff, 0x00, 0x00, 0x00, 0x05, 0x00, 0x00, 0x00, 0xff, 0xff, 0x00, 0x00, 0x00, 0x00, 0xff, 0xff, 0xff, 0xff, 0x14,
    0x00, 0x00, 0x00, 0x00, 0xff, 0xff, 0x00, 0x00, 0xff, 0xff, 0xff, 0xff, 0x01, 0xff, 0xff, 0x00, 0x00, 0x00, 0x00, 0x00, 0xff, 0xff, 0x00, 0x00,
    0x01, 0x00, 0x00, 0xff, 0xff, 0xff, 0xff, 0x00, 0x2e, 0x00, 0xff, 0xff, 0x00, 0x00, 0x00, 0x00, 0xff, 0xff, 0xff, 0xff, 0x00, 0x00, 0x00, 0x00,
    0x00, 0x00, 0xff, 0xff, 0xff, 0xff, 0x00, 0x00, 0x00, 0x14, 0x00, 0x00, 0x61, 0x05, 0x00, 0x41, 0x00, 0x01, 0x00, 0x00, 0x1d, 0x00, 0x0f, 0xff,
    0xff, 0x00, 0x00, 0x00, 0x00, 0x00, 0x00, 0xff, 0xff, 0x00, 0x1a, 0x00, 0x00, 0x00, 0x19, 0x00, 0x00, 0x00, 0x00, 0x01, 0x01, 0x01, 0x00, 0x00,
    0x00, 0x00, 0x02, 0x00, 0x00, 0x1d, 0x01, 0x01, 0x00, 0x00, 0x00, 0x1a, 0x00, 0xff, 0xff, 0x2f, 0x00, 0x00, 0x00, 0x60, 0x02, 0x02, 0x00, 0x00,
    0x00, 0x00, 0x00, 0x01, 0x00, 0x00, 0x00, 0x01, 0xff, 0xff, 0xff, 0xff, 0x00, 0xff, 0xff, 0x00, 0x00, 0x00, 0x00, 0xff, 0xff, 0x00, 0x00, 0xff,
    0xff, 0x00, 0xff, 0xff, 0x00, 0x00, 0x00, 0x00, 0x03, 0x00, 0x00, 0x1d, 0x00, 0x01, 0x01, 0x00, 0x00, 0xff, 0xff, 0xff, 0xff, 0x30, 0x00, 0x00,
    0x00, 0x80, 0x00, 0x05, 0x01, 0x00, 0x01, 0x70, 0x05, 0x0a, 0x00, 0x71, 0x01, 0x00, 0x01, 0x65, 0x01, 0xff, 0xff, 0x00, 0x00, 0x00, 0x00, 0x00,
    0x02, 0x60, 0x02, 0x08, 0x00, 0x00, 0xff, 0xff, 0x00, 0x00, 0x01, 0x00, 0x00, 0x00, 0xff, 0xff, 0x00, 0x00, 0x00, 0x00, 0x00, 0xff, 0xff, 0x00,
    0x00, 0x00, 0x00, 0xff, 0xff, 0x09, 0x00, 0x00, 0xff, 0xff, 0x14, 0x00, 0x00, 0x00, 0x00, 0xff, 0xff, 0x00, 0x00, 0xff, 0xff, 0xff, 0xff, 0x00,
    0xff, 0xff, 0x00, 0x00, 0x00, 0x00, 0x00, 0xff, 0xff, 0x00, 0x00, 0x01, 0x05, 0x00, 0xff, 0xff, 0xff, 0xff, 0x00, 0xff, 0xff, 0xff, 0xff, 0x00,
    0x00, 0x00, 0x00, 0xff, 0xff, 0xff, 0xff, 0x00, 0x00, 0x00, 0x00, 0x00, 0x00, 0xff, 0xff, 0xff, 0xff, 0x00, 0x00, 0x00, 0x00, 0x00, 0x00, 0x02,
    0x00, 0x00, 0x01, 0x00, 0x00, 0x01, 0x00, 0x02, 0x05, 0x00, 0xff, 0xff, 0xff, 0xff, 0x00, 0xff, 0xff, 0x00, 0x00, 0x00, 0x00, 0xff, 0xff, 0x00,
    0x00, 0xff, 0xff, 0x00, 0xff, 0xff, 0x00, 0x00, 0x01, 0x00, 0x03, 0x00, 0x01, 0x88, 0x02, 0x87, 0x03, 0x00, 0x01, 0x80, 0x00, 0x05, 0x01, 0x00,
    0x01, 0x08, 0x00, 0x00, 0xff, 0xff, 0x00, 0x00, 0x01, 0x00, 0x00, 0x00, 0xff, 0xff, 0x00, 0x00, 0x00, 0x00, 0x00, 0xff, 0xff, 0x00, 0x00, 0x00,
    0x00, 0xff, 0xff, 0x09, 0x00, 0x00, 0xff, 0xff, 0x61, 0x0e, 0x00, 0x42, 0x00, 0xff, 0xff, 0xff, 0xff, 0x02, 0x00, 0x00, 0x01, 0x04, 0x00, 0xff,
    0xff, 0x3e, 0x00, 0x0c, 0x00, 0x00, 0x00, 0xff, 0xff, 0x00, 0xff, 0xff, 0x00, 0xff, 0xff, 0x00, 0x00, 0x00, 0x03, 0xff, 0xff, 0xff, 0xff, 0xff,
    0xff, 0x00, 0x00, 0xff, 0xff, 0xff, 0xff, 0x00, 0x00, 0x00, 0xff, 0xff, 0x00, 0x00, 0x00, 0x00, 0x00, 0x00, 0xff, 0xff, 0x00, 0x00, 0xff, 0xff,
    0x00, 0x00, 0x00, 0x01, 0x00, 0x00, 0x00, 0xff, 0xff, 0x00, 0x00, 0x00, 0x00, 0xff, 0xff, 0xff, 0xff, 0x00, 0x00, 0x0c, 0x00, 0x00, 0x00, 0xff,
    0xff, 0x00, 0xff, 0xff, 0x00, 0xff, 0xff, 0x00, 0x00, 0x00, 0x01, 0xff, 0xff, 0x00, 0x00, 0xff, 0xff, 0x00, 0x00, 0xff, 0xff, 0xff, 0xff, 0x00,
    0x00, 0x00, 0xff, 0xff, 0x00, 0x00, 0x00, 0x00, 0x00, 0x00, 0xff, 0xff, 0x00, 0x00, 0xff, 0xff, 0x00, 0x00, 0x00, 0x01, 0x00, 0x00, 0x00, 0xff,
    0xff, 0x00, 0x00, 0x00, 0x00, 0xff, 0xff, 0xff, 0xff, 0x61, 0x05, 0x00, 0x41, 0x01, 0x00, 0x00, 0x00, 0x3e, 0x00, 0x0c, 0x00, 0x00, 0x00, 0xff,
    0xff, 0x00, 0xff, 0xff, 0x00, 0xff, 0xff, 0x00, 0x00, 0x00, 0x02, 0xff, 0xff, 0xff, 0xff, 0xff, 0xff, 0x00, 0x00, 0xff, 0xff, 0xff, 0xff, 0x00,
    0x00, 0x00, 0xff, 0xff, 0x00, 0x00, 0x00, 0x00, 0x00, 0x00, 0xff, 0xff, 0x00, 0x00, 0xff, 0xff, 0x00, 0x00, 0x00, 0x01, 0x00, 0x00, 0x00, 0xff,
    0xff, 0x00, 0x00, 0x00, 0x00, 0xff, 0xff, 0xff, 0xff, 0x00, 0x00, 0x88, 0x02, 0x86, 0x02, 0x00, 0x80, 0x01, 0x05, 0x01, 0x01, 0x01, 0x60, 0x02,
    0x14, 0x00, 0x00, 0x00, 0x00, 0xff, 0xff, 0x00, 0x00, 0xff, 0xff, 0xff, 0xff, 0x01, 0x31, 0x00, 0x0d, 0x00, 0x00, 0x05, 0x00, 0xff, 0xff, 0x00,
    0x00, 0x01, 0x11, 0x00, 0xff, 0xff, 0xff, 0xff, 0x00, 0xff, 0xff, 0xff, 0xff, 0x00, 0x00, 0x00, 0x00, 0xff, 0xff, 0xff, 0xff, 0x00, 0x00, 0x00,
    0x00, 0x00, 0x00, 0xff, 0xff, 0xff, 0xff, 0x00, 0x00, 0x00, 0x00, 0x00, 0x00, 0x17, 0x00, 0x01, 0x00, 0x00, 0x01, 0x12, 0x01, 0xff, 0xff, 0x00,
    0x00, 0x00, 0x00, 0xff, 0xff, 0x89, 0x00, 0x00, 0x01, 0x61, 0x0c, 0x00, 0x4b, 0x41, 0x01, 0x01, 0x01, 0x00, 0x41, 0x14, 0x02, 0x00, 0x00, 0x4c,
    0x08, 0x00, 0x70, 0x05, 0x0a, 0x00, 0x71, 0x01, 0x00, 0x01, 0x00, 0x00, 0x80, 0x00, 0x05, 0x01, 0x00, 0x01, 0x14, 0x00, 0x00, 0x00, 0x00, 0xff,
    0xff, 0x00, 0x00, 0xff, 0xff, 0xff, 0xff, 0x00, 0xff, 0xff, 0x02, 0x00, 0x00, 0x05, 0x00, 0xff, 0xff, 0x00, 0x00, 0x01, 0x00, 0x00, 0xff, 0xff,
    0xff, 0xff, 0x00, 0xff, 0xff, 0xff, 0xff, 0x00, 0x00, 0x00, 0x00, 0xff, 0xff, 0xff, 0xff, 0x00, 0x00, 0x00, 0x00, 0x00, 0x02, 0xff, 0xff, 0xff,
    0xff, 0x00, 0x00, 0x00, 0x14, 0x00, 0x00, 0x61, 0x02, 0x00, 0x49, 0x01, 0x3e, 0x00, 0x0c, 0x00, 0x00, 0x00, 0xff, 0xff, 0x00, 0xff, 0xff, 0x00,
    0xff, 0xff, 0x00, 0x00, 0x00, 0x05, 0xff, 0xff, 0xff, 0xff, 0xff, 0xff, 0x00, 0x00, 0xff, 0xff, 0xff, 0xff, 0x00, 0x00, 0x00, 0xff, 0xff, 0x00,
    0x00, 0x00, 0x00, 0x00, 0x00, 0xff, 0xff, 0x00, 0x00, 0xff, 0xff, 0x00, 0x02, 0x00, 0x01, 0x00, 0x00, 0x00, 0xff, 0xff, 0x00, 0x00, 0x00, 0x00,
    0xff, 0xff, 0xff, 0xff, 0x00, 0x00, 0x63, 0x00, 0x86, 0x06, 0x01, 0x12, 0x00, 0xff, 0xff, 0xff, 0xff, 0x00, 0x00, 0xff, 0xff, 0xff, 0xff, 0xff,
    0xff, 0x00, 0x00, 0x00, 0x00, 0x00, 0x00, 0x00, 0x1e, 0x00, 0xff, 0xff, 0x00, 0x00, 0x00, 0xff, 0xff, 0x00, 0x00, 0x00, 0x00, 0x00, 0x01, 0x61,
    0x08, 0x00, 0x40, 0x08, 0x03, 0x07, 0x00, 0xff, 0xff, 0x00, 0x1f, 0x00, 0x08, 0x00, 0x00, 0xff, 0xff, 0x00, 0x00, 0x01, 0x00, 0x00, 0x00, 0xff,
    0xff, 0x00, 0x00, 0x00, 0x00, 0x00, 0xff, 0xff, 0x00, 0x00, 0x00, 0x00, 0xff, 0xff, 0x09, 0x00, 0x00, 0xff, 0xff, 0x00, 0x00, 0x80, 0x00, 0x05,
    0x01, 0x00, 0x01, 0x64, 0x80, 0x00, 0x05, 0x01, 0x00, 0x03, 0x08, 0x00, 0x00, 0xff, 0xff, 0x00, 0x00, 0x00, 0x00, 0x00, 0x00, 0xff, 0xff, 0x00,
    0x00, 0x00, 0x00, 0x00, 0xff, 0xff, 0x00, 0x00, 0x00, 0x00, 0xff, 0xff, 0x09, 0x00, 0x00, 0xff, 0xff, 0x86, 0x02, 0x01, 0x0c, 0x00, 0x00, 0x00,
    0xff, 0xff, 0x00, 0xff, 0xff, 0x00, 0xff, 0xff, 0x00, 0x00, 0x00, 0x01, 0xff, 0xff, 0x00, 0x00, 0xff, 0xff, 0x00, 0x00, 0xff, 0xff, 0xff, 0xff,
    0x00, 0x00, 0x00, 0xff, 0xff, 0x00, 0x00, 0x00, 0x00, 0x00, 0x00, 0xff, 0xff, 0x00, 0x00, 0xff, 0xff, 0x00, 0x00, 0x00, 0x01, 0x00, 0x00, 0x00,
    0xff, 0xff, 0x00, 0x00, 0x00, 0x00, 0xff, 0xff, 0xff, 0xff, 0x86, 0x01, 0x01, 0x70, 0x03, 0x0a, 0x00, 0x71, 0x01, 0x00, 0x01, 0x80, 0x00, 0x05,
    0x01, 0x00, 0x02, 0x0c, 0x00, 0x00, 0x00, 0xff, 0xff, 0x00, 0xff, 0xff, 0x00, 0xff, 0xff, 0x00, 0x00, 0x00, 0x05, 0xff, 0xff, 0x00, 0x00, 0xff,
    0xff, 0x00, 0x00, 0xff, 0xff, 0xff, 0xff, 0x00, 0x00, 0x00, 0xff, 0xff, 0x00, 0x00, 0x00, 0x00, 0x00, 0x00, 0xff, 0xff, 0x00, 0x00, 0xff, 0xff,
    0x00, 0x00, 0x00, 0x01, 0x00, 0x00, 0x00, 0xff, 0xff, 0x00, 0x00, 0x00, 0x00, 0xff, 0xff, 0xff, 0xff, 0x86, 0x02, 0x00, 0x14, 0x00, 0x00, 0x00,
    0x00, 0xff, 0xff, 0x00, 0x00, 0xff, 0xff, 0xff, 0xff, 0x03, 0xff, 0xff, 0x00, 0x00, 0x00, 0x00, 0x00, 0xff, 0xff, 0x00, 0x00, 0x01, 0x08, 0x00,
    0xff, 0xff, 0xff, 0xff, 0x00, 0xff, 0xff, 0xff, 0xff, 0x00, 0x00, 0x00, 0x00, 0xff, 0xff, 0xff, 0xff, 0x00, 0x00, 0x00, 0x00, 0x00, 0x00, 0xff,
    0xff, 0xff, 0xff, 0x00, 0x00, 0x00, 0x0f, 0x03, 0x00, 0x14, 0x00, 0x00, 0x00, 0x00, 0xff, 0xff, 0x00, 0x00, 0xff, 0xff, 0xff, 0xff, 0x00, 0xff,
    0xff, 0x00, 0x00, 0x00, 0x00, 0x00, 0xff, 0xff, 0x00, 0x00, 0x01, 0x0a, 0x00, 0xff, 0xff, 0xff, 0xff, 0x00, 0xff, 0xff, 0xff, 0xff, 0x00, 0x00,
    0x01, 0x00, 0xff, 0xff, 0xff, 0xff, 0x00, 0x00, 0x00, 0x00, 0x00, 0x00, 0xff, 0xff, 0xff, 0xff, 0x00, 0x00, 0x00, 0x05, 0x00, 0x00, 0x61, 0x0e,
    0x00, 0x42, 0x00, 0xff, 0xff, 0xff, 0xff, 0x02, 0x00, 0x00, 0x00, 0x00, 0x00, 0xff, 0xff, 0x24, 0x00, 0x12, 0x00, 0xff, 0xff, 0xff, 0xff, 0x00,
    0x00, 0xff, 0xff, 0xff, 0xff, 0xff, 0xff, 0x00, 0x00, 0x00, 0x00, 0x00, 0x00, 0x00, 0x1e, 0x00, 0xff, 0xff, 0x00, 0x00, 0x00, 0xff, 0xff, 0x00,
    0x01, 0x00, 0x00, 0x00, 0x01, 0x00, 0x00, 0x25, 0x01, 0x01, 0x32, 0x00, 0x32, 0x00, 0x01, 0x80, 0x00, 0x05, 0x01, 0x00, 0x02, 0x14, 0x00, 0x00,
    0x00, 0x00, 0xff, 0xff, 0x00, 0x00, 0xff, 0xff, 0xff, 0xff, 0x02, 0xff, 0xff, 0x00, 0x00, 0x00, 0x00, 0x00, 0xff, 0xff, 0x00, 0x00, 0x01, 0x00,
    0x00, 0xff, 0xff, 0xff, 0xff, 0x00, 0x1b, 0x00, 0xff, 0xff, 0x00, 0x00, 0x00, 0x00, 0xff, 0xff, 0xff, 0xff, 0x00, 0x00, 0x00, 0x00, 0x00, 0x00,
    0xff, 0xff, 0xff, 0xff, 0x00, 0x00, 0x00, 0x05, 0x00, 0x00, 0x61, 0x0e, 0x00, 0x42, 0x00, 0x09, 0x00, 0xff, 0xff, 0x02, 0x00, 0x00, 0x00, 0x00,
    0x01, 0x11, 0x00, 0x24, 0x00, 0x12, 0x00, 0xff, 0xff, 0xff, 0xff, 0x00, 0x00, 0xff, 0xff, 0xff, 0xff, 0xff, 0xff, 0x00, 0x00, 0x00, 0x00, 0x00,
    0x00, 0x00, 0x1e, 0x00, 0xff, 0xff, 0x00, 0x00, 0x00, 0xff, 0xff, 0x02, 0x01, 0x00, 0x00, 0x00, 0x01, 0x00, 0x00, 0x61, 0x0e, 0x00, 0x42, 0x01,
    0xff, 0xff, 0xff, 0xff, 0x03, 0x03, 0x00, 0x00, 0x00, 0x01, 0x11, 0x00, 0x3e, 0x00, 0x0c, 0x00, 0x00, 0x00, 0xff, 0xff, 0x00, 0xff, 0xff, 0x01,
    0xff, 0xff, 0x00, 0x00, 0x00, 0x02, 0xff, 0xff, 0x00, 0x00, 0xff, 0xff, 0x00, 0x00, 0xff, 0xff, 0xff, 0xff, 0x00, 0x00, 0x00, 0xff, 0xff, 0x00,
    0x00, 0x00, 0x00, 0x00, 0x00, 0xff, 0xff, 0x00, 0x00, 0xff, 0xff, 0x00, 0x00, 0x00, 0x01, 0x00, 0x00, 0x00, 0xff, 0xff, 0x00, 0x00, 0x00, 0x00,
    0xff, 0xff, 0xff, 0xff, 0x00, 0x00, 0x88, 0x02, 0x87, 0x03, 0x01, 0x01, 0x80, 0x00, 0x05, 0x01, 0x00, 0x01, 0x70, 0x05, 0x0a, 0x00, 0x71, 0x01,
    0x00, 0x01, 0x61, 0x0e, 0x00, 0x42, 0x00, 0x24, 0x00, 0x0a, 0x00, 0x03, 0x06, 0x00, 0x00, 0x00, 0x02, 0xff, 0xff, 0x3d, 0x00, 0x14, 0x00, 0x00,
    0x00, 0x00, 0xff, 0xff, 0x00, 0x00, 0xff, 0xff, 0xff, 0xff, 0x03, 0xff, 0xff, 0x00, 0x00, 0x00, 0x00, 0x00, 0xff, 0xff, 0x00, 0x00, 0x01, 0x08,
    0x00, 0xff, 0xff, 0xff, 0xff, 0x00, 0xff, 0xff, 0xff, 0xff, 0x00, 0x00, 0x00, 0x00, 0xff, 0xff, 0xff, 0xff, 0x00, 0x00, 0x00, 0x00, 0x00, 0x00,
    0xff, 0xff, 0xff, 0xff, 0x00, 0x00, 0x00, 0x0f, 0x00, 0x00, 0x00, 0x00, 0x61, 0x08, 0x00, 0x40, 0x0d, 0x03, 0x02, 0x00, 0xff, 0xff, 0x00, 0x1f,
    0x00, 0x08, 0x00, 0x00, 0xff, 0xff, 0x00, 0x00, 0x01, 0x00, 0x00, 0x00, 0xff, 0xff, 0x00, 0x00, 0x00, 0x00, 0x00, 0xff, 0xff, 0x00, 0x00, 0x00,
    0x00, 0xff, 0xff, 0x09, 0x00, 0x00, 0xff, 0xff, 0x00, 0x00, 0x60, 0x02, 0x06, 0x01, 0x03, 0x05, 0x01, 0x00, 0x02, 0x03, 0x08, 0x00, 0x00, 0xff,
    0xff, 0x00, 0x00, 0x03, 0x00, 0x00, 0x00, 0xff, 0xff, 0x00, 0x00, 0x01, 0x00, 0x00, 0xff, 0xff, 0x00, 0x00, 0x00, 0x00, 0xff, 0xff, 0x09, 0x00,
    0x02, 0xff, 0xff, 0x61, 0x0e, 0x00, 0x42, 0x00, 0x24, 0x00, 0x0a, 0x00, 0x03, 0x06, 0x00, 0x00, 0x00, 0x02, 0xff, 0xff, 0x3e, 0x00, 0x0c, 0x00,
    0x00, 0x00, 0xff, 0xff, 0x00, 0xff, 0xff, 0x00, 0xff, 0xff, 0x01, 0x00, 0x00, 0x02, 0xff, 0xff, 0x20, 0x00, 0xff, 0xff, 0x00, 0x00, 0xff, 0xff,
    0xff, 0xff, 0x00, 0x00, 0x00, 0xff, 0xff, 0x00, 0x00, 0x00, 0x00, 0x00, 0x00, 0xff, 0xff, 0x00, 0x00, 0xff, 0xff, 0x00, 0x00, 0x00, 0x05, 0x00,
    0x00, 0x00, 0xff, 0xff, 0x00, 0x00, 0x00, 0x00, 0xff, 0xff, 0xff, 0xff, 0x00, 0x00, 0x80, 0x00, 0x05, 0x01, 0x00, 0x02, 0x14, 0x00, 0x00, 0x00,
    0x00, 0xff, 0xff, 0x00, 0x00, 0xff, 0xff, 0xff, 0xff, 0x02, 0xff, 0xff, 0x00, 0x00, 0x00, 0x00, 0x00, 0xff, 0xff, 0x00, 0x00, 0x01, 0x00, 0x00,
    0xff, 0xff, 0xff, 0xff, 0x00, 0xff, 0xff, 0xff, 0xff, 0x00, 0x00, 0x00, 0x00, 0xff, 0xff, 0xff, 0xff, 0x00, 0x03, 0x03, 0x00, 0x00, 0x00, 0xff,
    0xff, 0xff, 0xff, 0x00, 0x00, 0x00, 0x05, 0x00, 0x00, 0x80, 0x00, 0x05, 0x01, 0x00, 0x02, 0x14, 0x00, 0x00, 0x00, 0x00, 0xff, 0xff, 0x00, 0x00,
    0xff, 0xff, 0xff, 0xff, 0x02, 0xff, 0xff, 0x00, 0x00, 0x00, 0x00, 0x00, 0xff, 0xff, 0x00, 0x00, 0x00, 0x00, 0x00, 0xff, 0xff, 0xff, 0xff, 0x00,
    0x10, 0x00, 0xff, 0xff, 0x00, 0x00, 0x00, 0x00, 0xff, 0xff, 0xff, 0xff, 0x00, 0x00, 0x00, 0x00, 0x00, 0x00, 0xff, 0xff, 0xff, 0xff, 0x00, 0x00,
    0x00, 0x05, 0x00, 0x00, 0x65, 0x01, 0x10, 0x00, 0x00, 0x00, 0x00, 0x00, 0x00, 0x02, 0x0c, 0x00, 0x00, 0x00, 0xff, 0xff, 0x00, 0xff, 0xff, 0x01,
    0xff, 0xff, 0x00, 0x00, 0x00, 0x01, 0xff, 0xff, 0x00, 0x00, 0xff, 0xff, 0x01, 0x00, 0x10, 0x00, 0xff, 0xff, 0x00, 0x00, 0x00, 0xff, 0xff, 0x00,
    0x00, 0x00, 0x00, 0x00, 0x00, 0xff, 0xff, 0x00, 0x00, 0xff, 0xff, 0x00, 0x00, 0x00, 0x01, 0x00, 0x00, 0x00, 0xff, 0xff, 0x00, 0x00, 0x01, 0x00,
    0xff, 0xff, 0xff, 0xff, 0x19, 0x01, 0x01, 0x00, 0x00, 0x00, 0x33, 0x00, 0x00, 0x00, 0xff, 0xff, 0x00, 0xff, 0xff, 0x01, 0x00, 0x00, 0x29, 0x00,
    0x88, 0x02, 0x87, 0x03, 0x01, 0x01, 0x80, 0x00, 0x05, 0x01, 0x00, 0x01, 0x70, 0x05, 0x0a, 0x00, 0x71, 0x01, 0x00, 0x01, 0x70, 0x04, 0x0a, 0x00,
    0x71, 0x01, 0x00, 0x01, 0x61, 0x0e, 0x00, 0x42, 0x00, 0xff, 0xff, 0xff, 0xff, 0x03, 0x02, 0x00, 0x01, 0x00, 0x00, 0xff, 0xff, 0x24, 0x00, 0x12,
    0x00, 0xff, 0xff, 0xff, 0xff, 0x00, 0x01, 0xff, 0xff, 0x20, 0x00, 0xff, 0xff, 0x00, 0x00, 0x00, 0x00, 0x00, 0x00, 0x00, 0x1e, 0x00, 0xff, 0xff,
    0x00, 0x00, 0x00, 0xff, 0xff, 0x00, 0x00, 0x00, 0x00, 0x00, 0x01, 0x00, 0x00, 0x86, 0x01, 0x01, 0x60, 0x02, 0x14, 0x00, 0x00, 0x00, 0x00, 0xff,
    0xff, 0x00, 0x00, 0xff, 0xff, 0xff, 0xff, 0x00, 0xff, 0xff, 0x00, 0x00, 0x00, 0x00, 0x00, 0xff, 0xff, 0x00, 0x00, 0x01, 0x00, 0x00, 0xff, 0xff,
    0xff, 0xff, 0x00, 0x33, 0x00, 0xff, 0xff, 0x00, 0x00, 0x00, 0x00, 0xff, 0xff, 0xff, 0xff, 0x00, 0x00, 0x00, 0x00, 0x00, 0x00, 0xff, 0xff, 0xff,
    0xff, 0x00, 0x00, 0x00, 0x05, 0x00, 0x00, 0x0c, 0x00, 0x00, 0x00, 0xff, 0xff, 0x00, 0xff, 0xff, 0x00, 0xff, 0xff, 0x00, 0x00, 0x00, 0x02, 0xff,
    0xff, 0x00, 0x00, 0xff, 0xff, 0x00, 0x00, 0xff, 0xff, 0xff, 0xff, 0x00, 0x00, 0x00, 0xff, 0xff, 0x00, 0x00, 0x00, 0x00, 0x00, 0x00, 0xff, 0xff,
    0x00, 0x00, 0xff, 0xff, 0x00, 0x00, 0x00, 0x01, 0x00, 0x00, 0x00, 0xff, 0xff, 0x00, 0x00, 0x00, 0x00, 0xff, 0xff, 0xff, 0xff, 0x60, 0x02, 0x08,
    0x00, 0x00, 0xff, 0xff, 0x00, 0x00, 0x01, 0x00, 0x00, 0x00, 0xff, 0xff, 0x00, 0x00, 0x00, 0x00, 0x00, 0xff, 0xff, 0x00, 0x00, 0x00, 0x00, 0xff,
    0xff, 0x09, 0x00, 0x00, 0xff, 0xff, 0x14, 0x00, 0x00, 0x00, 0x00, 0xff, 0xff, 0x00, 0x00, 0xff, 0xff, 0xff, 0xff, 0x00, 0xff, 0xff, 0x00, 0x00,
    0x00, 0x00, 0x00, 0xff, 0xff, 0x00, 0x00, 0x01, 0x0b, 0x00, 0xff, 0xff, 0xff, 0xff, 0x00, 0xff, 0xff, 0xff, 0xff, 0x00, 0x00, 0x00, 0x00, 0xff,
    0xff, 0xff, 0xff, 0x00, 0x00, 0x00, 0x00, 0x00, 0x00, 0xff, 0xff, 0xff, 0xff, 0x00, 0x00, 0x00, 0x00, 0x00, 0x00, 0x61, 0x05, 0x00, 0x41, 0x01,
    0x01, 0x01, 0x00, 0x24, 0x00, 0x12, 0x00, 0xff, 0xff, 0xff, 0xff, 0x00, 0x01, 0xff, 0xff, 0x20, 0x00, 0xff, 0xff, 0x00, 0x00, 0x00, 0x00, 0x00,
    0x00, 0x00, 0x1e, 0x00, 0xff, 0xff, 0x00, 0x00, 0x00, 0xff, 0xff, 0x00, 0x00, 0x00, 0x00, 0x00, 0x01, 0x00, 0x00, 0x80, 0x00, 0x05, 0x01, 0x00,
    0x01, 0x60, 0x03, 0x20, 0xff, 0xff, 0xff, 0xff, 0x00, 0x00, 0x00, 0x02, 0xff, 0xff, 0x00, 0x00, 0x01, 0xff, 0xff, 0x00, 0x00, 0x00, 0xff, 0xff,
    0x00, 0x00, 0x00, 0x05, 0x00, 0x15, 0x00, 0x01, 0x00, 0x01, 0x00, 0x14, 0x00, 0x00, 0x00, 0x00, 0xff, 0xff, 0x00, 0x00, 0xff, 0xff, 0xff, 0xff,
    0x02, 0xff, 0xff, 0x00, 0x00, 0x00, 0x00, 0x00, 0xff, 0xff, 0x00, 0x00, 0x01, 0x00, 0x00, 0xff, 0xff, 0xff, 0xff, 0x00, 0xff, 0xff, 0xff, 0xff,
    0x00, 0x00, 0x00, 0x00, 0xff, 0xff, 0xff, 0xff, 0x00, 0x00, 0x00, 0x00, 0x00, 0x00, 0xff, 0xff, 0xff, 0xff, 0x00, 0x00, 0x00, 0x15, 0x00, 0x00,
    0x87, 0x03, 0x01, 0x01, 0x02, 0x00, 0x00, 0x00, 0x04, 0x00, 0x01, 0x00, 0x00, 0x00, 0x01, 0xff, 0xff, 0xff, 0xff, 0x00, 0xff, 0xff, 0x00, 0x00,
    0x00, 0x01, 0x02, 0x00, 0x00, 0x00, 0xff, 0xff, 0x00, 0xff, 0xff, 0x00, 0x00, 0x01, 0x00, 0x03, 0x00, 0x01, 0x61, 0x03, 0x00, 0x45, 0x00, 0x00,
    0x0e, 0x00, 0x1d, 0x01, 0x01, 0x00, 0x00, 0x00, 0xff, 0xff, 0xff, 0xff, 0x34, 0x00, 0x00, 0x00, 0x00, 0x00, 0x61, 0x05, 0x00, 0x41, 0x01, 0x01,
    0x01, 0x00, 0x26, 0x00, 0x02, 0x00, 0x00, 0x00, 0x00, 0x00, 0x01, 0x00, 0x00, 0x00, 0x01, 0xff, 0xff, 0xff, 0xff, 0x00, 0xff, 0xff, 0x00, 0x00,
    0x00, 0x00, 0xff, 0xff, 0x00, 0x00, 0xff, 0xff, 0x00, 0xff, 0xff, 0x00, 0x00, 0x00, 0x00, 0x03, 0x00, 0x00, 0x00, 0x00, 0x85, 0x01, 0x02, 0x00,
    0x00, 0x00, 0x00, 0x00, 0x03, 0x00, 0x00, 0x00, 0x02, 0xff, 0xff, 0xff, 0xff, 0x00, 0xff, 0xff, 0x00, 0x00, 0x00, 0x00, 0xff, 0xff, 0x00, 0x00,
    0xff, 0xff, 0x00, 0xff, 0xff, 0x00, 0x00, 0x00, 0x00, 0x07, 0x00, 0x00, 0x88, 0x02, 0x87, 0x03, 0x01, 0x01, 0x80, 0x00, 0x05, 0x01, 0x00, 0x01,
    0x70, 0x05, 0x0a, 0x00, 0x71, 0x01, 0x00, 0x01, 0x60, 0x02, 0x12, 0x00, 0xff, 0xff, 0xff, 0xff, 0x00, 0x00, 0xff, 0xff, 0xff, 0xff, 0xff, 0xff,
    0x00, 0x00, 0x00, 0x00, 0x00, 0x00, 0x00, 0x1e, 0x00, 0xff, 0xff, 0x00, 0x00, 0x00, 0xff, 0xff, 0x00, 0x00, 0x00, 0x00, 0x00, 0x01, 0x12, 0x00,
    0xff, 0xff, 0xff, 0xff, 0x00, 0x00, 0xff, 0xff, 0xff, 0xff, 0xff, 0xff, 0x00, 0x00, 0x00, 0x00, 0x00, 0x00, 0x00, 0x35, 0x00, 0xff, 0xff, 0x00,
    0x00, 0x00, 0xff, 0xff, 0x00, 0x00, 0x00, 0x00, 0x00, 0x01, 0x65, 0x01, 0xff, 0xff, 0x00, 0x00, 0x00, 0x00, 0x00, 0x02, 0x14, 0x00, 0x00, 0x00,
    0x00, 0xff, 0xff, 0x00, 0x00, 0xff, 0xff, 0xff, 0xff, 0x02, 0xff, 0xff, 0x00, 0x00, 0x00, 0x00, 0x00, 0xff, 0xff, 0x00, 0x00, 0x01, 0x00, 0x00,
    0xff, 0xff, 0xff, 0xff, 0x00, 0xff, 0xff, 0xff, 0xff, 0x00, 0x00, 0x00, 0x00, 0xff, 0xff, 0xff, 0xff, 0x00, 0x00, 0x00, 0x00, 0x00, 0x00, 0xff,
    0xff, 0xff, 0xff, 0x00, 0x00, 0x00, 0x05, 0x00, 0x00, 0x14, 0x00, 0x00, 0x00, 0x00, 0xff, 0xff, 0x00, 0x00, 0xff, 0xff, 0xff, 0xff, 0x02, 0xff,
    0xff, 0x00, 0x00, 0x00, 0x00, 0x00, 0xff, 0xff, 0x00, 0x00, 0x02, 0x00, 0x00, 0xff, 0xff, 0xff, 0xff, 0x00, 0xff, 0xff, 0x36, 0x00, 0x00, 0x00,
    0x00, 0x00, 0xff, 0xff, 0xff, 0xff, 0x00, 0x00, 0x00, 0x00, 0x00, 0x00, 0xff, 0xff, 0xff, 0xff, 0x00, 0x00, 0x00, 0x05, 0x00, 0x00, 0x80, 0x0a,
    0x05, 0x01, 0x00, 0x03, 0x19, 0x01, 0x00, 0x00, 0x00, 0x01, 0xff, 0xff, 0x00, 0x00, 0x06, 0x00, 0x00, 0xff, 0xff, 0x00, 0x00, 0x00, 0xff, 0xff,
    0x80, 0x00, 0x05, 0x01, 0x00, 0x01, 0x70, 0x05, 0x0a, 0x00, 0x71, 0x03, 0x00, 0x01, 0x88, 0x02, 0x87, 0x03, 0x01, 0x01, 0x80, 0x00, 0x05, 0x01,
    0x00, 0x01, 0x70, 0x05, 0x0a, 0x00, 0x71, 0x01, 0x00, 0x01, 0x60, 0x02, 0x64, 0x1c, 0x04, 0x01, 0x19, 0x01, 0x00, 0x00, 0x00, 0x01, 0xff, 0xff,
    0x00, 0x00, 0x37, 0x00, 0x00, 0xff, 0xff, 0x00, 0x02, 0x02, 0xff, 0xff, 0x0c, 0x00, 0x00, 0x00, 0xff, 0xff, 0x00, 0xff, 0xff, 0x00, 0xff, 0xff,
    0x00, 0x00, 0x00, 0x03, 0xff, 0xff, 0xff, 0xff, 0xff, 0xff, 0x00, 0x00, 0xff, 0xff, 0xff, 0xff, 0x00, 0x00, 0x00, 0xff, 0xff, 0x00, 0x00, 0x00,
    0x00, 0x00, 0x00, 0xff, 0xff, 0x00, 0x00, 0xff, 0xff, 0x00, 0x00, 0x00, 0x05, 0x00, 0x00, 0x00, 0xff, 0xff, 0x00, 0x00, 0x00, 0x00, 0xff, 0xff,
    0xff, 0xff, 0x0c, 0x00, 0x02, 0x00, 0xff, 0xff, 0x00, 0xff, 0xff, 0x00, 0xff, 0xff, 0x00, 0x00, 0x00, 0x03, 0xff, 0xff, 0xff, 0xff, 0xff, 0xff,
    0x00, 0x00, 0xff, 0xff, 0xff, 0xff, 0x00, 0x00, 0x00, 0xff, 0xff, 0x00, 0x00, 0x00, 0x00, 0x00, 0x00, 0xff, 0xff, 0x00, 0x00, 0xff, 0xff, 0x00,
    0x02, 0x00, 0x05, 0x00, 0x00, 0x00, 0xff, 0xff, 0x00, 0x00, 0x00, 0x00, 0xff, 0xff, 0xff, 0xff, 0x0c, 0x00, 0x00, 0x00, 0xff, 0xff, 0x00, 0xff,
    0xff, 0x00, 0xff, 0xff, 0x00, 0x00, 0x00, 0x03, 0xff, 0xff, 0xff, 0xff, 0xff, 0xff, 0x00, 0x00, 0xff, 0xff, 0xff, 0xff, 0x00, 0x00, 0x00, 0xff,
    0xff, 0x00, 0x00, 0x00, 0x00, 0x00, 0x00, 0xff, 0xff, 0x00, 0x00, 0xff, 0xff, 0x00, 0x00, 0x00, 0x05, 0x00, 0x00, 0x00, 0xff, 0xff, 0x00, 0x00,
    0x00, 0x00, 0xff, 0xff, 0xff, 0xff, 0x0c, 0x00, 0x00, 0x00, 0xff, 0xff, 0x00, 0xff, 0xff, 0x00, 0xff, 0xff, 0x00, 0x04, 0x03, 0x02, 0xff, 0xff,
    0xff, 0xff, 0x32, 0x00, 0x00, 0x00, 0xff, 0xff, 0xff, 0xff, 0x00, 0x00, 0x00, 0xff, 0xff, 0x01, 0x00, 0x00, 0x00, 0x00, 0x00, 0xff, 0xff, 0x01,
    0x01, 0xff, 0xff, 0x00, 0x00, 0x00, 0x01, 0x00, 0x00, 0x00, 0xff, 0xff, 0x00, 0x00, 0x00, 0x00, 0xff, 0xff, 0xff, 0xff, 0x80, 0x00, 0x05, 0x01,
    0x00, 0x01, 0x64, 0x80, 0x00, 0x05, 0x01, 0x00, 0x02, 0x0c, 0x00, 0x00, 0x00, 0xff, 0xff, 0x00, 0xff, 0xff, 0x00, 0xff, 0xff, 0x00, 0x00, 0x00,
    0x02, 0xff, 0xff, 0x00, 0x00, 0xff, 0xff, 0x00, 0x00, 0xff, 0xff, 0xff, 0xff, 0x00, 0x00, 0x00, 0xff, 0xff, 0x00, 0x00, 0x00, 0x00, 0x00, 0x00,
    0xff, 0xff, 0x00, 0x00, 0xff, 0xff, 0x00, 0x00, 0x00, 0x05, 0x00, 0x00, 0x00, 0xff, 0xff, 0x00, 0x00, 0x00, 0x00, 0xff, 0xff, 0xff, 0xff, 0x80,
    0x00, 0x05, 0x01, 0x00, 0x02, 0x14, 0x00, 0x00, 0x00, 0x00, 0xff, 0xff, 0x00, 0x00, 0xff, 0xff, 0xff, 0xff, 0x02, 0xff, 0xff, 0x00, 0x00, 0x00,
    0x00, 0x00, 0xff, 0xff, 0x00, 0x00, 0x01, 0x00, 0x00, 0xff, 0xff, 0xff, 0xff, 0x00, 0x38, 0x00, 0xff, 0xff, 0x00, 0x00, 0x00, 0x00, 0xff, 0xff,
    0xff, 0xff, 0x00, 0x00, 0x00, 0x00, 0x00, 0x00, 0xff, 0xff, 0xff, 0xff, 0x00, 0x00, 0x00, 0x05, 0x00, 0x00, 0x61, 0x05, 0x00, 0x43, 0x38, 0x00,
    0x00, 0x00, 0x3e, 0x00, 0x0c, 0x00, 0x00, 0x00, 0xff, 0xff, 0x00, 0xff, 0xff, 0x00, 0xff, 0xff, 0x01, 0x00, 0x00, 0x02, 0xff, 0xff, 0x20, 0x00,
    0xff, 0xff, 0x00, 0x00, 0xff, 0xff, 0xff, 0xff, 0x00, 0x00, 0x00, 0xff, 0xff, 0x00, 0x00, 0x00, 0x00, 0x00, 0x00, 0xff, 0xff, 0x00, 0x00, 0xff,
    0xff, 0x00, 0x00, 0x00, 0x01, 0x00, 0x00, 0x00, 0xff, 0xff, 0x00, 0x00, 0x00, 0x00, 0xff, 0xff, 0xff, 0xff, 0x00, 0x00, 0x88, 0x02, 0x87, 0x03,
    0x01, 0x01, 0x80, 0x00, 0x05, 0x01, 0x00, 0x01, 0x70, 0x05, 0x0a, 0x00, 0x71, 0x01, 0x00, 0x01, 0x14, 0x00, 0x00, 0x00, 0x00, 0xff, 0xff, 0x00,
    0x00, 0xff, 0xff, 0xff, 0xff, 0x00, 0xff, 0xff, 0x00, 0x00, 0x00, 0x00, 0x00, 0xff, 0xff, 0x00, 0x00, 0x05, 0x05, 0x00, 0xff, 0xff, 0xff, 0xff,
    0x00, 0xff, 0xff, 0xff, 0xff, 0x00, 0x00, 0x00, 0x00, 0xff, 0xff, 0xff, 0xff, 0x00, 0x00, 0x00, 0x00, 0x00, 0x00, 0xff, 0xff, 0xff, 0xff, 0x00,
    0x00, 0x00, 0x0a, 0x00, 0x00, 0x61, 0x05, 0x00, 0x44, 0x00, 0x01, 0x00, 0x00, 0x3e, 0x00, 0x0c, 0x00, 0x00, 0x00, 0xff, 0xff, 0x00, 0xff, 0xff,
    0x00, 0xff, 0xff, 0x00, 0x00, 0x00, 0x01, 0xff, 0xff, 0x00, 0x00, 0xff, 0xff, 0x00, 0x00, 0xff, 0xff, 0xff, 0xff, 0x00, 0x00, 0x00, 0xff, 0xff,
    0x00, 0x00, 0x00, 0x00, 0x00, 0x00, 0x39, 0x00, 0x00, 0x00, 0xff, 0xff, 0x00, 0x00, 0x00, 0x05, 0x00, 0x00, 0x00, 0xff, 0xff, 0x00, 0x00, 0x00,
    0x00, 0xff, 0xff, 0xff, 0xff, 0x00, 0x00, 0x61, 0x08, 0x00, 0x40, 0x00, 0x03, 0x01, 0x01, 0xff, 0xff, 0x00, 0x26, 0x00, 0x02, 0x00, 0x00, 0x00,
    0x00, 0x00, 0x01, 0x00, 0x00, 0x00, 0x01, 0xff, 0xff, 0xff, 0xff, 0x00, 0xff, 0xff, 0x00, 0x00, 0x01, 0x00, 0xff, 0xff, 0x00, 0x00, 0xff, 0xff,
    0x00, 0xff, 0xff, 0x00, 0x00, 0x00, 0x00, 0x07, 0x00, 0x00, 0x00, 0x00, 0x61, 0x05, 0x00, 0x44, 0x00, 0x00, 0x00, 0x00, 0x3d, 0x00, 0x14, 0x00,
    0x00, 0x00, 0x00, 0xff, 0xff, 0x00, 0x01, 0xff, 0xff, 0xff, 0xff, 0x01, 0xff, 0xff, 0x04, 0x00, 0x00, 0x05, 0x00, 0xff, 0xff, 0x00, 0x00, 0x01,
    0x01, 0x00, 0xff, 0xff, 0xff, 0xff, 0x00, 0xff, 0xff, 0xff, 0xff, 0x00, 0x00, 0x00, 0x00, 0xff, 0xff, 0xff, 0xff, 0x00, 0x00, 0x00, 0x00, 0x01,
    0x00, 0xff, 0xff, 0xff, 0xff, 0x00, 0x00, 0x00, 0x00, 0x00, 0x00, 0x00, 0x00, 0x14, 0x00, 0x00, 0x00, 0x00, 0xff, 0xff, 0x00, 0x00, 0xff, 0xff,
    0xff, 0xff, 0x02, 0xff, 0xff, 0x00, 0x00, 0x00, 0x00, 0x00, 0xff, 0xff, 0x00, 0x00, 0x01, 0x00, 0x00, 0xff, 0xff, 0xff, 0xff, 0x00, 0xff, 0xff,
    0xff, 0xff, 0x00, 0x00, 0x00, 0x00, 0xff, 0xff, 0xff, 0xff, 0x00, 0x00, 0x00, 0x00, 0x00, 0x00, 0xff, 0xff, 0xff, 0xff, 0x00, 0x00, 0x00, 0x05,
    0x00, 0x00, 0x86, 0x02, 0x01, 0x0c, 0x00, 0x00, 0x00, 0xff, 0xff, 0x00, 0xff, 0xff, 0x00, 0xff, 0xff, 0x00, 0x00, 0x00, 0x02, 0xff, 0xff, 0x00,
    0x00, 0xff, 0xff, 0x00, 0x00, 0xff, 0xff, 0xff, 0xff, 0x00, 0x00, 0x00, 0xff, 0xff, 0x00, 0x00, 0x00, 0x00, 0x00, 0x00, 0xff, 0xff, 0x00, 0x00,
    0xff, 0xff, 0x00, 0x00, 0x00, 0x01, 0x00, 0x00, 0x00, 0xff, 0xff, 0x00, 0x00, 0x00, 0x00, 0xff, 0xff, 0xff, 0xff, 0x61, 0x05, 0x00, 0x41, 0x01,
    0x01, 0x00, 0x00, 0x7e, 0x00, 0x60, 0x02, 0x0c, 0x00, 0x00, 0x00, 0xff, 0xff, 0x00, 0xff, 0xff, 0x00, 0xff, 0xff, 0x00, 0x00, 0x00, 0x01, 0xff,
    0xff, 0x20, 0x00, 0xff, 0xff, 0x00, 0x00, 0xff, 0xff, 0xff, 0xff, 0x00, 0x00, 0x00, 0xff, 0xff, 0x00, 0x00, 0x00, 0x00, 0x00, 0x00, 0xff, 0xff,
    0x00, 0x00, 0xff, 0xff, 0x00, 0x00, 0x00, 0x01, 0x00, 0x00, 0x00, 0xff, 0xff, 0x00, 0x00, 0x00, 0x00, 0xff, 0xff, 0xff, 0xff, 0x0c, 0x00, 0x00,
    0x00, 0xff, 0xff, 0x00, 0xff, 0xff, 0x00, 0xff, 0xff, 0x00, 0x00, 0x00, 0x01, 0xff, 0xff, 0x20, 0x00, 0xff, 0xff, 0x00, 0x00, 0xff, 0xff, 0xff,
    0xff, 0x00, 0x00, 0x00, 0xff, 0xff, 0x00, 0x00, 0x00, 0x00, 0x00, 0x00, 0xff, 0xff, 0x00, 0x00, 0xff, 0xff, 0x00, 0x00, 0x00, 0x05, 0x00, 0x00,
    0x00, 0xff, 0xff, 0x00, 0x00, 0x00, 0x00, 0xff, 0xff, 0xff, 0xff, 0x00, 0x00, 0x61, 0x08, 0x00, 0x40, 0x00, 0x03, 0x04, 0x00, 0xff, 0xff, 0x02,
    0x3e, 0x00, 0x0c, 0x00, 0x00, 0x00, 0xff, 0xff, 0x00, 0xff, 0xff, 0x00, 0xff, 0xff, 0x01, 0x00, 0x00, 0x02, 0xff, 0xff, 0x20, 0x00, 0xff, 0xff,
    0x00, 0x00, 0xff, 0xff, 0xff, 0xff, 0x00, 0x00, 0x00, 0xff, 0xff, 0x00, 0x00, 0x00, 0x00, 0x00, 0x00, 0xff, 0xff, 0x00, 0x00, 0xff, 0xff, 0x00,
    0x00, 0x00, 0x01, 0x00, 0x00, 0x00, 0xff, 0xff, 0x00, 0x00, 0x00, 0x00, 0xff, 0xff, 0xff, 0xff, 0x00, 0x00, 0x61, 0x08, 0x00, 0x40, 0x14, 0x03,
    0x03, 0x01, 0xff, 0xff, 0x00, 0x3e, 0x00, 0x0c, 0x00, 0x00, 0x00, 0xff, 0xff, 0x00, 0xff, 0xff, 0x00, 0xff, 0xff, 0x00, 0x00, 0x00, 0x02, 0xff,
    0xff, 0x00, 0x00, 0xff, 0xff, 0x00, 0x00, 0xff, 0xff, 0x2a, 0x00, 0x00, 0x00, 0x00, 0xff, 0xff, 0x00, 0x00, 0x00, 0x00, 0x00, 0x00, 0xff, 0xff,
    0x00, 0x00, 0xff, 0xff, 0x00, 0x00, 0x00, 0x05, 0x00, 0x00, 0x00, 0xff, 0xff, 0x00, 0x00, 0x00, 0x00, 0xff, 0xff, 0xff, 0xff, 0x00, 0x00, 0x80,
    0x00, 0x05, 0x01, 0x00, 0x02, 0x09, 0x05, 0x00, 0x09, 0x00, 0x05, 0x80, 0x00, 0x05, 0x01, 0x00, 0x02, 0x14, 0x00, 0x00, 0x00, 0x00, 0xff, 0xff,
    0x00, 0x00, 0xff, 0xff, 0xff, 0xff, 0x01, 0xff, 0xff, 0x00, 0x00, 0x00, 0x00, 0x00, 0xff, 0xff, 0x00, 0x00, 0x01, 0x00, 0x00, 0xff, 0xff, 0xff,
    0xff, 0x00, 0x04, 0x00, 0xff, 0xff, 0x00, 0x00, 0x00, 0x00, 0xff, 0xff, 0xff, 0xff, 0x00, 0x00, 0x00, 0x00, 0x00, 0x00, 0xff, 0xff, 0xff, 0xff,
    0x00, 0x00, 0x00, 0x05, 0x00, 0x00, 0x14, 0x00, 0x00, 0x00, 0x00, 0xff, 0xff, 0x00, 0x00, 0xff, 0xff, 0xff, 0xff, 0x00, 0xff, 0xff, 0x00, 0x00,
    0x00, 0x00, 0x00, 0xff, 0xff, 0x00, 0x00, 0x05, 0x05, 0x00, 0xff, 0xff, 0xff, 0xff, 0x00, 0xff, 0xff, 0xff, 0xff, 0x00, 0x00, 0x00, 0x00, 0xff,
    0xff, 0xff, 0xff, 0x00, 0x00, 0x00, 0x00, 0x00, 0x00, 0xff, 0xff, 0xff, 0xff, 0x00, 0x00, 0x00, 0x0a, 0x00, 0x00, 0x60, 0x02, 0x14, 0x00, 0x00,
    0x00, 0x00, 0xff, 0xff, 0x00, 0x00, 0xff, 0xff, 0xff, 0xff, 0x00, 0xff, 0xff, 0x00, 0x00, 0x00, 0x00, 0x00, 0xff, 0xff, 0x00, 0x00, 0x03, 0x05,
    0x00, 0xff, 0xff, 0xff, 0xff, 0x00, 0xff, 0xff, 0xff, 0xff, 0x00, 0x00, 0x00, 0x00, 0xff, 0xff, 0xff, 0xff, 0x00, 0x00, 0x00, 0x00, 0x00, 0x00,
    0xff, 0xff, 0xff, 0xff, 0x00, 0x00, 0x00, 0x0a, 0x00, 0x00, 0x0c, 0x00, 0x00, 0x00, 0xff, 0xff, 0x00, 0xff, 0xff, 0x00, 0xff, 0xff, 0x00, 0x00,
    0x00, 0x01, 0xff, 0xff, 0x00, 0x00, 0xff, 0xff, 0x00, 0x01, 0xff, 0xff, 0xff, 0xff, 0x00, 0x00, 0x00, 0xff, 0xff, 0x00, 0x00, 0x00, 0x00, 0x00,
    0x00, 0xff, 0xff, 0x00, 0x00, 0xff, 0xff, 0x00, 0x00, 0x00, 0x05, 0x00, 0x00, 0x00, 0xff, 0xff, 0x00, 0x00, 0x00, 0x00, 0xff, 0xff, 0xff, 0xff,
    0x86, 0x01, 0x01, 0x14, 0x00, 0x00, 0x00, 0x00, 0xff, 0xff, 0x00, 0x00, 0xff, 0xff, 0xff, 0xff, 0x01, 0xff, 0xff, 0x00, 0x00, 0x00, 0x00, 0x00,
    0xff, 0xff, 0x00, 0x00, 0x02, 0x0a, 0x00, 0xff, 0xff, 0xff, 0xff, 0x00, 0xff, 0xff, 0xff, 0xff, 0x00, 0x00, 0x00, 0x00, 0xff, 0xff, 0xff, 0xff,
    0x00, 0x00, 0x00, 0x00, 0x00, 0x00, 0xff, 0xff, 0x21, 0x00, 0x00, 0x00, 0x00, 0x05, 0x00, 0x00, 0x60, 0x02, 0x14, 0x00, 0x00, 0x00, 0x00, 0xff,
    0xff, 0x00, 0x00, 0xff, 0xff, 0xff, 0xff, 0x00, 0xff, 0xff, 0x00, 0x00, 0x00, 0x00, 0x00, 0xff, 0xff, 0x00, 0x00, 0x03, 0x05, 0x00, 0xff, 0xff,
    0xff, 0xff, 0x00, 0xff, 0xff, 0xff, 0xff, 0x00, 0x00, 0x00, 0x00, 0xff, 0xff, 0xff, 0xff, 0x00, 0x00, 0x00, 0x00, 0x00, 0x00, 0xff, 0xff, 0xff,
    0xff, 0x00, 0x00, 0x00, 0x0a, 0x00, 0x00, 0x0c, 0x00, 0x00, 0x00, 0xff, 0xff, 0x00, 0xff, 0xff, 0x00, 0xff, 0xff, 0x00, 0x00, 0x00, 0x01, 0xff,
    0xff, 0x00, 0x00, 0xff, 0xff, 0x00, 0x01, 0xff, 0xff, 0xff, 0xff, 0x00, 0x00, 0x00, 0xff, 0xff, 0x00, 0x00, 0x00, 0x00, 0x00, 0x00, 0xff, 0xff,
    0x00, 0x00, 0xff, 0xff, 0x00, 0x00, 0x00, 0x05, 0x00, 0x00, 0x00, 0xff, 0xff, 0x00, 0x00, 0x00, 0x00, 0xff, 0xff, 0xff, 0xff, 0x86, 0x01, 0x01,
    0x0c, 0x00, 0x00, 0x00, 0xff, 0xff, 0x00, 0xff, 0xff, 0x00, 0xff, 0xff, 0x00, 0x00, 0x00, 0x01, 0xff, 0xff, 0x00, 0x00, 0xff, 0xff, 0x00, 0x00,
    0xff, 0xff, 0xff, 0xff, 0x00, 0x00, 0x00, 0xff, 0xff, 0x00, 0x00, 0x00, 0x00, 0x00, 0x00, 0xff, 0xff, 0x00, 0x00, 0xff, 0xff, 0x00, 0x00, 0x00,
    0x01, 0x00, 0x00, 0x00, 0xff, 0xff, 0x00, 0x00, 0x00, 0x00, 0xff, 0xff, 0xff, 0xff, 0x61, 0x05, 0x00, 0x43, 0x04, 0x00, 0x00, 0x00, 0x26, 0x00,
    0x02, 0x00, 0x00, 0x00, 0x00, 0x00, 0x03, 0x00, 0x00, 0x00, 0x01, 0xff, 0xff, 0xff, 0xff, 0x00, 0xff, 0xff, 0x00, 0x00, 0x00, 0x00, 0xff, 0xff,
    0x00, 0x00, 0xff, 0xff, 0x00, 0xff, 0xff, 0x00, 0x00, 0x00, 0x00, 0x07, 0x00, 0x00, 0x00, 0x00, 0x80, 0x00, 0x05, 0x01, 0x00, 0x01, 0x0c, 0x00,
    0x00, 0x00, 0xff, 0xff, 0x00, 0xff, 0xff, 0x00, 0xff, 0xff, 0x00, 0x00, 0x00, 0x01, 0xff, 0xff, 0x00, 0x00, 0xff, 0xff, 0x00, 0x00, 0xff, 0xff,
    0xff, 0xff, 0x00, 0x00, 0x00, 0xff, 0xff, 0x00, 0x00, 0x00, 0x00, 0x00, 0x00, 0xff, 0xff, 0x00, 0x00, 0xff, 0xff, 0x00, 0x00, 0x00, 0x01, 0x00,
    0x00, 0x00, 0xff, 0xff, 0x00, 0x00, 0x00, 0x00, 0xff, 0xff, 0xff, 0xff, 0x80, 0x00, 0x05, 0x01, 0x00, 0x01, 0x14, 0x00, 0x00, 0x00, 0x00, 0xff,
    0xff, 0x00, 0x00, 0xff, 0xff, 0xff, 0xff, 0x01, 0xff, 0xff, 0x00, 0x00, 0x00, 0x04, 0x00, 0x1d, 0x00, 0x00, 0x00, 0x01, 0x00, 0x00, 0xff, 0xff,
    0xff, 0xff, 0x00, 0xff, 0xff, 0xff, 0xff, 0x00, 0x00, 0x00, 0x00, 0xff, 0xff, 0xff, 0xff, 0x00, 0x00, 0x00, 0x00, 0x00, 0x00, 0xff, 0xff, 0xff,
    0xff, 0x00, 0x00, 0x00, 0x05, 0x00, 0x00, 0x80, 0x00, 0x05, 0x01, 0x00, 0x01, 0x60, 0x02, 0x14, 0x00, 0x00, 0x00, 0x00, 0xff, 0xff, 0x00, 0x00,
    0xff, 0xff, 0xff, 0xff, 0x00, 0xff, 0xff, 0x00, 0x00, 0x00, 0x00, 0x00, 0xff, 0xff, 0x00, 0x00, 0x02, 0x05, 0x00, 0xff, 0xff, 0xff, 0xff, 0x00,
    0xff, 0xff, 0xff, 0xff, 0x00, 0x00, 0x00, 0x00, 0xff, 0xff, 0xff, 0xff, 0x00, 0x00, 0x00, 0x00, 0x00, 0x00, 0xff, 0xff, 0xff, 0xff, 0x00, 0x00,
    0x00, 0x0a, 0x00, 0x00, 0x14, 0x00, 0x00, 0x00, 0x00, 0xff, 0xff, 0x00, 0x00, 0xff, 0xff, 0xff, 0xff, 0x01, 0xff, 0xff, 0x00, 0x00, 0x00, 0x00,
    0x00, 0xff, 0xff, 0x00, 0x00, 0x01, 0x00, 0x00, 0xff, 0xff, 0xff, 0xff, 0x00, 0xff, 0xff, 0xff, 0xff, 0x00, 0x00, 0x00, 0x00, 0xff, 0xff, 0xff,
    0xff, 0x00, 0x00, 0x00, 0x00, 0x00, 0x00, 0xff, 0xff, 0xff, 0xff, 0x00, 0x00, 0x00, 0x05, 0x00, 0x00, 0x80, 0x00, 0x05, 0x01, 0x00, 0x01, 0x60,
    0x03, 0x1f, 0x01, 0x0a, 0x00, 0x14, 0x00, 0x00, 0x01, 0x00, 0xff, 0xff, 0x00, 0x00, 0xff, 0xff, 0xff, 0xff, 0x02, 0xff, 0xff, 0x00, 0x00, 0x00,
    0x00, 0x00, 0xff, 0xff, 0x00, 0x00, 0x01, 0x00, 0x00, 0xff, 0xff, 0xff, 0xff, 0x01, 0xff, 0xff, 0xff, 0xff, 0x00, 0x00, 0x00, 0x00, 0xff, 0xff,
    0xff, 0xff, 0x00, 0x00, 0x00, 0x00, 0x00, 0x00, 0xff, 0xff, 0xff, 0xff, 0x00, 0x00, 0x00, 0x13, 0x00, 0x00, 0x14, 0x00, 0x00, 0x01, 0x00, 0xff,
    0xff, 0x00, 0x00, 0xff, 0xff, 0xff, 0xff, 0x00, 0xff, 0xff, 0x00, 0x00, 0x00, 0x00, 0x00, 0xff, 0xff, 0x00, 0x00, 0x00, 0x05, 0x00, 0xff, 0xff,
    0xff, 0xff, 0x01, 0xff, 0xff, 0xff, 0xff, 0x00, 0x00, 0x00, 0x00, 0xff, 0xff, 0xff, 0xff, 0x00, 0x00, 0x00, 0x00, 0x00, 0x00, 0xff, 0xff, 0xff,
    0xff, 0x00, 0x00, 0x00, 0x00, 0x00, 0x00, 0x61, 0x05, 0x00, 0x41, 0x01, 0x01, 0x01, 0x00, 0x0e, 0x00, 0x1d, 0x00, 0x01, 0x00, 0x00, 0x00, 0xff,
    0xff, 0xff, 0xff, 0x3a, 0x00, 0x00, 0x00, 0x00, 0x00, 0x80, 0x00, 0x05, 0x01, 0x00, 0x01, 0x70, 0x05, 0x0a, 0x00, 0x71, 0x01, 0x00, 0x01, 0x60,
    0x02, 0x08, 0x00, 0x00, 0xff, 0xff, 0x00, 0x00, 0x01, 0x00, 0x00, 0x00, 0xff, 0xff, 0x00, 0x00, 0x00, 0x00, 0x00, 0xff, 0xff, 0x00, 0x00, 0x00,
    0x00, 0xff, 0xff, 0x09, 0x00, 0x00, 0xff, 0xff, 0x08, 0x00, 0x00, 0xff, 0xff, 0x00, 0x00, 0x01, 0x00, 0x00, 0x00, 0xff, 0xff, 0x00, 0x00, 0x00,
    0x00, 0x00, 0xff, 0xff, 0x00, 0x00, 0x00, 0x00, 0xff, 0xff, 0x09, 0x00, 0x00, 0xff, 0xff, 0x86, 0x01, 0x00, 0x60, 0x02, 0x08, 0x00, 0x00, 0xff,
    0xff, 0x00, 0x00, 0x01, 0x00, 0x00, 0x00, 0xff, 0xff, 0x00, 0x00, 0x00, 0x00, 0x00, 0xff, 0xff, 0x00, 0x00, 0x00, 0x00, 0xff, 0xff, 0x09, 0x00,
    0x00, 0xff, 0xff, 0x14, 0x00, 0x00, 0x00, 0x00, 0xff, 0xff, 0x00, 0x00, 0xff, 0xff, 0xff, 0xff, 0x00, 0xff, 0xff, 0x00, 0x00, 0x00, 0x00, 0x00,
    0xff, 0xff, 0x00, 0x00, 0x01, 0x05, 0x00, 0xff, 0xff, 0xff, 0xff, 0x00, 0xff, 0xff, 0xff, 0xff, 0x00, 0x00, 0x00, 0x00, 0xff, 0xff, 0xff, 0xff,
    0x00, 0x00, 0x00, 0x00, 0x00, 0x00, 0xff, 0xff, 0xff, 0xff, 0x00, 0x00, 0x00, 0x00, 0x00, 0x00, 0x88, 0x02, 0x86, 0x02, 0x00, 0x80, 0x00, 0x05,
    0x01, 0x00, 0x01, 0x70, 0x05, 0x0a, 0x00, 0x71, 0x01, 0x00, 0x01, 0x60, 0x04, 0x0c, 0x00, 0x00, 0x00, 0xff, 0xff, 0x00, 0xff, 0xff, 0x01, 0x3b,
    0x00, 0x00, 0x00, 0x00, 0x01, 0xff, 0xff, 0x00, 0x00, 0xff, 0xff, 0x00, 0x00, 0xff, 0xff, 0xff, 0xff, 0x00, 0x00, 0x00, 0xff, 0xff, 0x00, 0x00,
    0x00, 0x00, 0x00, 0x00, 0xff, 0xff, 0x00, 0x00, 0xff, 0xff, 0x00, 0x00, 0x00, 0x01, 0x00, 0x00, 0x00, 0xff, 0xff, 0x00, 0x00, 0x01, 0x00, 0xff,
    0xff, 0xff, 0xff, 0x0c, 0x00, 0x00, 0x00, 0xff, 0xff, 0x00, 0xff, 0xff, 0x01, 0x3b, 0x00, 0x00, 0x00, 0x00, 0x01, 0xff, 0xff, 0x00, 0x00, 0xff,
    0xff, 0x00, 0x00, 0xff, 0xff, 0xff, 0xff, 0x00, 0x00, 0x00, 0xff, 0xff, 0x00, 0x00, 0x00, 0x00, 0x00, 0x00, 0xff, 0xff, 0x00, 0x00, 0xff, 0xff,
    0x00, 0x00, 0x00, 0x05, 0x00, 0x00, 0x00, 0xff, 0xff, 0x00, 0x00, 0x01, 0x00, 0xff, 0xff, 0xff, 0xff, 0x0c, 0x00, 0x00, 0x00, 0xff, 0xff, 0x00,
    0xff, 0xff, 0x01, 0x3c, 0x00, 0x00, 0x00, 0x00, 0x01, 0xff, 0xff, 0x00, 0x00, 0xff, 0xff, 0x00, 0x00, 0xff, 0xff, 0xff, 0xff, 0x00, 0x00, 0x00,
    0xff, 0xff, 0x00, 0x00, 0x00, 0x00, 0x00, 0x00, 0xff, 0xff, 0x00, 0x00, 0xff, 0xff, 0x00, 0x00, 0x00, 0x01, 0x00, 0x00, 0x00, 0xff, 0xff, 0x00,
    0x00, 0x01, 0x00, 0xff, 0xff, 0xff, 0xff, 0x0c, 0x00, 0x00, 0x00, 0xff, 0xff, 0x00, 0xff, 0xff, 0x01, 0x3c, 0x00, 0x00, 0x00, 0x00, 0x01, 0xff,
    0xff, 0x00, 0x00, 0xff, 0xff, 0x00, 0x00, 0xff, 0xff, 0xff, 0xff, 0x00, 0x00, 0x00, 0xff, 0xff, 0x00, 0x00, 0x00, 0x00, 0x00, 0x00, 0xff, 0xff,
    0x00, 0x00, 0xff, 0xff, 0x00, 0x00, 0x00, 0x05, 0x00, 0x00, 0x00, 0xff, 0xff, 0x00, 0x00, 0x01, 0x00, 0xff, 0xff, 0xff, 0xff, 0x88, 0x02, 0x86,
    0x02, 0x00, 0x80, 0x01, 0x05, 0x01, 0x01, 0x01, 0x14, 0x00, 0x00, 0x00, 0x00, 0xff, 0xff, 0x00, 0x00, 0xff, 0xff, 0xff, 0xff, 0x01, 0xff, 0xff,
    0x0f, 0x00, 0x00, 0x05, 0x00, 0xff, 0xff, 0x00, 0x00, 0x01, 0x11, 0x00, 0xff, 0xff, 0xff, 0xff, 0x00, 0x0d, 0x00, 0xff, 0xff, 0x00, 0x00, 0x00,
    0x00, 0xff, 0xff, 0xff, 0xff, 0x00, 0x00, 0x00, 0x00, 0x00, 0x00, 0xff, 0xff, 0xff, 0xff, 0x00, 0x00, 0x00, 0x05, 0x00, 0x00, 0x60, 0x02, 0x14,
    0x00, 0x00, 0x00, 0x00, 0xff, 0xff, 0x00, 0x00, 0xff, 0xff, 0xff, 0xff, 0x00, 0xff, 0xff, 0x00, 0x00, 0x00, 0x00, 0x00, 0xff, 0xff, 0x00, 0x00,
    0x03, 0x05, 0x00, 0xff, 0xff, 0xff, 0xff, 0x00, 0xff, 0xff, 0xff, 0xff, 0x00, 0x00, 0x00, 0x00, 0xff, 0xff, 0xff, 0xff, 0x00, 0x00, 0x00, 0x00,
    0x00, 0x00, 0xff, 0xff, 0xff, 0xff, 0x00, 0x00, 0x00, 0x0a, 0x00, 0x00, 0x08, 0x00, 0x00, 0xff, 0xff, 0x00, 0x00, 0x01, 0x00, 0x00, 0x00, 0xff,
    0xff, 0x00, 0x00, 0x00, 0x00, 0x00, 0xff, 0xff, 0x00, 0x00, 0x00, 0x00, 0xff, 0xff, 0x09, 0x00, 0x00, 0xff, 0xff, 0x80, 0x00, 0x05, 0x01, 0x00,
    0x01, 0x70, 0x05, 0x0a, 0x00, 0x71, 0x01, 0x00, 0x01, 0x88, 0x02, 0x86, 0x02, 0x00, 0x80, 0x00, 0x05, 0x01, 0x00, 0x01, 0x14, 0x00, 0x00, 0x00,
    0x00, 0xff, 0xff, 0x00, 0x00, 0xff, 0xff, 0xff, 0xff, 0x02, 0xff, 0xff, 0x00, 0x00, 0x00, 0x00, 0x00, 0xff, 0xff, 0x00, 0x00, 0x01, 0x00, 0x00,
    0xff, 0xff, 0xff, 0xff, 0x00, 0x04, 0x00, 0xff, 0xff, 0x00, 0x00, 0x00, 0x00, 0xff, 0xff, 0xff, 0xff, 0x00, 0x00, 0x00, 0x00, 0x00, 0x00, 0xff,
    0xff, 0xff, 0xff, 0x00, 0x00, 0x00, 0x05, 0x00, 0x00, 0x61, 0x08, 0x00, 0x40, 0x08, 0x03, 0x0c, 0x00, 0xff, 0xff, 0x00, 0x24, 0x00, 0x12, 0x00,
    0xff, 0xff, 0xff, 0xff, 0x00, 0x00, 0xff, 0xff, 0xff, 0xff, 0xff, 0xff, 0x00, 0x00, 0x00, 0x00, 0x00, 0x00, 0x00, 0x1e, 0x00, 0xff, 0xff, 0x00,
    0x00, 0x00, 0xff, 0xff, 0x00, 0x00, 0x00, 0x00, 0x00, 0x01, 0x00, 0x00, 0x61, 0x05, 0x00, 0x43, 0x3d, 0x00, 0x00, 0x00, 0x14, 0x00, 0x19, 0x01,
    0x00, 0x00, 0x00, 0x00, 0xff, 0xff, 0x01, 0x00, 0xff, 0xff, 0x00, 0x3e, 0x00, 0x00, 0x00, 0x02, 0xff, 0xff, 0x00, 0x00, 0x86, 0x02, 0x01, 0x14,
    0x00, 0x00, 0x00, 0x00, 0xff, 0xff, 0x00, 0x00, 0xff, 0xff, 0xff, 0xff, 0x03, 0xff, 0xff, 0x00, 0x00, 0x00, 0x00, 0x00, 0xff, 0xff, 0x00, 0x00,
    0x01, 0x08, 0x00, 0xff, 0xff, 0xff, 0xff, 0x00, 0xff, 0xff, 0xff, 0xff, 0x00, 0x00, 0x00, 0x00, 0xff, 0xff, 0xff, 0xff, 0x00, 0x00, 0x00, 0x00,
    0x00, 0x00, 0xff, 0xff, 0xff, 0xff, 0x00, 0x00, 0x00, 0x0f, 0x03, 0x00, 0x86, 0x03, 0x01, 0x08, 0x00, 0x00, 0xff, 0xff, 0x00, 0x00, 0x01, 0x00,
    0x00, 0x00, 0xff, 0xff, 0x00, 0x00, 0x00, 0x00, 0x00, 0xff, 0xff, 0x00, 0x00, 0x00, 0x00, 0xff, 0xff, 0x09, 0x00, 0x00, 0xff, 0xff, 0x14, 0x00,
    0x00, 0x00, 0x00, 0xff, 0xff, 0x00, 0x00, 0xff, 0xff, 0xff, 0xff, 0x03, 0xff, 0xff, 0x00, 0x00, 0x00, 0x00, 0x00, 0xff, 0xff, 0x00, 0x00, 0x01,
    0x08, 0x00, 0xff, 0xff, 0xff, 0xff, 0x00, 0xff, 0xff, 0xff, 0xff, 0x00, 0x00, 0x00, 0x00, 0xff, 0xff, 0xff, 0xff, 0x00, 0x00, 0x00, 0x00, 0x00,
    0x00, 0xff, 0xff, 0xff, 0xff, 0x00, 0x00, 0x00, 0x0f, 0x03, 0x00, 0x61, 0x0a, 0x00, 0x4a, 0x46, 0x01, 0x00, 0x44, 0x00, 0x00, 0x00, 0x00, 0x4c,
    0x3e, 0x00, 0x0c, 0x00, 0x00, 0x00, 0xff, 0xff, 0x00, 0xff, 0xff, 0x00, 0xff, 0xff, 0x00, 0x00, 0x00, 0x02, 0xff, 0xff, 0x00, 0x00, 0xff, 0xff,
    0x00, 0x00, 0xff, 0xff, 0xff, 0xff, 0x00, 0x00, 0x00, 0xff, 0xff, 0x00, 0x00, 0x00, 0x00, 0x00, 0x00, 0x39, 0x00, 0x00, 0x00, 0xff, 0xff, 0x00,
    0x00, 0x00, 0x01, 0x00, 0x00, 0x00, 0xff, 0xff, 0x00, 0x00, 0x00, 0x00, 0xff, 0xff, 0x3f, 0x00, 0x00, 0x00, 0x02, 0x00, 0x00, 0x00, 0x00, 0x00,
    0x03, 0x00, 0x00, 0x00, 0x02, 0xff, 0xff, 0xff, 0xff, 0x00, 0xff, 0xff, 0x00, 0x00, 0x00, 0x00, 0xff, 0xff, 0x00, 0x00, 0xff, 0xff, 0x00, 0xff,
    0xff, 0x00, 0x00, 0x00, 0x00, 0x07, 0x00, 0x00, 0x60, 0x02, 0x08, 0x00, 0x00, 0xff, 0xff, 0x00, 0x00, 0x01, 0x00, 0x00, 0x00, 0xff, 0xff, 0x00,
    0x00, 0x00, 0x00, 0x00, 0xff, 0xff, 0x00, 0x00, 0x00, 0x00, 0xff, 0xff, 0x09, 0x00, 0x00, 0xff, 0xff, 0x60, 0x03, 0x20, 0xff, 0xff, 0xff, 0xff,
    0x00, 0x00, 0x00, 0x00, 0xff, 0xff, 0x00, 0x00, 0x01, 0xff, 0xff, 0x00, 0x00, 0x00, 0xff, 0xff, 0x00, 0x00, 0x00, 0x00, 0x00, 0x19, 0x01, 0x00,
    0x00, 0x00, 0x00, 0xff, 0xff, 0x00, 0x00, 0xff, 0xff, 0x00, 0xff, 0xff, 0x00, 0x00, 0x00, 0xff, 0xff, 0x19, 0x01, 0x00, 0x11, 0x00, 0x00, 0xff,
    0xff, 0x00, 0x00, 0xff, 0xff, 0x00, 0xff, 0xff, 0x00, 0x00, 0x00, 0xff, 0xff, 0x61, 0x05, 0x00, 0x43, 0x3d, 0x00, 0x00, 0x00, 0x1f, 0x00, 0x08,
    0x00, 0x00, 0xff, 0xff, 0x00, 0x00, 0x01, 0x00, 0x00, 0x01, 0xff, 0xff, 0x00, 0x00, 0x00, 0x00, 0x00, 0xff, 0xff, 0x00, 0x00, 0x00, 0x00, 0xff,
    0xff, 0x09, 0x00, 0x00, 0xff, 0xff, 0x00, 0x00, 0x61, 0x08, 0x00, 0x40, 0x08, 0x03, 0x0a, 0x00, 0xff, 0xff, 0x00, 0x1d, 0x00, 0x0f, 0xff, 0xff,
    0x01, 0x00, 0x00, 0x00, 0x04, 0x00, 0xff, 0xff, 0x00, 0xff, 0xff, 0x00, 0x00, 0x1e, 0x00, 0x00, 0x00, 0x00, 0x00, 0x00, 0x00, 0x00, 0x01, 0x01,
    0x00, 0x04, 0x00, 0x00, 0x80, 0x01, 0x05, 0x01, 0x00, 0x01, 0x14, 0x00, 0x00, 0x00, 0x00, 0xff, 0xff, 0x00, 0x00, 0xff, 0xff, 0xff, 0xff, 0x01,
    0xff, 0xff, 0x00, 0x00, 0x00, 0x00, 0x00, 0xff, 0xff, 0x00, 0x00, 0x01, 0x11, 0x00, 0xff, 0xff, 0xff, 0xff, 0x00, 0xff, 0xff, 0xff, 0xff, 0x00,
    0x00, 0x00, 0x00, 0xff, 0xff, 0xff, 0xff, 0x00, 0x00, 0x00, 0x00, 0x00, 0x00, 0xff, 0xff, 0xff, 0xff, 0x00, 0x00, 0x00, 0x05, 0x00, 0x00, 0x60,
    0x02, 0x02, 0x00, 0x00, 0x00, 0x00, 0x00, 0x03, 0x00, 0x00, 0x00, 0x06, 0x40, 0x00, 0xff, 0xff, 0x00, 0xff, 0xff, 0x00, 0x01, 0x00, 0x00, 0xff,
    0xff, 0x00, 0x00, 0xff, 0xff, 0x00, 0xff, 0xff, 0x00, 0x00, 0x00, 0x00, 0x07, 0x00, 0x00, 0x12, 0x00, 0xff, 0xff, 0xff, 0xff, 0x00, 0x00, 0xff,
    0xff, 0xff, 0xff, 0x41, 0x00, 0x00, 0x00, 0x00, 0x00, 0x00, 0x00, 0x00, 0x1e, 0x00, 0xff, 0xff, 0x00, 0x00, 0x00, 0xff, 0xff, 0x00, 0x01, 0x00,
    0x00, 0x00, 0x01, 0x61, 0x05, 0x00, 0x41, 0x01, 0x00, 0x00, 0x00, 0x24, 0x00, 0x12, 0x00, 0xff, 0xff, 0xff, 0xff, 0x00, 0x00, 0x40, 0x00, 0xff,
    0xff, 0xff, 0xff, 0x00, 0x00, 0x00, 0x00, 0x00, 0x00, 0x00, 0x1e, 0x00, 0xff, 0xff, 0x00, 0x00, 0x00, 0xff, 0xff, 0x00, 0x01, 0x00, 0x00, 0x00,
    0x01, 0x00, 0x00, 0x10, 0x00, 0x00, 0x00, 0x00, 0xff, 0xff, 0xff, 0xff, 0x00, 0x00, 0x3d, 0x00, 0x17, 0x00, 0x01, 0x00, 0x00, 0x00, 0x42, 0x00,
    0x00, 0x00, 0x00, 0xff, 0xff, 0x01, 0x01, 0x00, 0x43, 0x00, 0x00, 0x00, 0x01, 0x00, 0x44, 0x00, 0x01, 0x61, 0x0f, 0x00, 0x4b, 0x41, 0x00, 0x02,
    0x00, 0x00, 0x40, 0x00, 0x03, 0x01, 0x00, 0xff, 0xff, 0x01, 0x4c, 0x3e, 0x00, 0x0c, 0x00, 0x00, 0x00, 0xff, 0xff, 0x00, 0xff, 0xff, 0x00, 0xff,
    0xff, 0x00, 0x00, 0x00, 0x03, 0xff, 0xff, 0xff, 0xff, 0xff, 0xff, 0x00, 0x00, 0xff, 0xff, 0xff, 0xff, 0x00, 0x00, 0x00, 0xff, 0xff, 0x00, 0x00,
    0x00, 0x00, 0x00, 0x00, 0xff, 0xff, 0x00, 0x00, 0xff, 0xff, 0x00, 0x00, 0x00, 0x01, 0x00, 0x00, 0x00, 0xff, 0xff, 0x00, 0x00, 0x00, 0x00, 0xff,
    0xff, 0xff, 0xff, 0x00, 0x00, 0x61, 0x08, 0x00, 0x40, 0x00, 0x03, 0x01, 0x01, 0xff, 0xff, 0x00, 0x7c, 0x00, 0x60, 0x02, 0x14, 0x00, 0x00, 0x00,
    0x00, 0xff, 0xff, 0x00, 0x00, 0xff, 0xff, 0xff, 0xff, 0x00, 0xff, 0xff, 0x00, 0x00, 0x00, 0x00, 0x00, 0xff, 0xff, 0x00, 0x00, 0x01, 0x05, 0x00,
    0xff, 0xff, 0xff, 0xff, 0x00, 0xff, 0xff, 0xff, 0xff, 0x00, 0x00, 0x00, 0x00, 0xff, 0xff, 0xff, 0xff, 0x00, 0x00, 0x00, 0x00, 0x01, 0x00, 0xff,
    0xff, 0xff, 0xff, 0x00, 0x00, 0x00, 0x00, 0x00, 0x00, 0x14, 0x00, 0x00, 0x00, 0x00, 0xff, 0xff, 0x00, 0x00, 0xff, 0xff, 0xff, 0xff, 0x02, 0xff,
    0xff, 0x00, 0x00, 0x00, 0x00, 0x00, 0xff, 0xff, 0x00, 0x00, 0x01, 0x00, 0x00, 0xff, 0xff, 0xff, 0xff, 0x00, 0x10, 0x00, 0xff, 0xff, 0x00, 0x00,
    0x00, 0x00, 0xff, 0xff, 0xff, 0xff, 0x00, 0x00, 0x00, 0x00, 0x00, 0x00, 0xff, 0xff, 0xff, 0xff, 0x00, 0x00, 0x00, 0x05, 0x00, 0x00, 0x00, 0x00,
    0x61, 0x08, 0x00, 0x40, 0x14, 0x03, 0x01, 0x02, 0xff, 0xff, 0x00, 0x3e, 0x00, 0x0c, 0x00, 0x00, 0x00, 0xff, 0xff, 0x00, 0xff, 0xff, 0x00, 0xff,
    0xff, 0x00, 0x00, 0x00, 0x01, 0xff, 0xff, 0x00, 0x00, 0xff, 0xff, 0x00, 0x00, 0xff, 0xff, 0xff, 0xff, 0x00, 0x00, 0x00, 0xff, 0xff, 0x00, 0x00,
    0x00, 0x00, 0x00, 0x00, 0xff, 0xff, 0x00, 0x00, 0xff, 0xff, 0x00, 0x00, 0x00, 0x05, 0x00, 0x00, 0x00, 0xff, 0xff, 0x00, 0x00, 0x00, 0x00, 0xff,
    0xff, 0xff, 0xff, 0x00, 0x00, 0x64, 0x86, 0x04, 0x01, 0x14, 0x00, 0x00, 0x00, 0x00, 0xff, 0xff, 0x00, 0x00, 0xff, 0xff, 0xff, 0xff, 0x01, 0xff,
    0xff, 0x00, 0x00, 0x00, 0x00, 0x00, 0xff, 0xff, 0x04, 0x05, 0x02, 0x01, 0x00, 0xff, 0xff, 0xff, 0xff, 0x00, 0xff, 0xff, 0xff, 0xff, 0x00, 0x00,
    0x01, 0x00, 0xff, 0xff, 0xff, 0xff, 0x00, 0x00, 0x00, 0x00, 0x00, 0x00, 0xff, 0xff, 0xff, 0xff, 0x00, 0x00, 0x00, 0x05, 0x00, 0x00, 0x1d, 0x02,
    0x01, 0x00, 0x0e, 0x00, 0xff, 0xff, 0xff, 0xff, 0x45, 0x00, 0x01, 0x00, 0x70, 0x03, 0x0a, 0x00, 0x71, 0x01, 0x00, 0x01, 0x61, 0x05, 0x00, 0x44,
    0x00, 0x01, 0x00, 0x00, 0x3d, 0x00, 0x14, 0x00, 0x00, 0x00, 0x00, 0xff, 0xff, 0x00, 0x00, 0xff, 0xff, 0xff, 0xff, 0x03, 0xff, 0xff, 0x00, 0x00,
    0x00, 0x00, 0x00, 0xff, 0xff, 0x00, 0x00, 0x01, 0x08, 0x00, 0xff, 0xff, 0xff, 0xff, 0x00, 0xff, 0xff, 0xff, 0xff, 0x00, 0x00, 0x00, 0x00, 0xff,
    0xff, 0xff, 0xff, 0x00, 0x00, 0x00, 0x00, 0x00, 0x00, 0xff, 0xff, 0xff, 0xff, 0x00, 0x00, 0x00, 0x0f, 0x03, 0x00, 0x00, 0x00, 0x61, 0x01, 0x00,
    0x4d, 0x3e, 0x00, 0x0c, 0x00, 0x00, 0x00, 0xff, 0xff, 0x00, 0xff, 0xff, 0x00, 0xff, 0xff, 0x00, 0x00, 0x00, 0x01, 0xff, 0xff, 0xff, 0xff, 0xff,
    0xff, 0x00, 0x00, 0xff, 0xff, 0xff, 0xff, 0x00, 0x00, 0x00, 0xff, 0xff, 0x00, 0x00, 0x00, 0x00, 0x00, 0x00, 0xff, 0xff, 0x00, 0x00, 0xff, 0xff,
    0x00, 0x00, 0x00, 0x05, 0x00, 0x00, 0x00, 0xff, 0xff, 0x00, 0x00, 0x00, 0x00, 0xff, 0xff, 0xff, 0xff, 0x00, 0x00, 0x86, 0x02, 0x01, 0x70, 0x07,
    0x0a, 0x00, 0x71, 0x01, 0x00, 0x01, 0x86, 0x01, 0x00, 0x60, 0x03, 0x20, 0xff, 0xff, 0xff, 0xff, 0x00, 0x00, 0x00, 0x01, 0xff, 0xff, 0x00, 0x00,
    0x01, 0xff, 0xff, 0x00, 0x00, 0x00, 0xff, 0xff, 0x00, 0x00, 0x00, 0x00, 0x00, 0x19, 0x01, 0x00, 0x00, 0x00, 0x00, 0xff, 0xff, 0x00, 0x00, 0xff,
    0xff, 0x00, 0xff, 0xff, 0x00, 0x00, 0x00, 0xff, 0xff, 0x19, 0x01, 0x00, 0x11, 0x00, 0x00, 0xff, 0xff, 0x00, 0x00, 0xff, 0xff, 0x00, 0xff, 0xff,
    0x00, 0x00, 0x00, 0xff, 0xff, 0x60, 0x02, 0x20, 0xff, 0xff, 0xff, 0xff, 0x00, 0x00, 0x00, 0x02, 0xff, 0xff, 0x00, 0x00, 0x02, 0x40, 0x00, 0x00,
    0x00, 0x00, 0xff, 0xff, 0x00, 0x00, 0x00, 0x05, 0x00, 0x60, 0x02, 0x20, 0xff, 0xff, 0xff, 0xff, 0x01, 0x00, 0x00, 0x00, 0xff, 0xff, 0x00, 0x00,
    0x01, 0xff, 0xff, 0x00, 0x00, 0x00, 0xff, 0xff, 0x00, 0x00, 0x00, 0x15, 0x01, 0x14, 0x00, 0x00, 0x00, 0x00, 0xff, 0xff, 0x00, 0x00, 0xff, 0xff,
    0xff, 0xff, 0x00, 0xff, 0xff, 0x00, 0x00, 0x00, 0x00, 0x00, 0xff, 0xff, 0x00, 0x00, 0x01, 0x00, 0x00, 0xff, 0xff, 0xff, 0xff, 0x00, 0xff, 0xff,
    0xff, 0xff, 0x00, 0x00, 0x00, 0x00, 0xff, 0xff, 0xff, 0xff, 0x00, 0x00, 0x00, 0x00, 0x00, 0x00, 0xff, 0xff, 0xff, 0xff, 0x00, 0x00, 0x00, 0x15,
    0x00, 0x00, 0x61, 0x0e, 0x00, 0x42, 0x00, 0xff, 0xff, 0xff, 0xff, 0x04, 0x00, 0x00, 0x00, 0x00, 0x02, 0xff, 0xff, 0x24, 0x00, 0x12, 0x00, 0xff,
    0xff, 0xff, 0xff, 0x00, 0x00, 0xff, 0xff, 0xff, 0xff, 0xff, 0xff, 0x00, 0x00, 0x00, 0x00, 0x00, 0x00, 0x00, 0x1e, 0x00, 0xff, 0xff, 0x00, 0x00,
    0x00, 0xff, 0xff, 0x00, 0x01, 0x00, 0x00, 0x00, 0x01, 0x00, 0x00, 0x61, 0x05, 0x00, 0x41, 0x01, 0x00, 0x00, 0x00, 0x3d, 0x00, 0x14, 0x00, 0x00,
    0x00, 0x00, 0xff, 0xff, 0x00, 0x00, 0xff, 0xff, 0xff, 0xff, 0x00, 0xff, 0xff, 0x00, 0x00, 0x00, 0x00, 0x00, 0xff, 0xff, 0x00, 0x00, 0x01, 0x00,
    0x00, 0x40, 0x00, 0xff, 0xff, 0x00, 0xff, 0xff, 0xff, 0xff, 0x00, 0x00, 0x00, 0x00, 0xff, 0xff, 0xff, 0xff, 0x00, 0x00, 0x00, 0x00, 0x00, 0x00,
    0xff, 0xff, 0xff, 0xff, 0x00, 0x00, 0x00, 0x14, 0x00, 0x00, 0x00, 0x00, 0x86, 0x02, 0x00, 0x14, 0x00, 0x00, 0x00, 0x00, 0xff, 0xff, 0x00, 0x00,
    0xff, 0xff, 0xff, 0xff, 0x02, 0xff, 0xff, 0x03, 0x00, 0x00, 0x05, 0x00, 0xff, 0xff, 0x00, 0x00, 0x01, 0x00, 0x00, 0xff, 0xff, 0xff, 0xff, 0x00,
    0x0d, 0x00, 0xff, 0xff, 0x00, 0x00, 0x00, 0x00, 0xff, 0xff, 0xff, 0xff, 0x00, 0x00, 0x00, 0x00, 0x00, 0x00, 0xff, 0xff, 0xff, 0xff, 0x00, 0x00,
    0x00, 0x05, 0x00, 0x00, 0x80, 0x00, 0x05, 0x01, 0x00, 0x01, 0x70, 0x03, 0x0a, 0x00, 0x71, 0x01, 0x0a, 0x01, 0x19, 0x01, 0x00, 0x00, 0x00, 0x00,
    0xff, 0xff, 0x01, 0x01, 0xff, 0xff, 0x00, 0xff, 0xff, 0x01, 0x00, 0x00, 0xff, 0xff, 0x0c, 0x00, 0x00, 0x00, 0xff, 0xff, 0x00, 0xff, 0xff, 0x00,
    0xff, 0xff, 0x00, 0x00, 0x00, 0x01, 0xff, 0xff, 0xff, 0xff, 0xff, 0xff, 0x01, 0x00, 0x1a, 0x00, 0xff, 0xff, 0x00, 0x00, 0x00, 0xff, 0xff, 0x01,
    0x00, 0x00, 0x00, 0x00, 0x00, 0xff, 0xff, 0x01, 0x01, 0xff, 0xff, 0x00, 0x00, 0x00, 0x01, 0x00, 0x00, 0x00, 0xff, 0xff, 0x00, 0x00, 0x00, 0x00,
    0xff, 0xff, 0xff, 0xff, 0x61, 0x05, 0x00, 0x44, 0x00, 0x00, 0x00, 0x00, 0x3e, 0x00, 0x0c, 0x00, 0x00, 0x00, 0xff, 0xff, 0x01, 0xff, 0xff, 0x00,
    0xff, 0xff, 0x00, 0x00, 0x00, 0x02, 0xff, 0xff, 0x00, 0x00, 0xff, 0xff, 0x00, 0x00, 0xff, 0xff, 0xff, 0xff, 0x00, 0x00, 0x00, 0xff, 0xff, 0x00,
    0x00, 0x00, 0x00, 0x00, 0x00, 0xff, 0xff, 0x00, 0x00, 0xff, 0xff, 0x00, 0x00, 0x00, 0x01, 0x00, 0x00, 0x00, 0xff, 0xff, 0x00, 0x00, 0x00, 0x00,
    0xff, 0xff, 0xff, 0xff, 0x00, 0x00, 0x86, 0x01, 0x01, 0x61, 0x05, 0x00, 0x44, 0x00, 0x00, 0x00, 0x00, 0x3e, 0x00, 0x0c, 0x00, 0x00, 0x00, 0xff,
    0xff, 0x01, 0xff, 0xff, 0x00, 0xff, 0xff, 0x00, 0x00, 0x00, 0x02, 0xff, 0xff, 0x00, 0x00, 0xff, 0xff, 0x00, 0x00, 0xff, 0xff, 0xff, 0xff, 0x00,
    0x00, 0x00, 0xff, 0xff, 0x00, 0x00, 0x00, 0x00, 0x00, 0x00, 0xff, 0xff, 0x00, 0x00, 0xff, 0xff, 0x00, 0x00, 0x00, 0x05, 0x00, 0x00, 0x00, 0xff,
    0xff, 0x00, 0x00, 0x00, 0x00, 0xff, 0xff, 0xff, 0xff, 0x00, 0x00, 0x70, 0x02, 0x0a, 0x00, 0x71, 0x01, 0x0a, 0x01, 0x61, 0x08, 0x00, 0x40, 0x05,
    0x03, 0x03, 0x02, 0x32, 0x00, 0x00, 0x24, 0x00, 0x12, 0x00, 0xff, 0xff, 0xff, 0xff, 0x00, 0x00, 0xff, 0xff, 0xff, 0xff, 0xff, 0xff, 0x00, 0x00,
    0x00, 0x00, 0x00, 0x00, 0x00, 0x1e, 0x00, 0xff, 0xff, 0x00, 0x00, 0x00, 0xff, 0xff, 0x00, 0x01, 0x00, 0x00, 0x00, 0x01, 0x00, 0x00, 0x61, 0x08,
    0x00, 0x4b, 0x46, 0x01, 0x00, 0x46, 0x01, 0x00, 0x4c, 0x26, 0x00, 0x10, 0x00, 0x00, 0x00, 0x00, 0xff, 0xff, 0xff, 0xff, 0x00, 0x00, 0xff, 0xff,
    0x17, 0x00, 0x00, 0x00, 0x00, 0x00, 0x42, 0x00, 0x00, 0x00, 0x00, 0xff, 0xff, 0x00, 0x00, 0x00, 0xff, 0xff, 0x00, 0x00, 0x01, 0x00, 0xff, 0xff,
    0x03, 0x00, 0x00, 0x61, 0x03, 0x00, 0x46, 0x01, 0x00, 0x24, 0x00, 0x12, 0x00, 0xff, 0xff, 0xff, 0xff, 0x00, 0x00, 0xff, 0xff, 0xff, 0xff, 0xff,
    0xff, 0x00, 0x00, 0x00, 0x00, 0x00, 0x00, 0x00, 0x1e, 0x00, 0xff, 0xff, 0x00, 0x00, 0x00, 0xff, 0xff, 0x02, 0x01, 0x00, 0x00, 0x00, 0x02, 0x00,
    0x00, 0x61, 0x08, 0x00, 0x40, 0x00, 0x03, 0x02, 0x00, 0xff, 0xff, 0x01, 0x3d, 0x00, 0x14, 0x00, 0x00, 0x00, 0x00, 0xff, 0xff, 0x00, 0x00, 0xff,
    0xff, 0xff, 0xff, 0x02, 0xff, 0xff, 0x00, 0x00, 0x00, 0x00, 0x00, 0xff, 0xff, 0x00, 0x00, 0x01, 0x00, 0x00, 0xff, 0xff, 0xff, 0xff, 0x00, 0xff,
    0xff, 0xff, 0xff, 0x00, 0x00, 0x00, 0x00, 0xff, 0xff, 0xff, 0xff, 0x00, 0x00, 0x00, 0x00, 0x00, 0x00, 0xff, 0xff, 0xff, 0xff, 0x00, 0x00, 0x00,
    0x05, 0x00, 0x00, 0x00, 0x00, 0x60, 0x02, 0x14, 0x01, 0x00, 0x00, 0x00, 0xff, 0xff, 0x00, 0x00, 0xff, 0xff, 0xff, 0xff, 0x02, 0xff, 0xff, 0x00,
    0x00, 0x00, 0x00, 0x00, 0xff, 0xff, 0x00, 0x00, 0x01, 0x05, 0x00, 0xff, 0xff, 0xff, 0xff, 0x00, 0xff, 0xff, 0xff, 0xff, 0x00, 0x00, 0x00, 0x00,
    0xff, 0xff, 0xff, 0xff, 0x00, 0x00, 0x00, 0x00, 0x01, 0x00, 0xff, 0xff, 0xff, 0xff, 0x00, 0x00, 0x00, 0x00, 0x00, 0x00, 0x63, 0x00, 0x86, 0x02,
    0x01, 0x26, 0x01, 0x01, 0x01, 0xff, 0xff, 0x00, 0x46, 0x00, 0x01, 0x01, 0x00, 0x00, 0x14, 0x00, 0x00, 0x00, 0x00, 0xff, 0xff, 0x00, 0x00, 0xff,
    0xff, 0xff, 0xff, 0x02, 0xff, 0xff, 0x00, 0x00, 0x00, 0x00, 0x00, 0xff, 0xff, 0x00, 0x00, 0x01, 0x00, 0x00, 0xff, 0xff, 0xff, 0xff, 0x00, 0xff,
    0xff, 0xff, 0xff, 0x00, 0x00, 0x00, 0x00, 0xff, 0xff, 0xff, 0xff, 0x00, 0x00, 0x00, 0x00, 0x00, 0x00, 0xff, 0xff, 0xff, 0xff, 0x00, 0x00, 0x00,
    0x14, 0x00, 0x00, 0x89, 0x00, 0x02, 0x01, 0x60, 0x02, 0x14, 0x01, 0x00, 0x00, 0x00, 0xff, 0xff, 0x00, 0x00, 0xff, 0xff, 0xff, 0xff, 0x00, 0xff,
    0xff, 0x00, 0x00, 0x00, 0x00, 0x00, 0xff, 0xff, 0x00, 0x00, 0x01, 0x05, 0x00, 0xff, 0xff, 0xff, 0xff, 0x00, 0xff, 0xff, 0xff, 0xff, 0x00, 0x00,
    0x00, 0x00, 0xff, 0xff, 0xff, 0xff, 0x00, 0x00, 0x00, 0x00, 0x01, 0x00, 0xff, 0xff, 0xff, 0xff, 0x00, 0x00, 0x00, 0x00, 0x00, 0x00, 0x63, 0x00,
    0x61, 0x08, 0x00, 0x40, 0x14, 0x03, 0x01, 0x02, 0xff, 0xff, 0x00, 0x3d, 0x00, 0x14, 0x00, 0x00, 0x00, 0x00, 0xff, 0xff, 0x00, 0x00, 0xff, 0xff,
    0xff, 0xff, 0x03, 0xff, 0xff, 0x00, 0x00, 0x00, 0x00, 0x00, 0xff, 0xff, 0x00, 0x00, 0x01, 0x08, 0x00, 0xff, 0xff, 0xff, 0xff, 0x00, 0xff, 0xff,
    0xff, 0xff, 0x00, 0x00, 0x00, 0x00, 0xff, 0xff, 0xff, 0xff, 0x00, 0x00, 0x00, 0x00, 0x00, 0x00, 0xff, 0xff, 0xff, 0xff, 0x00, 0x00, 0x00, 0x0f,
    0x03, 0x00, 0x00, 0x00, 0x03, 0x47, 0x00, 0x00, 0x61, 0x08, 0x00, 0x40, 0x00, 0x03, 0x03, 0x00, 0xff, 0xff, 0x02, 0x3e, 0x00, 0x0c, 0x00, 0x00,
    0x00, 0xff, 0xff, 0x00, 0xff, 0xff, 0x00, 0xff, 0xff, 0x00, 0x00, 0x00, 0x03, 0xff, 0xff, 0xff, 0xff, 0xff, 0xff, 0x00, 0x00, 0xff, 0xff, 0xff,
    0xff, 0x00, 0x00, 0x00, 0xff, 0xff, 0x00, 0x00, 0x00, 0x00, 0x00, 0x00, 0xff, 0xff, 0x00, 0x00, 0xff, 0xff, 0x00, 0x00, 0x00, 0x01, 0x00, 0x00,
    0x00, 0xff, 0xff, 0x00, 0x00, 0x00, 0x00, 0xff, 0xff, 0xff, 0xff, 0x00, 0x00, 0x61, 0x0e, 0x00, 0x42, 0x0d, 0x24, 0x00, 0x0a, 0x00, 0x00, 0x00,
    0x00, 0x00, 0x00, 0x00, 0xff, 0xff, 0x0e, 0x00, 0x1d, 0x02, 0x01, 0x00, 0x0e, 0x01, 0xff, 0xff, 0xff, 0xff, 0x45, 0x00, 0x00, 0x02, 0x00, 0x00,
    0x60, 0x02, 0x08, 0x00, 0x00, 0xff, 0xff, 0x00, 0x00, 0x02, 0x00, 0x00, 0x00, 0xff, 0xff, 0x00, 0x00, 0x00, 0x00, 0x00, 0xff, 0xff, 0x00, 0x00,
    0x00, 0x00, 0xff, 0xff, 0x09, 0x00, 0x00, 0xff, 0xff, 0x14, 0x00, 0x00, 0x00, 0x00, 0xff, 0xff, 0x00, 0x00, 0xff, 0xff, 0xff, 0xff, 0x00, 0xff,
    0xff, 0x00, 0x00, 0x00, 0x00, 0x00, 0xff, 0xff, 0x00, 0x00, 0x02, 0x05, 0x00, 0xff, 0xff, 0xff, 0xff, 0x00, 0xff, 0xff, 0xff, 0xff, 0x00, 0x00,
    0x00, 0x00, 0xff, 0xff, 0xff, 0xff, 0x00, 0x00, 0x00, 0x00, 0x00, 0x00, 0xff, 0xff, 0xff, 0xff, 0x00, 0x00, 0x00, 0x00, 0x00, 0x00, 0x87, 0x03,
    0x00, 0x01, 0x60, 0x02, 0x08, 0x00, 0x00, 0xff, 0xff, 0x00, 0x00, 0x01, 0x00, 0x00, 0x00, 0xff, 0xff, 0x00, 0x00, 0x00, 0x00, 0x00, 0xff, 0xff,
    0x00, 0x00, 0x00, 0x00, 0xff, 0xff, 0x09, 0x00, 0x00, 0xff, 0xff, 0x14, 0x00, 0x00, 0x00, 0x00, 0xff, 0xff, 0x00, 0x00, 0xff, 0xff, 0xff, 0xff,
    0x00, 0xff, 0xff, 0x00, 0x00, 0x00, 0x00, 0x00, 0xff, 0xff, 0x00, 0x00, 0x01, 0x05, 0x00, 0xff, 0xff, 0xff, 0xff, 0x00, 0xff, 0xff, 0xff, 0xff,
    0x00, 0x00, 0x00, 0x00, 0xff, 0xff, 0xff, 0xff, 0x00, 0x00, 0x00, 0x00, 0x00, 0x00, 0xff, 0xff, 0xff, 0xff, 0x00, 0x00, 0x00, 0x00, 0x00, 0x00,
    0x02, 0x00, 0x00, 0x00, 0x00, 0x00, 0x01, 0x00, 0x00, 0x00, 0x01, 0xff, 0xff, 0xff, 0xff, 0x00, 0xff, 0xff, 0x00, 0x01, 0x00, 0x00, 0xff, 0xff,
    0x00, 0x00, 0xff, 0xff, 0x00, 0xff, 0xff, 0x00, 0x00, 0x01, 0x00, 0x07, 0x00, 0x00, 0x0c, 0x00, 0x00, 0x00, 0xff, 0xff, 0x00, 0xff, 0xff, 0x00,
    0xff, 0xff, 0x00, 0x00, 0x00, 0x01, 0xff, 0xff, 0xff, 0xff, 0xff, 0xff, 0x00, 0x00, 0xff, 0xff, 0xff, 0xff, 0x00, 0x00, 0x00, 0xff, 0xff, 0x01,
    0x00, 0x00, 0x00, 0x00, 0x00, 0xff, 0xff, 0x01, 0x01, 0xff, 0xff, 0x00, 0x00, 0x00, 0x01, 0x00, 0x00, 0x00, 0xff, 0xff, 0x03, 0x01, 0x00, 0x00,
    0xff, 0xff, 0xff, 0xff, 0x87, 0x03, 0x01, 0x01, 0x14, 0x00, 0x00, 0x00, 0x00, 0xff, 0xff, 0x00, 0x00, 0xff, 0xff, 0xff, 0xff, 0x01, 0xff, 0xff,
    0x00, 0x00, 0x00, 0x00, 0x00, 0xff, 0xff, 0x00, 0x00, 0x01, 0x00, 0x00, 0xff, 0xff, 0xff, 0xff, 0x00, 0x1b, 0x00, 0xff, 0xff, 0x00, 0x00, 0x00,
    0x00, 0xff, 0xff, 0xff, 0xff, 0x00, 0x00, 0x00, 0x00, 0x00, 0x00, 0x02, 0x00, 0xff, 0xff, 0x00, 0x00, 0x00, 0x05, 0x00, 0x00, 0x02, 0x00, 0x00,
    0x01, 0x00, 0x00, 0x01, 0x00, 0x00, 0x00, 0x00, 0xff, 0xff, 0xff, 0xff, 0x00, 0xff, 0xff, 0x00, 0x00, 0x00, 0x00, 0xff, 0xff, 0x00, 0x00, 0xff,
    0xff, 0x00, 0xff, 0xff, 0x00, 0x00, 0x01, 0x00, 0x07, 0x00, 0x00, 0x80, 0x00, 0x05, 0x01, 0x00, 0x01, 0x0c, 0x00, 0x00, 0x00, 0xff, 0xff, 0x00,
    0xff, 0xff, 0x00, 0xff, 0xff, 0x00, 0x00, 0x00, 0x02, 0xff, 0xff, 0x00, 0x00, 0xff, 0xff, 0x00, 0x00, 0xff, 0xff, 0xff, 0xff, 0x00, 0x00, 0x00,
    0xff, 0xff, 0x0e, 0x00, 0x00, 0x00, 0x00, 0x00, 0xff, 0xff, 0x01, 0x01, 0xff, 0xff, 0x00, 0x00, 0x00, 0x01, 0x00, 0x00, 0x00, 0xff, 0xff, 0x00,
    0x00, 0x00, 0x00, 0xff, 0xff, 0xff, 0xff, 0x80, 0x00, 0x05, 0x01, 0x00, 0x02, 0x70, 0x03, 0x0a, 0x00, 0x71, 0x01, 0x0a, 0x01, 0x61, 0x0e, 0x00,
    0x42, 0x00, 0x24, 0x00, 0x0a, 0x00, 0x02, 0x00, 0x00, 0x00, 0x00, 0x00, 0xff, 0xff, 0x3d, 0x00, 0x14, 0x00, 0x00, 0x00, 0x00, 0xff, 0xff, 0x00,
    0x00, 0xff, 0xff, 0xff, 0xff, 0x00, 0xff, 0xff, 0x00, 0x00, 0x00, 0x00, 0x00, 0xff, 0xff, 0x00, 0x00, 0x01, 0x00, 0x00, 0xff, 0xff, 0xff, 0xff,
    0x00, 0xff, 0xff, 0xff, 0xff, 0x00, 0x00, 0x00, 0x00, 0xff, 0xff, 0xff, 0xff, 0x00, 0x00, 0x00, 0x00, 0x01, 0x00, 0xff, 0xff, 0xff, 0xff, 0x00,
    0x01, 0x00, 0x14, 0x00, 0x00, 0x00, 0x00, 0x80, 0x00, 0x05, 0x01, 0x00, 0x01, 0x70, 0x04, 0x0a, 0x00, 0x71, 0x01, 0x00, 0x01, 0x61, 0x05, 0x00,
    0x41, 0x14, 0x00, 0x00, 0x00, 0x1f, 0x00, 0x08, 0x00, 0x00, 0xff, 0xff, 0x00, 0x00, 0x01, 0x00, 0x00, 0x00, 0xff, 0xff, 0x00, 0x00, 0x00, 0x00,
    0x00, 0xff, 0xff, 0x00, 0x00, 0x00, 0x00, 0xff, 0xff, 0x09, 0x00, 0x00, 0xff, 0xff, 0x00, 0x00, 0x86, 0x01, 0x00, 0x03, 0x47, 0x00, 0x00, 0x80,
    0x01, 0x05, 0x01, 0x01, 0x01, 0x60, 0x02, 0x14, 0x00, 0x00, 0x00, 0x00, 0xff, 0xff, 0x00, 0x00, 0xff, 0xff, 0xff, 0xff, 0x02, 0xff, 0xff, 0x00,
    0x00, 0x00, 0x00, 0x00, 0xff, 0xff, 0x00, 0x00, 0x01, 0x00, 0x00, 0xff, 0xff, 0xff, 0xff, 0x00, 0xff, 0xff, 0xff, 0xff, 0x00, 0x00, 0x00, 0x00,
    0xff, 0xff, 0xff, 0xff, 0x00, 0x00, 0x00, 0x00, 0x00, 0x00, 0xff, 0xff, 0xff, 0xff, 0x00, 0x00, 0x00, 0x05, 0x00, 0x00, 0x02, 0x00, 0x00, 0x00,
    0x00, 0x00, 0x03, 0x00, 0x00, 0x00, 0x04, 0xff, 0xff, 0xff, 0xff, 0x00, 0xff, 0xff, 0x00, 0x00, 0x00, 0x00, 0xff, 0xff, 0x00, 0x00, 0xff, 0xff,
    0x00, 0xff, 0xff, 0x00, 0x00, 0x00, 0x00, 0x07, 0x00, 0x00, 0x80, 0x00, 0x05, 0x01, 0x00, 0x01, 0x70, 0x06, 0x0a, 0x00, 0x71, 0x01, 0x00, 0x01,
    0x02, 0x00, 0x00, 0x00, 0x00, 0x00, 0x01, 0x00, 0x00, 0x00, 0x01, 0xff, 0xff, 0xff, 0xff, 0x00, 0xff, 0xff, 0x00, 0x01, 0x00, 0x00, 0xff, 0xff,
    0x00, 0x00, 0xff, 0xff, 0x00, 0xff, 0xff, 0x00, 0x00, 0x01, 0x00, 0x07, 0x00, 0x00, 0x80, 0x00, 0x05, 0x01, 0x00, 0x01, 0x60, 0x02, 0x27, 0x00,
    0x01, 0x01, 0x00, 0x00, 0x0c, 0x00, 0x00, 0x00, 0xff, 0xff, 0x00, 0xff, 0xff, 0x01, 0xff, 0xff, 0x00, 0x00, 0x00, 0x01, 0xff, 0xff, 0x00, 0x00,
    0xff, 0xff, 0x01, 0x00, 0x04, 0x00, 0xff, 0xff, 0x00, 0x00, 0x00, 0xff, 0xff, 0x00, 0x00, 0x00, 0x00, 0x00, 0x00, 0xff, 0xff, 0x00, 0x00, 0xff,
    0xff, 0x00, 0x00, 0x00, 0x05, 0x00, 0x00, 0x00, 0xff, 0xff, 0x00, 0x00, 0x01, 0x00, 0xff, 0xff, 0xff, 0xff, 0x60, 0x02, 0x20, 0xff, 0xff, 0xff,
    0xff, 0x00, 0x00, 0x00, 0x01, 0xff, 0xff, 0x04, 0x05, 0x01, 0xff, 0xff, 0x00, 0x00, 0x00, 0x04, 0x00, 0x00, 0x00, 0x00, 0x05, 0x00, 0x01, 0x12,
    0x00, 0x01, 0x04, 0x00, 0x00, 0xff, 0xff, 0xff, 0xff, 0x48, 0x00, 0x16, 0x00, 0x88, 0x02, 0x87, 0x03, 0x00, 0x01, 0x80, 0x00, 0x05, 0x01, 0x00,
    0x01, 0x14, 0x00, 0x00, 0x00, 0x00, 0xff, 0xff, 0x00, 0x00, 0xff, 0xff, 0xff, 0xff, 0x02, 0xff, 0xff, 0x00, 0x00, 0x00, 0x00, 0x00, 0xff, 0xff,
    0x00, 0x00, 0x01, 0x00, 0x00, 0xff, 0xff, 0xff, 0xff, 0x00, 0x04, 0x00, 0xff, 0xff, 0x00, 0x00, 0x00, 0x00, 0xff, 0xff, 0xff, 0xff, 0x00, 0x00,
    0x00, 0x00, 0x00, 0x00, 0xff, 0xff, 0xff, 0xff, 0x00, 0x00, 0x00, 0x05, 0x00, 0x00, 0x02, 0x00, 0x00, 0x00, 0x00, 0x00, 0x01, 0x00, 0x00, 0x00,
    0x01, 0xff, 0xff, 0xff, 0xff, 0x00, 0xff, 0xff, 0x00, 0x00, 0x00, 0x00, 0x02, 0x00, 0x00, 0x00, 0xff, 0xff, 0x00, 0xff, 0xff, 0x00, 0x00, 0x00,
    0x00, 0x03, 0x00, 0x00, 0x03, 0x47, 0x00, 0x00, 0x60, 0x03, 0x20, 0xff, 0xff, 0xff, 0xff, 0x00, 0x00, 0x00, 0x01, 0x49, 0x00, 0x00, 0x00, 0x01,
    0xff, 0xff, 0x00, 0x00, 0x01, 0xff, 0xff, 0x00, 0x00, 0x00, 0x01, 0x01, 0x0c, 0x00, 0x00, 0x00, 0xff, 0xff, 0x00, 0xff, 0xff, 0x00, 0xff, 0xff,
    0x00, 0x00, 0x00, 0x01, 0xff, 0xff, 0x00, 0x00, 0xff, 0xff, 0x00, 0x00, 0xff, 0xff, 0xff, 0xff, 0x00, 0x00, 0x00, 0xff, 0xff, 0x00, 0x00, 0x00,
    0x00, 0x00, 0x00, 0xff, 0xff, 0x00, 0x00, 0xff, 0xff, 0x00, 0x00, 0x00, 0x01, 0x00, 0x00, 0x00, 0xff, 0xff, 0x00, 0x00, 0x00, 0x00, 0xff, 0xff,
    0xff, 0xff, 0x0c, 0x00, 0x00, 0x00, 0xff, 0xff, 0x00, 0xff, 0xff, 0x00, 0xff, 0xff, 0x00, 0x00, 0x00, 0x01, 0xff, 0xff, 0xff, 0xff, 0xff, 0xff,
    0x00, 0x00, 0xff, 0xff, 0xff, 0xff, 0x00, 0x00, 0x00, 0xff, 0xff, 0x00, 0x00, 0x00, 0x01, 0x00, 0x01, 0xff, 0xff, 0x00, 0x00, 0xff, 0xff, 0x00,
    0x00, 0x00, 0x01, 0x00, 0x00, 0x00, 0xff, 0xff, 0x00, 0x00, 0x00, 0x00, 0xff, 0xff, 0xff, 0xff, 0x80, 0x00, 0x05, 0x01, 0x00, 0x01, 0x70, 0x04,
    0x0a, 0x00, 0x71, 0x01, 0x00, 0x01, 0x60, 0x02, 0x60, 0x02, 0x0e, 0x00, 0x01, 0x04, 0x00, 0x01, 0x01, 0x01, 0x43, 0x00, 0x0a, 0x00, 0x70, 0x01,
    0x0a, 0x00, 0x71, 0x01, 0x0a, 0x01, 0x1e, 0x00, 0x00, 0x00, 0x02, 0x00, 0x00, 0x01, 0x00, 0x00, 0x00, 0x00, 0x00, 0xff, 0xff, 0x00, 0x01, 0x0a,
    0x00, 0x88, 0x02, 0x87, 0x03, 0x00, 0x01, 0x80, 0x00, 0x05, 0x01, 0x00, 0x01, 0x60, 0x04, 0x20, 0xff, 0xff, 0xff, 0xff, 0x00, 0x02, 0x00, 0x00,
    0xff, 0xff, 0x0a, 0x03, 0x01, 0xff, 0xff, 0x00, 0x00, 0x01, 0xff, 0xff, 0x00, 0x00, 0x02, 0x00, 0x00, 0x1e, 0x02, 0x00, 0x00, 0x00, 0x0a, 0x03,
    0x01, 0x01, 0x00, 0x01, 0x00, 0x00, 0xff, 0xff, 0x00, 0x00, 0x0a, 0x00, 0x14, 0x00, 0x02, 0x00, 0x00, 0xff, 0xff, 0x00, 0x00, 0xff, 0xff, 0xff,
    0xff, 0x00, 0xff, 0xff, 0x00, 0x00, 0x00, 0x00, 0x00, 0xff, 0xff, 0x00, 0x00, 0x01, 0x00, 0x00, 0xff, 0xff, 0xff, 0xff, 0x01, 0xff, 0xff, 0xff,
    0xff, 0x00, 0x00, 0x00, 0x00, 0xff, 0xff, 0xff, 0xff, 0x00, 0x00, 0x00, 0x00, 0x00, 0x00, 0xff, 0xff, 0xff, 0xff, 0x00, 0x00, 0x00, 0x13, 0x00,
    0x00, 0x14, 0x00, 0x02, 0x01, 0x00, 0xff, 0xff, 0x00, 0x00, 0xff, 0xff, 0xff, 0xff, 0x00, 0xff, 0xff, 0x00, 0x00, 0x00, 0x00, 0x00, 0xff, 0xff,
    0x00, 0x00, 0x00, 0x05, 0x00, 0xff, 0xff, 0xff, 0xff, 0x01, 0xff, 0xff, 0xff, 0xff, 0x00, 0x00, 0x00, 0x00, 0xff, 0xff, 0xff, 0xff, 0x00, 0x00,
    0x00, 0x00, 0x00, 0x00, 0xff, 0xff, 0xff, 0xff, 0x00, 0x00, 0x00, 0x00, 0x00, 0x00, 0x87, 0x03, 0x01, 0x01, 0x61, 0x05, 0x00, 0x43, 0x4a, 0x00,
    0x00, 0x00, 0x26, 0x00, 0x02, 0x00, 0x00, 0x00, 0x03, 0x05, 0x01, 0x00, 0x00, 0x00, 0x01, 0xff, 0xff, 0xff, 0xff, 0x00, 0xff, 0xff, 0x00, 0x00,
    0x00, 0x01, 0xff, 0xff, 0x00, 0x00, 0xff, 0xff, 0x00, 0xff, 0xff, 0x00, 0x00, 0x01, 0x00, 0x03, 0x00, 0x01, 0x00, 0x00, 0x0c, 0x00, 0x00, 0x00,
    0xff, 0xff, 0x00, 0xff, 0xff, 0x00, 0xff, 0xff, 0x00, 0x00, 0x00, 0x01, 0xff, 0xff, 0xff, 0xff, 0xff, 0xff, 0x00, 0x00, 0xff, 0xff, 0xff, 0xff,
    0x00, 0x00, 0x00, 0xff, 0xff, 0x01, 0x00, 0x00, 0x00, 0x00, 0x00, 0xff, 0xff, 0x01, 0x01, 0xff, 0xff, 0x00, 0x00, 0x00, 0x05, 0x00, 0x00, 0x00,
    0xff, 0xff, 0x03, 0x01, 0x00, 0x00, 0xff, 0xff, 0xff, 0xff, 0x87, 0x03, 0x01, 0x01, 0x02, 0x00, 0x00, 0x00, 0x00, 0x00, 0x03, 0x00, 0x00, 0x00,
    0x01, 0xff, 0xff, 0xff, 0xff, 0x00, 0x4b, 0x00, 0x01, 0x00, 0x00, 0x00, 0xff, 0xff, 0x01, 0x01, 0x43, 0x00, 0x00, 0xff, 0xff, 0x00, 0x00, 0x00,
    0x00, 0x07, 0x00, 0x00, 0x62, 0x61, 0x05, 0x00, 0x41, 0x00, 0x02, 0x00, 0x00, 0x1f, 0x00, 0x08, 0x00, 0x00, 0xff, 0xff, 0x00, 0x00, 0x01, 0x00,
    0x00, 0x00, 0xff, 0xff, 0x00, 0x00, 0x00, 0x00, 0x00, 0xff, 0xff, 0x00, 0x00, 0x00, 0x00, 0xff, 0xff, 0x09, 0x00, 0x00, 0xff, 0xff, 0x00, 0x00,
    0x60, 0x02, 0x14, 0x00, 0x00, 0x00, 0x00, 0xff, 0xff, 0x00, 0x00, 0xff, 0xff, 0xff, 0xff, 0x02, 0xff, 0xff, 0x00, 0x00, 0x00, 0x00, 0x00, 0xff,
    0xff, 0x00, 0x00, 0x01, 0x0a, 0x00, 0xff, 0xff, 0xff, 0xff, 0x00, 0x1b, 0x00, 0xff, 0xff, 0x00, 0x00, 0x01, 0x00, 0xff, 0xff, 0xff, 0xff, 0x00,
    0x00, 0x00, 0x00, 0x00, 0x00, 0xff, 0xff, 0xff, 0xff, 0x00, 0x00, 0x00, 0x05, 0x00, 0x00, 0x08, 0x00, 0x00, 0xff, 0xff, 0x00, 0x00, 0x01, 0x00,
    0x00, 0x00, 0x1b, 0x00, 0x00, 0x00, 0x00, 0x00, 0x00, 0xff, 0xff, 0x00, 0x00, 0x00, 0x00, 0xff, 0xff, 0x09, 0x00, 0x00, 0xff, 0xff, 0x80, 0x00,
    0x05, 0x01, 0x00, 0x03, 0x60, 0x02, 0x14, 0x00, 0x00, 0x00, 0x00, 0xff, 0xff, 0x00, 0x00, 0xff, 0xff, 0xff, 0xff, 0x02, 0xff, 0xff, 0x00, 0x00,
    0x00, 0x00, 0x00, 0xff, 0xff, 0x00, 0x00, 0x01, 0x00, 0x00, 0xff, 0xff, 0xff, 0xff, 0x00, 0x1b, 0x00, 0xff, 0xff, 0x00, 0x00, 0x00, 0x00, 0xff,
    0xff, 0xff, 0xff, 0x00, 0x00, 0x00, 0x00, 0x00, 0x00, 0xff, 0xff, 0xff, 0xff, 0x00, 0x00, 0x00, 0x05, 0x00, 0x00, 0x0f, 0xff, 0xff, 0x00, 0x00,
    0x00, 0x00, 0x01, 0x05, 0xff, 0xff, 0x01, 0x4c, 0x00, 0x00, 0x00, 0x19, 0x00, 0x00, 0x00, 0x00, 0x01, 0x01, 0x00, 0x0d, 0x00, 0x00, 0x00, 0x00,
    0x87, 0x03, 0x01, 0x00, 0x08, 0x00, 0x00, 0xff, 0xff, 0x00, 0x00, 0x01, 0x00, 0x00, 0x00, 0xff, 0xff, 0x00, 0x00, 0x00, 0x00, 0x00, 0xff, 0xff,
    0x01, 0x01, 0x00, 0x00, 0xff, 0xff, 0x09, 0x03, 0x00, 0xff, 0xff, 0x02, 0x00, 0x00, 0x00, 0x01, 0x05, 0x01, 0x00, 0x00, 0x00, 0x01, 0xff, 0xff,
    0xff, 0xff, 0x00, 0xff, 0xff, 0x00, 0x00, 0x00, 0x01, 0xff, 0xff, 0x00, 0x00, 0xff, 0xff, 0x00, 0xff, 0xff, 0x00, 0x00, 0x01, 0x00, 0x03, 0x00,
    0x01, 0x1d, 0x01, 0x00, 0x00, 0x00, 0x00, 0xff, 0xff, 0xff, 0xff, 0x4d, 0x00, 0x00, 0x02, 0x80, 0x00, 0x05, 0x01, 0x00, 0x01, 0x0c, 0x00, 0x00,
    0x00, 0xff, 0xff, 0x00, 0xff, 0xff, 0x01, 0xff, 0xff, 0x00, 0x00, 0x00, 0x01, 0xff, 0xff, 0x00, 0x00, 0xff, 0xff, 0x01, 0x00, 0xff, 0xff, 0xff,
    0xff, 0x00, 0x00, 0x00, 0xff, 0xff, 0x00, 0x00, 0x00, 0x00, 0x00, 0x00, 0xff, 0xff, 0x00, 0x00, 0xff, 0xff, 0x00, 0x00, 0x00, 0x01, 0x00, 0x00,
    0x00, 0xff, 0xff, 0x00, 0x00, 0x00, 0x00, 0xff, 0xff, 0xff, 0xff, 0x61, 0x05, 0x00, 0x41, 0x01, 0x00, 0x00, 0x00, 0x26, 0x00, 0x02, 0x00, 0x00,
    0x00, 0x00, 0x00, 0x01, 0x00, 0x04, 0x05, 0x01, 0x40, 0x00, 0xff, 0xff, 0x00, 0xff, 0xff, 0x00, 0x00, 0x00, 0x00, 0xff, 0xff, 0x00, 0x00, 0xff,
    0xff, 0x00, 0xff, 0xff, 0x00, 0x00, 0x01, 0x00, 0x03, 0x00, 0x01, 0x00, 0x00, 0x02, 0x00, 0x00, 0x00, 0x00, 0x00, 0x01, 0x00, 0x00, 0x00, 0x01,
    0xff, 0xff, 0xff, 0xff, 0x00, 0x4b, 0x00, 0x00, 0x01, 0x00, 0x00, 0xff, 0xff, 0x00, 0x00, 0xff, 0xff, 0x00, 0xff, 0xff, 0x00, 0x00, 0x01, 0x00,
    0x07, 0x00, 0x00, 0x86, 0x02, 0x00, 0x64, 0x61, 0x05, 0x00, 0x43, 0x4c, 0x00, 0x00, 0x00, 0x1d, 0x00, 0x0f, 0xff, 0xff, 0x01, 0x00, 0x00, 0x00,
    0x02, 0x00, 0xff, 0xff, 0x00, 0xff, 0xff, 0x00, 0x00, 0x19, 0x00, 0x00, 0x00, 0x00, 0x00, 0x00, 0x00, 0x00, 0x01, 0x00, 0x00, 0x02, 0x00, 0x00,
    0x87, 0x03, 0x01, 0x00, 0x02, 0x01, 0x02, 0x00, 0x00, 0x00, 0x01, 0x00, 0x00, 0x00, 0x01, 0xff, 0xff, 0xff, 0xff, 0x00, 0xff, 0xff, 0x00, 0x00,
    0x00, 0x00, 0x4e, 0x00, 0x00, 0x00, 0xff, 0xff, 0x00, 0xff, 0xff, 0x00, 0x00, 0x01, 0x03, 0x03, 0x00, 0x01, 0x61, 0x02, 0x00, 0x4e, 0x00, 0x1f,
    0x00, 0x08, 0x00, 0x00, 0xff, 0xff, 0x00, 0x00, 0x01, 0x00, 0x00, 0x00, 0xff, 0xff, 0x00, 0x00, 0x00, 0x00, 0x00, 0xff, 0xff, 0x00, 0x00, 0x00,
    0x00, 0xff, 0xff, 0x09, 0x00, 0x00, 0xff, 0xff, 0x00, 0x00, 0x80, 0x00, 0x05, 0x01, 0x00, 0x01, 0x70, 0x04, 0x0a, 0x00, 0x71, 0x01, 0x00, 0x01,
    0x87, 0x03, 0x01, 0x01, 0x60, 0x02, 0x08, 0x00, 0x00, 0xff, 0xff, 0x00, 0x00, 0x01, 0x00, 0x00, 0x00, 0x4b, 0x00, 0x00, 0x00, 0x00, 0x00, 0x00,
    0xff, 0xff, 0x00, 0x00, 0x00, 0x00, 0xff, 0xff, 0x09, 0x00, 0x00, 0xff, 0xff, 0x14, 0x00, 0x00, 0x00, 0x00, 0xff, 0xff, 0x00, 0x00, 0xff, 0xff,
    0xff, 0xff, 0x00, 0xff, 0xff, 0x00, 0x00, 0x00, 0x00, 0x00, 0xff, 0xff, 0x00, 0x00, 0x01, 0x05, 0x00, 0xff, 0xff, 0x4f, 0x00, 0x00, 0xff, 0xff,
    0xff, 0xff, 0x00, 0x00, 0x00, 0x00, 0xff, 0xff, 0xff, 0xff, 0x00, 0x00, 0x00, 0x00, 0x00, 0x00, 0xff, 0xff, 0xff, 0xff, 0x00, 0x00, 0x00, 0x00,
    0x00, 0x00, 0x14, 0x00, 0x00, 0x00, 0x00, 0xff, 0xff, 0x00, 0x00, 0xff, 0xff, 0xff, 0xff, 0x01, 0xff, 0xff, 0x02, 0x00, 0x00, 0x05, 0x00, 0xff,
    0xff, 0x00, 0x00, 0x01, 0x10, 0x00, 0xff, 0xff, 0xff, 0xff, 0x00, 0xff, 0xff, 0xff, 0xff, 0x00, 0x00, 0x00, 0x01, 0xff, 0xff, 0xff, 0xff, 0x00,
    0x00, 0x00, 0x00, 0x00, 0x00, 0x50, 0x00, 0xff, 0xff, 0x00, 0x00, 0x00, 0x05, 0x03, 0x00, 0x61, 0x0e, 0x00, 0x42, 0x01, 0x09, 0x00, 0x0a, 0x00,
    0x04, 0x00, 0x00, 0x00, 0x00, 0x01, 0xff, 0xff, 0x1f, 0x00, 0x08, 0x00, 0x00, 0xff, 0xff, 0x00, 0x00, 0x01, 0x00, 0x00, 0x00, 0xff, 0xff, 0x00,
    0x00, 0x00, 0x00, 0x00, 0xff, 0xff, 0x00, 0x00, 0x00, 0x00, 0xff, 0xff, 0x09, 0x00, 0x00, 0xff, 0xff, 0x00, 0x00, 0x61, 0x0e, 0x00, 0x42, 0x00,
    0x24, 0x00, 0x0a, 0x00, 0x03, 0x06, 0x00, 0x00, 0x00, 0x02, 0xff, 0xff, 0x26, 0x00, 0x02, 0x00, 0x00, 0x00, 0x00, 0x00, 0x03, 0x00, 0x00, 0x00,
    0x02, 0xff, 0xff, 0xff, 0xff, 0x00, 0xff, 0xff, 0x00, 0x00, 0x00, 0x00, 0xff, 0xff, 0x00, 0x00, 0xff, 0xff, 0x00, 0xff, 0xff, 0x00, 0x00, 0x00,
    0x00, 0x07, 0x00, 0x00, 0x00, 0x00, 0x61, 0x0e, 0x00, 0x42, 0x00, 0x24, 0x00, 0x0a, 0x00, 0x03, 0x03, 0x00, 0x00, 0x00, 0x02, 0xff, 0xff, 0x08,
    0x00, 0x70, 0x05, 0x0a, 0x00, 0x71, 0x01, 0x00, 0x01, 0x00, 0x00, 0x61, 0x18, 0x00, 0x4b, 0x40, 0x00, 0x03, 0x01, 0x00, 0xff, 0xff, 0x00, 0x42,
    0x00, 0x24, 0x00, 0x0a, 0x00, 0x05, 0x01, 0x00, 0x00, 0x00, 0x00, 0xff, 0xff, 0x4c, 0x13, 0x00, 0x0a, 0x0b, 0x00, 0x0c, 0x00, 0x00, 0x00, 0x00,
    0x01, 0xff, 0xff, 0xff, 0xff, 0x00, 0xff, 0xff, 0x00, 0x00, 0x00, 0x00, 0x00, 0x61, 0x0e, 0x00, 0x42, 0x00, 0x24, 0x00, 0x0a, 0x00, 0x03, 0x06,
    0x00, 0x00, 0x00, 0x02, 0xff, 0xff, 0x1d, 0x00, 0x0f, 0xff, 0xff, 0x01, 0x01, 0x00, 0x00, 0x03, 0x00, 0x20, 0x00, 0x00, 0xff, 0xff, 0x00, 0x00,
    0x1e, 0x00, 0x00, 0x00, 0x00, 0x00, 0x00, 0x00, 0x00, 0x01, 0x01, 0x00, 0x03, 0x00, 0x00, 0x02, 0x01, 0x00, 0x00, 0x00, 0x00, 0x01, 0x00, 0x00,
    0x00, 0x01, 0xff, 0xff, 0xff, 0xff, 0x00, 0xff, 0xff, 0x00, 0x00, 0x00, 0x00, 0xff, 0xff, 0x00, 0x00, 0xff, 0xff, 0x00, 0xff, 0xff, 0x00, 0x00,
    0x01, 0x03, 0x03, 0x00, 0x01, 0x61, 0x0e, 0x00, 0x42, 0x00, 0x24, 0x00, 0x0a, 0x00, 0x03, 0x03, 0x00, 0x00, 0x00, 0x02, 0xff, 0xff, 0x1f, 0x00,
    0x08, 0x00, 0x00, 0xff, 0xff, 0x00, 0x00, 0x01, 0x00, 0x00, 0x00, 0xff, 0xff, 0x00, 0x00, 0x00, 0x00, 0x00, 0xff, 0xff, 0x00, 0x00, 0x00, 0x00,
    0xff, 0xff, 0x09, 0x00, 0x00, 0xff, 0xff, 0x00, 0x00, 0x61, 0x05, 0x00, 0x43, 0x1b, 0x00, 0x09, 0x03, 0x24, 0x00, 0x12, 0x00, 0xff, 0xff, 0xff,
    0xff, 0x00, 0x00, 0xff, 0xff, 0xff, 0xff, 0xff, 0xff, 0x00, 0x00, 0x00, 0x00, 0x00, 0x00, 0x00, 0x1e, 0x00, 0xff, 0xff, 0x00, 0x00, 0x00, 0xff,
    0xff, 0x02, 0x01, 0x00, 0x00, 0x00, 0x02, 0x00, 0x00, 0x61, 0x0e, 0x00, 0x42, 0x00, 0xff, 0xff, 0xff, 0xff, 0x04, 0x00, 0x00, 0x00, 0x04, 0x00,
    0xff, 0xff, 0x3d, 0x00, 0x14, 0x00, 0x00, 0x00, 0x00, 0xff, 0xff, 0x00, 0x00, 0xff, 0xff, 0xff, 0xff, 0x03, 0xff, 0xff, 0x00, 0x00, 0x00, 0x00,
    0x00, 0xff, 0xff, 0x00, 0x00, 0x01, 0x08, 0x00, 0xff, 0xff, 0xff, 0xff, 0x00, 0xff, 0xff, 0xff, 0xff, 0x00, 0x00, 0x00, 0x00, 0xff, 0xff, 0xff,
    0xff, 0x00, 0x00, 0x00, 0x00, 0x00, 0x00, 0xff, 0xff, 0xff, 0xff, 0x00, 0x00, 0x00, 0x0f, 0x03, 0x00, 0x00, 0x00, 0x03, 0x47, 0x00, 0x01, 0x61,
    0x0e, 0x00, 0x42, 0x00, 0x24, 0x00, 0x0a, 0x00, 0x02, 0x00, 0x00, 0x00, 0x00, 0x00, 0xff, 0xff, 0x1f, 0x00, 0x08, 0x00, 0x00, 0xff, 0xff, 0x00,
    0x00, 0x01, 0x00, 0x00, 0x00, 0xff, 0xff, 0x00, 0x00, 0x00, 0x00, 0x00, 0xff, 0xff, 0x00, 0x00, 0x00, 0x00, 0xff, 0xff, 0x09, 0x00, 0x00, 0xff,
    0xff, 0x00, 0x00, 0x86, 0x02, 0x01, 0x64, 0x80, 0x00, 0x05, 0x01, 0x00, 0x01, 0x02, 0x00, 0x00, 0x00, 0x00, 0x00, 0x01, 0x00, 0x00, 0x00, 0x01,
    0xff, 0xff, 0xff, 0xff, 0x00, 0x04, 0x00, 0x00, 0x00, 0x00, 0x00, 0xff, 0xff, 0x00, 0x00, 0xff, 0xff, 0x00, 0xff, 0xff, 0x00, 0x00, 0x00, 0x00,
    0x07, 0x00, 0x00, 0x61, 0x0e, 0x00, 0x42, 0x01, 0x09, 0x00, 0x0a, 0x00, 0x04, 0x00, 0x00, 0x00, 0x00, 0x01, 0xff, 0xff, 0x5e, 0x00, 0x60, 0x02,
    0x08, 0x00, 0x00, 0xff, 0xff, 0x00, 0x00, 0x02, 0x00, 0x00, 0x00, 0xff, 0xff, 0x00, 0x00, 0x00, 0x00, 0x00, 0xff, 0xff, 0x00, 0x00, 0x00, 0x00,
    0xff, 0xff, 0x09, 0x00, 0x00, 0xff, 0xff, 0x14, 0x00, 0x00, 0x00, 0x00, 0xff, 0xff, 0x00, 0x00, 0xff, 0xff, 0xff, 0xff, 0x00, 0xff, 0xff, 0x00,
    0x00, 0x00, 0x00, 0x00, 0xff, 0xff, 0x00, 0x00, 0x01, 0x0a, 0x00, 0xff, 0xff, 0xff, 0xff, 0x00, 0xff, 0xff, 0xff, 0xff, 0x00, 0x00, 0x00, 0x00,
    0xff, 0xff, 0xff, 0xff, 0x00, 0x00, 0x00, 0x00, 0x00, 0x00, 0xff, 0xff, 0xff, 0xff, 0x00, 0x00, 0x00, 0x00, 0x00, 0x00, 0x00, 0x00, 0x61, 0x0e,
    0x00, 0x42, 0x00, 0x24, 0x00, 0x0a, 0x00, 0x03, 0x06, 0x00, 0x01, 0x00, 0x02, 0xff, 0xff, 0x24, 0x00, 0x12, 0x00, 0xff, 0xff, 0xff, 0xff, 0x00,
    0x01, 0xff, 0xff, 0x20, 0x00, 0xff, 0xff, 0x00, 0x00, 0x00, 0x00, 0x00, 0x00, 0x00, 0x1e, 0x00, 0xff, 0xff, 0x00, 0x00, 0x00, 0xff, 0xff, 0x00,
    0x00, 0x00, 0x00, 0x00, 0x01, 0x00, 0x00, 0x61, 0x0f, 0x00, 0x4b, 0x43, 0x11, 0x00, 0x00, 0x00, 0x40, 0x08, 0x03, 0x07, 0x00, 0xff, 0xff, 0x00,
    0x4c, 0x3d, 0x00, 0x14, 0x00, 0x00, 0x00, 0x00, 0xff, 0xff, 0x00, 0x00, 0xff, 0xff, 0xff, 0xff, 0x03, 0xff, 0xff, 0x00, 0x00, 0x00, 0x00, 0x00,
    0xff, 0xff, 0x00, 0x00, 0x01, 0x08, 0x00, 0xff, 0xff, 0xff, 0xff, 0x00, 0xff, 0xff, 0xff, 0xff, 0x00, 0x00, 0x00, 0x00, 0xff, 0xff, 0xff, 0xff,
    0x00, 0x00, 0x00, 0x00, 0x00, 0x00, 0xff, 0xff, 0xff, 0xff, 0x00, 0x00, 0x00, 0x0f, 0x03, 0x00, 0x00, 0x00, 0x87, 0x03, 0x01, 0x01, 0x70, 0x04,
    0x0a, 0x00, 0x71, 0x01, 0x00, 0x01, 0x60, 0x02, 0x08, 0x00, 0x00, 0xff, 0xff, 0x00, 0x00, 0x02, 0x00, 0x00, 0x00, 0xff, 0xff, 0x00, 0x00, 0x00,
    0x00, 0x00, 0xff, 0xff, 0x00, 0x00, 0x00, 0x00, 0x3e, 0x00, 0x09, 0x00, 0x00, 0xff, 0xff, 0x14, 0x00, 0x00, 0x00, 0x00, 0xff, 0xff, 0x00, 0x00,
    0xff, 0xff, 0xff, 0xff, 0x00, 0xff, 0xff, 0x00, 0x00, 0x00, 0x00, 0x00, 0xff, 0xff, 0x00, 0x00, 0x02, 0x05, 0x00, 0xff, 0xff, 0xff, 0xff, 0x00,
    0xff, 0xff, 0xff, 0xff, 0x00, 0x00, 0x00, 0x00, 0xff, 0xff, 0xff, 0xff, 0x00, 0x00, 0x00, 0x00, 0x00, 0x00, 0xff, 0xff, 0xff, 0xff, 0x00, 0x00,
    0x00, 0x00, 0x00, 0x00, 0x0c, 0x00, 0x02, 0x00, 0xff, 0xff, 0x00, 0xff, 0xff, 0x00, 0xff, 0xff, 0x00, 0x00, 0x00, 0x02, 0xff, 0xff, 0xff, 0xff,
    0xff, 0xff, 0x00, 0x00, 0xff, 0xff, 0xff, 0xff, 0x00, 0x00, 0x00, 0xff, 0xff, 0x00, 0x00, 0x00, 0x00, 0x00, 0x00, 0xff, 0xff, 0x00, 0x00, 0xff,
    0xff, 0x00, 0x02, 0x00, 0x01, 0x00, 0x00, 0x00, 0xff, 0xff, 0x00, 0x00, 0x00, 0x00, 0xff, 0xff, 0xff, 0xff, 0x61, 0x05, 0x00, 0x41, 0x14, 0x00,
    0x00, 0x00, 0x3d, 0x00, 0x14, 0x00, 0x00, 0x00, 0x00, 0xff, 0xff, 0x00, 0x00, 0xff, 0xff, 0xff, 0xff, 0x02, 0xff, 0xff, 0x00, 0x00, 0x00, 0x00,
    0x00, 0xff, 0xff, 0x00, 0x00, 0x01, 0x00, 0x00, 0xff, 0xff, 0xff, 0xff, 0x00, 0x11, 0x00, 0xff, 0xff, 0x00, 0x00, 0x00, 0x00, 0xff, 0xff, 0xff,
    0xff, 0x00, 0x00, 0x00, 0x00, 0x00, 0x00, 0xff, 0xff, 0xff, 0xff, 0x00, 0x00, 0x00, 0x14, 0x00, 0x00, 0x00, 0x00, 0x61, 0x05, 0x00, 0x44, 0x00,
    0x01, 0x00, 0x00, 0x3d, 0x00, 0x14, 0x00, 0x00, 0x00, 0x00, 0xff, 0xff, 0x00, 0x00, 0xff, 0xff, 0xff, 0xff, 0x02, 0xff, 0xff, 0x03, 0x00, 0x00,
    0x05, 0x00, 0xff, 0xff, 0x00, 0x00, 0x01, 0x00, 0x00, 0xff, 0xff, 0xff, 0xff, 0x00, 0x11, 0x00, 0xff, 0xff, 0x00, 0x00, 0x00, 0x00, 0xff, 0xff,
    0xff, 0xff, 0x00, 0x00, 0x00, 0x00, 0x00, 0x00, 0xff, 0xff, 0xff, 0xff, 0x00, 0x00, 0x00, 0x05, 0x00, 0x00, 0x00, 0x00, 0x61, 0x0e, 0x00, 0x42,
    0x01, 0x09, 0x00, 0x0a, 0x00, 0x04, 0x00, 0x00, 0x00, 0x00, 0x01, 0xff, 0xff, 0x3e, 0x00, 0x0c, 0x00, 0x00, 0x00, 0xff, 0xff, 0x00, 0xff, 0xff,
    0x00, 0xff, 0xff, 0x01, 0x00, 0x00, 0x03, 0xff, 0xff, 0x20, 0x00, 0xff, 0xff, 0x00, 0x00, 0xff, 0xff, 0xff, 0xff, 0x00, 0x00, 0x00, 0xff, 0xff,
    0x00, 0x00, 0x00, 0x00, 0x00, 0x00, 0xff, 0xff, 0x00, 0x00, 0xff, 0xff, 0x00, 0x00, 0x00, 0x01, 0x00, 0x00, 0x00, 0xff, 0xff, 0x00, 0x00, 0x00,
    0x00, 0xff, 0xff, 0xff, 0xff, 0x00, 0x00, 0x88, 0x02, 0x86, 0x01, 0x00, 0x87, 0x03, 0x00, 0x01, 0x14, 0x00, 0x00, 0x00, 0x00, 0xff, 0xff, 0x00,
    0x00, 0xff, 0xff, 0xff, 0xff, 0x03, 0xff, 0xff, 0x00, 0x00, 0x00, 0x00, 0x00, 0xff, 0xff, 0x00, 0x00, 0x01, 0x08, 0x00, 0xff, 0xff, 0xff, 0xff,
    0x00, 0xff, 0xff, 0xff, 0xff, 0x00, 0x00, 0x00, 0x00, 0xff, 0xff, 0xff, 0xff, 0x00, 0x00, 0x00, 0x00, 0x00, 0x00, 0xff, 0xff, 0xff, 0xff, 0x00,
    0x00, 0x00, 0x0f, 0x03, 0x00, 0x60, 0x03, 0x20, 0xff, 0xff, 0xff, 0xff, 0x00, 0x00, 0x00, 0x01, 0x3b, 0x00, 0x00, 0x00, 0x01, 0xff, 0xff, 0x01,
    0x00, 0x00, 0x11, 0x00, 0x00, 0x00, 0x00, 0x00, 0x00, 0x20, 0xff, 0xff, 0xff, 0xff, 0x00, 0x00, 0x00, 0x01, 0xff, 0xff, 0x00, 0x00, 0x01, 0xff,
    0xff, 0x01, 0x01, 0x00, 0x11, 0x00, 0x00, 0x00, 0x00, 0x00, 0x00, 0x0c, 0x00, 0x00, 0x00, 0xff, 0xff, 0x00, 0xff, 0xff, 0x00, 0xff, 0xff, 0x00,
    0x00, 0x00, 0x01, 0xff, 0xff, 0x00, 0x00, 0xff, 0xff, 0x00, 0x00, 0xff, 0xff, 0xff, 0xff, 0x00, 0x00, 0x00, 0xff, 0xff, 0x00, 0x00, 0x00, 0x00,
    0x00, 0x00, 0xff, 0xff, 0x00, 0x00, 0xff, 0xff, 0x00, 0x00, 0x00, 0x01, 0x00, 0x00, 0x00, 0xff, 0xff, 0x00, 0x00, 0x00, 0x00, 0xff, 0xff, 0xff,
    0xff, 0x24, 0x51, 0x00, 0x01, 0x23, 0x01, 0x03, 0x01, 0x11, 0x00, 0x01, 0x02, 0x00, 0x61, 0x03, 0x00, 0x45, 0x00, 0x00, 0x24, 0x00, 0x12, 0x00,
    0xff, 0xff, 0xff, 0xff, 0x00, 0x00, 0xff, 0xff, 0xff, 0xff, 0xff, 0xff, 0x00, 0x00, 0x00, 0x00, 0x00, 0x00, 0x00, 0x1e, 0x00, 0xff, 0xff, 0x00,
    0x00, 0x00, 0xff, 0xff, 0x02, 0x01, 0x00, 0x00, 0x00, 0x01, 0x00, 0x00, 0x61, 0x05, 0x00, 0x41, 0x14, 0x00, 0x00, 0x00, 0x24, 0x00, 0x12, 0x00,
    0xff, 0xff, 0xff, 0xff, 0x00, 0x00, 0xff, 0xff, 0xff, 0xff, 0xff, 0xff, 0x00, 0x00, 0x00, 0x00, 0x00, 0x00, 0x00, 0x1e, 0x00, 0xff, 0xff, 0x00,
    0x00, 0x00, 0xff, 0xff, 0x00, 0x01, 0x00, 0x00, 0x00, 0x01, 0x00, 0x00, 0x61, 0x08, 0x00, 0x40, 0x08, 0x03, 0x0b, 0x00, 0xff, 0xff, 0x00, 0x5e,
    0x00, 0x60, 0x02, 0x08, 0x00, 0x00, 0xff, 0xff, 0x00, 0x00, 0x02, 0x00, 0x00, 0x00, 0xff, 0xff, 0x00, 0x00, 0x00, 0x00, 0x00, 0xff, 0xff, 0x00,
    0x00, 0x00, 0x00, 0xff, 0xff, 0x09, 0x00, 0x00, 0xff, 0xff, 0x14, 0x00, 0x00, 0x00, 0x00, 0xff, 0xff, 0x00, 0x00, 0xff, 0xff, 0xff, 0xff, 0x00,
    0xff, 0xff, 0x00, 0x00, 0x00, 0x00, 0x00, 0xff, 0xff, 0x00, 0x00, 0x01, 0x05, 0x00, 0xff, 0xff, 0xff, 0xff, 0x00, 0xff, 0xff, 0xff, 0xff, 0x00,
    0x00, 0x00, 0x00, 0xff, 0xff, 0xff, 0xff, 0x00, 0x00, 0x00, 0x00, 0x00, 0x00, 0xff, 0xff, 0xff, 0xff, 0x00, 0x00, 0x00, 0x00, 0x00, 0x00, 0x00,
    0x00, 0x61, 0x05, 0x00, 0x43, 0x11, 0x00, 0x00, 0x00, 0x14, 0x00, 0x19, 0x01, 0x00, 0x00, 0x00, 0x01, 0xff, 0xff, 0x01, 0x01, 0x52, 0x00, 0x00,
    0xff, 0xff, 0x01, 0x00, 0x00, 0xff, 0xff, 0x00, 0x00, 0x61, 0x03, 0x00, 0x48, 0x00, 0x00, 0x24, 0x00, 0x12, 0x00, 0xff, 0xff, 0xff, 0xff, 0x00,
    0x00, 0xff, 0xff, 0xff, 0xff, 0xff, 0xff, 0x00, 0x00, 0x00, 0x00, 0x00, 0x00, 0x00, 0x1e, 0x00, 0xff, 0xff, 0x00, 0x00, 0x00, 0xff, 0xff, 0x00,
    0x01, 0x00, 0x00, 0x00, 0x01, 0x00, 0x00, 0x80, 0x00, 0x05, 0x01, 0x00, 0x01, 0x61, 0x0e, 0x00, 0x42, 0x01, 0x09, 0x00, 0xff, 0xff, 0x00, 0x00,
    0x00, 0x00, 0x00, 0x01, 0xff, 0xff, 0x3d, 0x00, 0x14, 0x00, 0x00, 0x00, 0x00, 0xff, 0xff, 0x00, 0x00, 0xff, 0xff, 0xff, 0xff, 0x02, 0xff, 0xff,
    0x00, 0x00, 0x00, 0x00, 0x00, 0xff, 0xff, 0x00, 0x00, 0x01, 0x00, 0x00, 0xff, 0xff, 0xff, 0xff, 0x01, 0x04, 0x00, 0xff, 0xff, 0x00, 0x00, 0x00,
    0x00, 0xff, 0xff, 0xff, 0xff, 0x00, 0x00, 0x00, 0x00, 0x00, 0x00, 0xff, 0xff, 0xff, 0xff, 0x00, 0x00, 0x00, 0x05, 0x00, 0x00, 0x00, 0x00, 0x61,
    0x08, 0x00, 0x40, 0x0d, 0x03, 0x02, 0x02, 0xff, 0xff, 0x00, 0x3e, 0x00, 0x0c, 0x00, 0x00, 0x00, 0xff, 0xff, 0x00, 0xff, 0xff, 0x00, 0xff, 0xff,
    0x01, 0x00, 0x00, 0x02, 0xff, 0xff, 0x20, 0x00, 0xff, 0xff, 0x00, 0x00, 0xff, 0xff, 0xff, 0xff, 0x00, 0x00, 0x00, 0xff, 0xff, 0x00, 0x00, 0x00,
    0x00, 0x00, 0x00, 0xff, 0xff, 0x00, 0x00, 0xff, 0xff, 0x00, 0x00, 0x00, 0x01, 0x00, 0x00, 0x00, 0xff, 0xff, 0x00, 0x00, 0x00, 0x00, 0xff, 0xff,
    0xff, 0xff, 0x00, 0x00, 0x17, 0x00, 0x01, 0x00, 0x00, 0x02, 0x12, 0x02, 0xff, 0xff, 0x01, 0x00, 0x00, 0x00, 0xff, 0xff, 0x61, 0x08, 0x00, 0x40,
    0x12, 0x03, 0x02, 0x03, 0xff, 0xff, 0x00, 0x24, 0x00, 0x12, 0x00, 0xff, 0xff, 0xff, 0xff, 0x00, 0x01, 0xff, 0xff, 0x20, 0x00, 0xff, 0xff, 0x00,
    0x00, 0x00, 0x00, 0x00, 0x00, 0x00, 0x1e, 0x00, 0x53, 0x00, 0x00, 0x00, 0x00, 0xff, 0xff, 0x00, 0x00, 0x00, 0x00, 0x00, 0x01, 0x00, 0x00, 0x88,
    0x02, 0x86, 0x02, 0x00, 0x80, 0x00, 0x05, 0x01, 0x00, 0x01, 0x60, 0x02, 0x08, 0x00, 0x00, 0xff, 0xff, 0x00, 0x00, 0x01, 0x00, 0x00, 0x00, 0x04,
    0x00, 0x00, 0x00, 0x00, 0x00, 0x00, 0xff, 0xff, 0x00, 0x00, 0x00, 0x00, 0xff, 0xff, 0x09, 0x00, 0x00, 0xff, 0xff, 0x0c, 0x00, 0x00, 0x00, 0xff,
    0xff, 0x00, 0xff, 0xff, 0x01, 0xff, 0xff, 0x00, 0x00, 0x00, 0x01, 0xff, 0xff, 0x00, 0x00, 0xff, 0xff, 0x00, 0x00, 0x04, 0x00, 0xff, 0xff, 0x00,
    0x00, 0x00, 0xff, 0xff, 0x00, 0x00, 0x00, 0x00, 0x00, 0x00, 0xff, 0xff, 0x00, 0x00, 0xff, 0xff, 0x00, 0x00, 0x00, 0x01, 0x00, 0x00, 0x00, 0xff,
    0xff, 0x00, 0x00, 0x01, 0x00, 0xff, 0xff, 0xff, 0xff, 0x61, 0x03, 0x00, 0x45, 0x00, 0x00, 0x3e, 0x00, 0x0c, 0x00, 0x00, 0x00, 0xff, 0xff, 0x00,
    0xff, 0xff, 0x00, 0xff, 0xff, 0x01, 0x00, 0x00, 0x02, 0xff, 0xff, 0x20, 0x00, 0xff, 0xff, 0x00, 0x00, 0xff, 0xff, 0xff, 0xff, 0x00, 0x00, 0x00,
    0xff, 0xff, 0x00, 0x00, 0x00, 0x00, 0x00, 0x00, 0xff, 0xff, 0x00, 0x00, 0xff, 0xff, 0x00, 0x00, 0x00, 0x01, 0x00, 0x00, 0x00, 0xff, 0xff, 0x00,
    0x00, 0x00, 0x00, 0xff, 0xff, 0xff, 0xff, 0x00, 0x00, 0x60, 0x04, 0x1e, 0x00, 0x00, 0x00, 0x00, 0x00, 0x00, 0x01, 0x00, 0x00, 0x00, 0x00, 0x00,
    0xff, 0xff, 0x00, 0x00, 0x0a, 0x00, 0x14, 0x00, 0x00, 0x00, 0x00, 0xff, 0xff, 0x00, 0x00, 0xff, 0xff, 0xff, 0xff, 0x00, 0xff, 0xff, 0x00, 0x00,
    0x00, 0x00, 0x00, 0xff, 0xff, 0x00, 0x00, 0x01, 0x00, 0x00, 0xff, 0xff, 0xff, 0xff, 0x00, 0xff, 0xff, 0xff, 0xff, 0x00, 0x00, 0x00, 0x00, 0xff,
    0xff, 0xff, 0xff, 0x00, 0x00, 0x00, 0x00, 0x00, 0x00, 0xff, 0xff, 0xff, 0xff, 0x00, 0x00, 0x00, 0x14, 0x00, 0x00, 0x19, 0x01, 0x00, 0x00, 0x00,
    0x01, 0xff, 0xff, 0x00, 0x00, 0xff, 0xff, 0x00, 0xff, 0xff, 0x00, 0x00, 0x00, 0xff, 0xff, 0x14, 0x00, 0x00, 0x00, 0x00, 0xff, 0xff, 0x00, 0x00,
    0xff, 0xff, 0xff, 0xff, 0x00, 0xff, 0xff, 0x00, 0x00, 0x00, 0x00, 0x00, 0xff, 0xff, 0x00, 0x00, 0x01, 0x05, 0x00, 0xff, 0xff, 0xff, 0xff, 0x00,
    0xff, 0xff, 0xff, 0xff, 0x00, 0x00, 0x00, 0x00, 0xff, 0xff, 0xff, 0xff, 0x00, 0x00, 0x00, 0x00, 0x00, 0x00, 0xff, 0xff, 0xff, 0xff, 0x00, 0x00,
    0x00, 0x14, 0x00, 0x00, 0x61, 0x03, 0x00, 0x46, 0x01, 0x00, 0x1f, 0x00, 0x08, 0x00, 0x00, 0xff, 0xff, 0x00, 0x00, 0x01, 0x00, 0x00, 0x00, 0xff,
    0xff, 0x00, 0x00, 0x00, 0x00, 0x00, 0xff, 0xff, 0x00, 0x00, 0x00, 0x00, 0xff, 0xff, 0x09, 0x00, 0x00, 0xff, 0xff, 0x00, 0x00, 0x87, 0x03, 0x00,
    0x01, 0x02, 0x00, 0x00, 0x00, 0x00, 0x00, 0x03, 0x00, 0x00, 0x00, 0x01, 0xff, 0xff, 0xff, 0xff, 0x00, 0xff, 0xff, 0x00, 0x00, 0x00, 0x00, 0xff,
    0xff, 0x00, 0x00, 0xff, 0xff, 0x00, 0xff, 0xff, 0x00, 0x00, 0x00, 0x00, 0x07, 0x00, 0x00, 0x61, 0x03, 0x00, 0x45, 0x01, 0x00, 0x3e, 0x00, 0x0c,
    0x00, 0x00, 0x00, 0xff, 0xff, 0x00, 0xff, 0xff, 0x00, 0xff, 0xff, 0x01, 0x00, 0x00, 0x01, 0xff, 0xff, 0x20, 0x00, 0xff, 0xff, 0x00, 0x00, 0xff,
    0xff, 0xff, 0xff, 0x00, 0x00, 0x00, 0x08, 0x00, 0x00, 0x00, 0x00, 0x00, 0x00, 0x00, 0xff, 0xff, 0x00, 0x00, 0xff, 0xff, 0x00, 0x00, 0x00, 0x05,
    0x00, 0x00, 0x00, 0xff, 0xff, 0x00, 0x00, 0x00, 0x00, 0xff, 0xff, 0xff, 0xff, 0x00, 0x00, 0x61, 0x04, 0x00, 0x47, 0x03, 0x00, 0x00, 0x1d, 0x00,
    0x0f, 0xff, 0xff, 0x01, 0x01, 0x00, 0x00, 0x02, 0x00, 0x20, 0x00, 0x00, 0xff, 0xff, 0x00, 0x00, 0x19, 0x00, 0x00, 0x00, 0x00, 0x00, 0x00, 0x00,
    0x00, 0x01, 0x00, 0x00, 0x02, 0x00, 0x00, 0x02, 0x00, 0x00, 0x00, 0x00, 0x00, 0x01, 0x00, 0x00, 0x00, 0x02, 0xff, 0xff, 0xff, 0xff, 0x00, 0xff,
    0xff, 0x00, 0x00, 0x00, 0x00, 0xff, 0xff, 0x00, 0x00, 0xff, 0xff, 0x00, 0xff, 0xff, 0x00, 0x00, 0x01, 0x00, 0x07, 0x00, 0x00, 0x61, 0x08, 0x00,
    0x40, 0x00, 0x03, 0x01, 0x01, 0xff, 0xff, 0x00, 0x5f, 0x00, 0x60, 0x02, 0x08, 0x00, 0x00, 0xff, 0xff, 0x00, 0x00, 0x01, 0x00, 0x00, 0x00, 0xff,
    0xff, 0x00, 0x00, 0x00, 0x00, 0x00, 0xff, 0xff, 0x00, 0x00, 0x00, 0x00, 0xff, 0xff, 0x09, 0x00, 0x00, 0xff, 0xff, 0x0c, 0x00, 0x00, 0x00, 0xff,
    0xff, 0x00, 0xff, 0xff, 0x00, 0xff, 0xff, 0x00, 0x00, 0x00, 0x03, 0xff, 0xff, 0x00, 0x00, 0xff, 0xff, 0x00, 0x00, 0xff, 0xff, 0xff, 0xff, 0x00,
    0x00, 0x00, 0xff, 0xff, 0x00, 0x00, 0x00, 0x00, 0x00, 0x00, 0xff, 0xff, 0x00, 0x00, 0xff, 0xff, 0x00, 0x00, 0x00, 0x05, 0x00, 0x00, 0x00, 0xff,
    0xff, 0x00, 0x00, 0x00, 0x00, 0xff, 0xff, 0xff, 0xff, 0x00, 0x00, 0x65, 0x01, 0x04, 0x00, 0x00, 0x00, 0x00, 0x00, 0x00, 0x02, 0x02, 0x00, 0x00,
    0x00, 0x00, 0x00, 0x03, 0x00, 0x00, 0x00, 0x01, 0xff, 0xff, 0xff, 0xff, 0x00, 0xff, 0xff, 0x00, 0x00, 0x00, 0x00, 0xff, 0xff, 0x00, 0x00, 0xff,
    0xff, 0x00, 0xff, 0xff, 0x00, 0x00, 0x00, 0x00, 0x07, 0x00, 0x00, 0x14, 0x00, 0x00, 0x00, 0x00, 0xff, 0xff, 0x00, 0x00, 0xff, 0xff, 0xff, 0xff,
    0x02, 0xff, 0xff, 0x00, 0x00, 0x00, 0x00, 0x00, 0xff, 0xff, 0x00, 0x00, 0x02, 0x0a, 0x00, 0xff, 0xff, 0xff, 0xff, 0x00, 0x04, 0x00, 0xff, 0xff,
    0x00, 0x00, 0x01, 0x00, 0xff, 0xff, 0xff, 0xff, 0x00, 0x00, 0x00, 0x00, 0x00, 0x00, 0xff, 0xff, 0x21, 0x00, 0x00, 0x00, 0x00, 0x05, 0x00, 0x00,
    0x0c, 0x00, 0x00, 0x00, 0xff, 0xff, 0x00, 0xff, 0xff, 0x03, 0xff, 0xff, 0x00, 0x00, 0x00, 0x01, 0xff, 0xff, 0xff, 0xff, 0xff, 0xff, 0x00, 0x00,
    0xff, 0xff, 0xff, 0xff, 0x00, 0x00, 0x00, 0xff, 0xff, 0x12, 0x00, 0x00, 0x00, 0x00, 0x00, 0xff, 0xff, 0x01, 0x01, 0xff, 0xff, 0x00, 0x00, 0x00,
    0x01, 0x00, 0x00, 0x00, 0xff, 0xff, 0x00, 0x00, 0x00, 0x00, 0xff, 0xff, 0xff, 0xff, 0x85, 0x01, 0x14, 0x00, 0x00, 0x00, 0x00, 0xff, 0xff, 0x00,
    0x00, 0xff, 0xff, 0xff, 0xff, 0x02, 0xff, 0xff, 0x00, 0x00, 0x00, 0x00, 0x00, 0xff, 0xff, 0x00, 0x00, 0x01, 0x00, 0x00, 0xff, 0xff, 0xff, 0xff,
    0x00, 0x04, 0x00, 0xff, 0xff, 0x00, 0x00, 0x00, 0x00, 0xff, 0xff, 0xff, 0xff, 0x00, 0x00, 0x00, 0x00, 0x00, 0x00, 0x53, 0x00, 0xff, 0xff, 0x00,
    0x00, 0x00, 0x05, 0x00, 0x00, 0x61, 0x03, 0x00, 0x46, 0x01, 0x00, 0x3d, 0x00, 0x14, 0x00, 0x00, 0x00, 0x00, 0xff, 0xff, 0x00, 0x00, 0xff, 0xff,
    0xff, 0xff, 0x03, 0xff, 0xff, 0x00, 0x00, 0x00, 0x00, 0x00, 0xff, 0xff, 0x00, 0x00, 0x01, 0x08, 0x00, 0xff, 0xff, 0xff, 0xff, 0x01, 0xff, 0xff,
    0xff, 0xff, 0x00, 0x00, 0x00, 0x00, 0xff, 0xff, 0xff, 0xff, 0x00, 0x00, 0x00, 0x00, 0x00, 0x00, 0xff, 0xff, 0xff, 0xff, 0x00, 0x00, 0x00, 0x0f,
    0x03, 0x00, 0x00, 0x00, 0x14, 0x00, 0x00, 0x00, 0x00, 0xff, 0xff, 0x00, 0x00, 0xff, 0xff, 0xff, 0xff, 0x01, 0xff, 0xff, 0x00, 0x00, 0x00, 0x00,
    0x00, 0xff, 0xff, 0x00, 0x00, 0x01, 0x00, 0x00, 0xff, 0xff, 0xff, 0xff, 0x00, 0x04, 0x00, 0xff, 0xff, 0x00, 0x00, 0x00, 0x00, 0xff, 0xff, 0xff,
    0xff, 0x00, 0x00, 0x00, 0x00, 0x00, 0x00, 0xff, 0xff, 0xff, 0xff, 0x00, 0x00, 0x00, 0x14, 0x00, 0x00, 0x86, 0x02, 0x01, 0x14, 0x00, 0x00, 0x00,
    0x00, 0xff, 0xff, 0x00, 0x00, 0xff, 0xff, 0xff, 0xff, 0x01, 0x54, 0x00, 0x04, 0x00, 0x00, 0x05, 0x00, 0xff, 0xff, 0x00, 0x00, 0x01, 0x01, 0x00,
    0xff, 0xff, 0xff, 0xff, 0x00, 0xff, 0xff, 0xff, 0xff, 0x00, 0x00, 0x00, 0x00, 0xff, 0xff, 0xff, 0xff, 0x00, 0x00, 0x00, 0x00, 0x00, 0x00, 0xff,
    0xff, 0xff, 0xff, 0x00, 0x00, 0x00, 0x00, 0x00, 0x00, 0x61, 0x05, 0x00, 0x44, 0x00, 0x00, 0x00, 0x00, 0x5e, 0x00, 0x60, 0x02, 0x08, 0x00, 0x00,
    0xff, 0xff, 0x00, 0x00, 0x02, 0x00, 0x00, 0x00, 0xff, 0xff, 0x00, 0x00, 0x00, 0x00, 0x00, 0xff, 0xff, 0x00, 0x00, 0x00, 0x00, 0xff, 0xff, 0x09,
    0x00, 0x00, 0xff, 0xff, 0x14, 0x00, 0x00, 0x00, 0x00, 0xff, 0xff, 0x00, 0x00, 0xff, 0xff, 0xff, 0xff, 0x00, 0xff, 0xff, 0x00, 0x00, 0x00, 0x00,
    0x00, 0xff, 0xff, 0x00, 0x00, 0x01, 0x05, 0x00, 0xff, 0xff, 0xff, 0xff, 0x00, 0xff, 0xff, 0xff, 0xff, 0x00, 0x00, 0x00, 0x00, 0xff, 0xff, 0xff,
    0xff, 0x00, 0x00, 0x00, 0x00, 0x00, 0x00, 0xff, 0xff, 0xff, 0xff, 0x00, 0x00, 0x00, 0x00, 0x00, 0x00, 0x00, 0x00, 0x86, 0x02, 0x01, 0x14, 0x00,
    0x00, 0x00, 0x00, 0xff, 0xff, 0x00, 0x00, 0xff, 0xff, 0xff, 0xff, 0x01, 0x55, 0x00, 0x04, 0x00, 0x00, 0x05, 0x00, 0xff, 0xff, 0x00, 0x00, 0x01,
    0x01, 0x00, 0xff, 0xff, 0xff, 0xff, 0x00, 0xff, 0xff, 0xff, 0xff, 0x00, 0x00, 0x00, 0x00, 0xff, 0xff, 0xff, 0xff, 0x00, 0x00, 0x00, 0x00, 0x00,
    0x00, 0xff, 0xff, 0xff, 0xff, 0x00, 0x00, 0x00, 0x00, 0x00, 0x00, 0x70, 0x02, 0x0a, 0x00, 0x71, 0x01, 0x00, 0x01, 0x86, 0x02, 0x01, 0x14, 0x00,
    0x00, 0x00, 0x00, 0xff, 0xff, 0x00, 0x00, 0xff, 0xff, 0xff, 0xff, 0x01, 0x56, 0x00, 0x04, 0x00, 0x00, 0x05, 0x00, 0xff, 0xff, 0x00, 0x00, 0x01,
    0x01, 0x00, 0xff, 0xff, 0xff, 0xff, 0x00, 0xff, 0xff, 0xff, 0xff, 0x00, 0x00, 0x00, 0x00, 0xff, 0xff, 0xff, 0xff, 0x00, 0x00, 0x00, 0x00, 0x00,
    0x00, 0xff, 0xff, 0xff, 0xff, 0x00, 0x00, 0x00, 0x00, 0x00, 0x00, 0x70, 0x02, 0x0a, 0x00, 0x71, 0x01, 0x00, 0x01, 0x61, 0x05, 0x00, 0x44, 0x00,
    0x00, 0x00, 0x00, 0x5e, 0x00, 0x60, 0x02, 0x08, 0x00, 0x00, 0xff, 0xff, 0x00, 0x00, 0x02, 0x00, 0x00, 0x00, 0xff, 0xff, 0x00, 0x00, 0x00, 0x00,
    0x00, 0xff, 0xff, 0x00, 0x00, 0x00, 0x00, 0xff, 0xff, 0x09, 0x00, 0x00, 0xff, 0xff, 0x14, 0x00, 0x00, 0x00, 0x00, 0xff, 0xff, 0x00, 0x00, 0xff,
    0xff, 0xff, 0xff, 0x00, 0xff, 0xff, 0x00, 0x00, 0x00, 0x00, 0x00, 0xff, 0xff, 0x00, 0x00, 0x02, 0x05, 0x00, 0xff, 0xff, 0xff, 0xff, 0x00, 0xff,
    0xff, 0xff, 0xff, 0x00, 0x00, 0x00, 0x00, 0xff, 0xff, 0xff, 0xff, 0x00, 0x00, 0x00, 0x00, 0x00, 0x00, 0xff, 0xff, 0xff, 0xff, 0x00, 0x00, 0x00,
    0x00, 0x00, 0x00, 0x00, 0x00, 0x61, 0x05, 0x00, 0x44, 0x00, 0x00, 0x00, 0x00, 0x5e, 0x00, 0x60, 0x02, 0x08, 0x00, 0x00, 0xff, 0xff, 0x00, 0x00,
    0x02, 0x00, 0x00, 0x00, 0xff, 0xff, 0x00, 0x00, 0x00, 0x00, 0x00, 0xff, 0xff, 0x00, 0x00, 0x00, 0x00, 0xff, 0xff, 0x09, 0x00, 0x00, 0xff, 0xff,
    0x14, 0x00, 0x00, 0x00, 0x00, 0xff, 0xff, 0x00, 0x00, 0xff, 0xff, 0xff, 0xff, 0x00, 0xff, 0xff, 0x00, 0x00, 0x00, 0x00, 0x00, 0xff, 0xff, 0x00,
    0x00, 0x02, 0x05, 0x00, 0xff, 0xff, 0xff, 0xff, 0x00, 0xff, 0xff, 0xff, 0xff, 0x00, 0x00, 0x00, 0x00, 0xff, 0xff, 0xff, 0xff, 0x00, 0x00, 0x00,
    0x00, 0x00, 0x00, 0xff, 0xff, 0xff, 0xff, 0x00, 0x00, 0x00, 0x00, 0x00, 0x00, 0x00, 0x00, 0x70, 0x02, 0x0a, 0x00, 0x71, 0x01, 0x00, 0x01, 0x61,
    0x05, 0x00, 0x44, 0x00, 0x00, 0x00, 0x00, 0x5e, 0x00, 0x60, 0x02, 0x08, 0x00, 0x00, 0xff, 0xff, 0x00, 0x00, 0x02, 0x00, 0x00, 0x00, 0xff, 0xff,
    0x00, 0x00, 0x00, 0x00, 0x00, 0xff, 0xff, 0x00, 0x00, 0x00, 0x00, 0xff, 0xff, 0x09, 0x00, 0x00, 0xff, 0xff, 0x14, 0x00, 0x00, 0x00, 0x00, 0xff,
    0xff, 0x00, 0x00, 0xff, 0xff, 0xff, 0xff, 0x00, 0xff, 0xff, 0x00, 0x00, 0x00, 0x00, 0x00, 0xff, 0xff, 0x00, 0x00, 0x01, 0x05, 0x00, 0xff, 0xff,
    0xff, 0xff, 0x00, 0xff, 0xff, 0xff, 0xff, 0x00, 0x00, 0x00, 0x00, 0xff, 0xff, 0xff, 0xff, 0x00, 0x00, 0x00, 0x00, 0x00, 0x00, 0xff, 0xff, 0xff,
    0xff, 0x00, 0x00, 0x00, 0x00, 0x00, 0x00, 0x00, 0x00, 0x86, 0x02, 0x01, 0x14, 0x00, 0x00, 0x00, 0x00, 0xff, 0xff, 0x00, 0x00, 0xff, 0xff, 0xff,
    0xff, 0x01, 0x49, 0x00, 0x04, 0x00, 0x00, 0x05, 0x00, 0xff, 0xff, 0x00, 0x00, 0x01, 0x01, 0x00, 0xff, 0xff, 0xff, 0xff, 0x00, 0xff, 0xff, 0xff,
    0xff, 0x00, 0x00, 0x00, 0x00, 0xff, 0xff, 0xff, 0xff, 0x00, 0x00, 0x00, 0x00, 0x00, 0x00, 0xff, 0xff, 0xff, 0xff, 0x00, 0x00, 0x00, 0x00, 0x00,
    0x00, 0x70, 0x02, 0x0a, 0x00, 0x71, 0x01, 0x00, 0x01, 0x80, 0x00, 0x05, 0x01, 0x00, 0x01, 0x70, 0x02, 0x0a, 0x00, 0x71, 0x01, 0x00, 0x01, 0x08,
    0x00, 0x00, 0xff, 0xff, 0x00, 0x00, 0x01, 0x00, 0x00, 0x00, 0xff, 0xff, 0x00, 0x00, 0x00, 0x00, 0x00, 0xff, 0xff, 0x00, 0x00, 0x00, 0x00, 0xff,
    0xff, 0x09, 0x00, 0x00, 0xff, 0xff, 0x0c, 0x00, 0x00, 0x00, 0xff, 0xff, 0x00, 0xff, 0xff, 0x00, 0xff, 0xff, 0x00, 0x00, 0x00, 0x01, 0xff, 0xff,
    0xff, 0xff, 0xff, 0xff, 0x01, 0x00, 0x57, 0x00, 0xff, 0xff, 0x00, 0x00, 0x00, 0xff, 0xff, 0x01, 0x00, 0x00, 0x00, 0x00, 0x00, 0xff, 0xff, 0x01,
    0x01, 0xff, 0xff, 0x00, 0x00, 0x00, 0x05, 0x00, 0x00, 0x00, 0xff, 0xff, 0x00, 0x00, 0x00, 0x00, 0xff, 0xff, 0xff, 0xff, 0x80, 0x00, 0x05, 0x01,
    0x00, 0x01, 0x64, 0x88, 0x02, 0x87, 0x03, 0x01, 0x01, 0x80, 0x00, 0x05, 0x01, 0x00, 0x01, 0x70, 0x03, 0x0a, 0x00, 0x71, 0x01, 0x00, 0x01, 0x87,
    0x03, 0x01, 0x01, 0x02, 0x00, 0x00, 0x00, 0x00, 0x00, 0x01, 0x00, 0x09, 0x05, 0x01, 0xff, 0xff, 0xff, 0xff, 0x00, 0xff, 0xff, 0x00, 0x00, 0x00,
    0x00, 0xff, 0xff, 0x00, 0x00, 0xff, 0xff, 0x00, 0xff, 0xff, 0x00, 0x00, 0x01, 0x00, 0x03, 0x00, 0x01, 0x61, 0x04, 0x00, 0x47, 0x03, 0x00, 0x00,
    0x3e, 0x00, 0x0c, 0x00, 0x00, 0x00, 0xff, 0xff, 0x00, 0xff, 0xff, 0x00, 0xff, 0xff, 0x01, 0x00, 0x00, 0x01, 0xff, 0xff, 0x20, 0x00, 0xff, 0xff,
    0x00, 0x00, 0xff, 0xff, 0xff, 0xff, 0x00, 0x00, 0x00, 0xff, 0xff, 0x00, 0x00, 0x00, 0x00, 0x00, 0x00, 0xff, 0xff, 0x00, 0x00, 0xff, 0xff, 0x00,
    0x00, 0x00, 0x05, 0x00, 0x00, 0x00, 0xff, 0xff, 0x00, 0x00, 0x00, 0x00, 0xff, 0xff, 0xff, 0xff, 0x00, 0x00, 0x61, 0x05, 0x00, 0x44, 0x00, 0x01,
    0x00, 0x00, 0x26, 0x00, 0x02, 0x00, 0x00, 0x00, 0x02, 0x05, 0x01, 0x00, 0x00, 0x00, 0x01, 0xff, 0xff, 0xff, 0xff, 0x00, 0xff, 0xff, 0x00, 0x00,
    0x00, 0x01, 0xff, 0xff, 0x00, 0x00, 0xff, 0xff, 0x00, 0xff, 0xff, 0x00, 0x00, 0x01, 0x00, 0x03, 0x00, 0x01, 0x00, 0x00, 0x61, 0x05, 0x00, 0x44,
    0x00, 0x01, 0x00, 0x00, 0x26, 0x00, 0x02, 0x00, 0x00, 0x00, 0x00, 0x00, 0x03, 0x00, 0x00, 0x00, 0x02, 0xff, 0xff, 0xff, 0xff, 0x00, 0xff, 0xff,
    0x00, 0x00, 0x00, 0x00, 0xff, 0xff, 0x00, 0x00, 0xff, 0xff, 0x00, 0xff, 0xff, 0x00, 0x00, 0x00, 0x00, 0x07, 0x00, 0x00, 0x00, 0x00, 0x80, 0x01,
    0x0f, 0x01, 0x00, 0x02, 0x14, 0x00, 0x00, 0x00, 0x00, 0xff, 0xff, 0x00, 0x00, 0xff, 0xff, 0xff, 0xff, 0x02, 0xff, 0xff, 0x00, 0x00, 0x00, 0x00,
    0x00, 0xff, 0xff, 0x00, 0x00, 0x01, 0x00, 0x00, 0xff, 0xff, 0xff, 0xff, 0x00, 0xff, 0xff, 0xff, 0xff, 0x00, 0x00, 0x00, 0x00, 0xff, 0xff, 0xff,
    0xff, 0x00, 0x00, 0x00, 0x00, 0x00, 0x00, 0xff, 0xff, 0xff, 0xff, 0x00, 0x00, 0x00, 0x05, 0x00, 0x00, 0x86, 0x01, 0x01, 0x14, 0x00, 0x00, 0x00,
    0x00, 0xff, 0xff, 0x00, 0x00, 0xff, 0xff, 0xff, 0xff, 0x03, 0xff, 0xff, 0x00, 0x00, 0x00, 0x00, 0x00, 0xff, 0xff, 0x00, 0x00, 0x01, 0x08, 0x00,
    0xff, 0xff, 0xff, 0xff, 0x00, 0xff, 0xff, 0xff, 0xff, 0x00, 0x00, 0x00, 0x00, 0xff, 0xff, 0xff, 0xff, 0x00, 0x00, 0x00, 0x00, 0x00, 0x00, 0xff,
    0xff, 0xff, 0xff, 0x00, 0x00, 0x00, 0x0f, 0x03, 0x00, 0x61, 0x0f, 0x00, 0x4b, 0x40, 0x01, 0x03, 0x03, 0x01, 0x0d, 0x00, 0x00, 0x41, 0x05, 0x02,
    0x00, 0x00, 0x4c, 0x24, 0x00, 0x12, 0x00, 0x58, 0x00, 0xff, 0xff, 0x00, 0x00, 0xff, 0xff, 0xff, 0xff, 0xff, 0xff, 0x00, 0x00, 0x00, 0x00, 0x00,
    0x00, 0x00, 0x1e, 0x00, 0xff, 0xff, 0x00, 0x00, 0x00, 0xff, 0xff, 0x00, 0x01, 0x00, 0x00, 0x00, 0x01, 0x00, 0x00, 0x63, 0x00, 0x86, 0x02, 0x01,
    0x60, 0x02, 0x0c, 0x00, 0x00, 0x00, 0xff, 0xff, 0x00, 0xff, 0xff, 0x00, 0xff, 0xff, 0x00, 0x00, 0x00, 0x01, 0xff, 0xff, 0x00, 0x00, 0xff, 0xff,
    0x00, 0x00, 0xff, 0xff, 0xff, 0xff, 0x00, 0x00, 0x00, 0xff, 0xff, 0x00, 0x00, 0x00, 0x00, 0x00, 0x00, 0xff, 0xff, 0x00, 0x00, 0xff, 0xff, 0x00,
    0x00, 0x00, 0x01, 0x00, 0x00, 0x00, 0xff, 0xff, 0x00, 0x00, 0x00, 0x00, 0xff, 0xff, 0xff, 0xff, 0x0c, 0x00, 0x00, 0x00, 0xff, 0xff, 0x00, 0xff,
    0xff, 0x00, 0xff, 0xff, 0x00, 0x00, 0x00, 0x01, 0xff, 0xff, 0x00, 0x00, 0xff, 0xff, 0x00, 0x00, 0xff, 0xff, 0xff, 0xff, 0x00, 0x00, 0x00, 0xff,
    0xff, 0x00, 0x00, 0x00, 0x00, 0x00, 0x00, 0xff, 0xff, 0x00, 0x00, 0xff, 0xff, 0x00, 0x00, 0x00, 0x05, 0x00, 0x00, 0x00, 0xff, 0xff, 0x00, 0x00,
    0x00, 0x00, 0xff, 0xff, 0xff, 0xff, 0x89, 0x00, 0x01, 0x01, 0x14, 0x00, 0x00, 0x00, 0x00, 0xff, 0xff, 0x00, 0x00, 0xff, 0xff, 0xff, 0xff, 0x01,
    0xff, 0xff, 0x00, 0x00, 0x00, 0x00, 0x00, 0xff, 0xff, 0x00, 0x00, 0x01, 0x12, 0x00, 0xff, 0xff, 0xff, 0xff, 0x00, 0xff, 0xff, 0xff, 0xff, 0x00,
    0x00, 0x00, 0x00, 0xff, 0xff, 0xff, 0xff, 0x00, 0x00, 0x00, 0x00, 0x00, 0x00, 0xff, 0xff, 0xff, 0xff, 0x00, 0x00, 0x00, 0x14, 0x00, 0x00, 0x60,
    0x02, 0x0f, 0xff, 0xff, 0x01, 0x00, 0x00, 0x00, 0x04, 0x00, 0x00, 0x00, 0x00, 0xff, 0xff, 0x12, 0x00, 0x1e, 0x00, 0x00, 0x00, 0x00, 0x01, 0x01,
    0x00, 0x00, 0x01, 0x00, 0x00, 0x04, 0x0c, 0x00, 0x00, 0x00, 0xff, 0xff, 0x00, 0xff, 0xff, 0x01, 0xff, 0xff, 0x00, 0x00, 0x00, 0x03, 0xff, 0xff,
    0x00, 0x00, 0xff, 0xff, 0x00, 0x00, 0xff, 0xff, 0xff, 0xff, 0x00, 0x00, 0x00, 0xff, 0xff, 0x12, 0x01, 0x03, 0x00, 0x00, 0x00, 0xff, 0xff, 0x01,
    0x01, 0xff, 0xff, 0x00, 0x00, 0x00, 0x05, 0x00, 0x00, 0x00, 0xff, 0xff, 0x00, 0x00, 0x00, 0x00, 0xff, 0xff, 0xff, 0xff, 0x60, 0x02, 0x14, 0x00,
    0x00, 0x00, 0x00, 0xff, 0xff, 0x01, 0x00, 0xff, 0xff, 0xff, 0xff, 0x01, 0xff, 0xff, 0x00, 0x00, 0x00, 0x00, 0x00, 0xff, 0xff, 0x00, 0x00, 0x00,
    0x05, 0x00, 0xff, 0xff, 0xff, 0xff, 0x00, 0x1a, 0x00, 0xff, 0xff, 0x00, 0x00, 0x00, 0x00, 0xff, 0xff, 0xff, 0xff, 0x00, 0x00, 0x00, 0x00, 0x00,
    0x00, 0xff, 0xff, 0xff, 0xff, 0x00, 0x00, 0x00, 0x00, 0x00, 0x00, 0x08, 0x00, 0x00, 0xff, 0xff, 0x00, 0x00, 0x00, 0x00, 0x00, 0x00, 0x1a, 0x00,
    0x00, 0x00, 0x00, 0x00, 0x00, 0xff, 0xff, 0x00, 0x00, 0x00, 0x00, 0xff, 0xff, 0x09, 0x00, 0x00, 0xff, 0xff, 0x61, 0x08, 0x00, 0x40, 0x05, 0x03,
    0x01, 0x00, 0xff, 0xff, 0x00, 0x7e, 0x00, 0x60, 0x02, 0x0c, 0x00, 0x00, 0x00, 0xff, 0xff, 0x00, 0xff, 0xff, 0x00, 0xff, 0xff, 0x00, 0x00, 0x00,
    0x01, 0xff, 0xff, 0x00, 0x00, 0xff, 0xff, 0x00, 0x00, 0xff, 0xff, 0xff, 0xff, 0x00, 0x00, 0x00, 0xff, 0xff, 0x00, 0x00, 0x00, 0x00, 0x00, 0x00,
    0xff, 0xff, 0x00, 0x00, 0xff, 0xff, 0x00, 0x00, 0x00, 0x01, 0x00, 0x00, 0x00, 0xff, 0xff, 0x00, 0x00, 0x00, 0x00, 0xff, 0xff, 0xff, 0xff, 0x0c,
    0x00, 0x00, 0x00, 0xff, 0xff, 0x00, 0xff, 0xff, 0x00, 0xff, 0xff, 0x00, 0x00, 0x00, 0x01, 0xff, 0xff, 0x00, 0x00, 0xff, 0xff, 0x00, 0x00, 0xff,
    0xff, 0xff, 0xff, 0x00, 0x00, 0x00, 0xff, 0xff, 0x00, 0x00, 0x00, 0x00, 0x00, 0x00, 0xff, 0xff, 0x00, 0x00, 0xff, 0xff, 0x00, 0x00, 0x00, 0x05,
    0x00, 0x00, 0x00, 0xff, 0xff, 0x00, 0x00, 0x00, 0x00, 0xff, 0xff, 0xff, 0xff, 0x00, 0x00, 0x88, 0x02, 0x86, 0x01, 0x01, 0x80, 0x00, 0x05, 0x01,
    0x00, 0x01, 0x60, 0x02, 0x14, 0x00, 0x00, 0x00, 0x00, 0xff, 0xff, 0x00, 0x00, 0xff, 0xff, 0xff, 0xff, 0x00, 0xff, 0xff, 0x00, 0x00, 0x00, 0x00,
    0x00, 0xff, 0xff, 0x00, 0x00, 0x03, 0x05, 0x00, 0xff, 0xff, 0xff, 0xff, 0x00, 0xff, 0xff, 0xff, 0xff, 0x00, 0x00, 0x00, 0x00, 0xff, 0xff, 0xff,
    0xff, 0x00, 0x00, 0x00, 0x00, 0x00, 0x00, 0xff, 0xff, 0xff, 0xff, 0x00, 0x00, 0x00, 0x0a, 0x00, 0x00, 0x14, 0x00, 0x00, 0x00, 0x00, 0xff, 0xff,
    0x00, 0x00, 0xff, 0xff, 0xff, 0xff, 0x02, 0xff, 0xff, 0x00, 0x00, 0x00, 0x00, 0x00, 0xff, 0xff, 0x00, 0x00, 0x01, 0x00, 0x00, 0xff, 0xff, 0xff,
    0xff, 0x00, 0x32, 0x00, 0xff, 0xff, 0x00, 0x00, 0x00, 0x00, 0xff, 0xff, 0xff, 0xff, 0x00, 0x00, 0x00, 0x00, 0x00, 0x00, 0xff, 0xff, 0xff, 0xff,
    0x00, 0x00, 0x00, 0x05, 0x00, 0x00, 0x60, 0x04, 0x22, 0x01, 0x1e, 0x00, 0x00, 0x00, 0x00, 0x00, 0x00, 0x01, 0x00, 0x00, 0x00, 0x00, 0x00, 0xff,
    0xff, 0x00, 0x00, 0x0a, 0x00, 0x14, 0x00, 0x00, 0x00, 0x00, 0xff, 0xff, 0x00, 0x00, 0xff, 0xff, 0xff, 0xff, 0x00, 0xff, 0xff, 0x00, 0x00, 0x00,
    0x00, 0x00, 0xff, 0xff, 0x00, 0x00, 0x01, 0x00, 0x00, 0xff, 0xff, 0xff, 0xff, 0x00, 0xff, 0xff, 0xff, 0xff, 0x00, 0x00, 0x00, 0x00, 0xff, 0xff,
    0xff, 0xff, 0x00, 0x00, 0x00, 0x00, 0x00, 0x00, 0xff, 0xff, 0xff, 0xff, 0x00, 0x00, 0x00, 0x14, 0x00, 0x00, 0x0c, 0x00, 0x00, 0x00, 0xff, 0xff,
    0x00, 0xff, 0xff, 0x00, 0xff, 0xff, 0x00, 0x00, 0x00, 0x02, 0xff, 0xff, 0x00, 0x00, 0xff, 0xff, 0x00, 0x00, 0xff, 0xff, 0xff, 0xff, 0x00, 0x00,
    0x00, 0xff, 0xff, 0x00, 0x00, 0x00, 0x00, 0x00, 0x00, 0xff, 0xff, 0x00, 0x00, 0xff, 0xff, 0x00, 0x00, 0x00, 0x01, 0x00, 0x00, 0x00, 0xff, 0xff,
    0x00, 0x00, 0x00, 0x00, 0xff, 0xff, 0xff, 0xff, 0x60, 0x02, 0x19, 0x01, 0x00, 0x00, 0x00, 0x01, 0x1a, 0x00, 0x00, 0x01, 0xff, 0xff, 0x00, 0xff,
    0xff, 0x01, 0x00, 0x00, 0xff, 0xff, 0x60, 0x02, 0x0c, 0x00, 0x00, 0x00, 0xff, 0xff, 0x00, 0xff, 0xff, 0x00, 0xff, 0xff, 0x00, 0x00, 0x00, 0x01,
    0xff, 0xff, 0x00, 0x00, 0xff, 0xff, 0x00, 0x00, 0xff, 0xff, 0xff, 0xff, 0x00, 0x00, 0x00, 0xff, 0xff, 0x00, 0x00, 0x00, 0x00, 0x00, 0x00, 0xff,
    0xff, 0x00, 0x00, 0xff, 0xff, 0x00, 0x00, 0x00, 0x01, 0x00, 0x00, 0x00, 0xff, 0xff, 0x00, 0x00, 0x00, 0x00, 0xff, 0xff, 0xff, 0xff, 0x0c, 0x00,
    0x00, 0x00, 0xff, 0xff, 0x00, 0xff, 0xff, 0x00, 0xff, 0xff, 0x00, 0x00, 0x00, 0x01, 0xff, 0xff, 0x00, 0x00, 0xff, 0xff, 0x00, 0x00, 0xff, 0xff,
    0xff, 0xff, 0x00, 0x00, 0x00, 0xff, 0xff, 0x00, 0x00, 0x00, 0x00, 0x00, 0x00, 0xff, 0xff, 0x00, 0x00, 0xff, 0xff, 0x00, 0x00, 0x00, 0x05, 0x00,
    0x00, 0x00, 0xff, 0xff, 0x00, 0x00, 0x00, 0x00, 0xff, 0xff, 0xff, 0xff, 0x88, 0x02, 0x86, 0x02, 0x01, 0x80, 0x00, 0x05, 0x01, 0x00, 0x01, 0x14,
    0x00, 0x00, 0x00, 0x00, 0xff, 0xff, 0x00, 0x00, 0xff, 0xff, 0xff, 0xff, 0x00, 0xff, 0xff, 0x00, 0x00, 0x00, 0x00, 0x00, 0xff, 0xff, 0x00, 0x00,
    0x01, 0x00, 0x00, 0xff, 0xff, 0xff, 0xff, 0x00, 0x0d, 0x00, 0xff, 0xff, 0x00, 0x00, 0x00, 0x00, 0xff, 0xff, 0xff, 0xff, 0x00, 0x00, 0x00, 0x00,
    0x00, 0x00, 0xff, 0xff, 0xff, 0xff, 0x00, 0x00, 0x00, 0x05, 0x00, 0x00, 0x61, 0x0f, 0x00, 0x4b, 0x41, 0x01, 0x01, 0x00, 0x00, 0x40, 0x01, 0x03,
    0x03, 0x01, 0xff, 0xff, 0x01, 0x4c, 0x3e, 0x00, 0x0c, 0x00, 0x00, 0x00, 0xff, 0xff, 0x00, 0xff, 0xff, 0x00, 0xff, 0xff, 0x01, 0x00, 0x00, 0x01,
    0xff, 0xff, 0x20, 0x00, 0xff, 0xff, 0x00, 0x00, 0xff, 0xff, 0xff, 0xff, 0x00, 0x00, 0x00, 0xff, 0xff, 0x00, 0x00, 0x00, 0x00, 0x00, 0x00, 0xff,
    0xff, 0x00, 0x00, 0xff, 0xff, 0x00, 0x00, 0x00, 0x05, 0x00, 0x00, 0x00, 0xff, 0xff, 0x00, 0x00, 0x00, 0x00, 0xff, 0xff, 0xff, 0xff, 0x00, 0x00,
    0x02, 0x00, 0x00, 0x01, 0x03, 0x05, 0x01, 0x00, 0x00, 0x00, 0x00, 0xff, 0xff, 0xff, 0xff, 0x00, 0xff, 0xff, 0x00, 0x00, 0x00, 0x01, 0xff, 0xff,
    0x00, 0x00, 0xff, 0xff, 0x00, 0xff, 0xff, 0x00, 0x00, 0x01, 0x00, 0x03, 0x00, 0x02, 0x61, 0x03, 0x00, 0x45, 0x00, 0x00, 0x0e, 0x00, 0x1d, 0x01,
    0x00, 0x00, 0x00, 0x00, 0xff, 0xff, 0xff, 0xff, 0x34, 0x00, 0x00, 0x01, 0x00, 0x00, 0x61, 0x03, 0x00, 0x46, 0x01, 0x00, 0x3e, 0x00, 0x0c, 0x00,
    0x02, 0x00, 0xff, 0xff, 0x00, 0xff, 0xff, 0x00, 0xff, 0xff, 0x00, 0x00, 0x00, 0x02, 0xff, 0xff, 0x00, 0x00, 0xff, 0xff, 0x00, 0x00, 0xff, 0xff,
    0xff, 0xff, 0x00, 0x00, 0x00, 0xff, 0xff, 0x00, 0x00, 0x00, 0x00, 0x00, 0x00, 0xff, 0xff, 0x00, 0x00, 0xff, 0xff, 0x00, 0x00, 0x00, 0x01, 0x00,
    0x00, 0x00, 0xff, 0xff, 0x00, 0x00, 0x00, 0x00, 0xff, 0xff, 0x3f, 0x00, 0x00, 0x00, 0x61, 0x03, 0x00, 0x4f, 0x03, 0x08, 0x5e, 0x00, 0x60, 0x02,
    0x08, 0x00, 0x00, 0xff, 0xff, 0x00, 0x00, 0x02, 0x00, 0x00, 0x00, 0xff, 0xff, 0x00, 0x00, 0x00, 0x00, 0x00, 0xff, 0xff, 0x00, 0x00, 0x00, 0x00,
    0xff, 0xff, 0x09, 0x00, 0x00, 0xff, 0xff, 0x14, 0x00, 0x00, 0x00, 0x00, 0xff, 0xff, 0x00, 0x00, 0xff, 0xff, 0xff, 0xff, 0x00, 0xff, 0xff, 0x00,
    0x00, 0x00, 0x00, 0x00, 0xff, 0xff, 0x00, 0x00, 0x01, 0x05, 0x00, 0xff, 0xff, 0xff, 0xff, 0x00, 0xff, 0xff, 0xff, 0xff, 0x00, 0x00, 0x00, 0x00,
    0xff, 0xff, 0xff, 0xff, 0x00, 0x00, 0x00, 0x00, 0x00, 0x00, 0xff, 0xff, 0xff, 0xff, 0x00, 0x00, 0x00, 0x00, 0x00, 0x00, 0x00, 0x00, 0x61, 0x0e,
    0x00, 0x42, 0x01, 0x09, 0x00, 0xff, 0xff, 0x03, 0x0a, 0x00, 0x00, 0x00, 0x01, 0xff, 0xff, 0x26, 0x00, 0x02, 0x00, 0x00, 0x00, 0x00, 0x00, 0x01,
    0x00, 0x04, 0x05, 0x01, 0xff, 0xff, 0xff, 0xff, 0x00, 0xff, 0xff, 0x00, 0x00, 0x00, 0x00, 0xff, 0xff, 0x00, 0x00, 0xff, 0xff, 0x00, 0xff, 0xff,
    0x00, 0x00, 0x01, 0x00, 0x03, 0x00, 0x01, 0x00, 0x00, 0x64, 0x70, 0x02, 0x0a, 0x00, 0x71, 0x01, 0x0a, 0x01, 0x61, 0x0e, 0x00, 0x42, 0x01, 0x09,
    0x00, 0xff, 0xff, 0x02, 0x00, 0x00, 0x00, 0x00, 0x01, 0xff, 0xff, 0x1f, 0x00, 0x08, 0x00, 0x00, 0xff, 0xff, 0x00, 0x00, 0x01, 0x00, 0x00, 0x00,
    0xff, 0xff, 0x00, 0x00, 0x00, 0x00, 0x00, 0xff, 0xff, 0x00, 0x00, 0x00, 0x00, 0xff, 0xff, 0x09, 0x00, 0x00, 0xff, 0xff, 0x00, 0x00, 0x61, 0x05,
    0x00, 0x43, 0x1a, 0x00, 0x00, 0x00, 0x14, 0x00, 0x19, 0x01, 0x01, 0x00, 0x00, 0x00, 0xff, 0xff, 0x00, 0x00, 0xff, 0xff, 0x00, 0xff, 0xff, 0x01,
    0x00, 0x01, 0x29, 0x00, 0x00, 0x00, 0x61, 0x0e, 0x00, 0x42, 0x00, 0x09, 0x00, 0xff, 0xff, 0x02, 0x00, 0x00, 0x01, 0x00, 0x01, 0xff, 0xff, 0x3e,
    0x00, 0x0c, 0x00, 0x00, 0x00, 0xff, 0xff, 0x00, 0xff, 0xff, 0x00, 0xff, 0xff, 0x01, 0x00, 0x00, 0x01, 0xff, 0xff, 0x20, 0x00, 0xff, 0xff, 0x00,
    0x00, 0xff, 0xff, 0xff, 0xff, 0x00, 0x00, 0x00, 0xff, 0xff, 0x00, 0x00, 0x00, 0x00, 0x00, 0x00, 0xff, 0xff, 0x00, 0x00, 0xff, 0xff, 0x00, 0x00,
    0x00, 0x05, 0x00, 0x00, 0x00, 0xff, 0xff, 0x00, 0x01, 0x00, 0x00, 0xff, 0xff, 0xff, 0xff, 0x00, 0x00, 0x61, 0x05, 0x00, 0x41, 0x01, 0x01, 0x01,
    0x00, 0x3e, 0x00, 0x0c, 0x00, 0x00, 0x00, 0xff, 0xff, 0x00, 0xff, 0xff, 0x00, 0xff, 0xff, 0x01, 0x00, 0x00, 0x03, 0xff, 0xff, 0x20, 0x00, 0xff,
    0xff, 0x00, 0x00, 0xff, 0xff, 0xff, 0xff, 0x00, 0x00, 0x00, 0xff, 0xff, 0x00, 0x00, 0x00, 0x00, 0x00, 0x00, 0xff, 0xff, 0x00, 0x00, 0xff, 0xff,
    0x00, 0x00, 0x00, 0x01, 0x00, 0x00, 0x00, 0x59, 0x00, 0x00, 0x00, 0x00, 0x00, 0xff, 0xff, 0xff, 0xff, 0x00, 0x00, 0x0c, 0x00, 0x00, 0x00, 0xff,
    0xff, 0x00, 0xff, 0xff, 0x01, 0xff, 0xff, 0x00, 0x00, 0x00, 0x01, 0xff, 0xff, 0x00, 0x00, 0xff, 0xff, 0x01, 0x01, 0xff, 0xff, 0xff, 0xff, 0x00,
    0x00, 0x00, 0xff, 0xff, 0x00, 0x00, 0x00, 0x00, 0x00, 0x00, 0xff, 0xff, 0x00, 0x00, 0xff, 0xff, 0x00, 0x00, 0x00, 0x05, 0x00, 0x00, 0x00, 0xff,
    0xff, 0x00, 0x00, 0x01, 0x00, 0xff, 0xff, 0xff, 0xff, 0x70, 0x02, 0x0a, 0x00, 0x71, 0x01, 0x00, 0x01, 0x80, 0x00, 0x05, 0x01, 0x00, 0x01, 0x70,
    0x05, 0x0a, 0x00, 0x71, 0x01, 0x00, 0x01, 0x80, 0x00, 0x05, 0x01, 0x00, 0x02, 0x60, 0x02, 0x14, 0x00, 0x00, 0x00, 0x00, 0xff, 0xff, 0x00, 0x00,
    0xff, 0xff, 0xff, 0xff, 0x01, 0xff, 0xff, 0x00, 0x00, 0x00, 0x00, 0x00, 0xff, 0xff, 0x00, 0x00, 0x01, 0x00, 0x00, 0xff, 0xff, 0xff, 0xff, 0x00,
    0xff, 0xff, 0xff, 0xff, 0x00, 0x00, 0x01, 0x00, 0xff, 0xff, 0xff, 0xff, 0x00, 0x00, 0x00, 0x00, 0x00, 0x00, 0xff, 0xff, 0xff, 0xff, 0x00, 0x00,
    0x00, 0x05, 0x00, 0x00, 0x14, 0x00, 0x00, 0x00, 0x00, 0xff, 0xff, 0x00, 0x00, 0xff, 0xff, 0xff, 0xff, 0x02, 0xff, 0xff, 0x00, 0x00, 0x00, 0x00,
    0x00, 0xff, 0xff, 0x00, 0x00, 0x01, 0x00, 0x00, 0xff, 0xff, 0xff, 0xff, 0x00, 0xff, 0xff, 0xff, 0xff, 0x00, 0x00, 0x01, 0x00, 0xff, 0xff, 0xff,
    0xff, 0x00, 0x00, 0x00, 0x00, 0x00, 0x00, 0xff, 0xff, 0xff, 0xff, 0x00, 0x00, 0x00, 0x05, 0x00, 0x00, 0x87, 0x03, 0x00, 0x01, 0x02, 0x00, 0x00,
    0x00, 0x00, 0x00, 0x01, 0x00, 0x00, 0x00, 0x01, 0xff, 0xff, 0xff, 0xff, 0x01, 0xff, 0xff, 0x00, 0x00, 0x00, 0x00, 0xff, 0xff, 0x00, 0x00, 0xff,
    0xff, 0x00, 0xff, 0xff, 0x00, 0x00, 0x01, 0x00, 0x07, 0x00, 0x00, 0x61, 0x05, 0x00, 0x41, 0x01, 0x01, 0x00, 0x00, 0x24, 0x00, 0x12, 0x02, 0xff,
    0xff, 0xff, 0xff, 0x00, 0x01, 0xff, 0xff, 0x20, 0x00, 0xff, 0xff, 0x00, 0x00, 0x00, 0x00, 0x00, 0x00, 0x00, 0x1e, 0x00, 0xff, 0xff, 0x00, 0x00,
    0x00, 0xff, 0xff, 0x00, 0x00, 0x00, 0x00, 0x00, 0x01, 0x00, 0x00, 0x61, 0x03, 0x00, 0x46, 0x01, 0x00, 0x26, 0x00, 0x02, 0x00, 0x00, 0x00, 0x00,
    0x00, 0x01, 0x00, 0x0d, 0x03, 0x01, 0xff, 0xff, 0xff, 0xff, 0x00, 0xff, 0xff, 0x00, 0x00, 0x00, 0x00, 0xff, 0xff, 0x00, 0x00, 0xff, 0xff, 0x00,
    0x3e, 0x00, 0x00, 0x00, 0x00, 0x00, 0x03, 0x00, 0x01, 0x00, 0x00, 0x88, 0x02, 0x86, 0x02, 0x00, 0x80, 0x00, 0x05, 0x01, 0x00, 0x01, 0x60, 0x02,
    0x14, 0x00, 0x00, 0x00, 0x00, 0xff, 0xff, 0x00, 0x00, 0xff, 0xff, 0xff, 0xff, 0x01, 0xff, 0xff, 0x00, 0x00, 0x00, 0x00, 0x00, 0xff, 0xff, 0x00,
    0x00, 0x01, 0x05, 0x00, 0xff, 0xff, 0xff, 0xff, 0x01, 0x10, 0x00, 0xff, 0xff, 0x00, 0x00, 0x00, 0x00, 0xff, 0xff, 0xff, 0xff, 0x00, 0x00, 0x00,
    0x00, 0x00, 0x00, 0xff, 0xff, 0xff, 0xff, 0x00, 0x00, 0x00, 0x01, 0x00, 0x00, 0x14, 0x00, 0x00, 0x00, 0x00, 0xff, 0xff, 0x00, 0x00, 0xff, 0xff,
    0xff, 0xff, 0x01, 0xff, 0xff, 0x00, 0x00, 0x00, 0x00, 0x02, 0x1d, 0x00, 0x00, 0x00, 0x01, 0x11, 0x00, 0xff, 0xff, 0xff, 0xff, 0x00, 0x10, 0x00,
    0xff, 0xff, 0x00, 0x00, 0x00, 0x00, 0xff, 0xff, 0xff, 0xff, 0x00, 0x00, 0x00, 0x00, 0x00, 0x00, 0xff, 0xff, 0xff, 0xff, 0x00, 0x00, 0x00, 0x05,
    0x00, 0x00, 0x70, 0x02, 0x0a, 0x00, 0x71, 0x01, 0x00, 0x01, 0x60, 0x02, 0x08, 0x00, 0x00, 0xff, 0xff, 0x00, 0x00, 0x02, 0x00, 0x00, 0x00, 0xff,
    0xff, 0x00, 0x00, 0x00, 0x00, 0x00, 0xff, 0xff, 0x00, 0x00, 0x00, 0x00, 0xff, 0xff, 0x09, 0x00, 0x00, 0xff, 0xff, 0x0c, 0x00, 0x00, 0x00, 0xff,
    0xff, 0x00, 0xff, 0xff, 0x00, 0xff, 0xff, 0x00, 0x00, 0x00, 0x03, 0xff, 0xff, 0x00, 0x00, 0xff, 0xff, 0x00, 0x00, 0xff, 0xff, 0xff, 0xff, 0x00,
    0x00, 0x00, 0xff, 0xff, 0x00, 0x00, 0x00, 0x00, 0x00, 0x00, 0xff, 0xff, 0x00, 0x00, 0xff, 0xff, 0x00, 0x00, 0x00, 0x01, 0x00, 0x00, 0x00, 0xff,
    0xff, 0x00, 0x00, 0x00, 0x00, 0xff, 0xff, 0xff, 0xff, 0x8a, 0x02, 0x86, 0x02, 0x00, 0x80, 0x00, 0x05, 0x01, 0x00, 0x02, 0x61, 0x0f, 0x00, 0x4b,
    0x41, 0x00, 0x02, 0x00, 0x00, 0x40, 0x00, 0x03, 0x02, 0x00, 0xff, 0xff, 0x01, 0x4c, 0x13, 0x00, 0x0a, 0x0b, 0x00, 0x0c, 0x00, 0x00, 0x01, 0x02,
    0x01, 0x10, 0x00, 0xff, 0xff, 0x01, 0xff, 0xff, 0x00, 0x01, 0x00, 0x00, 0x00, 0x88, 0x02, 0x86, 0x02, 0x00, 0x80, 0x01, 0x05, 0x01, 0x01, 0x01,
    0x14, 0x00, 0x00, 0x00, 0x00, 0xff, 0xff, 0x00, 0x00, 0xff, 0xff, 0xff, 0xff, 0x01, 0xff, 0xff, 0x11, 0x00, 0x00, 0x05, 0x00, 0xff, 0xff, 0x00,
    0x00, 0x01, 0x11, 0x00, 0xff, 0xff, 0xff, 0xff, 0x00, 0x10, 0x00, 0xff, 0xff, 0x00, 0x00, 0x00, 0x00, 0xff, 0xff, 0xff, 0xff, 0x00, 0x00, 0x00,
    0x00, 0x00, 0x00, 0xff, 0xff, 0xff, 0xff, 0x00, 0x00, 0x00, 0x05, 0x00, 0x00, 0x02, 0x00, 0x00, 0x00, 0x00, 0x00, 0x01, 0x00, 0x02, 0x05, 0x01,
    0xff, 0xff, 0xff, 0xff, 0x00, 0xff, 0xff, 0x00, 0x00, 0x00, 0x00, 0xff, 0xff, 0x00, 0x00, 0xff, 0xff, 0x00, 0xff, 0xff, 0x00, 0x00, 0x01, 0x00,
    0x03, 0x00, 0x01, 0x61, 0x05, 0x00, 0x41, 0x01, 0x01, 0x01, 0x00, 0x3e, 0x00, 0x0c, 0x00, 0x00, 0x00, 0xff, 0xff, 0x00, 0xff, 0xff, 0x00, 0xff,
    0xff, 0x01, 0x00, 0x00, 0x02, 0xff, 0xff, 0x20, 0x00, 0xff, 0xff, 0x00, 0x00, 0xff, 0xff, 0xff, 0xff, 0x00, 0x00, 0x00, 0xff, 0xff, 0x00, 0x00,
    0x00, 0x00, 0x00, 0x00, 0xff, 0xff, 0x00, 0x00, 0xff, 0xff, 0x00, 0x00, 0x00, 0x01, 0x00, 0x00, 0x00, 0xff, 0xff, 0x00, 0x00, 0x00, 0x00, 0xff,
    0xff, 0xff, 0xff, 0x00, 0x00, 0x60, 0x02, 0x02, 0x00, 0x00, 0x00, 0x00, 0x00, 0x01, 0x00, 0x00, 0x00, 0x01, 0xff, 0xff, 0xff, 0xff, 0x00, 0x1a,
    0x00, 0x00, 0x00, 0x01, 0x00, 0xff, 0xff, 0x00, 0x00, 0xff, 0xff, 0x00, 0xff, 0xff, 0x00, 0x00, 0x01, 0x00, 0x07, 0x00, 0x00, 0x14, 0x00, 0x00,
    0x00, 0x00, 0xff, 0xff, 0x00, 0x00, 0xff, 0xff, 0xff, 0xff, 0x02, 0xff, 0xff, 0x00, 0x00, 0x00, 0x00, 0x00, 0xff, 0xff, 0x00, 0x00, 0x01, 0x00,
    0x00, 0xff, 0xff, 0xff, 0xff, 0x00, 0x1a, 0x00, 0xff, 0xff, 0x00, 0x00, 0x00, 0x00, 0xff, 0xff, 0xff, 0xff, 0x00, 0x00, 0x00, 0x00, 0x00, 0x00,
    0xff, 0xff, 0xff, 0xff, 0x00, 0x00, 0x00, 0x05, 0x00, 0x00, 0x80, 0x00, 0x05, 0x01, 0x00, 0x01, 0x0c, 0x00, 0x00, 0x00, 0xff, 0xff, 0x00, 0xff,
    0xff, 0x01, 0xff, 0xff, 0x00, 0x00, 0x00, 0x01, 0xff, 0xff, 0x00, 0x00, 0xff, 0xff, 0x00, 0x00, 0x1a, 0x00, 0xff, 0xff, 0x00, 0x00, 0x00, 0xff,
    0xff, 0x00, 0x00, 0x00, 0x00, 0x00, 0x00, 0xff, 0xff, 0x00, 0x00, 0xff, 0xff, 0x00, 0x00, 0x00, 0x05, 0x00, 0x00, 0x00, 0xff, 0xff, 0x00, 0x00,
    0x01, 0x00, 0xff, 0xff, 0xff, 0xff, 0x02, 0x00, 0x00, 0x00, 0x00, 0x00, 0x01, 0x00, 0x09, 0x05, 0x01, 0xff, 0xff, 0xff, 0xff, 0x00, 0xff, 0xff,
    0x00, 0x00, 0x00, 0x00, 0xff, 0xff, 0x00, 0x00, 0xff, 0xff, 0x00, 0xff, 0xff, 0x00, 0x00, 0x01, 0x00, 0x03, 0x00, 0x01, 0x80, 0x00, 0x05, 0x01,
    0x00, 0x01, 0x64, 0x61, 0x03, 0x00, 0x46, 0x01, 0x00, 0x26, 0x00, 0x02, 0x01, 0x00, 0x00, 0x00, 0x00, 0x01, 0x00, 0x00, 0x00, 0x01, 0xff, 0xff,
    0xff, 0xff, 0x00, 0xff, 0xff, 0x00, 0x00, 0x00, 0x00, 0xff, 0xff, 0x00, 0x00, 0xff, 0xff, 0x00, 0xff, 0xff, 0x00, 0x00, 0x01, 0x03, 0x03, 0x00,
    0x01, 0x00, 0x00, 0x60, 0x02, 0x02, 0x00, 0x00, 0x00, 0x00, 0x00, 0x01, 0x00, 0x00, 0x00, 0x01, 0xff, 0xff, 0xff, 0xff, 0x00, 0x0d, 0x00, 0x00,
    0x00, 0x00, 0x00, 0xff, 0xff, 0x00, 0x00, 0xff, 0xff, 0x00, 0xff, 0xff, 0x00, 0x00, 0x00, 0x00, 0x03, 0x00, 0x00, 0x14, 0x00, 0x00, 0x00, 0x00,
    0xff, 0xff, 0x00, 0x00, 0xff, 0xff, 0xff, 0xff, 0x02, 0xff, 0xff, 0x04, 0x00, 0x00, 0x05, 0x00, 0xff, 0xff, 0x00, 0x00, 0x01, 0x00, 0x00, 0xff,
    0xff, 0xff, 0xff, 0x00, 0x0d, 0x00, 0xff, 0xff, 0x00, 0x00, 0x00, 0x00, 0xff, 0xff, 0xff, 0xff, 0x00, 0x00, 0x00, 0x00, 0x00, 0x00, 0xff, 0xff,
    0xff, 0xff, 0x00, 0x00, 0x00, 0x05, 0x00, 0x00, 0x61, 0x03, 0x00, 0x45, 0x00, 0x00, 0x26, 0x00, 0x02, 0x00, 0x00, 0x00, 0x00, 0x00, 0x01, 0x00,
    0x00, 0x00, 0x01, 0xff, 0xff, 0xff, 0xff, 0x00, 0xff, 0xff, 0x00, 0x00, 0x00, 0x00, 0xff, 0xff, 0x00, 0x00, 0xff, 0xff, 0x00, 0xff, 0xff, 0x00,
    0x00, 0x00, 0x00, 0x07, 0x00, 0x00, 0x00, 0x00, 0x86, 0x02, 0x00, 0x19, 0x01, 0x00, 0x00, 0x00, 0x01, 0xff, 0xff, 0x00, 0x00, 0xff, 0xff, 0x00,
    0xff, 0xff, 0x00, 0x00, 0x00, 0xff, 0xff, 0x61, 0x08, 0x00, 0x40, 0x00, 0x03, 0x02, 0x00, 0xff, 0xff, 0x00, 0x4c, 0x00, 0x60, 0x02, 0x12, 0x00,
    0xff, 0xff, 0xff, 0xff, 0x00, 0x00, 0xff, 0xff, 0xff, 0xff, 0xff, 0xff, 0x00, 0x00, 0x00, 0x00, 0x00, 0x00, 0x00, 0x1e, 0x00, 0xff, 0xff, 0x00,
    0x00, 0x00, 0xff, 0xff, 0x00, 0x01, 0x00, 0x00, 0x00, 0x05, 0x10, 0x00, 0x00, 0x00, 0x03, 0xff, 0xff, 0xff, 0xff, 0x00, 0x00, 0xff, 0xff, 0x17,
    0x00, 0x00, 0x00, 0x00, 0x00, 0x5a, 0x00, 0x00, 0x00, 0x00, 0xff, 0xff, 0x00, 0x00, 0x00, 0xff, 0xff, 0x00, 0x00, 0x00, 0x00, 0xff, 0xff, 0x03,
    0x00, 0x00, 0x0c, 0x00, 0x00, 0x01, 0xff, 0xff, 0x00, 0xff, 0xff, 0x01, 0xff, 0xff, 0x00, 0x00, 0x00, 0x01, 0xff, 0xff, 0x00, 0x00, 0xff, 0xff,
    0x00, 0x00, 0x11, 0x00, 0xff, 0xff, 0x00, 0x00, 0x00, 0xff, 0xff, 0x00, 0x00, 0x00, 0x00, 0x00, 0x00, 0xff, 0xff, 0x00, 0x00, 0xff, 0xff, 0x00,
    0x00, 0x00, 0x01, 0x00, 0x00, 0x00, 0xff, 0xff, 0x00, 0x00, 0x00, 0x00, 0x5b, 0x00, 0xff, 0xff, 0x61, 0x05, 0x00, 0x41, 0x00, 0x00, 0x00, 0x00,
    0x26, 0x00, 0x10, 0x00, 0x00, 0x00, 0x02, 0x40, 0x00, 0xff, 0xff, 0x00, 0x00, 0xff, 0xff, 0x5c, 0x00, 0x00, 0x00, 0x00, 0x00, 0x5a, 0x00, 0x00,
    0x00, 0x00, 0xff, 0xff, 0x00, 0x00, 0x00, 0xff, 0xff, 0x00, 0x01, 0x01, 0x00, 0xff, 0xff, 0x02, 0x00, 0x00, 0x61, 0x05, 0x00, 0x44, 0x00, 0x00,
    0x00, 0x00, 0x5f, 0x00, 0x60, 0x02, 0x08, 0x00, 0x00, 0xff, 0xff, 0x00, 0x01, 0x01, 0x00, 0x00, 0x00, 0x11, 0x00, 0x00, 0x00, 0x00, 0x00, 0x00,
    0xff, 0xff, 0x01, 0x01, 0x05, 0x00, 0xff, 0xff, 0x09, 0x00, 0x00, 0xff, 0xff, 0x0c, 0x00, 0x00, 0x00, 0xff, 0xff, 0x00, 0x5d, 0x00, 0x01, 0xff,
    0xff, 0x00, 0x00, 0x00, 0x02, 0xff, 0xff, 0x00, 0x00, 0xff, 0xff, 0x00, 0x00, 0x11, 0x00, 0xff, 0xff, 0x00, 0x00, 0x00, 0xff, 0xff, 0x00, 0x00,
    0x00, 0x00, 0x01, 0x00, 0xff, 0xff, 0x01, 0x01, 0xff, 0xff, 0x05, 0x00, 0x00, 0x01, 0x00, 0x00, 0x00, 0xff, 0xff, 0x00, 0x00, 0x00, 0x00, 0xff,
    0xff, 0xff, 0xff, 0x00, 0x00, 0x80, 0x00, 0x05, 0x01, 0x00, 0x01, 0x70, 0x05, 0x0a, 0x00, 0x71, 0x01, 0x00, 0x01, 0x80, 0x00, 0x05, 0x01, 0x00,
    0x01, 0x65, 0x01, 0x11, 0x00, 0x08, 0x00, 0x40, 0x00, 0x00, 0x00, 0x01, 0xff, 0xff, 0x00, 0x08, 0x00, 0x40, 0x00, 0x00, 0x00, 0x01, 0xff, 0xff,
    0x00, 0x01, 0x02, 0x14, 0x00, 0x00, 0x00, 0x00, 0xff, 0xff, 0x00, 0x00, 0xff, 0xff, 0xff, 0xff, 0x03, 0xff, 0xff, 0x00, 0x00, 0x00, 0x00, 0x00,
    0xff, 0xff, 0x00, 0x00, 0x01, 0x08, 0x00, 0xff, 0xff, 0xff, 0xff, 0x00, 0xff, 0xff, 0xff, 0xff, 0x00, 0x00, 0x00, 0x00, 0xff, 0xff, 0xff, 0xff,
    0x00, 0x00, 0x00, 0x00, 0x00, 0x00, 0xff, 0xff, 0xff, 0xff, 0x00, 0x00, 0x00, 0x0f, 0x03, 0x00, 0x0c, 0x00, 0x00, 0x00, 0xff, 0xff, 0x00, 0xff,
    0xff, 0x01, 0xff, 0xff, 0x00, 0x00, 0x00, 0x02, 0xff, 0xff, 0x00, 0x00, 0xff, 0xff, 0x01, 0x00, 0x11, 0x00, 0xff, 0xff, 0x00, 0x00, 0x00, 0xff,
    0xff, 0x00, 0x00, 0x00, 0x00, 0x00, 0x00, 0xff, 0xff, 0x00, 0x00, 0xff, 0xff, 0x00, 0x00, 0x00, 0x05, 0x00, 0x00, 0x00, 0xff, 0xff, 0x00, 0x00,
    0x01, 0x00, 0xff, 0xff, 0xff, 0xff, 0x61, 0x05, 0x00, 0x43, 0x11, 0x00, 0x00, 0x00, 0x24, 0x00, 0x12, 0x00, 0xff, 0xff, 0xff, 0xff, 0x00, 0x00,
    0xff, 0xff, 0xff, 0xff, 0xff, 0xff, 0x00, 0x00, 0x00, 0x00, 0x00, 0x00, 0x00, 0x1e, 0x00, 0xff, 0xff, 0x00, 0x00, 0x00, 0xff, 0xff, 0x00, 0x00,
    0x00, 0x00, 0x00, 0x01, 0x00, 0x00, 0x61, 0x15, 0x00, 0x4a, 0x42, 0x0d, 0x24, 0x00, 0xff, 0xff, 0x02, 0x00, 0x00, 0x00, 0x00, 0x02, 0xff, 0xff,
    0x41, 0x14, 0x02, 0x00, 0x00, 0x4c, 0x1f, 0x00, 0x08, 0x00, 0x00, 0xff, 0xff, 0x00, 0x00, 0x01, 0x00, 0x00, 0x00, 0xff, 0xff, 0x00, 0x00, 0x00,
    0x00, 0x01, 0xff, 0xff, 0x00, 0x00, 0x00, 0x00, 0xff, 0xff, 0x09, 0x00, 0x00, 0xff, 0xff, 0x00, 0x00, 0x61, 0x05, 0x00, 0x44, 0x00, 0x00, 0x00,
    0x00, 0x46, 0x00, 0x60, 0x02, 0x18, 0x01, 0x01, 0x11, 0x00, 0x00, 0x05, 0x14, 0x00, 0x00, 0x00, 0x00, 0xff, 0xff, 0x00, 0x00, 0xff, 0xff, 0xff,
    0xff, 0x01, 0xff, 0xff, 0x00, 0x00, 0x00, 0x00, 0x00, 0xff, 0xff, 0x00, 0x00, 0x01, 0x12, 0x00, 0xff, 0xff, 0xff, 0xff, 0x00, 0x11, 0x00, 0xff,
    0xff, 0x00, 0x00, 0x00, 0x00, 0xff, 0xff, 0xff, 0xff, 0x00, 0x00, 0x00, 0x00, 0x00, 0x00, 0xff, 0xff, 0xff, 0xff, 0x00, 0x00, 0x00, 0x00, 0x00,
    0x00, 0x00, 0x00, 0x0b, 0x01, 0x01, 0x00, 0x00, 0x11, 0x00, 0x12, 0x5e, 0x00, 0x0f, 0xff, 0xff, 0x01, 0x00, 0x00, 0x00, 0x01, 0x00, 0xff, 0xff,
    0x00, 0x11, 0x00, 0x12, 0x00, 0x1e, 0x00, 0x00, 0x00, 0x00, 0x01, 0x01, 0x00, 0x00, 0x01, 0x00, 0x00, 0x01, 0x61, 0x0c, 0x00, 0x4a, 0x44, 0x00,
    0x00, 0x00, 0x00, 0x44, 0x00, 0x00, 0x00, 0x00, 0x4c, 0x3d, 0x00, 0x14, 0x00, 0x00, 0x00, 0x00, 0xff, 0xff, 0x00, 0x00, 0xff, 0xff, 0xff, 0xff,
    0x01, 0xff, 0xff, 0x00, 0x00, 0x00, 0x00, 0x00, 0xff, 0xff, 0x00, 0x00, 0x01, 0x12, 0x00, 0xff, 0xff, 0xff, 0xff, 0x00, 0x11, 0x00, 0xff, 0xff,
    0x00, 0x00, 0x00, 0x00, 0xff, 0xff, 0xff, 0xff, 0x00, 0x00, 0x00, 0x00, 0x00, 0x00, 0xff, 0xff, 0xff, 0xff, 0x00, 0x00, 0x00, 0x05, 0x00, 0x00,
    0x00, 0x00, 0x86, 0x03, 0x01, 0x14, 0x00, 0x00, 0x00, 0x00, 0xff, 0xff, 0x00, 0x00, 0xff, 0xff, 0xff, 0xff, 0x02, 0xff, 0xff, 0x00, 0x00, 0x00,
    0x00, 0x00, 0xff, 0xff, 0x00, 0x00, 0x01, 0x00, 0x00, 0xff, 0xff, 0xff, 0xff, 0x00, 0x11, 0x00, 0xff, 0xff, 0x00, 0x00, 0x00, 0x00, 0xff, 0xff,
    0xff, 0xff, 0x00, 0x00, 0x00, 0x00, 0x00, 0x00, 0xff, 0xff, 0xff, 0xff, 0x00, 0x00, 0x00, 0x05, 0x00, 0x00, 0x12, 0x00, 0xff, 0xff, 0x5d, 0x00,
    0x01, 0x00, 0xff, 0xff, 0xff, 0xff, 0x11, 0x00, 0x00, 0x00, 0x02, 0x00, 0x00, 0x00, 0x01, 0x1e, 0x00, 0xff, 0xff, 0x01, 0x02, 0x00, 0x5f, 0x00,
    0x00, 0x00, 0x00, 0x00, 0x00, 0x01, 0x87, 0x03, 0x01, 0x00, 0x02, 0x00, 0x00, 0x00, 0x00, 0x00, 0x01, 0x00, 0x00, 0x00, 0x01, 0xff, 0xff, 0xff,
    0xff, 0x00, 0xff, 0xff, 0x00, 0x00, 0x00, 0x01, 0x02, 0x00, 0x00, 0x00, 0xff, 0xff, 0x00, 0xff, 0xff, 0x00, 0x00, 0x01, 0x00, 0x03, 0x00, 0x01,
    0x63, 0x00, 0x65, 0x01, 0xff, 0xff, 0x00, 0x00, 0x00, 0x00, 0x00, 0x02, 0x08, 0x00, 0x00, 0xff, 0xff, 0x00, 0x00, 0x02, 0x00, 0x00, 0x00, 0xff,
    0xff, 0x00, 0x00, 0x00, 0x00, 0x00, 0xff, 0xff, 0x00, 0x00, 0x00, 0x00, 0xff, 0xff, 0x09, 0x00, 0x00, 0xff, 0xff, 0x14, 0x00, 0x00, 0x00, 0x00,
    0xff, 0xff, 0x00, 0x00, 0xff, 0xff, 0xff, 0xff, 0x03, 0xff, 0xff, 0x00, 0x00, 0x00, 0x00, 0x00, 0xff, 0xff, 0x00, 0x00, 0x01, 0x08, 0x00, 0xff,
    0xff, 0xff, 0xff, 0x00, 0xff, 0xff, 0xff, 0xff, 0x00, 0x00, 0x00, 0x00, 0xff, 0xff, 0xff, 0xff, 0x00, 0x00, 0x00, 0x00, 0x00, 0x00, 0xff, 0xff,
    0xff, 0xff, 0x00, 0x00, 0x00, 0x0f, 0x03, 0x00, 0x61, 0x05, 0x00, 0x44, 0x01, 0x01, 0x00, 0x00, 0x8d, 0x00, 0x65, 0x01, 0xff, 0xff, 0x00, 0x00,
    0x00, 0x00, 0x00, 0x03, 0x0c, 0x00, 0x00, 0x00, 0xff, 0xff, 0x00, 0xff, 0xff, 0x00, 0xff, 0xff, 0x00, 0x00, 0x00, 0x02, 0xff, 0xff, 0x00, 0x00,
    0xff, 0xff, 0x00, 0x00, 0xff, 0xff, 0xff, 0xff, 0x00, 0x00, 0x00, 0xff, 0xff, 0x00, 0x00, 0x00, 0x00, 0x00, 0x00, 0xff, 0xff, 0x00, 0x00, 0xff,
    0xff, 0x00, 0x00, 0x00, 0x01, 0x00, 0x00, 0x00, 0xff, 0xff, 0x00, 0x00, 0x00, 0x00, 0xff, 0xff, 0xff, 0xff, 0x02, 0x00, 0x00, 0x00, 0x02, 0x05,
    0x01, 0x00, 0x00, 0x00, 0x01, 0xff, 0xff, 0xff, 0xff, 0x00, 0xff, 0xff, 0x00, 0x00, 0x00, 0x01, 0xff, 0xff, 0x00, 0x00, 0xff, 0xff, 0x00, 0xff,
    0xff, 0x00, 0x00, 0x01, 0x00, 0x03, 0x00, 0x01, 0x08, 0x00, 0x00, 0xff, 0xff, 0x00, 0x00, 0x01, 0x00, 0x00, 0x00, 0xff, 0xff, 0x00, 0x00, 0x00,
    0x00, 0x00, 0xff, 0xff, 0x00, 0x00, 0x00, 0x00, 0xff, 0xff, 0x09, 0x00, 0x00, 0xff, 0xff, 0x00, 0x00, 0x19, 0x01, 0x00, 0x00, 0x00, 0x01, 0xff,
    0xff, 0x00, 0x01, 0xff, 0xff, 0x00, 0xff, 0xff, 0x00, 0x00, 0x00, 0xff, 0xff, 0x80, 0x00, 0x05, 0x01, 0x00, 0x01, 0x64, 0x61, 0x05, 0x00, 0x43,
    0x3d, 0x00, 0x00, 0x00, 0x14, 0x00, 0x19, 0x01, 0x00, 0x00, 0x00, 0x01, 0xff, 0xff, 0x01, 0x01, 0x60, 0x00, 0x00, 0xff, 0xff, 0x01, 0x00, 0x00,
    0xff, 0xff, 0x00, 0x00, 0x80, 0x00, 0x05, 0x01, 0x00, 0x01, 0x14, 0x00, 0x00, 0x00, 0x00, 0xff, 0xff, 0x00, 0x00, 0xff, 0xff, 0xff, 0xff, 0x00,
    0xff, 0xff, 0x00, 0x00, 0x00, 0x00, 0x00, 0xff, 0xff, 0x00, 0x00, 0x01, 0x00, 0x00, 0xff, 0xff, 0xff, 0xff, 0x00, 0x41, 0x00, 0xff, 0xff, 0x00,
    0x00, 0x00, 0x00, 0xff, 0xff, 0xff, 0xff, 0x00, 0x00, 0x00, 0x00, 0x00, 0x00, 0xff, 0xff, 0xff, 0xff, 0x00, 0x00, 0x00, 0x05, 0x00, 0x00, 0x02,
    0x00, 0x00, 0x00, 0x00, 0x00, 0x03, 0x00, 0x00, 0x00, 0x01, 0x40, 0x00, 0xff, 0xff, 0x00, 0x41, 0x00, 0x01, 0x00, 0x00, 0x00, 0xff, 0xff, 0x01,
    0x01, 0x43, 0x00, 0x00, 0xff, 0xff, 0x00, 0x00, 0x00, 0x00, 0x07, 0x00, 0x00, 0x80, 0x00, 0x05, 0x01, 0x00, 0x01, 0x14, 0x00, 0x00, 0x00, 0x00,
    0xff, 0xff, 0x00, 0x00, 0xff, 0xff, 0xff, 0xff, 0x00, 0xff, 0xff, 0x00, 0x00, 0x00, 0x00, 0x00, 0xff, 0xff, 0x00, 0x00, 0x01, 0x00, 0x00, 0xff,
    0xff, 0xff, 0xff, 0x00, 0x3d, 0x00, 0xff, 0xff, 0x00, 0x00, 0x00, 0x00, 0xff, 0xff, 0xff, 0xff, 0x00, 0x00, 0x00, 0x00, 0x00, 0x00, 0xff, 0xff,
    0xff, 0xff, 0x00, 0x00, 0x00, 0x05, 0x00, 0x00, 0x61, 0x05, 0x00, 0x41, 0x14, 0x00, 0x00, 0x00, 0x4a, 0x00, 0x60, 0x02, 0x14, 0x00, 0x00, 0x00,
    0x00, 0xff, 0xff, 0x00, 0x00, 0xff, 0xff, 0xff, 0xff, 0x02, 0xff, 0xff, 0x00, 0x00, 0x00, 0x00, 0x00, 0xff, 0xff, 0x00, 0x00, 0x01, 0x05, 0x00,
    0xff, 0xff, 0xff, 0xff, 0x00, 0x11, 0x00, 0xff, 0xff, 0x00, 0x00, 0x00, 0x00, 0xff, 0xff, 0xff, 0xff, 0x00, 0x00, 0x00, 0x00, 0x01, 0x00, 0xff,
    0xff, 0xff, 0xff, 0x00, 0x00, 0x00, 0x00, 0x00, 0x00, 0x16, 0x02, 0x11, 0x00, 0x00, 0x00, 0x00, 0x00, 0xff, 0xff, 0x00, 0x00, 0x00, 0x80, 0x00,
    0x05, 0x01, 0x00, 0x01, 0x14, 0x00, 0x00, 0x00, 0x00, 0xff, 0xff, 0x00, 0x00, 0xff, 0xff, 0xff, 0xff, 0x00, 0xff, 0xff, 0x00, 0x00, 0x00, 0x00,
    0x00, 0xff, 0xff, 0x00, 0x00, 0x01, 0x00, 0x00, 0xff, 0xff, 0xff, 0xff, 0x00, 0x61, 0x00, 0xff, 0xff, 0x00, 0x00, 0x00, 0x00, 0xff, 0xff, 0xff,
    0xff, 0x00, 0x00, 0x00, 0x00, 0x00, 0x00, 0xff, 0xff, 0xff, 0xff, 0x00, 0x00, 0x00, 0x05, 0x00, 0x00, 0x61, 0x05, 0x00, 0x44, 0x01, 0x01, 0x00,
    0x00, 0x3e, 0x00, 0x0c, 0x00, 0x00, 0x00, 0xff, 0xff, 0x00, 0xff, 0xff, 0x00, 0xff, 0xff, 0x00, 0x00, 0x00, 0x04, 0xff, 0xff, 0x00, 0x00, 0xff,
    0xff, 0x00, 0x00, 0xff, 0xff, 0xff, 0xff, 0x00, 0x00, 0x00, 0xff, 0xff, 0x00, 0x00, 0x00, 0x00, 0x00, 0x00, 0xff, 0xff, 0x00, 0x00, 0xff, 0xff,
    0x00, 0x00, 0x00, 0x01, 0x00, 0x00, 0x00, 0xff, 0xff, 0x00, 0x00, 0x00, 0x00, 0xff, 0xff, 0xff, 0xff, 0x00, 0x00, 0x61, 0x08, 0x00, 0x40, 0x00,
    0x03, 0x02, 0x00, 0xff, 0xff, 0x00, 0x3d, 0x00, 0x14, 0x00, 0x00, 0x00, 0x00, 0xff, 0xff, 0x00, 0x00, 0xff, 0xff, 0xff, 0xff, 0x02, 0xff, 0xff,
    0x00, 0x00, 0x00, 0x00, 0x00, 0xff, 0xff, 0x00, 0x00, 0x01, 0x00, 0x00, 0xff, 0xff, 0xff, 0xff, 0x00, 0xff, 0xff, 0xff, 0xff, 0x00, 0x00, 0x00,
    0x00, 0xff, 0xff, 0xff, 0xff, 0x00, 0x00, 0x00, 0x00, 0x00, 0x00, 0xff, 0xff, 0xff, 0xff, 0x00, 0x00, 0x00, 0x05, 0x00, 0x00, 0x00, 0x00, 0x0c,
    0x00, 0x00, 0x00, 0xff, 0xff, 0x00, 0xff, 0xff, 0x00, 0xff, 0xff, 0x00, 0x00, 0x00, 0x01, 0xff, 0xff, 0xff, 0xff, 0xff, 0xff, 0x00, 0x00, 0xff,
    0xff, 0xff, 0xff, 0x00, 0x00, 0x00, 0xff, 0xff, 0x0e, 0x00, 0x00, 0x00, 0x00, 0x00, 0xff, 0xff, 0x01, 0x01, 0xff, 0xff, 0x00, 0x00, 0x00, 0x01,
    0x00, 0x00, 0x00, 0xff, 0xff, 0x00, 0x00, 0x00, 0x00, 0xff, 0xff, 0xff, 0xff, 0x14, 0x00, 0x00, 0x00, 0x00, 0xff, 0xff, 0x00, 0x00, 0xff, 0xff,
    0xff, 0xff, 0x01, 0xff, 0xff, 0x04, 0x00, 0x00, 0x05, 0x00, 0xff, 0xff, 0x00, 0x00, 0x01, 0x00, 0x00, 0xff, 0xff, 0xff, 0xff, 0x00, 0x1b, 0x00,
    0xff, 0xff, 0x00, 0x00, 0x00, 0x00, 0xff, 0xff, 0xff, 0xff, 0x00, 0x00, 0x00, 0x00, 0x00, 0x00, 0xff, 0xff, 0xff, 0xff, 0x00, 0x00, 0x00, 0x05,
    0x00, 0x00, 0x80, 0x00, 0x05, 0x01, 0x00, 0x01, 0x60, 0x02, 0x20, 0xff, 0xff, 0xff, 0xff, 0x00, 0x00, 0x00, 0x00, 0xff, 0xff, 0x00, 0x00, 0x01,
    0xff, 0xff, 0x00, 0x00, 0x00, 0xff, 0xff, 0x00, 0x00, 0x00, 0x00, 0x00, 0x0c, 0x00, 0x00, 0x00, 0xff, 0xff, 0x00, 0xff, 0xff, 0x00, 0xff, 0xff,
    0x00, 0x00, 0x00, 0x01, 0xff, 0xff, 0x00, 0x00, 0xff, 0xff, 0x00, 0x00, 0xff, 0xff, 0xff, 0xff, 0x00, 0x00, 0x00, 0xff, 0xff, 0x00, 0x00, 0x00,
    0x00, 0x00, 0x00, 0xff, 0xff, 0x00, 0x00, 0xff, 0xff, 0x00, 0x00, 0x00, 0x05, 0x00, 0x00, 0x00, 0xff, 0xff, 0x00, 0x00, 0x00, 0x00, 0xff, 0xff,
    0xff, 0xff, 0x70, 0x05, 0x0a, 0x00, 0x71, 0x01, 0x00, 0x01, 0x89, 0x00, 0x02, 0x01, 0x60, 0x02, 0x14, 0x00, 0x00, 0x00, 0x00, 0xff, 0xff, 0x00,
    0x00, 0xff, 0xff, 0xff, 0xff, 0x02, 0xff, 0xff, 0x00, 0x00, 0x00, 0x00, 0x00, 0xff, 0xff, 0x00, 0x00, 0x01, 0x00, 0x00, 0xff, 0xff, 0xff, 0xff,
    0x00, 0xff, 0xff, 0xff, 0xff, 0x00, 0x00, 0x00, 0x00, 0xff, 0xff, 0xff, 0xff, 0x00, 0x00, 0x00, 0x00, 0x00, 0x00, 0xff, 0xff, 0xff, 0xff, 0x00,
    0x00, 0x00, 0x0e, 0x00, 0x00, 0x14, 0x00, 0x00, 0x00, 0x00, 0xff, 0xff, 0x00, 0x00, 0xff, 0xff, 0xff, 0xff, 0x02, 0xff, 0xff, 0x00, 0x00, 0x00,
    0x00, 0x00, 0xff, 0xff, 0x00, 0x00, 0x01, 0x0e, 0x00, 0xff, 0xff, 0xff, 0xff, 0x00, 0xff, 0xff, 0xff, 0xff, 0x00, 0x00, 0x00, 0x00, 0xff, 0xff,
    0xff, 0xff, 0x00, 0x00, 0x00, 0x00, 0x00, 0x00, 0xff, 0xff, 0xff, 0xff, 0x00, 0x00, 0x00, 0x14, 0x00, 0x00, 0x60, 0x02, 0x14, 0x00, 0x00, 0x00,
    0x00, 0xff, 0xff, 0x00, 0x00, 0xff, 0xff, 0xff, 0xff, 0x00, 0xff, 0xff, 0x00, 0x00, 0x00, 0x00, 0x00, 0xff, 0xff, 0x00, 0x00, 0x05, 0x05, 0x00,
    0xff, 0xff, 0xff, 0xff, 0x00, 0xff, 0xff, 0xff, 0xff, 0x00, 0x00, 0x00, 0x00, 0xff, 0xff, 0xff, 0xff, 0x00, 0x00, 0x00, 0x00, 0x00, 0x00, 0xff,
    0xff, 0xff, 0xff, 0x00, 0x00, 0x00, 0x0a, 0x00, 0x00, 0x08, 0x00, 0x00, 0xff, 0xff, 0x00, 0x00, 0x01, 0x00, 0x00, 0x00, 0xff, 0xff, 0x00, 0x00,
    0x00, 0x00, 0x00, 0xff, 0xff, 0x00, 0x00, 0x00, 0x00, 0xff, 0xff, 0x09, 0x00, 0x00, 0xff, 0xff, 0x86, 0x02, 0x00, 0x14, 0x00, 0x00, 0x00, 0x00,
    0xff, 0xff, 0x00, 0x00, 0xff, 0xff, 0xff, 0xff, 0x00, 0xff, 0xff, 0x00, 0x00, 0x00, 0x00, 0x00, 0xff, 0xff, 0x00, 0x00, 0x0a, 0x05, 0x00, 0xff,
    0xff, 0xff, 0xff, 0x00, 0xff, 0xff, 0xff, 0xff, 0x00, 0x00, 0x00, 0x00, 0xff, 0xff, 0xff, 0xff, 0x00, 0x00, 0x00, 0x00, 0x00, 0x00, 0xff, 0xff,
    0xff, 0xff, 0x00, 0x00, 0x00, 0x0a, 0x00, 0x00, 0x61, 0x08, 0x00, 0x40, 0x05, 0x03, 0x19, 0x00, 0x1b, 0x00, 0x00, 0x13, 0x00, 0x0a, 0x0b, 0x00,
    0x0c, 0x00, 0x00, 0x00, 0x00, 0x01, 0xff, 0xff, 0xff, 0xff, 0x00, 0xff, 0xff, 0x00, 0x00, 0x00, 0x00, 0x00, 0x70, 0x03, 0x0a, 0x00, 0x71, 0x01,
    0x0a, 0x01, 0x10, 0x00, 0x00, 0x00, 0x00, 0xff, 0xff, 0xff, 0xff, 0x00, 0x00, 0xff, 0xff, 0x17, 0x00, 0x0e, 0x00, 0x00, 0x00, 0x42, 0x00, 0x00,
    0x00, 0x00, 0xff, 0xff, 0x01, 0x01, 0x00, 0x5f, 0x00, 0x00, 0x00, 0x01, 0x00, 0xff, 0xff, 0x02, 0x80, 0x00, 0x05, 0x01, 0x00, 0x02, 0x14, 0x00,
    0x00, 0x00, 0x00, 0xff, 0xff, 0x00, 0x00, 0xff, 0xff, 0xff, 0xff, 0x02, 0xff, 0xff, 0x00, 0x00, 0x00, 0x00, 0x00, 0xff, 0xff, 0x00, 0x00, 0x01,
    0x00, 0x00, 0xff, 0xff, 0xff, 0xff, 0x00, 0xff, 0xff, 0xff, 0xff, 0x00, 0x00, 0x00, 0x00, 0xff, 0xff, 0xff, 0xff, 0x00, 0x03, 0x03, 0x00, 0x00,
    0x00, 0xff, 0xff, 0xff, 0xff, 0x00, 0x00, 0x00, 0x05, 0x00, 0x00, 0x80, 0x00, 0x05, 0x01, 0x00, 0x02, 0x14, 0x00, 0x00, 0x00, 0x00, 0xff, 0xff,
    0x00, 0x00, 0xff, 0xff, 0xff, 0xff, 0x02, 0xff, 0xff, 0x00, 0x00, 0x00, 0x00, 0x00, 0xff, 0xff, 0x00, 0x00, 0x01, 0x00, 0x00, 0xff, 0xff, 0xff,
    0xff, 0x00, 0xff, 0xff, 0xff, 0xff, 0x00, 0x00, 0x00, 0x00, 0xff, 0xff, 0xff, 0xff, 0x00, 0x03, 0x03, 0x00, 0x00, 0x00, 0xff, 0xff, 0xff, 0xff,
    0x00, 0x00, 0x00, 0x05, 0x00, 0x00, 0x64, 0x80, 0x01, 0x05, 0x01, 0x01, 0x01, 0x60, 0x02, 0x14, 0x00, 0x00, 0x00, 0x00, 0xff, 0xff, 0x00, 0x00,
    0xff, 0xff, 0xff, 0xff, 0x02, 0xff, 0xff, 0x00, 0x00, 0x00, 0x00, 0x00, 0xff, 0xff, 0x00, 0x00, 0x01, 0x00, 0x00, 0xff, 0xff, 0xff, 0xff, 0x00,
    0x1b, 0x00, 0xff, 0xff, 0x00, 0x00, 0x00, 0x00, 0xff, 0xff, 0xff, 0xff, 0x00, 0x00, 0x00, 0x00, 0x00, 0x00, 0xff, 0xff, 0xff, 0xff, 0x00, 0x00,
    0x00, 0x05, 0x00, 0x00, 0x02, 0x00, 0x00, 0x00, 0x00, 0x00, 0x03, 0x00, 0x00, 0x00, 0x02, 0xff, 0xff, 0xff, 0xff, 0x00, 0xff, 0xff, 0x00, 0x00,
    0x00, 0x00, 0xff, 0xff, 0x00, 0x00, 0xff, 0xff, 0x00, 0xff, 0xff, 0x00, 0x00, 0x00, 0x00, 0x07, 0x00, 0x00, 0x03, 0x47, 0x00, 0x00, 0x61, 0x05,
    0x00, 0x41, 0x01, 0x01, 0x00, 0x02, 0x3e, 0x00, 0x0c, 0x00, 0x00, 0x00, 0xff, 0xff, 0x00, 0xff, 0xff, 0x00, 0xff, 0xff, 0x01, 0x00, 0x00, 0x02,
    0xff, 0xff, 0x20, 0x00, 0xff, 0xff, 0x00, 0x00, 0xff, 0xff, 0xff, 0xff, 0x00, 0x00, 0x00, 0xff, 0xff, 0x00, 0x00, 0x00, 0x00, 0x00, 0x00, 0xff,
    0xff, 0x00, 0x00, 0xff, 0xff, 0x00, 0x00, 0x00, 0x05, 0x00, 0x00, 0x00, 0xff, 0xff, 0x00, 0x00, 0x00, 0x00, 0xff, 0xff, 0xff, 0xff, 0x00, 0x00,
    0x65, 0x01, 0xff, 0xff, 0x00, 0x00, 0x00, 0x00, 0x00, 0x02, 0x0c, 0x00, 0x00, 0x01, 0x62, 0x00, 0x00, 0xff, 0xff, 0x01, 0xff, 0xff, 0x00, 0x00,
    0x00, 0x00, 0xff, 0xff, 0x00, 0x00, 0xff, 0xff, 0x00, 0x00, 0xff, 0xff, 0xff, 0xff, 0x00, 0x00, 0x00, 0xff, 0xff, 0x00, 0x00, 0x00, 0x00, 0x00,
    0x00, 0xff, 0xff, 0x00, 0x00, 0xff, 0xff, 0x00, 0x00, 0x00, 0x01, 0x00, 0x00, 0x00, 0xff, 0xff, 0x00, 0x01, 0x00, 0x00, 0xff, 0xff, 0xff, 0xff,
    0x07, 0x63, 0x00, 0x61, 0x05, 0x00, 0x44, 0x00, 0x00, 0x00, 0x00, 0x1f, 0x00, 0x08, 0x00, 0x00, 0xff, 0xff, 0x01, 0x00, 0x01, 0x00, 0x00, 0x01,
    0xff, 0xff, 0x00, 0x00, 0x00, 0x00, 0x00, 0xff, 0xff, 0x00, 0x00, 0x00, 0x00, 0xff, 0xff, 0x09, 0x00, 0x00, 0xff, 0xff, 0x00, 0x00, 0x14, 0x00,
    0x00, 0x00, 0x00, 0xff, 0xff, 0x00, 0x00, 0xff, 0xff, 0xff, 0xff, 0x01, 0xff, 0xff, 0x09, 0x00, 0x00, 0x05, 0x00, 0xff, 0xff, 0x00, 0x00, 0x01,
    0x12, 0x00, 0xff, 0xff, 0xff, 0xff, 0x00, 0x04, 0x00, 0xff, 0xff, 0x00, 0x00, 0x00, 0x00, 0xff, 0xff, 0xff, 0xff, 0x00, 0x00, 0x00, 0x00, 0x00,
    0x00, 0xff, 0xff, 0xff, 0xff, 0x00, 0x00, 0x00, 0x05, 0x00, 0x00, 0x0b, 0x01, 0x01, 0x09, 0x05, 0x04, 0x00, 0x12, 0x0f, 0x00, 0x61, 0x05, 0x00,
    0x41, 0x01, 0x01, 0x00, 0x02, 0x3e, 0x00, 0x0c, 0x00, 0x00, 0x00, 0xff, 0xff, 0x00, 0xff, 0xff, 0x00, 0xff, 0xff, 0x01, 0x00, 0x00, 0x02, 0xff,
    0xff, 0x20, 0x00, 0xff, 0xff, 0x00, 0x00, 0xff, 0xff, 0xff, 0xff, 0x00, 0x00, 0x00, 0xff, 0xff, 0x00, 0x00, 0x00, 0x00, 0x00, 0x00, 0xff, 0xff,
    0x00, 0x00, 0xff, 0xff, 0x00, 0x00, 0x00, 0x05, 0x00, 0x00, 0x00, 0xff, 0xff, 0x00, 0x00, 0x00, 0x00, 0xff, 0xff, 0xff, 0xff, 0x00, 0x00, 0x61,
    0x08, 0x00, 0x40, 0x14, 0x03, 0x07, 0x00, 0x11, 0x00, 0x00, 0x3d, 0x00, 0x14, 0x00, 0x00, 0x00, 0x00, 0xff, 0xff, 0x00, 0x00, 0xff, 0xff, 0xff,
    0xff, 0x03, 0xff, 0xff, 0x00, 0x00, 0x00, 0x00, 0x00, 0xff, 0xff, 0x00, 0x00, 0x01, 0x08, 0x00, 0xff, 0xff, 0xff, 0xff, 0x00, 0xff, 0xff, 0xff,
    0xff, 0x00, 0x00, 0x00, 0x00, 0xff, 0xff, 0xff, 0xff, 0x00, 0x00, 0x00, 0x00, 0x00, 0x00, 0xff, 0xff, 0xff, 0xff, 0x00, 0x00, 0x00, 0x0f, 0x03,
    0x00, 0x00, 0x00, 0x61, 0x08, 0x00, 0x40, 0x01, 0x03, 0x05, 0x01, 0xff, 0xff, 0x00, 0x26, 0x00, 0x02, 0x00, 0x00, 0x00, 0x00, 0x00, 0x01, 0x00,
    0x02, 0x05, 0x01, 0xff, 0xff, 0xff, 0xff, 0x00, 0xff, 0xff, 0x00, 0x00, 0x00, 0x00, 0xff, 0xff, 0x00, 0x00, 0xff, 0xff, 0x00, 0xff, 0xff, 0x00,
    0x00, 0x01, 0x00, 0x03, 0x00, 0x01, 0x00, 0x00, 0x61, 0x05, 0x00, 0x41, 0x01, 0x01, 0x00, 0x02, 0x3e, 0x00, 0x0c, 0x00, 0x00, 0x00, 0xff, 0xff,
    0x00, 0xff, 0xff, 0x00, 0xff, 0xff, 0x01, 0x00, 0x00, 0x02, 0xff, 0xff, 0x20, 0x00, 0xff, 0xff, 0x00, 0x00, 0xff, 0xff, 0xff, 0xff, 0x00, 0x00,
    0x00, 0xff, 0xff, 0x00, 0x00, 0x00, 0x00, 0x00, 0x00, 0xff, 0xff, 0x00, 0x00, 0xff, 0xff, 0x00, 0x00, 0x00, 0x05, 0x00, 0x00, 0x00, 0xff, 0xff,
    0x00, 0x00, 0x00, 0x00, 0xff, 0xff, 0xff, 0xff, 0x00, 0x00, 0x80, 0x00, 0x05, 0x01, 0x00, 0x02, 0x60, 0x02, 0x0c, 0x00, 0x00, 0x00, 0xff, 0xff,
    0x00, 0xff, 0xff, 0x00, 0xff, 0xff, 0x00, 0x00, 0x00, 0x02, 0xff, 0xff, 0x00, 0x00, 0xff, 0xff, 0x00, 0x00, 0xff, 0xff, 0xff, 0xff, 0x00, 0x00,
    0x00, 0xff, 0xff, 0x00, 0x00, 0x00, 0x00, 0x00, 0x00, 0xff, 0xff, 0x00, 0x00, 0xff, 0xff, 0x00, 0x00, 0x00, 0x01, 0x00, 0x00, 0x00, 0xff, 0xff,
    0x00, 0x00, 0x00, 0x00, 0xff, 0xff, 0xff, 0xff, 0x0c, 0x00, 0x00, 0x00, 0xff, 0xff, 0x00, 0xff, 0xff, 0x00, 0xff, 0xff, 0x00, 0x00, 0x00, 0x02,
    0xff, 0xff, 0x00, 0x00, 0xff, 0xff, 0x00, 0x00, 0xff, 0xff, 0xff, 0xff, 0x00, 0x00, 0x00, 0xff, 0xff, 0x00, 0x00, 0x00, 0x00, 0x00, 0x00, 0xff,
    0xff, 0x00, 0x00, 0xff, 0xff, 0x00, 0x00, 0x00, 0x05, 0x00, 0x00, 0x00, 0xff, 0xff, 0x00, 0x00, 0x00, 0x00, 0xff, 0xff, 0xff, 0xff, 0x80, 0x00,
    0x05, 0x01, 0x00, 0x02, 0x60, 0x02, 0x0c, 0x00, 0x00, 0x00, 0xff, 0xff, 0x00, 0xff, 0xff, 0x00, 0xff, 0xff, 0x00, 0x00, 0x00, 0x02, 0xff, 0xff,
    0x00, 0x00, 0xff, 0xff, 0x00, 0x00, 0xff, 0xff, 0xff, 0xff, 0x00, 0x00, 0x00, 0xff, 0xff, 0x00, 0x00, 0x00, 0x00, 0x00, 0x00, 0xff, 0xff, 0x00,
    0x00, 0xff, 0xff, 0x00, 0x00, 0x00, 0x01, 0x00, 0x00, 0x00, 0xff, 0xff, 0x00, 0x00, 0x00, 0x00, 0xff, 0xff, 0xff, 0xff, 0x0c, 0x00, 0x00, 0x00,
    0xff, 0xff, 0x00, 0xff, 0xff, 0x00, 0xff, 0xff, 0x00, 0x00, 0x00, 0x02, 0xff, 0xff, 0x00, 0x00, 0xff, 0xff, 0x00, 0x00, 0xff, 0xff, 0xff, 0xff,
    0x00, 0x00, 0x00, 0xff, 0xff, 0x00, 0x00, 0x00, 0x00, 0x00, 0x00, 0xff, 0xff, 0x00, 0x00, 0xff, 0xff, 0x00, 0x00, 0x00, 0x05, 0x00, 0x00, 0x00,
    0xff, 0xff, 0x00, 0x00, 0x00, 0x00, 0xff, 0xff, 0xff, 0xff, 0x61, 0x05, 0x00, 0x41, 0x01, 0x01, 0x00, 0x00, 0x1f, 0x00, 0x08, 0x00, 0x00, 0xff,
    0xff, 0x00, 0x00, 0x01, 0x00, 0x00, 0x00, 0xff, 0xff, 0x00, 0x00, 0x00, 0x00, 0x01, 0xff, 0xff, 0x00, 0x00, 0x00, 0x00, 0xff, 0xff, 0x09, 0x00,
    0x00, 0xff, 0xff, 0x00, 0x00, 0x86, 0x01, 0x01, 0x0c, 0x00, 0x00, 0x00, 0xff, 0xff, 0x00, 0xff, 0xff, 0x00, 0xff, 0xff, 0x00, 0x00, 0x00, 0x01,
    0xff, 0xff, 0x00, 0x00, 0xff, 0xff, 0x00, 0x00, 0xff, 0xff, 0xff, 0xff, 0x00, 0x00, 0x00, 0xff, 0xff, 0x00, 0x00, 0x00, 0x00, 0x00, 0x00, 0xff,
    0xff, 0x00, 0x00, 0xff, 0xff, 0x00, 0x00, 0x00, 0x05, 0x00, 0x00, 0x00, 0xff, 0xff, 0x00, 0x00, 0x00, 0x00, 0xff, 0xff, 0xff, 0xff, 0x65, 0x01,
    0xff, 0xff, 0x00, 0x00, 0x00, 0x00, 0x00, 0x03, 0x14, 0x00, 0x00, 0x00, 0x00, 0x64, 0x00, 0x00, 0x00, 0xff, 0xff, 0xff, 0xff, 0x00, 0xff, 0xff,
    0x00, 0x00, 0x00, 0x00, 0x00, 0xff, 0xff, 0x00, 0x00, 0x01, 0x05, 0x00, 0xff, 0xff, 0xff, 0xff, 0x00, 0xff, 0xff, 0xff, 0xff, 0x00, 0x00, 0x00,
    0x00, 0xff, 0xff, 0xff, 0xff, 0x00, 0x00, 0x00, 0x00, 0x00, 0x00, 0xff, 0xff, 0xff, 0xff, 0x00, 0x00, 0x00, 0x00, 0x00, 0x00, 0x08, 0x00, 0x00,
    0x65, 0x00, 0x00, 0x00, 0x01, 0x00, 0x00, 0x00, 0xff, 0xff, 0x00, 0x00, 0x00, 0x00, 0x00, 0xff, 0xff, 0x00, 0x00, 0x00, 0x00, 0xff, 0xff, 0x09,
    0x00, 0x02, 0xff, 0xff, 0x0c, 0x00, 0x00, 0x00, 0x63, 0x00, 0x00, 0xff, 0xff, 0x01, 0xff, 0xff, 0x00, 0x00, 0x00, 0x01, 0xff, 0xff, 0x00, 0x00,
    0xff, 0xff, 0x00, 0x00, 0xff, 0xff, 0xff, 0xff, 0x00, 0x00, 0x00, 0xff, 0xff, 0x00, 0x00, 0x00, 0x00, 0x00, 0x00, 0xff, 0xff, 0x00, 0x00, 0xff,
    0xff, 0x00, 0x00, 0x00, 0x01, 0x00, 0x00, 0x00, 0xff, 0xff, 0x00, 0x02, 0x00, 0x00, 0xff, 0xff, 0xff, 0xff, 0x14, 0x00, 0x00, 0x00, 0x00, 0xff,
    0xff, 0x00, 0x00, 0xff, 0xff, 0xff, 0xff, 0x01, 0xff, 0xff, 0x00, 0x00, 0x00, 0x00, 0x00, 0xff, 0xff, 0x00, 0x00, 0x01, 0x00, 0x00, 0xff, 0xff,
    0xff, 0xff, 0x00, 0xff, 0xff, 0xff, 0xff, 0x00, 0x00, 0x00, 0x00, 0xff, 0xff, 0xff, 0xff, 0x00, 0x00, 0x00, 0x00, 0x00, 0x00, 0xff, 0xff, 0xff,
    0xff, 0x00, 0x00, 0x00, 0x05, 0x00, 0x00, 0x80, 0x00, 0x05, 0x01, 0x00, 0x03, 0x0a, 0x66, 0x00, 0x0c, 0x00, 0x00, 0x00, 0x00, 0x01, 0xff, 0xff,
    0xff, 0xff, 0x00, 0x67, 0x00, 0x00, 0x00, 0x00, 0x61, 0x0e, 0x00, 0x42, 0x00, 0x24, 0x00, 0x0a, 0x00, 0x02, 0x00, 0x00, 0x00, 0x00, 0x00, 0xff,
    0xff, 0x3d, 0x00, 0x14, 0x00, 0x00, 0x00, 0x00, 0xff, 0xff, 0x00, 0x00, 0xff, 0xff, 0xff, 0xff, 0x00, 0xff, 0xff, 0x00, 0x00, 0x00, 0x00, 0x00,
    0xff, 0xff, 0x00, 0x00, 0x01, 0x00, 0x00, 0xff, 0xff, 0xff, 0xff, 0x00, 0x04, 0x00, 0xff, 0xff, 0x00, 0x00, 0x00, 0x00, 0xff, 0xff, 0xff, 0xff,
    0x00, 0x00, 0x00, 0x00, 0x00, 0x00, 0x68, 0x00, 0xff, 0xff, 0x00, 0x00, 0x00, 0x14, 0x00, 0x00, 0x00, 0x00, 0x12, 0x00, 0xff, 0xff, 0xff, 0xff,
    0x00, 0x00, 0xff, 0xff, 0xff, 0xff, 0x04, 0x00, 0x00, 0x01, 0x00, 0x00, 0x00, 0x00, 0x00, 0x1e, 0x00, 0x69, 0x00, 0x01, 0x01, 0x00, 0x6a, 0x00,
    0x00, 0x01, 0x00, 0x00, 0x00, 0x01, 0x86, 0x02, 0x01, 0x61, 0x05, 0x00, 0x43, 0x04, 0x00, 0x00, 0x00, 0x24, 0x00, 0x12, 0x00, 0xff, 0xff, 0xff,
    0xff, 0x00, 0x00, 0xff, 0xff, 0xff, 0xff, 0xff, 0xff, 0x00, 0x00, 0x00, 0x00, 0x00, 0x00, 0x00, 0x1e, 0x00, 0x69, 0x00, 0x00, 0x00, 0x00, 0xff,
    0xff, 0x00, 0x01, 0x00, 0x00, 0x00, 0x01, 0x00, 0x00, 0x61, 0x08, 0x00, 0x40, 0x0d, 0x03, 0x03, 0x00, 0xff, 0xff, 0x00, 0x24, 0x00, 0x12, 0x00,
    0xff, 0xff, 0xff, 0xff, 0x00, 0x00, 0xff, 0xff, 0xff, 0xff, 0xff, 0xff, 0x00, 0x00, 0x00, 0x00, 0x00, 0x00, 0x00, 0x1e, 0x00, 0x69, 0x00, 0x00,
    0x00, 0x00, 0xff, 0xff, 0x00, 0x01, 0x00, 0x00, 0x00, 0x02, 0x00, 0x00, 0x61, 0x0e, 0x00, 0x42, 0x00, 0x24, 0x00, 0x0a, 0x00, 0x02, 0x00, 0x00,
    0x00, 0x00, 0x00, 0xff, 0xff, 0x3d, 0x00, 0x14, 0x00, 0x00, 0x00, 0x00, 0xff, 0xff, 0x00, 0x00, 0xff, 0xff, 0xff, 0xff, 0x03, 0xff, 0xff, 0x00,
    0x00, 0x00, 0x00, 0x00, 0xff, 0xff, 0x00, 0x00, 0x01, 0x08, 0x00, 0xff, 0xff, 0xff, 0xff, 0x00, 0xff, 0xff, 0xff, 0xff, 0x00, 0x00, 0x00, 0x00,
    0xff, 0xff, 0xff, 0xff, 0x00, 0x00, 0x00, 0x00, 0x00, 0x00, 0x6b, 0x00, 0xff, 0xff, 0x00, 0x00, 0x00, 0x0f, 0x03, 0x00, 0x00, 0x00, 0x61, 0x05,
    0x00, 0x41, 0x01, 0x00, 0x00, 0x00, 0x1f, 0x00, 0x08, 0x00, 0x00, 0xff, 0xff, 0x00, 0x00, 0x01, 0x00, 0x00, 0x00, 0xff, 0xff, 0x00, 0x00, 0x00,
    0x00, 0x00, 0x68, 0x00, 0x00, 0x00, 0x00, 0x00, 0xff, 0xff, 0x09, 0x00, 0x00, 0xff, 0xff, 0x00, 0x00, 0x61, 0x05, 0x00, 0x41, 0x00, 0x00, 0x00,
    0x00, 0x26, 0x00, 0x10, 0x00, 0x00, 0x00, 0x02, 0x40, 0x00, 0xff, 0xff, 0x00, 0x00, 0xff, 0xff, 0x5c, 0x00, 0x00, 0x00, 0x00, 0x00, 0x5a, 0x00,
    0x00, 0x00, 0x00, 0x68, 0x00, 0x00, 0x00, 0x00, 0xff, 0xff, 0x00, 0x01, 0x01, 0x00, 0xff, 0xff, 0x02, 0x00, 0x00, 0x61, 0x08, 0x00, 0x40, 0x08,
    0x03, 0x0c, 0x00, 0xff, 0xff, 0x00, 0x24, 0x00, 0x12, 0x00, 0xff, 0xff, 0xff, 0xff, 0x00, 0x00, 0xff, 0xff, 0xff, 0xff, 0xff, 0xff, 0x00, 0x00,
    0x00, 0x00, 0x00, 0x00, 0x00, 0x1e, 0x00, 0x69, 0x00, 0x00, 0x00, 0x00, 0xff, 0xff, 0x00, 0x01, 0x00, 0x00, 0x00, 0x01, 0x00, 0x00, 0x14, 0x00,
    0x00, 0x00, 0x00, 0xff, 0xff, 0x00, 0x00, 0xff, 0xff, 0xff, 0xff, 0x02, 0xff, 0xff, 0x00, 0x00, 0x00, 0x00, 0x00, 0xff, 0xff, 0x00, 0x00, 0x01,
    0x00, 0x00, 0xff, 0xff, 0xff, 0xff, 0x00, 0x0d, 0x00, 0xff, 0xff, 0x00, 0x00, 0x00, 0x00, 0xff, 0xff, 0xff, 0xff, 0x00, 0x00, 0x00, 0x00, 0x00,
    0x00, 0x68, 0x00, 0xff, 0xff, 0x00, 0x00, 0x00, 0x14, 0x00, 0x00, 0x61, 0x08, 0x00, 0x40, 0x14, 0x03, 0x0a, 0x01, 0x0d, 0x00, 0x00, 0x24, 0x00,
    0x12, 0x00, 0xff, 0xff, 0xff, 0xff, 0x00, 0x00, 0xff, 0xff, 0xff, 0xff, 0xff, 0xff, 0x00, 0x00, 0x00, 0x00, 0x00, 0x00, 0x00, 0x1e, 0x00, 0x69,
    0x00, 0x00, 0x00, 0x00, 0xff, 0xff, 0x00, 0x01, 0x00, 0x00, 0x00, 0x01, 0x00, 0x00, 0x61, 0x15, 0x00, 0x4b, 0x42, 0x00, 0x24, 0x00, 0x0a, 0x00,
    0x02, 0x00, 0x00, 0x00, 0x00, 0x00, 0xff, 0xff, 0x43, 0x0d, 0x00, 0x00, 0x00, 0x4c, 0x3d, 0x00, 0x14, 0x00, 0x00, 0x00, 0x00, 0xff, 0xff, 0x00,
    0x00, 0xff, 0xff, 0xff, 0xff, 0x03, 0xff, 0xff, 0x00, 0x00, 0x00, 0x00, 0x00, 0xff, 0xff, 0x00, 0x00, 0x01, 0x08, 0x00, 0xff, 0xff, 0xff, 0xff,
    0x00, 0xff, 0xff, 0xff, 0xff, 0x00, 0x00, 0x00, 0x00, 0xff, 0xff, 0xff, 0xff, 0x00, 0x00, 0x00, 0x00, 0x00, 0x00, 0x68, 0x00, 0xff, 0xff, 0x00,
    0x00, 0x00, 0x0f, 0x03, 0x00, 0x00, 0x00, 0x70, 0x05, 0x0a, 0x00, 0x71, 0x01, 0x00, 0x01, 0x86, 0x01, 0x01, 0x0c, 0x00, 0x00, 0x00, 0xff, 0xff,
    0x00, 0xff, 0xff, 0x01, 0xff, 0xff, 0x00, 0x00, 0x00, 0x01, 0xff, 0xff, 0x00, 0x00, 0xff, 0xff, 0x01, 0x00, 0x04, 0x00, 0xff, 0xff, 0x00, 0x00,
    0x00, 0xff, 0xff, 0x00, 0x00, 0x00, 0x00, 0x00, 0x00, 0xff, 0xff, 0x00, 0x00, 0xff, 0xff, 0x00, 0x00, 0x00, 0x01, 0x00, 0x00, 0x00, 0xff, 0xff,
    0x00, 0x00, 0x00, 0x00, 0xff, 0xff, 0xff, 0xff, 0x80, 0x00, 0x05, 0x01, 0x00, 0x01, 0x0c, 0x00, 0x00, 0x00, 0xff, 0xff, 0x00, 0xff, 0xff, 0x00,
    0xff, 0xff, 0x00, 0x00, 0x00, 0x02, 0xff, 0xff, 0x00, 0x00, 0xff, 0xff, 0x00, 0x00, 0xff, 0xff, 0xff, 0xff, 0x00, 0x00, 0x00, 0xff, 0xff, 0x00,
    0x00, 0x00, 0x00, 0x00, 0x00, 0xff, 0xff, 0x00, 0x00, 0xff, 0xff, 0x00, 0x00, 0x00, 0x01, 0x00, 0x00, 0x00, 0xff, 0xff, 0x00, 0x00, 0x00, 0x00,
    0xff, 0xff, 0xff, 0xff, 0x80, 0x00, 0x05, 0x01, 0x00, 0x02, 0x14, 0x00, 0x00, 0x00, 0x00, 0xff, 0xff, 0x00, 0x00, 0xff, 0xff, 0xff, 0xff, 0x02,
    0xff, 0xff, 0x00, 0x00, 0x00, 0x00, 0x00, 0xff, 0xff, 0x00, 0x00, 0x01, 0x00, 0x00, 0xff, 0xff, 0xff, 0xff, 0x00, 0x04, 0x00, 0xff, 0xff, 0x00,
    0x00, 0x00, 0x00, 0xff, 0xff, 0xff, 0xff, 0x00, 0x00, 0x00, 0x00, 0x00, 0x00, 0xff, 0xff, 0xff, 0xff, 0x00, 0x00, 0x00, 0x05, 0x00, 0x00, 0x86,
    0x02, 0x01, 0x0c, 0x00, 0x00, 0x00, 0xff, 0xff, 0x00, 0xff, 0xff, 0x00, 0xff, 0xff, 0x00, 0x00, 0x00, 0x01, 0xff, 0xff, 0x00, 0x00, 0xff, 0xff,
    0x00, 0x00, 0xff, 0xff, 0xff, 0xff, 0x00, 0x00, 0x00, 0xff, 0xff, 0x00, 0x00, 0x00, 0x00, 0x00, 0x00, 0xff, 0xff, 0x00, 0x00, 0xff, 0xff, 0x00,
    0x00, 0x00, 0x05, 0x00, 0x00, 0x00, 0xff, 0xff, 0x00, 0x00, 0x00, 0x00, 0xff, 0xff, 0xff, 0xff, 0x61, 0x05, 0x00, 0x41, 0x01, 0x01, 0x00, 0x00,
    0x24, 0x00, 0x12, 0x00, 0xff, 0xff, 0xff, 0xff, 0x00, 0x00, 0xff, 0xff, 0xff, 0xff, 0xff, 0xff, 0x00, 0x00, 0x00, 0x00, 0x00, 0x00, 0x00, 0x1e,
    0x00, 0x69, 0x00, 0x00, 0x00, 0x00, 0xff, 0xff, 0x00, 0x01, 0x00, 0x00, 0x00, 0x01, 0x00, 0x00, 0x08, 0x00, 0x00, 0xff, 0xff, 0x00, 0x00, 0x01,
    0x00, 0x00, 0x00, 0xff, 0xff, 0x00, 0x00, 0x00, 0x00, 0x00, 0xff, 0xff, 0x01, 0x06, 0x00, 0x00, 0xff, 0xff, 0x09, 0x00, 0x00, 0xff, 0xff, 0x14,
    0x00, 0x00, 0x00, 0x01, 0xff, 0xff, 0x00, 0x00, 0xff, 0xff, 0xff, 0xff, 0x01, 0xff, 0xff, 0x04, 0x00, 0x00, 0x05, 0x00, 0xff, 0xff, 0x00, 0x00,
    0x01, 0x01, 0x00, 0xff, 0xff, 0xff, 0xff, 0x00, 0x11, 0x00, 0xff, 0xff, 0x00, 0x00, 0x00, 0x00, 0xff, 0xff, 0xff, 0xff, 0x00, 0x00, 0x00, 0x00,
    0x01, 0x00, 0x6c, 0x00, 0xff, 0xff, 0x00, 0x00, 0x00, 0x00, 0x00, 0x00, 0x0a, 0x0b, 0x00, 0x0c, 0x00, 0x00, 0x00, 0x00, 0x01, 0xff, 0xff, 0xff,
    0xff, 0x00, 0xff, 0xff, 0x00, 0x00, 0x00, 0x86, 0x02, 0x01, 0x14, 0x00, 0x00, 0x00, 0x00, 0xff, 0xff, 0x00, 0x00, 0xff, 0xff, 0xff, 0xff, 0x01,
    0xff, 0xff, 0x00, 0x00, 0x00, 0x00, 0x00, 0xff, 0xff, 0x00, 0x00, 0x01, 0x00, 0x00, 0xff, 0xff, 0xff, 0xff, 0x00, 0x11, 0x00, 0xff, 0xff, 0x00,
    0x00, 0x00, 0x00, 0xff, 0xff, 0xff, 0xff, 0x00, 0x00, 0x00, 0x00, 0x00, 0x00, 0xff, 0xff, 0xff, 0xff, 0x00, 0x00, 0x00, 0x05, 0x00, 0x00, 0x86,
    0x01, 0x01, 0x61, 0x08, 0x00, 0x40, 0x08, 0x03, 0x09, 0x00, 0xff, 0xff, 0x00, 0x08, 0x00, 0x70, 0x05, 0x0a, 0x00, 0x71, 0x01, 0x00, 0x01, 0x00,
    0x00, 0x61, 0x08, 0x00, 0x40, 0x08, 0x03, 0x09, 0x00, 0xff, 0xff, 0x00, 0x24, 0x00, 0x12, 0x00, 0xff, 0xff, 0xff, 0xff, 0x00, 0x00, 0xff, 0xff,
    0xff, 0xff, 0xff, 0xff, 0x00, 0x00, 0x00, 0x00, 0x00, 0x00, 0x00, 0x1e, 0x00, 0x69, 0x00, 0x00, 0x00, 0x00, 0xff, 0xff, 0x00, 0x01, 0x00, 0x00,
    0x00, 0x01, 0x00, 0x00, 0x80, 0x00, 0x05, 0x01, 0x00, 0x01, 0x70, 0x05, 0x0a, 0x00, 0x71, 0x01, 0x00, 0x01, 0x80, 0x00, 0x05, 0x01, 0x00, 0x01,
    0x70, 0x05, 0x0a, 0x00, 0x71, 0x01, 0x00, 0x01, 0x80, 0x00, 0x05, 0x01, 0x00, 0x01, 0x70, 0x05, 0x0a, 0x00, 0x71, 0x01, 0x00, 0x01, 0x61, 0x05,
    0x00, 0x44, 0x00, 0x01, 0x00, 0x00, 0x1f, 0x00, 0x08, 0x00, 0x00, 0xff, 0xff, 0x00, 0x00, 0x01, 0x00, 0x00, 0x00, 0xff, 0xff, 0x00, 0x00, 0x00,
    0x00, 0x00, 0x39, 0x00, 0x00, 0x00, 0x00, 0x00, 0xff, 0xff, 0x09, 0x00, 0x00, 0x3f, 0x00, 0x00, 0x00, 0x14, 0x00, 0x00, 0x00, 0x00, 0xff, 0xff,
    0x00, 0x00, 0xff, 0xff, 0xff, 0xff, 0x02, 0xff, 0xff, 0x00, 0x00, 0x00, 0x00, 0x00, 0xff, 0xff, 0x00, 0x00, 0x01, 0x0b, 0x00, 0xff, 0xff, 0xff,
    0xff, 0x00, 0xff, 0xff, 0xff, 0xff, 0x00, 0x00, 0x01, 0x00, 0xff, 0xff, 0xff, 0xff, 0x00, 0x00, 0x00, 0x00, 0x00, 0x00, 0xff, 0xff, 0xff, 0xff,
    0x00, 0x00, 0x00, 0x14, 0x00, 0x00, 0x61, 0x05, 0x00, 0x41, 0x09, 0x00, 0x00, 0x00, 0x24, 0x00, 0x12, 0x00, 0xff, 0xff, 0xff, 0xff, 0x00, 0x00,
    0xff, 0xff, 0xff, 0xff, 0xff, 0xff, 0x00, 0x00, 0x00, 0x00, 0x00, 0x00, 0x00, 0x1e, 0x00, 0xff, 0xff, 0x00, 0x00, 0x00, 0xff, 0xff, 0x00, 0x01,
    0x00, 0x00, 0x00, 0x02, 0x00, 0x00, 0x61, 0x05, 0x00, 0x43, 0x10, 0x00, 0x00, 0x00, 0x3e, 0x00, 0x0c, 0x00, 0x00, 0x00, 0xff, 0xff, 0x00, 0xff,
    0xff, 0x01, 0xff, 0xff, 0x00, 0x00, 0x00, 0x01, 0xff, 0xff, 0x00, 0x00, 0xff, 0xff, 0x00, 0x00, 0xff, 0xff, 0xff, 0xff, 0x00, 0x00, 0x00, 0xff,
    0xff, 0x00, 0x00, 0x00, 0x00, 0x00, 0x00, 0xff, 0xff, 0x00, 0x00, 0xff, 0xff, 0x00, 0x00, 0x00, 0x01, 0x00, 0x00, 0x00, 0xff, 0xff, 0x00, 0x00,
    0x00, 0x00, 0xff, 0xff, 0xff, 0xff, 0x00, 0x00, 0x61, 0x08, 0x00, 0x40, 0x00, 0x03, 0x02, 0x00, 0xff, 0xff, 0x00, 0x3e, 0x00, 0x0c, 0x00, 0x00,
    0x00, 0xff, 0xff, 0x00, 0xff, 0xff, 0x01, 0xff, 0xff, 0x00, 0x00, 0x00, 0x02, 0xff, 0xff, 0x00, 0x00, 0xff, 0xff, 0x00, 0x00, 0xff, 0xff, 0xff,
    0xff, 0x00, 0x00, 0x00, 0xff, 0xff, 0x00, 0x00, 0x00, 0x00, 0x00, 0x00, 0xff, 0xff, 0x00, 0x00, 0xff, 0xff, 0x00, 0x00, 0x00, 0x01, 0x00, 0x00,
    0x00, 0xff, 0xff, 0x00, 0x00, 0x01, 0x00, 0xff, 0xff, 0xff, 0xff, 0x00, 0x00, 0x61, 0x05, 0x00, 0x41, 0x14, 0x00, 0x00, 0x00, 0x3e, 0x00, 0x0c,
    0x00, 0x00, 0x00, 0xff, 0xff, 0x00, 0xff, 0xff, 0x00, 0xff, 0xff, 0x00, 0x00, 0x00, 0x01, 0xff, 0xff, 0x00, 0x00, 0xff, 0xff, 0x00, 0x00, 0xff,
    0xff, 0xff, 0xff, 0x00, 0x00, 0x00, 0xff, 0xff, 0x00, 0x00, 0x00, 0x00, 0x00, 0x00, 0xff, 0xff, 0x00, 0x00, 0xff, 0xff, 0x00, 0x00, 0x00, 0x05,
    0x00, 0x00, 0x00, 0xff, 0xff, 0x00, 0x00, 0x00, 0x00, 0xff, 0xff, 0xff, 0xff, 0x00, 0x00, 0x61, 0x05, 0x00, 0x41, 0x14, 0x00, 0x00, 0x00, 0x3e,
    0x00, 0x0c, 0x00, 0x00, 0x00, 0xff, 0xff, 0x00, 0xff, 0xff, 0x00, 0xff, 0xff, 0x00, 0x00, 0x00, 0x01, 0xff, 0xff, 0x00, 0x00, 0xff, 0xff, 0x00,
    0x00, 0xff, 0xff, 0xff, 0xff, 0x00, 0x00, 0x00, 0xff, 0xff, 0x00, 0x00, 0x00, 0x00, 0x00, 0x00, 0xff, 0xff, 0x00, 0x00, 0xff, 0xff, 0x00, 0x00,
    0x00, 0x05, 0x00, 0x00, 0x00, 0xff, 0xff, 0x00, 0x00, 0x00, 0x00, 0xff, 0xff, 0xff, 0xff, 0x00, 0x00, 0x61, 0x05, 0x00, 0x41, 0x14, 0x00, 0x00,
    0x00, 0x3e, 0x00, 0x0c, 0x00, 0x00, 0x00, 0xff, 0xff, 0x00, 0xff, 0xff, 0x00, 0xff, 0xff, 0x00, 0x00, 0x00, 0x01, 0xff, 0xff, 0x00, 0x00, 0xff,
    0xff, 0x00, 0x00, 0xff, 0xff, 0xff, 0xff, 0x00, 0x00, 0x00, 0xff, 0xff, 0x00, 0x00, 0x00, 0x00, 0x00, 0x00, 0xff, 0xff, 0x00, 0x00, 0xff, 0xff,
    0x00, 0x00, 0x00, 0x05, 0x00, 0x00, 0x00, 0xff, 0xff, 0x00, 0x00, 0x00, 0x00, 0xff, 0xff, 0xff, 0xff, 0x00, 0x00, 0x61, 0x08, 0x00, 0x40, 0x00,
    0x03, 0x01, 0x01, 0xff, 0xff, 0x00, 0x08, 0x00, 0x70, 0x05, 0x0a, 0x00, 0x71, 0x01, 0x00, 0x01, 0x00, 0x00, 0x61, 0x08, 0x00, 0x40, 0x00, 0x03,
    0x01, 0x01, 0xff, 0xff, 0x00, 0x08, 0x00, 0x70, 0x05, 0x0a, 0x00, 0x71, 0x01, 0x00, 0x01, 0x00, 0x00, 0x60, 0x02, 0x08, 0x00, 0x00, 0xff, 0xff,
    0x00, 0x00, 0x01, 0x00, 0x00, 0x00, 0xff, 0xff, 0x00, 0x00, 0x00, 0x00, 0x00, 0xff, 0xff, 0x00, 0x00, 0x00, 0x00, 0xff, 0xff, 0x09, 0x00, 0x00,
    0xff, 0xff, 0x1d, 0x00, 0x01, 0x00, 0x00, 0x01, 0xff, 0xff, 0xff, 0xff, 0x3a, 0x00, 0x00, 0x00, 0x61, 0x08, 0x00, 0x40, 0x00, 0x03, 0x01, 0x01,
    0xff, 0xff, 0x00, 0x5e, 0x00, 0x60, 0x02, 0x08, 0x00, 0x00, 0xff, 0xff, 0x00, 0x00, 0x02, 0x00, 0x00, 0x00, 0xff, 0xff, 0x00, 0x00, 0x00, 0x00,
    0x00, 0xff, 0xff, 0x00, 0x00, 0x00, 0x00, 0xff, 0xff, 0x09, 0x00, 0x00, 0xff, 0xff, 0x14, 0x00, 0x00, 0x00, 0x00, 0xff, 0xff, 0x00, 0x00, 0xff,
    0xff, 0xff, 0xff, 0x00, 0xff, 0xff, 0x00, 0x00, 0x00, 0x00, 0x00, 0xff, 0xff, 0x00, 0x00, 0x01, 0x05, 0x00, 0xff, 0xff, 0xff, 0xff, 0x00, 0xff,
    0xff, 0xff, 0xff, 0x00, 0x00, 0x00, 0x00, 0xff, 0xff, 0xff, 0xff, 0x00, 0x00, 0x00, 0x00, 0x00, 0x00, 0xff, 0xff, 0xff, 0xff, 0x00, 0x00, 0x00,
    0x00, 0x00, 0x00, 0x00, 0x00, 0x61, 0x08, 0x00, 0x40, 0x05, 0x03, 0x0a, 0x00, 0xff, 0xff, 0x00, 0x1f, 0x00, 0x08, 0x00, 0x00, 0xff, 0xff, 0x00,
    0x00, 0x01, 0x00, 0x00, 0x00, 0xff, 0xff, 0x00, 0x00, 0x00, 0x00, 0x00, 0xff, 0xff, 0x00, 0x00, 0x00, 0x00, 0xff, 0xff, 0x09, 0x00, 0x00, 0xff,
    0xff, 0x00, 0x00, 0x86, 0x02, 0x01, 0x61, 0x03, 0x00, 0x45, 0x00, 0x00, 0x42, 0x00, 0x60, 0x02, 0x14, 0x00, 0x00, 0x00, 0x00, 0xff, 0xff, 0x00,
    0x00, 0xff, 0xff, 0xff, 0xff, 0x02, 0xff, 0xff, 0x00, 0x00, 0x00, 0x00, 0x00, 0xff, 0xff, 0x00, 0x00, 0x01, 0x0d, 0x00, 0xff, 0xff, 0xff, 0xff,
    0x00, 0xff, 0xff, 0xff, 0xff, 0x00, 0x00, 0x00, 0x00, 0xff, 0xff, 0xff, 0xff, 0x00, 0x00, 0x00, 0x00, 0x00, 0x00, 0xff, 0xff, 0xff, 0xff, 0x00,
    0x00, 0x00, 0x05, 0x00, 0x00, 0x1b, 0x02, 0x01, 0x00, 0x00, 0x61, 0x05, 0x00, 0x43, 0x0d, 0x00, 0x00, 0x00, 0xf4, 0x00, 0x65, 0x01, 0xff, 0xff,
    0x00, 0x00, 0x00, 0x00, 0x00, 0x03, 0x60, 0x02, 0x10, 0x00, 0x00, 0x00, 0x02, 0xff, 0xff, 0xff, 0xff, 0x00, 0x00, 0xff, 0xff, 0x6d, 0x00, 0x00,
    0x00, 0x00, 0x00, 0x5a, 0x00, 0x00, 0x00, 0x00, 0xff, 0xff, 0x00, 0x00, 0x00, 0xff, 0xff, 0x00, 0x00, 0x01, 0x00, 0xff, 0xff, 0x02, 0x10, 0x00,
    0x00, 0x00, 0x01, 0xff, 0xff, 0xff, 0xff, 0x00, 0x00, 0xff, 0xff, 0x17, 0x00, 0x00, 0x00, 0x00, 0x00, 0x5a, 0x00, 0x00, 0x00, 0x00, 0xff, 0xff,
    0x00, 0x00, 0x00, 0xff, 0xff, 0x00, 0x00, 0x01, 0x00, 0xff, 0xff, 0x01, 0x60, 0x02, 0x10, 0x00, 0x00, 0x00, 0x02, 0xff, 0xff, 0xff, 0xff, 0x00,
    0x00, 0xff, 0xff, 0x46, 0x00, 0x00, 0x00, 0x00, 0x00, 0x5a, 0x00, 0x00, 0x00, 0x00, 0xff, 0xff, 0x00, 0x00, 0x00, 0xff, 0xff, 0x00, 0x00, 0x01,
    0x00, 0xff, 0xff, 0x02, 0x10, 0x00, 0x00, 0x00, 0x01, 0xff, 0xff, 0xff, 0xff, 0x00, 0x00, 0xff, 0xff, 0x17, 0x00, 0x00, 0x00, 0x00, 0x00, 0x5a,
    0x00, 0x00, 0x00, 0x00, 0xff, 0xff, 0x00, 0x00, 0x00, 0xff, 0xff, 0x00, 0x00, 0x01, 0x00, 0xff, 0xff, 0x01, 0x60, 0x02, 0x10, 0x00, 0x00, 0x00,
    0x02, 0xff, 0xff, 0xff, 0xff, 0x00, 0x00, 0xff, 0xff, 0x6e, 0x00, 0x00, 0x00, 0x00, 0x00, 0x5a, 0x00, 0x00, 0x00, 0x00, 0xff, 0xff, 0x00, 0x00,
    0x00, 0xff, 0xff, 0x00, 0x00, 0x01, 0x00, 0xff, 0xff, 0x02, 0x10, 0x00, 0x00, 0x00, 0x01, 0xff, 0xff, 0xff, 0xff, 0x00, 0x00, 0xff, 0xff, 0x17,
    0x00, 0x00, 0x00, 0x00, 0x00, 0x5a, 0x00, 0x00, 0x00, 0x00, 0xff, 0xff, 0x00, 0x00, 0x00, 0xff, 0xff, 0x00, 0x00, 0x01, 0x00, 0xff, 0xff, 0x01,
    0x00, 0x00, 0x12, 0x00, 0xff, 0xff, 0xff, 0xff, 0x00, 0x00, 0x40, 0x00, 0xff, 0xff, 0x0d, 0x00, 0x00, 0x01, 0x00, 0x00, 0x00, 0x00, 0x00, 0x1e,
    0x00, 0xff, 0xff, 0x01, 0x01, 0x00, 0x43, 0x00, 0x00, 0x01, 0x00, 0x00, 0x00, 0x02, 0x61, 0x08, 0x00, 0x40, 0x01, 0x03, 0x02, 0x01, 0x0d, 0x00,
    0x00, 0x26, 0x00, 0x10, 0x01, 0x00, 0x00, 0x01, 0xff, 0xff, 0xff, 0xff, 0x00, 0x00, 0xff, 0xff, 0x46, 0x00, 0x00, 0x00, 0x00, 0x00, 0x42, 0x00,
    0x00, 0x00, 0x00, 0xff, 0xff, 0x00, 0x00, 0x00, 0xff, 0xff, 0x00, 0x00, 0x01, 0x00, 0xff, 0xff, 0x01, 0x00, 0x00, 0x61, 0x08, 0x00, 0x40, 0x01,
    0x03, 0x02, 0x01, 0x0d, 0x00, 0x00, 0x26, 0x00, 0x10, 0x01, 0x00, 0x00, 0x01, 0xff, 0xff, 0xff, 0xff, 0x00, 0x00, 0xff, 0xff, 0x6e, 0x00, 0x00,
    0x00, 0x00, 0x00, 0x42, 0x00, 0x00, 0x00, 0x00, 0xff, 0xff, 0x00, 0x00, 0x00, 0xff, 0xff, 0x00, 0x00, 0x01, 0x00, 0xff, 0xff, 0x01, 0x00, 0x00,
    0x61, 0x08, 0x00, 0x40, 0x01, 0x03, 0x02, 0x01, 0x0d, 0x00, 0x00, 0x26, 0x00, 0x10, 0x01, 0x00, 0x00, 0x01, 0xff, 0xff, 0xff, 0xff, 0x00, 0x00,
    0xff, 0xff, 0x6d, 0x00, 0x00, 0x00, 0x00, 0x00, 0x42, 0x00, 0x00, 0x00, 0x00, 0xff, 0xff, 0x00, 0x00, 0x00, 0xff, 0xff, 0x00, 0x00, 0x01, 0x00,
    0xff, 0xff, 0x01, 0x00, 0x00, 0x61, 0x05, 0x00, 0x41, 0x00, 0x01, 0x00, 0x00, 0x1d, 0x00, 0x0f, 0xff, 0xff, 0x00, 0x00, 0x00, 0x00, 0x00, 0x00,
    0xff, 0xff, 0x01, 0xff, 0xff, 0x00, 0x00, 0x19, 0x00, 0x00, 0x00, 0x00, 0x01, 0x01, 0x00, 0x00, 0x00, 0x00, 0x00, 0x01, 0x00, 0x00, 0x1d, 0x01,
    0x01, 0x00, 0x00, 0x00, 0xff, 0xff, 0xff, 0xff, 0x2f, 0x00, 0x00, 0x00, 0x80, 0x00, 0x05, 0x01, 0x00, 0x01, 0x0c, 0x00, 0x00, 0x00, 0xff, 0xff,
    0x00, 0xff, 0xff, 0x00, 0xff, 0xff, 0x00, 0x00, 0x00, 0x01, 0xff, 0xff, 0x00, 0x00, 0xff, 0xff, 0x00, 0x00, 0xff, 0xff, 0xff, 0xff, 0x00, 0x00,
    0x00, 0xff, 0xff, 0x00, 0x00, 0x00, 0x00, 0x00, 0x00, 0x67, 0x00, 0x01, 0x01, 0xff, 0xff, 0x05, 0x00, 0x00, 0x01, 0x00, 0x00, 0x00, 0xff, 0xff,
    0x00, 0x00, 0x00, 0x00, 0xff, 0xff, 0xff, 0xff, 0x80, 0x00, 0x05, 0x01, 0x00, 0x01, 0x70, 0x04, 0x0a, 0x00, 0x71, 0x01, 0x00, 0x01, 0x80, 0x00,
    0x05, 0x01, 0x00, 0x01, 0x70, 0x04, 0x0a, 0x00, 0x71, 0x01, 0x00, 0x01, 0x80, 0x00, 0x05, 0x01, 0x00, 0x01, 0x70, 0x04, 0x0a, 0x00, 0x71, 0x01,
    0x00, 0x01, 0x61, 0x05, 0x00, 0x43, 0x10, 0x00, 0x06, 0x03, 0x0c, 0x00, 0x0d, 0x00, 0x00, 0x00, 0x00, 0xff, 0xff, 0x00, 0x00, 0x01, 0x00, 0x00,
    0x00, 0x00, 0x14, 0x01, 0x00, 0x00, 0x00, 0xff, 0xff, 0x00, 0x00, 0xff, 0xff, 0xff, 0xff, 0x03, 0xff, 0xff, 0x00, 0x00, 0x00, 0x00, 0x00, 0xff,
    0xff, 0x00, 0x00, 0x01, 0x08, 0x00, 0xff, 0xff, 0xff, 0xff, 0x00, 0xff, 0xff, 0xff, 0xff, 0x00, 0x00, 0x00, 0x00, 0xff, 0xff, 0xff, 0xff, 0x00,
    0x00, 0x00, 0x00, 0x00, 0x00, 0xff, 0xff, 0xff, 0xff, 0x00, 0x00, 0x00, 0x0f, 0x03, 0x00, 0x61, 0x05, 0x00, 0x43, 0x10, 0x00, 0x0a, 0x03, 0x24,
    0x00, 0x12, 0x00, 0xff, 0xff, 0xff, 0xff, 0x00, 0x00, 0xff, 0xff, 0xff, 0xff, 0xff, 0xff, 0x00, 0x00, 0x00, 0x00, 0x00, 0x00, 0x00, 0x1e, 0x00,
    0xff, 0xff, 0x00, 0x00, 0x00, 0xff, 0xff, 0x00, 0x01, 0x00, 0x00, 0x00, 0x02, 0x00, 0x00, 0x61, 0x0a, 0x00, 0x4b, 0x43, 0x10, 0x00, 0x04, 0x03,
    0x45, 0x00, 0x00, 0x4c, 0x24, 0x00, 0x12, 0x00, 0xff, 0xff, 0xff, 0xff, 0x00, 0x00, 0xff, 0xff, 0xff, 0xff, 0xff, 0xff, 0x00, 0x00, 0x00, 0x00,
    0x00, 0x00, 0x00, 0x1e, 0x00, 0xff, 0xff, 0x00, 0x00, 0x00, 0xff, 0xff, 0x00, 0x01, 0x00, 0x00, 0x00, 0x02, 0x00, 0x00, 0x61, 0x08, 0x00, 0x40,
    0x0d, 0x03, 0x02, 0x00, 0x1b, 0x00, 0x00, 0x24, 0x00, 0x12, 0x00, 0xff, 0xff, 0xff, 0xff, 0x00, 0x00, 0xff, 0xff, 0xff, 0xff, 0xff, 0xff, 0x00,
    0x00, 0x00, 0x00, 0x00, 0x00, 0x00, 0x1e, 0x00, 0xff, 0xff, 0x00, 0x00, 0x00, 0xff, 0xff, 0x00, 0x01, 0x00, 0x00, 0x00, 0x01, 0x00, 0x00, 0x60,
    0x02, 0x60, 0x02, 0x1e, 0x00, 0x00, 0x00, 0x00, 0x00, 0x00, 0x01, 0x00, 0x01, 0x00, 0x01, 0x01, 0x43, 0x00, 0x00, 0x00, 0x00, 0x02, 0x12, 0x00,
    0xff, 0xff, 0xff, 0xff, 0x00, 0x00, 0xff, 0xff, 0xff, 0xff, 0xff, 0xff, 0x00, 0x01, 0x00, 0x00, 0x00, 0x00, 0x00, 0x1e, 0x00, 0xff, 0xff, 0x01,
    0x01, 0x00, 0x5f, 0x00, 0x00, 0x01, 0x00, 0x00, 0x02, 0x01, 0x14, 0x00, 0x00, 0x00, 0x00, 0xff, 0xff, 0x00, 0x00, 0xff, 0xff, 0xff, 0xff, 0x00,
    0xff, 0xff, 0x00, 0x00, 0x00, 0x00, 0x00, 0xff, 0xff, 0x00, 0x00, 0x01, 0x05, 0x00, 0xff, 0xff, 0xff, 0xff, 0x00, 0xff, 0xff, 0xff, 0xff, 0x00,
    0x00, 0x00, 0x00, 0xff, 0xff, 0xff, 0xff, 0x00, 0x00, 0x00, 0x00, 0x00, 0x00, 0xff, 0xff, 0xff, 0xff, 0x00, 0x00, 0x00, 0x14, 0x00, 0x00, 0x61,
    0x05, 0x00, 0x41, 0x01, 0x01, 0x00, 0x00, 0x26, 0x00, 0x10, 0x00, 0x00, 0x00, 0x00, 0xff, 0xff, 0xff, 0xff, 0x00, 0x00, 0xff, 0xff, 0x17, 0x00,
    0x00, 0x00, 0x00, 0x00, 0x42, 0x00, 0x00, 0x00, 0x00, 0xff, 0xff, 0x00, 0x00, 0x00, 0xff, 0xff, 0x00, 0x00, 0x01, 0x00, 0xff, 0xff, 0x02, 0x00,
    0x00, 0x61, 0x05, 0x00, 0x41, 0x00, 0x02, 0x00, 0x00, 0x5a, 0x00, 0x60, 0x02, 0x20, 0xff, 0xff, 0xff, 0xff, 0x00, 0x00, 0x00, 0x00, 0xff, 0xff,
    0x00, 0x00, 0x01, 0xff, 0xff, 0x00, 0x00, 0x00, 0x1b, 0x00, 0x00, 0x00, 0x00, 0x00, 0x00, 0x0c, 0x00, 0x00, 0x00, 0xff, 0xff, 0x00, 0xff, 0xff,
    0x01, 0xff, 0xff, 0x00, 0x00, 0x00, 0x01, 0xff, 0xff, 0x00, 0x00, 0xff, 0xff, 0x00, 0x00, 0x1b, 0x00, 0xff, 0xff, 0x00, 0x00, 0x00, 0xff, 0xff,
    0x00, 0x00, 0x00, 0x00, 0x00, 0x00, 0xff, 0xff, 0x00, 0x00, 0xff, 0xff, 0x00, 0x00, 0x00, 0x05, 0x00, 0x00, 0x00, 0xff, 0xff, 0x00, 0x00, 0x01,
    0x00, 0xff, 0xff, 0xff, 0xff, 0x00, 0x00, 0x61, 0x08, 0x00, 0x40, 0x00, 0x03, 0x02, 0x00, 0xff, 0xff, 0x00, 0x24, 0x00, 0x12, 0x00, 0xff, 0xff,
    0xff, 0xff, 0x00, 0x00, 0xff, 0xff, 0xff, 0xff, 0xff, 0xff, 0x00, 0x00, 0x00, 0x00, 0x00, 0x00, 0x00, 0x1e, 0x00, 0xff, 0xff, 0x00, 0x00, 0x00,
    0xff, 0xff, 0x00, 0x01, 0x00, 0x00, 0x00, 0x01, 0x00, 0x00, 0x61, 0x03, 0x00, 0x45, 0x00, 0x00, 0x24, 0x00, 0x12, 0x00, 0xff, 0xff, 0xff, 0xff,
    0x00, 0x00, 0xff, 0xff, 0xff, 0xff, 0xff, 0xff, 0x00, 0x00, 0x00, 0x00, 0x00, 0x00, 0x00, 0x1e, 0x00, 0xff, 0xff, 0x00, 0x00, 0x00, 0xff, 0xff,
    0x00, 0x01, 0x00, 0x00, 0x00, 0x01, 0x00, 0x00, 0x80, 0x00, 0x05, 0x01, 0x00, 0x02, 0x0c, 0x00, 0x00, 0x00, 0xff, 0xff, 0x00, 0xff, 0xff, 0x01,
    0xff, 0xff, 0x00, 0x00, 0x00, 0x03, 0xff, 0xff, 0x00, 0x00, 0xff, 0xff, 0x00, 0x00, 0xff, 0xff, 0xff, 0xff, 0x00, 0x00, 0x00, 0xff, 0xff, 0x00,
    0x00, 0x00, 0x00, 0x00, 0x00, 0xff, 0xff, 0x00, 0x00, 0xff, 0xff, 0x00, 0x00, 0x00, 0x01, 0x00, 0x00, 0x00, 0xff, 0xff, 0x00, 0x00, 0x01, 0x00,
    0xff, 0xff, 0xff, 0xff, 0x61, 0x0e, 0x00, 0x42, 0x01, 0xff, 0xff, 0xff, 0xff, 0x02, 0x00, 0x00, 0x00, 0x00, 0x01, 0xff, 0xff, 0x24, 0x00, 0x12,
    0x00, 0xff, 0xff, 0xff, 0xff, 0x00, 0x00, 0xff, 0xff, 0xff, 0xff, 0xff, 0xff, 0x00, 0x00, 0x00, 0x00, 0x00, 0x00, 0x00, 0x1e, 0x00, 0xff, 0xff,
    0x00, 0x00, 0x00, 0xff, 0xff, 0x00, 0x01, 0x00, 0x00, 0x00, 0x01, 0x00, 0x00, 0x0f, 0xff, 0xff, 0x01, 0x00, 0x00, 0x00, 0x01, 0x00, 0xff, 0xff,
    0x00, 0xff, 0xff, 0x0e, 0x00, 0x1e, 0x00, 0x00, 0x00, 0x00, 0x01, 0x01, 0x00, 0x00, 0x01, 0x01, 0x00, 0x01, 0x61, 0x15, 0x00, 0x4a, 0x41, 0x14,
    0x00, 0x00, 0x00, 0x42, 0x00, 0xff, 0xff, 0xff, 0xff, 0x03, 0x02, 0x00, 0x00, 0x00, 0x00, 0xff, 0xff, 0x4c, 0x24, 0x00, 0x12, 0x00, 0xff, 0xff,
    0xff, 0xff, 0x00, 0x00, 0xff, 0xff, 0xff, 0xff, 0xff, 0xff, 0x00, 0x00, 0x00, 0x00, 0x00, 0x00, 0x00, 0x5a, 0x00, 0xff, 0xff, 0x00, 0x00, 0x00,
    0xff, 0xff, 0x00, 0x01, 0x00, 0x00, 0x00, 0x04, 0x00, 0x00, 0x61, 0x08, 0x00, 0x40, 0x14, 0x05, 0x02, 0x00, 0xff, 0xff, 0x00, 0x4d, 0x00, 0x60,
    0x03, 0x14, 0x00, 0x00, 0x01, 0x00, 0xff, 0xff, 0x00, 0x00, 0xff, 0xff, 0xff, 0xff, 0x00, 0xff, 0xff, 0x00, 0x00, 0x00, 0x00, 0x00, 0xff, 0xff,
    0x00, 0x00, 0x00, 0x05, 0x00, 0xff, 0xff, 0xff, 0xff, 0x00, 0xff, 0xff, 0xff, 0xff, 0x00, 0x00, 0x00, 0x00, 0xff, 0xff, 0xff, 0xff, 0x00, 0x00,
    0x00, 0x00, 0x01, 0x00, 0xff, 0xff, 0xff, 0xff, 0x00, 0x00, 0x00, 0x14, 0x00, 0x00, 0x1a, 0x01, 0x00, 0x16, 0x01, 0xff, 0xff, 0x00, 0x00, 0x00,
    0x00, 0xff, 0xff, 0x00, 0x00, 0x00, 0x60, 0x02, 0x14, 0x00, 0x00, 0x00, 0x00, 0xff, 0xff, 0x00, 0x00, 0xff, 0xff, 0xff, 0xff, 0x01, 0xff, 0xff,
    0x00, 0x00, 0x00, 0x00, 0x00, 0xff, 0xff, 0x00, 0x00, 0x01, 0x0a, 0x00, 0xff, 0xff, 0xff, 0xff, 0x00, 0xff, 0xff, 0xff, 0xff, 0x00, 0x00, 0x00,
    0x00, 0xff, 0xff, 0xff, 0xff, 0x00, 0x00, 0x00, 0x00, 0x01, 0x00, 0xff, 0xff, 0xff, 0xff, 0x00, 0x00, 0x00, 0x05, 0x00, 0x00, 0x0c, 0x00, 0x00,
    0x00, 0xff, 0xff, 0x00, 0xff, 0xff, 0x01, 0xff, 0xff, 0x00, 0x00, 0x00, 0x01, 0xff, 0xff, 0x00, 0x00, 0xff, 0xff, 0x00, 0x00, 0xff, 0xff, 0xff,
    0xff, 0x00, 0x00, 0x00, 0xff, 0xff, 0x00, 0x00, 0x00, 0x00, 0x00, 0x00, 0xff, 0xff, 0x00, 0x00, 0xff, 0xff, 0x00, 0x00, 0x00, 0x01, 0x00, 0x00,
    0x00, 0xff, 0xff, 0x00, 0x00, 0x01, 0x00, 0xff, 0xff, 0xff, 0xff, 0x61, 0x0e, 0x00, 0x42, 0x01, 0x09, 0x00, 0xff, 0xff, 0x03, 0x09, 0x00, 0x00,
    0x00, 0x01, 0x10, 0x00, 0x6e, 0x00, 0x65, 0x01, 0xff, 0xff, 0x00, 0x00, 0x00, 0x00, 0x00, 0x02, 0x0c, 0x00, 0x00, 0x00, 0xff, 0xff, 0x00, 0xff,
    0xff, 0x01, 0xff, 0xff, 0x00, 0x00, 0x00, 0x02, 0xff, 0xff, 0x00, 0x00, 0xff, 0xff, 0x00, 0x00, 0xff, 0xff, 0xff, 0xff, 0x00, 0x00, 0x00, 0xff,
    0xff, 0x00, 0x00, 0x00, 0x00, 0x00, 0x00, 0xff, 0xff, 0x00, 0x00, 0xff, 0xff, 0x00, 0x00, 0x00, 0x01, 0x00, 0x00, 0x00, 0xff, 0xff, 0x00, 0x00,
    0x01, 0x00, 0xff, 0xff, 0xff, 0xff, 0x02, 0x00, 0x00, 0x00, 0x00, 0x00, 0x01, 0x00, 0x04, 0x05, 0x01, 0xff, 0xff, 0xff, 0xff, 0x00, 0xff, 0xff,
    0x00, 0x00, 0x00, 0x00, 0xff, 0xff, 0x00, 0x00, 0xff, 0xff, 0x00, 0xff, 0xff, 0x00, 0x00, 0x01, 0x00, 0x03, 0x00, 0x01, 0x00, 0x00, 0x60, 0x02,
    0x20, 0xff, 0xff, 0xff, 0xff, 0x00, 0x00, 0x00, 0x01, 0xff, 0xff, 0x00, 0x00, 0x01, 0xff, 0xff, 0x00, 0x00, 0x00, 0x10, 0x00, 0x00, 0x00, 0x00,
    0x01, 0x00, 0x12, 0x00, 0xff, 0xff, 0xff, 0xff, 0x00, 0x00, 0xff, 0xff, 0xff, 0xff, 0x10, 0x00, 0x00, 0x00, 0x00, 0x00, 0x00, 0x00, 0x00, 0x1e,
    0x00, 0xff, 0xff, 0x00, 0x00, 0x00, 0xff, 0xff, 0x00, 0x01, 0x00, 0x00, 0x00, 0x01, 0x60, 0x02, 0x17, 0x00, 0x01, 0x00, 0x00, 0x01, 0x12, 0x01,
    0xff, 0xff, 0x01, 0x00, 0x00, 0x00, 0xff, 0xff, 0x08, 0x00, 0x00, 0xff, 0xff, 0x00, 0x00, 0x02, 0x00, 0x00, 0x00, 0xff, 0xff, 0x00, 0x00, 0x00,
    0x00, 0x00, 0xff, 0xff, 0x00, 0x00, 0x00, 0x00, 0xff, 0xff, 0x09, 0x00, 0x00, 0xff, 0xff, 0x60, 0x02, 0x20, 0xff, 0xff, 0xff, 0xff, 0x00, 0x00,
    0x00, 0x00, 0xff, 0xff, 0x00, 0x00, 0x01, 0xff, 0xff, 0x00, 0x00, 0x00, 0xff, 0xff, 0x00, 0x00, 0x00, 0x00, 0x00, 0x26, 0x01, 0x00, 0x01, 0xff,
    0xff, 0x00, 0x6f, 0x00, 0x01, 0x01, 0x00, 0x00, 0x60, 0x02, 0x20, 0xff, 0xff, 0xff, 0xff, 0x00, 0x00, 0x00, 0x00, 0xff, 0xff, 0x00, 0x00, 0x01,
    0xff, 0xff, 0x00, 0x00, 0x00, 0xff, 0xff, 0x00, 0x00, 0x00, 0x00, 0x00, 0x26, 0x01, 0x00, 0x01, 0xff, 0xff, 0x00, 0x6f, 0x00, 0x01, 0x01, 0x00,
    0x00, 0x60, 0x02, 0x17, 0x01, 0x03, 0x00, 0x00, 0x00, 0x0f, 0x01, 0xff, 0xff, 0x01, 0x12, 0x00, 0x00, 0x25, 0x00, 0x0c, 0x00, 0x00, 0x00, 0xff,
    0xff, 0x00, 0xff, 0xff, 0x01, 0xff, 0xff, 0x00, 0x00, 0x00, 0x03, 0xff, 0xff, 0x00, 0x00, 0xff, 0xff, 0x00, 0x00, 0xff, 0xff, 0xff, 0xff, 0x00,
    0x00, 0x00, 0xff, 0xff, 0x00, 0x00, 0x00, 0x00, 0x00, 0x00, 0xff, 0xff, 0x01, 0x01, 0xff, 0xff, 0x0f, 0x00, 0x00, 0x05, 0x00, 0x00, 0x00, 0xff,
    0xff, 0x00, 0x00, 0x00, 0x00, 0xff, 0xff, 0xff, 0xff, 0x62, 0x61, 0x15, 0x00, 0x4b, 0x42, 0x00, 0xff, 0xff, 0xff, 0xff, 0x03, 0x01, 0x00, 0x00,
    0x00, 0x00, 0xff, 0xff, 0x43, 0x04, 0x00, 0x00, 0x00, 0x4c, 0x3d, 0x00, 0x14, 0x00, 0x00, 0x00, 0x00, 0xff, 0xff, 0x00, 0x00, 0xff, 0xff, 0xff,
    0xff, 0x03, 0xff, 0xff, 0x00, 0x00, 0x00, 0x00, 0x00, 0xff, 0xff, 0x00, 0x00, 0x01, 0x08, 0x00, 0xff, 0xff, 0xff, 0xff, 0x00, 0xff, 0xff, 0xff,
    0xff, 0x00, 0x00, 0x00, 0x00, 0xff, 0xff, 0xff, 0xff, 0x00, 0x00, 0x00, 0x00, 0x00, 0x00, 0xff, 0xff, 0xff, 0xff, 0x00, 0x00, 0x00, 0x0f, 0x03,
    0x00, 0x00, 0x00, 0x61, 0x08, 0x00, 0x40, 0x14, 0x03, 0x01, 0x00, 0xff, 0xff, 0x00, 0x24, 0x00, 0x12, 0x00, 0xff, 0xff, 0xff, 0xff, 0x00, 0x00,
    0xff, 0xff, 0xff, 0xff, 0xff, 0xff, 0x00, 0x00, 0x00, 0x00, 0x00, 0x00, 0x00, 0x1e, 0x00, 0xff, 0xff, 0x00, 0x00, 0x00, 0xff, 0xff, 0x00, 0x01,
    0x00, 0x00, 0x00, 0x01, 0x00, 0x00, 0x12, 0x00, 0xff, 0xff, 0xff, 0xff, 0x00, 0x00, 0xff, 0xff, 0xff, 0xff, 0xff, 0xff, 0x00, 0x01, 0x00, 0x00,
    0x00, 0x00, 0x00, 0x1e, 0x00, 0xff, 0xff, 0x01, 0x01, 0x00, 0x43, 0x00, 0x00, 0x01, 0x00, 0x03, 0x00, 0x01, 0x80, 0x05, 0x0b, 0x01, 0x00, 0x06,
    0x02, 0x00, 0x00, 0x00, 0x00, 0x00, 0x03, 0x00, 0x00, 0x00, 0x06, 0xff, 0xff, 0xff, 0xff, 0x00, 0xff, 0xff, 0x00, 0x01, 0x00, 0x00, 0xff, 0xff,
    0x00, 0x00, 0xff, 0xff, 0x00, 0xff, 0xff, 0x00, 0x00, 0x00, 0x00, 0x07, 0x00, 0x00, 0x86, 0x06, 0x01, 0x0c, 0x00, 0x00, 0x00, 0xff, 0xff, 0x00,
    0xff, 0xff, 0x00, 0xff, 0xff, 0x00, 0x00, 0x00, 0x03, 0xff, 0xff, 0x00, 0x00, 0xff, 0xff, 0x00, 0x00, 0xff, 0xff, 0xff, 0xff, 0x00, 0x00, 0x00,
    0xff, 0xff, 0x00, 0x00, 0x00, 0x00, 0x00, 0x00, 0xff, 0xff, 0x00, 0x00, 0xff, 0xff, 0x00, 0x00, 0x00, 0x01, 0x00, 0x00, 0x00, 0xff, 0xff, 0x00,
    0x00, 0x00, 0x00, 0xff, 0xff, 0xff, 0xff, 0x64, 0x61, 0x0c, 0x00, 0x4b, 0x41, 0x00, 0x02, 0x00, 0x00, 0x43, 0x4c, 0x00, 0x00, 0x00, 0x4c, 0x24,
    0x00, 0x12, 0x00, 0xff, 0xff, 0xff, 0xff, 0x00, 0x00, 0xff, 0xff, 0xff, 0xff, 0xff, 0xff, 0x00, 0x00, 0x00, 0x00, 0x00, 0x00, 0x00, 0x1e, 0x00,
    0xff, 0xff, 0x00, 0x00, 0x00, 0xff, 0xff, 0x00, 0x01, 0x00, 0x00, 0x00, 0x01, 0x00, 0x00, 0x61, 0x04, 0x00, 0x47, 0x03, 0x00, 0x00, 0x26, 0x00,
    0x10, 0x00, 0x00, 0x00, 0x00, 0xff, 0xff, 0xff, 0xff, 0x00, 0x00, 0xff, 0xff, 0x17, 0x00, 0x00, 0x00, 0x00, 0x00, 0x42, 0x00, 0x00, 0x00, 0x00,
    0xff, 0xff, 0x00, 0x00, 0x00, 0xff, 0xff, 0x00, 0x00, 0x01, 0x00, 0xff, 0xff, 0x02, 0x00, 0x00, 0x61, 0x05, 0x00, 0x41, 0x01, 0x00, 0x00, 0x00,
    0x3d, 0x00, 0x14, 0x00, 0x00, 0x00, 0x00, 0xff, 0xff, 0x00, 0x00, 0xff, 0xff, 0xff, 0xff, 0x01, 0xff, 0xff, 0x00, 0x00, 0x00, 0x00, 0x00, 0xff,
    0xff, 0x00, 0x00, 0x01, 0x00, 0x00, 0x40, 0x00, 0xff, 0xff, 0x00, 0x4a, 0x00, 0xff, 0xff, 0x00, 0x00, 0x00, 0x00, 0xff, 0xff, 0xff, 0xff, 0x00,
    0x00, 0x00, 0x00, 0x00, 0x00, 0xff, 0xff, 0xff, 0xff, 0x00, 0x00, 0x00, 0x05, 0x00, 0x00, 0x00, 0x00, 0x80, 0x00, 0x05, 0x01, 0x00, 0x01, 0x14,
    0x00, 0x00, 0x00, 0x00, 0xff, 0xff, 0x00, 0x00, 0xff, 0xff, 0xff, 0xff, 0x01, 0xff, 0xff, 0x00, 0x00, 0x00, 0x00, 0x00, 0xff, 0xff, 0x00, 0x00,
    0x01, 0x00, 0x00, 0xff, 0xff, 0xff, 0xff, 0x00, 0x1b, 0x00, 0xff, 0xff, 0x00, 0x00, 0x00, 0x00, 0xff, 0xff, 0xff, 0xff, 0x00, 0x00, 0x00, 0x00,
    0x00, 0x00, 0xff, 0xff, 0xff, 0xff, 0x00, 0x00, 0x00, 0x14, 0x00, 0x00, 0x61, 0x05, 0x00, 0x43, 0x1b, 0x00, 0x00, 0x00, 0x1f, 0x00, 0x08, 0x00,
    0x00, 0xff, 0xff, 0x00, 0x00, 0x01, 0x00, 0x00, 0x00, 0xff, 0xff, 0x00, 0x00, 0x00, 0x00, 0x00, 0xff, 0xff, 0x00, 0x00, 0x00, 0x00, 0xff, 0xff,
    0x09, 0x00, 0x00, 0xff, 0xff, 0x00, 0x00, 0x80, 0x00, 0x05, 0x01, 0x00, 0x02, 0x14, 0x00, 0x00, 0x00, 0x00, 0xff, 0xff, 0x00, 0x00, 0xff, 0xff,
    0xff, 0xff, 0x02, 0xff, 0xff, 0x00, 0x00, 0x00, 0x00, 0x00, 0xff, 0xff, 0x00, 0x00, 0x01, 0x00, 0x00, 0xff, 0xff, 0xff, 0xff, 0x00, 0x1b, 0x00,
    0xff, 0xff, 0x00, 0x00, 0x00, 0x00, 0xff, 0xff, 0xff, 0xff, 0x00, 0x00, 0x00, 0x00, 0x00, 0x00, 0xff, 0xff, 0xff, 0xff, 0x00, 0x00, 0x00, 0x05,
    0x00, 0x00, 0x87, 0x03, 0x01, 0x01, 0x0c, 0x00, 0x00, 0x00, 0xff, 0xff, 0x00, 0xff, 0xff, 0x01, 0xff, 0xff, 0x00, 0x00, 0x00, 0x02, 0xff, 0xff,
    0x00, 0x00, 0xff, 0xff, 0x00, 0x00, 0x1b, 0x00, 0xff, 0xff, 0x00, 0x00, 0x00, 0xff, 0xff, 0x00, 0x00, 0x00, 0x00, 0x00, 0x00, 0xff, 0xff, 0x00,
    0x00, 0xff, 0xff, 0x00, 0x02, 0x00, 0x01, 0x00, 0x00, 0x00, 0xff, 0xff, 0x00, 0x00, 0x00, 0x00, 0xff, 0xff, 0xff, 0xff, 0x80, 0x00, 0x05, 0x01,
    0x00, 0x01, 0x0c, 0x00, 0x00, 0x00, 0xff, 0xff, 0x00, 0xff, 0xff, 0x01, 0xff, 0xff, 0x00, 0x00, 0x00, 0x01, 0xff, 0xff, 0x00, 0x00, 0xff, 0xff,
    0x01, 0x00, 0xff, 0xff, 0xff, 0xff, 0x00, 0x00, 0x00, 0xff, 0xff, 0x00, 0x00, 0x00, 0x00, 0x00, 0x00, 0xff, 0xff, 0x00, 0x00, 0xff, 0xff, 0x00,
    0x00, 0x00, 0x05, 0x00, 0x00, 0x00, 0xff, 0xff, 0x00, 0x00, 0x01, 0x00, 0xff, 0xff, 0xff, 0xff, 0x61, 0x03, 0x00, 0x51, 0x70, 0x00, 0x3e, 0x00,
    0x0c, 0x00, 0x00, 0x00, 0xff, 0xff, 0x00, 0xff, 0xff, 0x01, 0xff, 0xff, 0x00, 0x00, 0x00, 0x02, 0xff, 0xff, 0x00, 0x00, 0xff, 0xff, 0x01, 0x00,
    0xff, 0xff, 0xff, 0xff, 0x00, 0x00, 0x00, 0xff, 0xff, 0x00, 0x00, 0x00, 0x00, 0x00, 0x00, 0xff, 0xff, 0x00, 0x00, 0xff, 0xff, 0x00, 0x00, 0x00,
    0x01, 0x00, 0x00, 0x00, 0xff, 0xff, 0x00, 0x00, 0x01, 0x00, 0xff, 0xff, 0xff, 0xff, 0x00, 0x00, 0x87, 0x03, 0x01, 0x01, 0x0c, 0x00, 0x00, 0x00,
    0xff, 0xff, 0x00, 0xff, 0xff, 0x01, 0xff, 0xff, 0x00, 0x00, 0x00, 0x01, 0xff, 0xff, 0x00, 0x00, 0xff, 0xff, 0x00, 0x00, 0x1b, 0x00, 0xff, 0xff,
    0x00, 0x00, 0x00, 0xff, 0xff, 0x00, 0x00, 0x00, 0x00, 0x00, 0x00, 0xff, 0xff, 0x00, 0x00, 0xff, 0xff, 0x00, 0x02, 0x00, 0x01, 0x00, 0x00, 0x00,
    0xff, 0xff, 0x00, 0x00, 0x00, 0x00, 0xff, 0xff, 0xff, 0xff, 0x61, 0x0e, 0x00, 0x42, 0x00, 0x24, 0x00, 0x0a, 0x00, 0x02, 0x00, 0x00, 0x00, 0x00,
    0x02, 0xff, 0xff, 0x3e, 0x00, 0x0c, 0x00, 0x00, 0x00, 0xff, 0xff, 0x00, 0xff, 0xff, 0x00, 0xff, 0xff, 0x01, 0x00, 0x00, 0x02, 0xff, 0xff, 0x20,
    0x00, 0xff, 0xff, 0x00, 0x00, 0xff, 0xff, 0xff, 0xff, 0x00, 0x00, 0x00, 0xff, 0xff, 0x00, 0x00, 0x00, 0x00, 0x00, 0x00, 0xff, 0xff, 0x00, 0x00,
    0xff, 0xff, 0x00, 0x00, 0x00, 0x01, 0x00, 0x00, 0x00, 0xff, 0xff, 0x00, 0x00, 0x00, 0x00, 0xff, 0xff, 0xff, 0xff, 0x00, 0x00, 0x61, 0x0c, 0x00,
    0x4b, 0x41, 0x00, 0x02, 0x00, 0x00, 0x43, 0x1b, 0x00, 0x00, 0x00, 0x4c, 0x24, 0x00, 0x12, 0x00, 0xff, 0xff, 0xff, 0xff, 0x02, 0x01, 0xff, 0xff,
    0x20, 0x00, 0xff, 0xff, 0x00, 0x00, 0x00, 0x00, 0x00, 0x00, 0x00, 0x1e, 0x00, 0xff, 0xff, 0x00, 0x00, 0x00, 0xff, 0xff, 0x00, 0x01, 0x0e, 0x00,
    0x00, 0x05, 0x00, 0x00, 0x61, 0x05, 0x00, 0x43, 0x1b, 0x00, 0x00, 0x00, 0x14, 0x00, 0x19, 0x01, 0x01, 0x00, 0x00, 0x00, 0xff, 0xff, 0x00, 0x01,
    0xff, 0xff, 0x00, 0xff, 0xff, 0x01, 0x00, 0x00, 0x29, 0x00, 0x00, 0x00, 0x61, 0x05, 0x00, 0x41, 0x00, 0x02, 0x00, 0x00, 0x3e, 0x00, 0x0c, 0x00,
    0x00, 0x00, 0xff, 0xff, 0x00, 0xff, 0xff, 0x01, 0xff, 0xff, 0x01, 0x00, 0x00, 0x01, 0xff, 0xff, 0x20, 0x00, 0xff, 0xff, 0x00, 0x00, 0x1b, 0x00,
    0xff, 0xff, 0x00, 0x00, 0x00, 0xff, 0xff, 0x00, 0x00, 0x00, 0x00, 0x00, 0x00, 0xff, 0xff, 0x00, 0x00, 0xff, 0xff, 0x00, 0x02, 0x00, 0x01, 0x00,
    0x00, 0x00, 0xff, 0xff, 0x00, 0x00, 0x00, 0x00, 0xff, 0xff, 0xff, 0xff, 0x00, 0x00, 0x60, 0x02, 0x10, 0x00, 0x00, 0x00, 0x00, 0xff, 0xff, 0xff,
    0xff, 0x00, 0x00, 0xff, 0xff, 0x17, 0x00, 0x00, 0x00, 0x00, 0x00, 0x42, 0x00, 0x00, 0x00, 0x00, 0xff, 0xff, 0x00, 0x00, 0x00, 0xff, 0xff, 0x00,
    0x00, 0x01, 0x00, 0xff, 0xff, 0x01, 0x12, 0x00, 0xff, 0xff, 0xff, 0xff, 0x00, 0x00, 0xff, 0xff, 0xff, 0xff, 0xff, 0xff, 0x00, 0x00, 0x00, 0x00,
    0x00, 0x00, 0x00, 0x1e, 0x00, 0xff, 0xff, 0x00, 0x00, 0x00, 0xff, 0xff, 0x00, 0x01, 0x00, 0x00, 0x00, 0x01, 0x61, 0x0e, 0x00, 0x42, 0x00, 0xff,
    0xff, 0xff, 0xff, 0x03, 0x01, 0x00, 0x00, 0x00, 0x00, 0xff, 0xff, 0x1f, 0x00, 0x08, 0x00, 0x00, 0xff, 0xff, 0x00, 0x00, 0x01, 0x00, 0x00, 0x00,
    0xff, 0xff, 0x00, 0x00, 0x00, 0x00, 0x00, 0xff, 0xff, 0x00, 0x00, 0x00, 0x00, 0xff, 0xff, 0x09, 0x00, 0x00, 0xff, 0xff, 0x00, 0x00, 0x0c, 0x00,
    0x00, 0x00, 0xff, 0xff, 0x00, 0xff, 0xff, 0x01, 0xff, 0xff, 0x00, 0x00, 0x00, 0x01, 0xff, 0xff, 0x00, 0x00, 0xff, 0xff, 0x00, 0x00, 0x1b, 0x00,
    0xff, 0xff, 0x00, 0x00, 0x00, 0xff, 0xff, 0x00, 0x00, 0x00, 0x00, 0x00, 0x00, 0xff, 0xff, 0x00, 0x00, 0xff, 0xff, 0x00, 0x00, 0x00, 0x01, 0x00,
    0x00, 0x00, 0xff, 0xff, 0x00, 0x00, 0x01, 0x00, 0xff, 0xff, 0xff, 0xff, 0x61, 0x07, 0x00, 0x4b, 0x45, 0x00, 0x00, 0x4e, 0x00, 0x4c, 0x5e, 0x00,
    0x60, 0x02, 0x08, 0x00, 0x00, 0xff, 0xff, 0x00, 0x00, 0x01, 0x00, 0x00, 0x00, 0xff, 0xff, 0x00, 0x00, 0x00, 0x00, 0x00, 0xff, 0xff, 0x00, 0x00,
    0x00, 0x00, 0xff, 0xff, 0x09, 0x00, 0x00, 0xff, 0xff, 0x14, 0x00, 0x00, 0x00, 0x00, 0xff, 0xff, 0x00, 0x00, 0xff, 0xff, 0xff, 0xff, 0x00, 0xff,
    0xff, 0x00, 0x00, 0x00, 0x00, 0x00, 0xff, 0xff, 0x00, 0x00, 0x01, 0x05, 0x00, 0xff, 0xff, 0xff, 0xff, 0x00, 0xff, 0xff, 0xff, 0xff, 0x00, 0x00,
    0x00, 0x00, 0xff, 0xff, 0xff, 0xff, 0x00, 0x00, 0x00, 0x00, 0x00, 0x00, 0xff, 0xff, 0xff, 0xff, 0x00, 0x00, 0x00, 0x00, 0x00, 0x00, 0x00, 0x00,
    0x14, 0x00, 0x00, 0x00, 0x00, 0xff, 0xff, 0x00, 0x00, 0xff, 0xff, 0xff, 0xff, 0x00, 0xff, 0xff, 0x00, 0x00, 0x00, 0x00, 0x00, 0xff, 0xff, 0x00,
    0x00, 0x01, 0x0a, 0x00, 0xff, 0xff, 0xff, 0xff, 0x00, 0xff, 0xff, 0xff, 0xff, 0x00, 0x00, 0x00, 0x00, 0xff, 0xff, 0xff, 0xff, 0x00, 0x00, 0x00,
    0x00, 0x01, 0x00, 0xff, 0xff, 0xff, 0xff, 0x00, 0x00, 0x00, 0x05, 0x00, 0x00, 0x87, 0x03, 0x01, 0x00, 0x60, 0x02, 0x08, 0x00, 0x00, 0xff, 0xff,
    0x00, 0x00, 0x01, 0x00, 0x00, 0x00, 0xff, 0xff, 0x00, 0x00, 0x00, 0x00, 0x00, 0xff, 0xff, 0x00, 0x00, 0x00, 0x00, 0xff, 0xff, 0x09, 0x00, 0x00,
    0xff, 0xff, 0x14, 0x00, 0x00, 0x00, 0x00, 0xff, 0xff, 0x00, 0x00, 0xff, 0xff, 0xff, 0xff, 0x00, 0xff, 0xff, 0x00, 0x00, 0x00, 0x00, 0x00, 0xff,
    0xff, 0x00, 0x00, 0x01, 0x05, 0x00, 0xff, 0xff, 0xff, 0xff, 0x00, 0xff, 0xff, 0xff, 0xff, 0x00, 0x00, 0x00, 0x00, 0xff, 0xff, 0xff, 0xff, 0x00,
    0x00, 0x00, 0x00, 0x00, 0x00, 0xff, 0xff, 0xff, 0xff, 0x00, 0x00, 0x00, 0x00, 0x00, 0x00, 0x24, 0x71, 0x00, 0x01, 0x61, 0x05, 0x00, 0x41, 0x14,
    0x01, 0x00, 0x00, 0x24, 0x00, 0x12, 0x00, 0xff, 0xff, 0xff, 0xff, 0x00, 0x00, 0xff, 0xff, 0xff, 0xff, 0xff, 0xff, 0x00, 0x00, 0x00, 0x00, 0x00,
    0x00, 0x00, 0x1e, 0x00, 0xff, 0xff, 0x00, 0x00, 0x00, 0xff, 0xff, 0x00, 0x01, 0x00, 0x00, 0x00, 0x01, 0x00, 0x00, 0x61, 0x0d, 0x00, 0x4b, 0x45,
    0x00, 0x00, 0x40, 0x00, 0x03, 0x01, 0x00, 0xff, 0xff, 0x00, 0x4c, 0x42, 0x00, 0x60, 0x02, 0x14, 0x00, 0x00, 0x00, 0x00, 0xff, 0xff, 0x00, 0x00,
    0x72, 0x00, 0xff, 0xff, 0x02, 0x72, 0x00, 0x00, 0x00, 0x00, 0x00, 0x00, 0xff, 0xff, 0x00, 0x00, 0x01, 0x0d, 0x00, 0xff, 0xff, 0xff, 0xff, 0x00,
    0xff, 0xff, 0xff, 0xff, 0x00, 0x00, 0x00, 0x00, 0xff, 0xff, 0xff, 0xff, 0x00, 0x00, 0x00, 0x00, 0x01, 0x00, 0xff, 0xff, 0xff, 0xff, 0x00, 0x00,
    0x00, 0x00, 0x00, 0x00, 0x1b, 0x02, 0x01, 0x00, 0x00, 0x61, 0x05, 0x00, 0x41, 0x0d, 0x02, 0x00, 0x00, 0x3e, 0x00, 0x0c, 0x00, 0x00, 0x00, 0xff,
    0xff, 0x00, 0xff, 0xff, 0x01, 0xff, 0xff, 0x00, 0x00, 0x00, 0x02, 0xff, 0xff, 0x00, 0x00, 0xff, 0xff, 0x00, 0x00, 0x04, 0x00, 0xff, 0xff, 0x00,
    0x00, 0x00, 0xff, 0xff, 0x00, 0x00, 0x00, 0x00, 0x00, 0x00, 0xff, 0xff, 0x00, 0x00, 0xff, 0xff, 0x00, 0x00, 0x00, 0x01, 0x00, 0x00, 0x00, 0xff,
    0xff, 0x00, 0x00, 0x01, 0x00, 0xff, 0xff, 0xff, 0xff, 0x00, 0x00, 0x60, 0x02, 0x12, 0x00, 0xff, 0xff, 0xff, 0xff, 0x00, 0x00, 0xff, 0xff, 0xff,
    0xff, 0xff, 0xff, 0x00, 0x0e, 0x00, 0x00, 0x00, 0x00, 0x00, 0x1e, 0x00, 0xff, 0xff, 0x01, 0x01, 0x00, 0x5f, 0x00, 0x00, 0x01, 0x00, 0x00, 0x00,
    0x02, 0x10, 0x00, 0x00, 0x00, 0x00, 0xff, 0xff, 0xff, 0xff, 0x00, 0x00, 0xff, 0xff, 0x17, 0x00, 0x0e, 0x00, 0x00, 0x00, 0x18, 0x00, 0x00, 0x00,
    0x00, 0xff, 0xff, 0x01, 0x01, 0x00, 0x5f, 0x00, 0x00, 0x00, 0x00, 0x00, 0xff, 0xff, 0x03, 0x62, 0x61, 0x03, 0x00, 0x45, 0x00, 0x00, 0x64, 0x00,
    0x60, 0x02, 0x12, 0x00, 0xff, 0xff, 0xff, 0xff, 0x00, 0x00, 0xff, 0xff, 0xff, 0xff, 0x04, 0x00, 0x00, 0x00, 0x00, 0x00, 0x00, 0x00, 0x00, 0x1e,
    0x00, 0xff, 0xff, 0x00, 0x00, 0x00, 0xff, 0xff, 0x00, 0x01, 0x00, 0x00, 0x00, 0x01, 0x0c, 0x00, 0x00, 0x00, 0xff, 0xff, 0x00, 0xff, 0xff, 0x01,
    0xff, 0xff, 0x00, 0x00, 0x00, 0x01, 0xff, 0xff, 0x00, 0x00, 0xff, 0xff, 0x00, 0x00, 0x04, 0x00, 0xff, 0xff, 0x00, 0x00, 0x00, 0xff, 0xff, 0x00,
    0x00, 0x00, 0x00, 0x00, 0x00, 0xff, 0xff, 0x00, 0x00, 0xff, 0xff, 0x00, 0x00, 0x00, 0x01, 0x00, 0x00, 0x00, 0xff, 0xff, 0x00, 0x00, 0x01, 0x00,
    0xff, 0xff, 0xff, 0xff, 0x00, 0x00, 0x65, 0x01, 0x04, 0x00, 0x05, 0x00, 0x43, 0x04, 0x00, 0x01, 0x03, 0x05, 0x00, 0x43, 0x04, 0x00, 0x00, 0x00,
    0x01, 0x02, 0x14, 0x00, 0x00, 0x00, 0x00, 0xff, 0xff, 0x00, 0x00, 0xff, 0xff, 0xff, 0xff, 0x03, 0xff, 0xff, 0x00, 0x00, 0x00, 0x00, 0x00, 0xff,
    0xff, 0x00, 0x00, 0x01, 0x08, 0x00, 0xff, 0xff, 0xff, 0xff, 0x00, 0xff, 0xff, 0xff, 0xff, 0x00, 0x00, 0x00, 0x00, 0xff, 0xff, 0xff, 0xff, 0x00,
    0x00, 0x00, 0x00, 0x00, 0x00, 0xff, 0xff, 0xff, 0xff, 0x00, 0x00, 0x00, 0x0f, 0x03, 0x00, 0x14, 0x00, 0x00, 0x00, 0x00, 0xff, 0xff, 0x00, 0x00,
    0xff, 0xff, 0xff, 0xff, 0x01, 0xff, 0xff, 0x00, 0x00, 0x00, 0x00, 0x00, 0xff, 0xff, 0x00, 0x00, 0x01, 0x00, 0x00, 0xff, 0xff, 0xff, 0xff, 0x00,
    0xff, 0xff, 0xff, 0xff, 0x00, 0x00, 0x00, 0x00, 0xff, 0xff, 0xff, 0xff, 0x00, 0x00, 0x00, 0x00, 0x00, 0x00, 0xff, 0xff, 0xff, 0xff, 0x00, 0x00,
    0x00, 0x05, 0x00, 0x00, 0x61, 0x15, 0x00, 0x4b, 0x43, 0x04, 0x00, 0x00, 0x00, 0x42, 0x01, 0x09, 0x00, 0x0a, 0x00, 0x03, 0x14, 0x00, 0x00, 0x00,
    0x00, 0xff, 0xff, 0x4c, 0x5e, 0x00, 0x60, 0x02, 0x08, 0x00, 0x00, 0xff, 0xff, 0x00, 0x00, 0x03, 0x00, 0x00, 0x00, 0xff, 0xff, 0x00, 0x00, 0x00,
    0x00, 0x00, 0xff, 0xff, 0x00, 0x00, 0x00, 0x00, 0xff, 0xff, 0x09, 0x00, 0x00, 0xff, 0xff, 0x14, 0x00, 0x00, 0x00, 0x00, 0xff, 0xff, 0x00, 0x00,
    0xff, 0xff, 0xff, 0xff, 0x00, 0xff, 0xff, 0x00, 0x00, 0x00, 0x00, 0x00, 0xff, 0xff, 0x00, 0x00, 0x03, 0x0a, 0x00, 0xff, 0xff, 0xff, 0xff, 0x00,
    0xff, 0xff, 0xff, 0xff, 0x00, 0x00, 0x00, 0x00, 0xff, 0xff, 0xff, 0xff, 0x00, 0x00, 0x00, 0x00, 0x00, 0x00, 0xff, 0xff, 0x21, 0x00, 0x00, 0x00,
    0x00, 0x00, 0x00, 0x00, 0x00, 0x00, 0x86, 0x01, 0x01, 0x0c, 0x00, 0x00, 0x00, 0xff, 0xff, 0x00, 0xff, 0xff, 0x00, 0xff, 0xff, 0x00, 0x00, 0x00,
    0x01, 0xff, 0xff, 0x00, 0x00, 0xff, 0xff, 0x00, 0x00, 0xff, 0xff, 0xff, 0xff, 0x00, 0x00, 0x00, 0xff, 0xff, 0x00, 0x00, 0x00, 0x00, 0x00, 0x00,
    0xff, 0xff, 0x00, 0x00, 0xff, 0xff, 0x00, 0x00, 0x00, 0x05, 0x00, 0x00, 0x00, 0xff, 0xff, 0x00, 0x00, 0x00, 0x00, 0xff, 0xff, 0xff, 0xff, 0x61,
    0x0e, 0x00, 0x42, 0x08, 0xff, 0xff, 0xff, 0xff, 0x00, 0x00, 0x00, 0x00, 0x04, 0x03, 0xff, 0xff, 0x3e, 0x00, 0x0c, 0x00, 0x00, 0x00, 0xff, 0xff,
    0x00, 0xff, 0xff, 0x00, 0xff, 0xff, 0x00, 0x00, 0x00, 0x01, 0xff, 0xff, 0x00, 0x00, 0xff, 0xff, 0x00, 0x00, 0xff, 0xff, 0xff, 0xff, 0x00, 0x00,
    0x00, 0xff, 0xff, 0x00, 0x00, 0x00, 0x00, 0x00, 0x00, 0x73, 0x00, 0x00, 0x00, 0xff, 0xff, 0x00, 0x00, 0x00, 0x05, 0x00, 0x00, 0x00, 0xff, 0xff,
    0x00, 0x00, 0x00, 0x00, 0xff, 0xff, 0x3f, 0x00, 0x00, 0x00, 0x61, 0x03, 0x00, 0x45, 0x00, 0x00, 0x3e, 0x00, 0x0c, 0x00, 0x00, 0x00, 0xff, 0xff,
    0x00, 0xff, 0xff, 0x00, 0xff, 0xff, 0x00, 0x00, 0x00, 0x02, 0xff, 0xff, 0x00, 0x00, 0xff, 0xff, 0x00, 0x00, 0xff, 0xff, 0xff, 0xff, 0x00, 0x00,
    0x00, 0xff, 0xff, 0x00, 0x00, 0x00, 0x00, 0x00, 0x00, 0x74, 0x00, 0x00, 0x00, 0xff, 0xff, 0x00, 0x00, 0x00, 0x01, 0x00, 0x00, 0x00, 0xff, 0xff,
    0x00, 0x00, 0x00, 0x00, 0xff, 0xff, 0xff, 0xff, 0x00, 0x00, 0x80, 0x01, 0x05, 0x01, 0x01, 0x01, 0x14, 0x00, 0x00, 0x00, 0x00, 0xff, 0xff, 0x00,
    0x00, 0xff, 0xff, 0xff, 0xff, 0x00, 0xff, 0xff, 0x00, 0x00, 0x00, 0x00, 0x00, 0xff, 0xff, 0x00, 0x00, 0x01, 0x00, 0x00, 0xff, 0xff, 0xff, 0xff,
    0x00, 0x11, 0x00, 0xff, 0xff, 0x00, 0x00, 0x00, 0x00, 0xff, 0xff, 0xff, 0xff, 0x00, 0x00, 0x00, 0x00, 0x00, 0x00, 0xff, 0xff, 0xff, 0xff, 0x00,
    0x00, 0x00, 0x05, 0x00, 0x00, 0x61, 0x03, 0x00, 0x45, 0x00, 0x00, 0x3e, 0x00, 0x0c, 0x00, 0x00, 0x00, 0xff, 0xff, 0x00, 0xff, 0xff, 0x00, 0xff,
    0xff, 0x00, 0x00, 0x00, 0x02, 0xff, 0xff, 0x00, 0x00, 0xff, 0xff, 0x00, 0x00, 0xff, 0xff, 0xff, 0xff, 0x00, 0x00, 0x00, 0xff, 0xff, 0x00, 0x00,
    0x00, 0x00, 0x00, 0x00, 0x75, 0x00, 0x00, 0x00, 0xff, 0xff, 0x00, 0x00, 0x00, 0x01, 0x00, 0x00, 0x00, 0xff, 0xff, 0x00, 0x00, 0x00, 0x00, 0xff,
    0xff, 0xff, 0xff, 0x00, 0x00, 0x61, 0x0e, 0x00, 0x42, 0x00, 0xff, 0xff, 0xff, 0xff, 0x02, 0x00, 0x00, 0x00, 0x04, 0x00, 0xff, 0xff, 0x3e, 0x00,
    0x0c, 0x00, 0x00, 0x00, 0xff, 0xff, 0x00, 0xff, 0xff, 0x00, 0xff, 0xff, 0x01, 0x00, 0x00, 0x01, 0xff, 0xff, 0x20, 0x00, 0xff, 0xff, 0x00, 0x00,
    0xff, 0xff, 0xff, 0xff, 0x00, 0x00, 0x00, 0xff, 0xff, 0x00, 0x00, 0x00, 0x00, 0x00, 0x00, 0xff, 0xff, 0x00, 0x00, 0xff, 0xff, 0x00, 0x00, 0x00,
    0x05, 0x00, 0x00, 0x00, 0xff, 0xff, 0x00, 0x00, 0x00, 0x00, 0xff, 0xff, 0xff, 0xff, 0x00, 0x00, 0x86, 0x01, 0x01, 0x0c, 0x00, 0x00, 0x00, 0xff,
    0xff, 0x00, 0xff, 0xff, 0x00, 0xff, 0xff, 0x00, 0x00, 0x00, 0x01, 0xff, 0xff, 0x00, 0x00, 0xff, 0xff, 0x00, 0x00, 0xff, 0xff, 0xff, 0xff, 0x00,
    0x00, 0x00, 0xff, 0xff, 0x00, 0x00, 0x00, 0x00, 0x00, 0x00, 0xff, 0xff, 0x01, 0x01, 0xff, 0xff, 0x00, 0x00, 0x00, 0x01, 0x00, 0x00, 0x00, 0xff,
    0xff, 0x00, 0x00, 0x00, 0x00, 0xff, 0xff, 0xff, 0xff, 0x70, 0x05, 0x0a, 0x00, 0x71, 0x01, 0x00, 0x01, 0x60, 0x02, 0x20, 0xff, 0xff, 0xff, 0xff,
    0x00, 0x00, 0x00, 0x00, 0xff, 0xff, 0x00, 0x00, 0x01, 0xff, 0xff, 0x00, 0x00, 0x00, 0xff, 0xff, 0x00, 0x00, 0x00, 0x00, 0x00, 0x26, 0x01, 0x00,
    0x01, 0xff, 0xff, 0x00, 0x6f, 0x00, 0x01, 0x01, 0x00, 0x00, 0x60, 0x02, 0x20, 0xff, 0xff, 0xff, 0xff, 0x00, 0x00, 0x00, 0x00, 0xff, 0xff, 0x00,
    0x00, 0x01, 0xff, 0xff, 0x00, 0x00, 0x00, 0xff, 0xff, 0x00, 0x00, 0x00, 0x00, 0x00, 0x26, 0x01, 0x00, 0x01, 0xff, 0xff, 0x00, 0x6f, 0x00, 0x01,
    0x01, 0x00, 0x00, 0x62, 0x61, 0x03, 0x00, 0x45, 0x04, 0x00, 0x24, 0x00, 0x12, 0x00, 0xff, 0xff, 0xff, 0xff, 0x00, 0x00, 0xff, 0xff, 0xff, 0xff,
    0xff, 0xff, 0x00, 0x00, 0x00, 0x00, 0x00, 0x00, 0x00, 0x1e, 0x00, 0xff, 0xff, 0x00, 0x00, 0x00, 0xff, 0xff, 0x00, 0x01, 0x00, 0x00, 0x00, 0x01,
    0x00, 0x00, 0x61, 0x03, 0x00, 0x45, 0x03, 0x00, 0x3e, 0x00, 0x0c, 0x00, 0x00, 0x00, 0xff, 0xff, 0x00, 0xff, 0xff, 0x01, 0xff, 0xff, 0x00, 0x00,
    0x00, 0x04, 0xff, 0xff, 0x00, 0x00, 0xff, 0xff, 0x00, 0x01, 0x04, 0x00, 0xff, 0xff, 0x00, 0x00, 0x00, 0xff, 0xff, 0x00, 0x00, 0x00, 0x00, 0x00,
    0x00, 0xff, 0xff, 0x00, 0x00, 0xff, 0xff, 0x00, 0x00, 0x00, 0x05, 0x00, 0x00, 0x00, 0xff, 0xff, 0x00, 0x00, 0x01, 0x00, 0xff, 0xff, 0xff, 0xff,
    0x00, 0x00, 0x61, 0x08, 0x00, 0x40, 0x01, 0x03, 0x02, 0x01, 0x04, 0x00, 0x00, 0x26, 0x00, 0x10, 0x00, 0x00, 0x00, 0x00, 0xff, 0xff, 0xff, 0xff,
    0x00, 0x00, 0xff, 0xff, 0x17, 0x00, 0x00, 0x00, 0x00, 0x00, 0x42, 0x00, 0x00, 0x00, 0x00, 0xff, 0xff, 0x00, 0x00, 0x00, 0xff, 0xff, 0x00, 0x00,
    0x01, 0x00, 0xff, 0xff, 0x03, 0x00, 0x00, 0x80, 0x00, 0x05, 0x01, 0x00, 0x01, 0x60, 0x02, 0x14, 0x00, 0x00, 0x00, 0x00, 0xff, 0xff, 0x00, 0x00,
    0xff, 0xff, 0xff, 0xff, 0x00, 0xff, 0xff, 0x00, 0x00, 0x00, 0x00, 0x00, 0xff, 0xff, 0x00, 0x00, 0x03, 0x05, 0x00, 0xff, 0xff, 0xff, 0xff, 0x00,
    0xff, 0xff, 0xff, 0xff, 0x00, 0x00, 0x00, 0x00, 0xff, 0xff, 0xff, 0xff, 0x00, 0x00, 0x00, 0x00, 0x00, 0x00, 0xff, 0xff, 0xff, 0xff, 0x00, 0x00,
    0x00, 0x0a, 0x00, 0x00, 0x14, 0x00, 0x00, 0x00, 0x00, 0xff, 0xff, 0x00, 0x00, 0xff, 0xff, 0xff, 0xff, 0x01, 0xff, 0xff, 0x00, 0x00, 0x00, 0x00,
    0x00, 0xff, 0xff, 0x00, 0x00, 0x01, 0x00, 0x00, 0xff, 0xff, 0xff, 0xff, 0x00, 0x57, 0x00, 0xff, 0xff, 0x00, 0x00, 0x00, 0x00, 0xff, 0xff, 0xff,
    0xff, 0x00, 0x00, 0x00, 0x00, 0x00, 0x00, 0xff, 0xff, 0xff, 0xff, 0x00, 0x00, 0x00, 0x05, 0x00, 0x00, 0x60, 0x02, 0x20, 0xff, 0xff, 0xff, 0xff,
    0x00, 0x00, 0x00, 0x00, 0xff, 0xff, 0x00, 0x00, 0x01, 0xff, 0xff, 0x00, 0x00, 0x00, 0xff, 0xff, 0x00, 0x00, 0x00, 0x00, 0x00, 0x0c, 0x00, 0x00,
    0x00, 0xff, 0xff, 0x00, 0xff, 0xff, 0x00, 0xff, 0xff, 0x00, 0x00, 0x00, 0x01, 0xff, 0xff, 0x00, 0x00, 0xff, 0xff, 0x00, 0x00, 0xff, 0xff, 0xff,
    0xff, 0x00, 0x00, 0x00, 0xff, 0xff, 0x0e, 0x00, 0x00, 0x00, 0x00, 0x00, 0xff, 0xff, 0x01, 0x01, 0xff, 0xff, 0x00, 0x00, 0x00, 0x05, 0x00, 0x00,
    0x00, 0xff, 0xff, 0x00, 0x00, 0x00, 0x00, 0xff, 0xff, 0xff, 0xff, 0x02, 0x00, 0x00, 0x00, 0x00, 0x00, 0x01, 0x00, 0x04, 0x05, 0x01, 0xff, 0xff,
    0xff, 0xff, 0x00, 0xff, 0xff, 0x00, 0x00, 0x00, 0x00, 0xff, 0xff, 0x00, 0x00, 0xff, 0xff, 0x00, 0xff, 0xff, 0x00, 0x00, 0x01, 0x00, 0x03, 0x00,
    0x01, 0x80, 0x00, 0x05, 0x01, 0x00, 0x01, 0x70, 0x04, 0x0a, 0x00, 0x71, 0x01, 0x00, 0x01, 0x61, 0x05, 0x00, 0x43, 0x1b, 0x00, 0x00, 0x00, 0x26,
    0x00, 0x10, 0x00, 0x01, 0x00, 0x03, 0xff, 0xff, 0xff, 0xff, 0x00, 0x00, 0xff, 0xff, 0x17, 0x00, 0x00, 0x01, 0x03, 0x00, 0x42, 0x00, 0x00, 0x00,
    0x00, 0xff, 0xff, 0x01, 0x02, 0x00, 0x76, 0x00, 0x02, 0x00, 0x01, 0x00, 0xff, 0xff, 0x02, 0x00, 0x00, 0x60, 0x03, 0x60, 0x02, 0x08, 0x00, 0x00,
    0xff, 0xff, 0x00, 0x00, 0x01, 0x00, 0x00, 0x00, 0x1b, 0x00, 0x00, 0x00, 0x00, 0x00, 0x00, 0xff, 0xff, 0x00, 0x00, 0x00, 0x00, 0xff, 0xff, 0x09,
    0x00, 0x02, 0xff, 0xff, 0x14, 0x00, 0x00, 0x00, 0x00, 0xff, 0xff, 0x00, 0x00, 0xff, 0xff, 0xff, 0xff, 0x00, 0xff, 0xff, 0x00, 0x00, 0x00, 0x00,
    0x00, 0xff, 0xff, 0x00, 0x00, 0x01, 0x05, 0x00, 0xff, 0xff, 0xff, 0xff, 0x00, 0xff, 0xff, 0xff, 0xff, 0x00, 0x00, 0x00, 0x00, 0xff, 0xff, 0xff,
    0xff, 0x00, 0x00, 0x00, 0x00, 0x00, 0x00, 0xff, 0xff, 0xff, 0xff, 0x00, 0x00, 0x00, 0x00, 0x00, 0x00, 0x0c, 0x00, 0x00, 0x00, 0xff, 0xff, 0x00,
    0xff, 0xff, 0x01, 0xff, 0xff, 0x00, 0x00, 0x00, 0x01, 0xff, 0xff, 0x00, 0x00, 0xff, 0xff, 0x00, 0x00, 0x1b, 0x00, 0xff, 0xff, 0x00, 0x00, 0x00,
    0xff, 0xff, 0x00, 0x00, 0x00, 0x00, 0x00, 0x00, 0xff, 0xff, 0x00, 0x00, 0xff, 0xff, 0x00, 0x00, 0x00, 0x05, 0x00, 0x00, 0x00, 0xff, 0xff, 0x00,
    0x00, 0x01, 0x00, 0xff, 0xff, 0xff, 0xff, 0x12, 0x00, 0xff, 0xff, 0xff, 0xff, 0x00, 0x00, 0xff, 0xff, 0xff, 0xff, 0x1b, 0x00, 0x00, 0x00, 0x00,
    0x01, 0x00, 0x00, 0x00, 0x1e, 0x00, 0xff, 0xff, 0x00, 0x00, 0x00, 0xff, 0xff, 0x00, 0x01, 0x00, 0x00, 0x00, 0x01, 0x60, 0x02, 0x12, 0x00, 0xff,
    0xff, 0xff, 0xff, 0x00, 0x00, 0xff, 0xff, 0xff, 0xff, 0xff, 0xff, 0x00, 0x0e, 0x00, 0x00, 0x00, 0x00, 0x00, 0x1e, 0x00, 0xff, 0xff, 0x01, 0x01,
    0x00, 0x5f, 0x00, 0x00, 0x01, 0x00, 0x00, 0x00, 0x02, 0x10, 0x00, 0x00, 0x00, 0x01, 0xff, 0xff, 0xff, 0xff, 0x00, 0x00, 0xff, 0xff, 0x17, 0x00,
    0x0e, 0x00, 0x00, 0x00, 0x18, 0x00, 0x00, 0x00, 0x00, 0xff, 0xff, 0x01, 0x01, 0x00, 0x5f, 0x00, 0x00, 0x00, 0x00, 0x00, 0xff, 0xff, 0x01, 0x10,
    0x00, 0x00, 0x00, 0x00, 0xff, 0xff, 0xff, 0xff, 0x00, 0x00, 0xff, 0xff, 0x17, 0x00, 0x01, 0x00, 0x00, 0x00, 0x42, 0x00, 0x00, 0x00, 0x00, 0xff,
    0xff, 0x01, 0x01, 0x00, 0x43, 0x00, 0x00, 0x00, 0x01, 0x00, 0xff, 0xff, 0x01, 0x61, 0x08, 0x00, 0x40, 0x01, 0x03, 0x05, 0x01, 0xff, 0xff, 0x00,
    0x08, 0x00, 0x11, 0x00, 0x17, 0x00, 0x18, 0x00, 0x01, 0x01, 0x00, 0x00, 0x61, 0x08, 0x00, 0x40, 0x01, 0x03, 0x05, 0x01, 0xff, 0xff, 0x00, 0x08,
    0x00, 0x11, 0x00, 0x17, 0x00, 0x18, 0x00, 0x01, 0x01, 0x00, 0x00, 0x61, 0x05, 0x00, 0x41, 0x0d, 0x02, 0x00, 0x00, 0x3e, 0x00, 0x0c, 0x00, 0x00,
    0x00, 0xff, 0xff, 0x00, 0xff, 0xff, 0x00, 0xff, 0xff, 0x00, 0x00, 0x00, 0x01, 0xff, 0xff, 0x00, 0x00, 0xff, 0xff, 0x00, 0x00, 0xff, 0xff, 0xff,
    0xff, 0x00, 0x00, 0x00, 0xff, 0xff, 0x00, 0x00, 0x00, 0x00, 0x00, 0x00, 0xff, 0xff, 0x00, 0x00, 0xff, 0xff, 0x00, 0x00, 0x00, 0x05, 0x00, 0x00,
    0x00, 0xff, 0xff, 0x00, 0x00, 0x00, 0x00, 0xff, 0xff, 0xff, 0xff, 0x00, 0x00, 0x14, 0x00, 0x00, 0x00, 0x00, 0xff, 0xff, 0x00, 0x00, 0xff, 0xff,
    0xff, 0xff, 0x00, 0xff, 0xff, 0x00, 0x00, 0x00, 0x00, 0x00, 0xff, 0xff, 0x00, 0x00, 0x0a, 0x05, 0x00, 0xff, 0xff, 0xff, 0xff, 0x00, 0xff, 0xff,
    0xff, 0xff, 0x00, 0x00, 0x00, 0x00, 0xff, 0xff, 0xff, 0xff, 0x00, 0x00, 0x00, 0x00, 0x00, 0x00, 0xff, 0xff, 0xff, 0xff, 0x00, 0x00, 0x00, 0x0a,
    0x00, 0x00, 0x61, 0x04, 0x00, 0x50, 0x02, 0x00, 0x00, 0x3e, 0x00, 0x0c, 0x00, 0x00, 0x01, 0xff, 0xff, 0x00, 0xff, 0xff, 0x00, 0xff, 0xff, 0x00,
    0x00, 0x00, 0x02, 0xff, 0xff, 0x00, 0x00, 0xff, 0xff, 0x00, 0x00, 0xff, 0xff, 0xff, 0xff, 0x00, 0x00, 0x00, 0xff, 0xff, 0x00, 0x00, 0x00, 0x00,
    0x00, 0x00, 0xff, 0xff, 0x00, 0x00, 0xff, 0xff, 0x00, 0x00, 0x00, 0x01, 0x00, 0x00, 0x00, 0xff, 0xff, 0x00, 0x00, 0x00, 0x00, 0xff, 0xff, 0xff,
    0xff, 0x00, 0x00, 0x61, 0x05, 0x00, 0x41, 0x0d, 0x02, 0x00, 0x00, 0x3e, 0x00, 0x0c, 0x00, 0x00, 0x00, 0xff, 0xff, 0x00, 0xff, 0xff, 0x00, 0xff,
    0xff, 0x00, 0x00, 0x00, 0x01, 0xff, 0xff, 0x00, 0x00, 0xff, 0xff, 0x00, 0x00, 0xff, 0xff, 0xff, 0xff, 0x00, 0x00, 0x00, 0xff, 0xff, 0x00, 0x00,
    0x00, 0x00, 0x00, 0x00, 0xff, 0xff, 0x00, 0x00, 0xff, 0xff, 0x00, 0x00, 0x00, 0x05, 0x00, 0x00, 0x00, 0xff, 0xff, 0x00, 0x00, 0x00, 0x00, 0xff,
    0xff, 0xff, 0xff, 0x00, 0x00, 0x61, 0x08, 0x00, 0x40, 0x0e, 0x03, 0x02, 0x00, 0xff, 0xff, 0x00, 0x3d, 0x00, 0x14, 0x00, 0x00, 0x00, 0x00, 0xff,
    0xff, 0x00, 0x00, 0xff, 0xff, 0xff, 0xff, 0x01, 0xff, 0xff, 0x00, 0x00, 0x00, 0x00, 0x00, 0xff, 0xff, 0x00, 0x00, 0x02, 0x00, 0x00, 0xff, 0xff,
    0xff, 0xff, 0x00, 0xff, 0xff, 0xff, 0xff, 0x00, 0x00, 0x01, 0x00, 0xff, 0xff, 0xff, 0xff, 0x00, 0x00, 0x00, 0x00, 0x00, 0x00, 0xff, 0xff, 0xff,
    0xff, 0x00, 0x00, 0x00, 0x14, 0x00, 0x00, 0x00, 0x00, 0x61, 0x0e, 0x00, 0x42, 0x00, 0xff, 0xff, 0xff, 0xff, 0x03, 0x03, 0x00, 0x00, 0x00, 0x00,
    0xff, 0xff, 0x64, 0x00, 0x60, 0x02, 0x0c, 0x00, 0x00, 0x01, 0xff, 0xff, 0x00, 0xff, 0xff, 0x00, 0xff, 0xff, 0x00, 0x00, 0x00, 0x00, 0xff, 0xff,
    0xff, 0xff, 0xff, 0xff, 0x00, 0x00, 0xff, 0xff, 0xff, 0xff, 0x00, 0x00, 0x00, 0xff, 0xff, 0x00, 0x00, 0x00, 0x00, 0x00, 0x00, 0xff, 0xff, 0x00,
    0x00, 0xff, 0xff, 0x00, 0x00, 0x00, 0x77, 0x00, 0x00, 0x00, 0x59, 0x00, 0x00, 0x00, 0x00, 0x00, 0xff, 0xff, 0xff, 0xff, 0x12, 0x00, 0xff, 0xff,
    0xff, 0xff, 0x00, 0x00, 0xff, 0xff, 0xff, 0xff, 0xff, 0xff, 0x00, 0x00, 0x00, 0x00, 0x00, 0x00, 0x00, 0x1e, 0x00, 0xff, 0xff, 0x00, 0x00, 0x00,
    0xff, 0xff, 0x00, 0x01, 0x00, 0x00, 0x00, 0x01, 0x00, 0x00, 0x61, 0x0e, 0x00, 0x42, 0x01, 0xff, 0xff, 0xff, 0xff, 0x00, 0x00, 0x00, 0x00, 0x04,
    0x03, 0xff, 0xff, 0x3e, 0x00, 0x0c, 0x00, 0x00, 0x00, 0xff, 0xff, 0x00, 0xff, 0xff, 0x00, 0xff, 0xff, 0x00, 0x00, 0x00, 0x01, 0xff, 0xff, 0x00,
    0x00, 0xff, 0xff, 0x00, 0x00, 0xff, 0xff, 0xff, 0xff, 0x00, 0x00, 0x00, 0xff, 0xff, 0x00, 0x00, 0x00, 0x00, 0x00, 0x00, 0xff, 0xff, 0x00, 0x00,
    0xff, 0xff, 0x00, 0x00, 0x00, 0x05, 0x00, 0x00, 0x00, 0xff, 0xff, 0x00, 0x00, 0x00, 0x00, 0xff, 0xff, 0xff, 0xff, 0x00, 0x00, 0x61, 0x05, 0x00,
    0x41, 0x01, 0x01, 0x00, 0x00, 0x3e, 0x00, 0x0c, 0x00, 0x00, 0x00, 0xff, 0xff, 0x00, 0xff, 0xff, 0x00, 0xff, 0xff, 0x00, 0x00, 0x00, 0x02, 0xff,
    0xff, 0x00, 0x00, 0xff, 0xff, 0x00, 0x00, 0xff, 0xff, 0xff, 0xff, 0x00, 0x00, 0x00, 0xff, 0xff, 0x00, 0x00, 0x00, 0x00, 0x00, 0x00, 0xff, 0xff,
    0x00, 0x00, 0xff, 0xff, 0x00, 0x00, 0x00, 0x01, 0x00, 0x00, 0x00, 0xff, 0xff, 0x00, 0x00, 0x00, 0x00, 0xff, 0xff, 0xff, 0xff, 0x00, 0x00, 0x60,
    0x02, 0x14, 0x00, 0x00, 0x00, 0x00, 0xff, 0xff, 0x00, 0x00, 0xff, 0xff, 0xff, 0xff, 0x00, 0xff, 0xff, 0x00, 0x00, 0x00, 0x00, 0x00, 0xff, 0xff,
    0x00, 0x00, 0x02, 0x05, 0x00, 0xff, 0xff, 0xff, 0xff, 0x00, 0xff, 0xff, 0xff, 0xff, 0x00, 0x00, 0x00, 0x00, 0xff, 0xff, 0xff, 0xff, 0x00, 0x00,
    0x00, 0x00, 0x00, 0x00, 0xff, 0xff, 0xff, 0xff, 0x00, 0x00, 0x00, 0x0a, 0x00, 0x00, 0x14, 0x00, 0x00, 0x00, 0x00, 0xff, 0xff, 0x00, 0x00, 0xff,
    0xff, 0xff, 0xff, 0x02, 0xff, 0xff, 0x00, 0x00, 0x00, 0x00, 0x00, 0xff, 0xff, 0x00, 0x00, 0x01, 0x09, 0x00, 0xff, 0xff, 0xff, 0xff, 0x00, 0xff,
    0xff, 0xff, 0xff, 0x00, 0x00, 0x00, 0x00, 0xff, 0xff, 0xff, 0xff, 0x00, 0x00, 0x00, 0x00, 0x01, 0x00, 0xff, 0xff, 0xff, 0xff, 0x00, 0x00, 0x00,
    0x05, 0x00, 0x00, 0x61, 0x05, 0x00, 0x41, 0x01, 0x01, 0x00, 0x00, 0x24, 0x00, 0x12, 0x00, 0xff, 0xff, 0xff, 0xff, 0x00, 0x00, 0xff, 0xff, 0xff,
    0xff, 0xff, 0xff, 0x00, 0x00, 0x00, 0x00, 0x00, 0x00, 0x00, 0x1e, 0x00, 0xff, 0xff, 0x00, 0x00, 0x00, 0xff, 0xff, 0x00, 0x01, 0x00, 0x00, 0x00,
    0x01, 0x00, 0x00, 0x61, 0x0e, 0x00, 0x42, 0x00, 0x24, 0x00, 0xff, 0xff, 0x00, 0x00, 0x00, 0x00, 0x00, 0x00, 0xff, 0xff, 0x3d, 0x00, 0x14, 0x00,
    0x00, 0x00, 0x00, 0xff, 0xff, 0x00, 0x00, 0xff, 0xff, 0xff, 0xff, 0x00, 0xff, 0xff, 0x00, 0x00, 0x00, 0x00, 0x00, 0xff, 0xff, 0x00, 0x00, 0x01,
    0x00, 0x00, 0xff, 0xff, 0xff, 0xff, 0x00, 0x04, 0x00, 0xff, 0xff, 0x00, 0x00, 0x00, 0x00, 0xff, 0xff, 0xff, 0xff, 0x00, 0x00, 0x00, 0x00, 0x00,
    0x00, 0xff, 0xff, 0xff, 0xff, 0x00, 0x00, 0x00, 0x05, 0x00, 0x00, 0x00, 0x00, 0x61, 0x0f, 0x00, 0x4b, 0x40, 0x0e, 0x03, 0x02, 0x00, 0xff, 0xff,
    0x00, 0x41, 0x01, 0x00, 0x00, 0x00, 0x4c, 0x24, 0x00, 0x12, 0x00, 0xff, 0xff, 0xff, 0xff, 0x00, 0x00, 0x40, 0x00, 0xff, 0xff, 0xff, 0xff, 0x00,
    0x00, 0x00, 0x00, 0x00, 0x00, 0x00, 0x1e, 0x00, 0xff, 0xff, 0x00, 0x00, 0x00, 0xff, 0xff, 0x00, 0x01, 0x00, 0x00, 0x00, 0x01, 0x00, 0x00, 0x61,
    0x0e, 0x00, 0x42, 0x01, 0xff, 0xff, 0xff, 0xff, 0x03, 0x04, 0x00, 0x00, 0x00, 0x01, 0xff, 0xff, 0x4c, 0x00, 0x60, 0x02, 0x12, 0x00, 0xff, 0xff,
    0xff, 0xff, 0x00, 0x00, 0xff, 0xff, 0xff, 0xff, 0xff, 0xff, 0x00, 0x00, 0x00, 0x00, 0x00, 0x00, 0x00, 0x1e, 0x00, 0xff, 0xff, 0x00, 0x00, 0x00,
    0xff, 0xff, 0x00, 0x01, 0x00, 0x00, 0x00, 0x02, 0x10, 0x00, 0x00, 0x00, 0x05, 0xff, 0xff, 0xff, 0xff, 0x00, 0x00, 0xff, 0xff, 0x5c, 0x00, 0x00,
    0x00, 0x00, 0x00, 0x5a, 0x00, 0x00, 0x00, 0x00, 0xff, 0xff, 0x00, 0x00, 0x00, 0xff, 0xff, 0x00, 0x00, 0x00, 0x00, 0xff, 0xff, 0x05, 0x00, 0x00,
    0x61, 0x05, 0x00, 0x41, 0x01, 0x00, 0x00, 0x00, 0xaa, 0x00, 0x60, 0x04, 0x1e, 0x00, 0x01, 0x00, 0x00, 0x00, 0x00, 0x04, 0x00, 0x00, 0x00, 0x00,
    0x00, 0xff, 0xff, 0x00, 0x00, 0x0a, 0x00, 0x20, 0xff, 0xff, 0xff, 0xff, 0x00, 0x00, 0x01, 0x00, 0x78, 0x00, 0x00, 0x00, 0x01, 0xff, 0xff, 0x00,
    0x00, 0x00, 0xff, 0xff, 0x00, 0x00, 0x00, 0x14, 0x00, 0x0c, 0x00, 0x00, 0x01, 0xff, 0xff, 0x00, 0xff, 0xff, 0x00, 0x78, 0x00, 0x00, 0x00, 0x00,
    0x01, 0xff, 0xff, 0x00, 0x00, 0xff, 0xff, 0x00, 0x00, 0xff, 0xff, 0xff, 0xff, 0x00, 0x00, 0x01, 0xff, 0xff, 0x00, 0x00, 0x00, 0x01, 0x00, 0x00,
    0xff, 0xff, 0x00, 0x00, 0xff, 0xff, 0x00, 0x00, 0x00, 0x05, 0x00, 0x00, 0x00, 0xff, 0xff, 0x00, 0x00, 0x01, 0x00, 0xff, 0xff, 0xff, 0xff, 0x14,
    0x00, 0x00, 0x01, 0x00, 0xff, 0xff, 0x00, 0x00, 0xff, 0xff, 0xff, 0xff, 0x00, 0xff, 0xff, 0x00, 0x00, 0x00, 0x00, 0x00, 0xff, 0xff, 0x00, 0x00,
    0x00, 0x05, 0x00, 0xff, 0xff, 0xff, 0xff, 0x00, 0xff, 0xff, 0xff, 0xff, 0x00, 0x00, 0x00, 0x00, 0xff, 0xff, 0xff, 0xff, 0x00, 0x00, 0x00, 0x00,
    0x00, 0x00, 0xff, 0xff, 0xff, 0xff, 0x00, 0x00, 0x00, 0x14, 0x00, 0x00, 0x00, 0x00, 0x61, 0x0c, 0x00, 0x4b, 0x41, 0x01, 0x01, 0x00, 0x00, 0x41,
    0x01, 0x01, 0x00, 0x00, 0x4c, 0x3e, 0x00, 0x0c, 0x00, 0x00, 0x00, 0xff, 0xff, 0x00, 0xff, 0xff, 0x01, 0xff, 0xff, 0x00, 0x00, 0x00, 0x01, 0xff,
    0xff, 0x00, 0x00, 0xff, 0xff, 0x00, 0x00, 0xff, 0xff, 0xff, 0xff, 0x00, 0x00, 0x00, 0x08, 0x00, 0x00, 0x00, 0x00, 0x00, 0x00, 0x00, 0xff, 0xff,
    0x00, 0x00, 0xff, 0xff, 0x00, 0x00, 0x00, 0x05, 0x00, 0x00, 0x00, 0xff, 0xff, 0x00, 0x00, 0x00, 0x00, 0xff, 0xff, 0x3f, 0x00, 0x00, 0x00, 0x61,
    0x05, 0x00, 0x41, 0x01, 0x01, 0x00, 0x00, 0x1f, 0x00, 0x08, 0x00, 0x00, 0xff, 0xff, 0x00, 0x00, 0x01, 0x00, 0x00, 0x00, 0xff, 0xff, 0x00, 0x00,
    0x00, 0x00, 0x00, 0xff, 0xff, 0x00, 0x00, 0x00, 0x00, 0xff, 0xff, 0x09, 0x00, 0x00, 0x3f, 0x00, 0x00, 0x00, 0x61, 0x05, 0x00, 0x43, 0x11, 0x00,
    0x08, 0x03, 0x3e, 0x00, 0x0c, 0x00, 0x00, 0x00, 0xff, 0xff, 0x00, 0xff, 0xff, 0x00, 0xff, 0xff, 0x01, 0x00, 0x00, 0x01, 0xff, 0xff, 0x20, 0x00,
    0xff, 0xff, 0x00, 0x00, 0xff, 0xff, 0xff, 0xff, 0x00, 0x00, 0x00, 0xff, 0xff, 0x00, 0x00, 0x00, 0x00, 0x00, 0x00, 0xff, 0xff, 0x00, 0x00, 0xff,
    0xff, 0x00, 0x00, 0x00, 0x05, 0x00, 0x00, 0x00, 0xff, 0xff, 0x00, 0x00, 0x00, 0x00, 0xff, 0xff, 0xff, 0xff, 0x00, 0x00, 0x80, 0x00, 0x05, 0x01,
    0x00, 0x01, 0x70, 0x05, 0x0a, 0x00, 0x71, 0x01, 0x00, 0x01, 0x61, 0x03, 0x00, 0x45, 0x00, 0x00, 0x1f, 0x00, 0x08, 0x00, 0x00, 0xff, 0xff, 0x00,
    0x00, 0x01, 0x00, 0x00, 0x01, 0xff, 0xff, 0x00, 0x00, 0x00, 0x00, 0x00, 0xff, 0xff, 0x00, 0x00, 0x00, 0x00, 0xff, 0xff, 0x09, 0x00, 0x00, 0xff,
    0xff, 0x00, 0x00, 0x0c, 0x00, 0x02, 0x00, 0xff, 0xff, 0x00, 0xff, 0xff, 0x00, 0xff, 0xff, 0x00, 0x00, 0x00, 0x02, 0xff, 0xff, 0x00, 0x00, 0xff,
    0xff, 0x00, 0x00, 0xff, 0xff, 0xff, 0xff, 0x00, 0x00, 0x00, 0xff, 0xff, 0x00, 0x00, 0x00, 0x00, 0x00, 0x00, 0xff, 0xff, 0x00, 0x00, 0xff, 0xff,
    0x00, 0x02, 0x00, 0x01, 0x00, 0x00, 0x00, 0xff, 0xff, 0x00, 0x00, 0x00, 0x00, 0xff, 0xff, 0xff, 0xff, 0x61, 0x08, 0x00, 0x40, 0x08, 0x03, 0x0a,
    0x00, 0xff, 0xff, 0x00, 0x3e, 0x00, 0x0c, 0x00, 0x00, 0x00, 0xff, 0xff, 0x00, 0xff, 0xff, 0x00, 0xff, 0xff, 0x01, 0x00, 0x00, 0x02, 0xff, 0xff,
    0x20, 0x00, 0xff, 0xff, 0x00, 0x00, 0xff, 0xff, 0xff, 0xff, 0x00, 0x00, 0x00, 0xff, 0xff, 0x00, 0x00, 0x00, 0x00, 0x00, 0x00, 0xff, 0xff, 0x00,
    0x00, 0xff, 0xff, 0x00, 0x00, 0x00, 0x05, 0x00, 0x00, 0x00, 0xff, 0xff, 0x00, 0x00, 0x00, 0x00, 0xff, 0xff, 0xff, 0xff, 0x00, 0x00, 0x61, 0x03,
    0x00, 0x45, 0x00, 0x00, 0x1d, 0x00, 0x0f, 0xff, 0xff, 0x01, 0x01, 0x00, 0x00, 0x02, 0x00, 0x20, 0x00, 0x00, 0xff, 0xff, 0x00, 0x00, 0x19, 0x00,
    0x00, 0x00, 0x00, 0x00, 0x00, 0x00, 0x00, 0x01, 0x00, 0x00, 0x02, 0x00, 0x00, 0x86, 0x01, 0x01, 0x08, 0x00, 0x00, 0xff, 0xff, 0x00, 0x00, 0x01,
    0x00, 0x00, 0x00, 0xff, 0xff, 0x00, 0x00, 0x00, 0x00, 0x00, 0xff, 0xff, 0x00, 0x00, 0x00, 0x00, 0xff, 0xff, 0x09, 0x00, 0x00, 0xff, 0xff, 0x80,
    0x01, 0x05, 0x01, 0x01, 0x01, 0x61, 0x08, 0x00, 0x40, 0x08, 0x03, 0x06, 0x00, 0xff, 0xff, 0x00, 0x3d, 0x00, 0x14, 0x00, 0x00, 0x00, 0x00, 0xff,
    0xff, 0x00, 0x00, 0xff, 0xff, 0xff, 0xff, 0x03, 0xff, 0xff, 0x00, 0x00, 0x00, 0x00, 0x00, 0xff, 0xff, 0x00, 0x00, 0x01, 0x08, 0x00, 0xff, 0xff,
    0xff, 0xff, 0x00, 0xff, 0xff, 0xff, 0xff, 0x00, 0x00, 0x00, 0x00, 0xff, 0xff, 0xff, 0xff, 0x00, 0x00, 0x00, 0x00, 0x00, 0x00, 0xff, 0xff, 0xff,
    0xff, 0x00, 0x00, 0x00, 0x0f, 0x03, 0x00, 0x00, 0x00, 0x61, 0x12, 0x00, 0x4b, 0x40, 0x0e, 0x03, 0x02, 0x00, 0xff, 0xff, 0x00, 0x40, 0x14, 0x03,
    0x01, 0x02, 0xff, 0xff, 0x00, 0x4c, 0x24, 0x00, 0x12, 0x00, 0xff, 0xff, 0xff, 0xff, 0x00, 0x00, 0xff, 0xff, 0xff, 0xff, 0xff, 0xff, 0x00, 0x00,
    0x00, 0x00, 0x00, 0x00, 0x00, 0x1e, 0x00, 0xff, 0xff, 0x00, 0x00, 0x00, 0xff, 0xff, 0x00, 0x01, 0x00, 0x00, 0x00, 0x02, 0x00, 0x00, 0x60, 0x02,
    0x20, 0xff, 0xff, 0xff, 0xff, 0x00, 0x00, 0x01, 0x00, 0xff, 0xff, 0x00, 0x00, 0x01, 0xff, 0xff, 0x00, 0x00, 0x00, 0xff, 0xff, 0x00, 0x00, 0x00,
    0x00, 0x00, 0x0c, 0x00, 0x00, 0x01, 0xff, 0xff, 0x00, 0xff, 0xff, 0x01, 0xff, 0xff, 0x00, 0x00, 0x00, 0x01, 0xff, 0xff, 0x00, 0x00, 0xff, 0xff,
    0x00, 0x00, 0xff, 0xff, 0xff, 0xff, 0x00, 0x00, 0x00, 0xff, 0xff, 0x00, 0x00, 0x00, 0x00, 0x00, 0x00, 0xff, 0xff, 0x00, 0x00, 0xff, 0xff, 0x00,
    0x00, 0x00, 0x05, 0x00, 0x00, 0x00, 0xff, 0xff, 0x00, 0x00, 0x00, 0x00, 0x5b, 0x00, 0xff, 0xff, 0x86, 0x01, 0x01, 0x12, 0x00, 0xff, 0xff, 0xff,
    0xff, 0x00, 0x00, 0xff, 0xff, 0xff, 0xff, 0xff, 0xff, 0x00, 0x00, 0x00, 0x00, 0x00, 0x00, 0x00, 0x1e, 0x00, 0xff, 0xff, 0x01, 0x04, 0x00, 0x76,
    0x00, 0x00, 0x01, 0x00, 0x00, 0x00, 0x01, 0x61, 0x05, 0x00, 0x43, 0x11, 0x00, 0x0b, 0x03, 0x24, 0x00, 0x12, 0x00, 0xff, 0xff, 0xff, 0xff, 0x00,
    0x00, 0xff, 0xff, 0xff, 0xff, 0xff, 0xff, 0x00, 0x00, 0x00, 0x00, 0x00, 0x00, 0x00, 0x1e, 0x00, 0xff, 0xff, 0x00, 0x00, 0x00, 0xff, 0xff, 0x00,
    0x01, 0x00, 0x00, 0x00, 0x01, 0x00, 0x00, 0x88, 0x02, 0x86, 0x02, 0x00, 0x80, 0x01, 0x05, 0x01, 0x01, 0x01, 0x14, 0x00, 0x00, 0x00, 0x00, 0xff,
    0xff, 0x00, 0x00, 0xff, 0xff, 0xff, 0xff, 0x01, 0xff, 0xff, 0x0f, 0x00, 0x00, 0x05, 0x00, 0xff, 0xff, 0x00, 0x00, 0x01, 0x11, 0x00, 0xff, 0xff,
    0xff, 0xff, 0x00, 0x0d, 0x00, 0xff, 0xff, 0x00, 0x00, 0x00, 0x00, 0xff, 0xff, 0xff, 0xff, 0x00, 0x00, 0x00, 0x00, 0x00, 0x00, 0xff, 0xff, 0xff,
    0xff, 0x00, 0x00, 0x00, 0x05, 0x00, 0x00, 0x60, 0x02, 0x14, 0x00, 0x00, 0x00, 0x00, 0xff, 0xff, 0x00, 0x00, 0xff, 0xff, 0xff, 0xff, 0x00, 0xff,
    0xff, 0x00, 0x00, 0x00, 0x00, 0x00, 0xff, 0xff, 0x00, 0x00, 0x03, 0x05, 0x00, 0xff, 0xff, 0xff, 0xff, 0x00, 0xff, 0xff, 0xff, 0xff, 0x00, 0x00,
    0x00, 0x00, 0xff, 0xff, 0xff, 0xff, 0x00, 0x00, 0x00, 0x00, 0x00, 0x00, 0xff, 0xff, 0xff, 0xff, 0x00, 0x00, 0x00, 0x0a, 0x00, 0x00, 0x0c, 0x00,
    0x00, 0x00, 0xff, 0xff, 0x00, 0xff, 0xff, 0x00, 0xff, 0xff, 0x00, 0x00, 0x00, 0x02, 0xff, 0xff, 0x00, 0x00, 0xff, 0xff, 0x00, 0x00, 0xff, 0xff,
    0xff, 0xff, 0x00, 0x00, 0x00, 0xff, 0xff, 0x00, 0x00, 0x00, 0x00, 0x00, 0x00, 0xff, 0xff, 0x00, 0x00, 0xff, 0xff, 0x00, 0x00, 0x00, 0x01, 0x00,
    0x00, 0x00, 0xff, 0xff, 0x00, 0x00, 0x00, 0x00, 0xff, 0xff, 0xff, 0xff, 0x61, 0x05, 0x00, 0x44, 0x00, 0x01, 0x00, 0x00, 0x3e, 0x00, 0x0c, 0x00,
    0x00, 0x00, 0xff, 0xff, 0x00, 0xff, 0xff, 0x00, 0xff, 0xff, 0x00, 0x00, 0x00, 0x01, 0xff, 0xff, 0x00, 0x00, 0xff, 0xff, 0x00, 0x00, 0xff, 0xff,
    0xff, 0xff, 0x00, 0x00, 0x00, 0xff, 0xff, 0x00, 0x00, 0x00, 0x00, 0x00, 0x00, 0xff, 0xff, 0x00, 0x00, 0xff, 0xff, 0x00, 0x00, 0x00, 0x01, 0x00,
    0x00, 0x00, 0xff, 0xff, 0x00, 0x00, 0x00, 0x00, 0xff, 0xff, 0xff, 0xff, 0x00, 0x00, 0x61, 0x08, 0x00, 0x40, 0x01, 0x03, 0x02, 0x01, 0xff, 0xff,
    0x01, 0x3e, 0x00, 0x0c, 0x00, 0x00, 0x00, 0xff, 0xff, 0x00, 0xff, 0xff, 0x00, 0xff, 0xff, 0x01, 0x00, 0x00, 0x01, 0xff, 0xff, 0x20, 0x00, 0xff,
    0xff, 0x00, 0x00, 0xff, 0xff, 0xff, 0xff, 0x00, 0x00, 0x00, 0xff, 0xff, 0x00, 0x00, 0x00, 0x00, 0x00, 0x00, 0xff, 0xff, 0x00, 0x00, 0xff, 0xff,
    0x00, 0x00, 0x00, 0x05, 0x00, 0x00, 0x00, 0xff, 0xff, 0x00, 0x01, 0x00, 0x00, 0xff, 0xff, 0xff, 0xff, 0x00, 0x00, 0x86, 0x01, 0x01, 0x61, 0x0f,
    0x00, 0x4b, 0x40, 0x01, 0x03, 0x02, 0x01, 0xff, 0xff, 0x00, 0x41, 0x01, 0x00, 0x00, 0x00, 0x4c, 0x24, 0x00, 0x12, 0x00, 0xff, 0xff, 0xff, 0xff,
    0x00, 0x00, 0xff, 0xff, 0xff, 0xff, 0xff, 0xff, 0x00, 0x00, 0x00, 0x00, 0x00, 0x00, 0x00, 0x1e, 0x00, 0xff, 0xff, 0x00, 0x00, 0x00, 0xff, 0xff,
    0x00, 0x01, 0x00, 0x00, 0x00, 0x01, 0x00, 0x00, 0x61, 0x12, 0x00, 0x4b, 0x40, 0x01, 0x03, 0x03, 0x01, 0xff, 0xff, 0x00, 0x40, 0x01, 0x03, 0x03,
    0x01, 0xff, 0xff, 0x00, 0x4c, 0x24, 0x00, 0x12, 0x00, 0xff, 0xff, 0xff, 0xff, 0x00, 0x00, 0xff, 0xff, 0xff, 0xff, 0xff, 0xff, 0x00, 0x00, 0x00,
    0x00, 0x00, 0x00, 0x00, 0x1e, 0x00, 0xff, 0xff, 0x00, 0x00, 0x00, 0xff, 0xff, 0x00, 0x01, 0x00, 0x00, 0x00, 0x01, 0x00, 0x00, 0x10, 0x00, 0x00,
    0x00, 0x02, 0xff, 0xff, 0xff, 0xff, 0x00, 0x01, 0x0d, 0x00, 0x46, 0x00, 0x0d, 0x00, 0x00, 0x00, 0x42, 0x00, 0x00, 0x00, 0x00, 0xff, 0xff, 0x01,
    0x01, 0x00, 0x5f, 0x00, 0x00, 0x00, 0x01, 0x00, 0xff, 0xff, 0x02, 0x61, 0x08, 0x00, 0x40, 0x01, 0x03, 0x02, 0x01, 0x0d, 0x00, 0x00, 0x24, 0x00,
    0x12, 0x00, 0xff, 0xff, 0xff, 0xff, 0x00, 0x00, 0xff, 0xff, 0xff, 0xff, 0xff, 0xff, 0x00, 0x00, 0x00, 0x00, 0x00, 0x00, 0x00, 0x1e, 0x00, 0xff,
    0xff, 0x00, 0x00, 0x00, 0xff, 0xff, 0x00, 0x01, 0x00, 0x00, 0x00, 0x01, 0x00, 0x00, 0x26, 0x01, 0x01, 0x01, 0x0d, 0x00, 0x00, 0x6d, 0x00, 0x01,
    0x00, 0x01, 0x00, 0x61, 0x08, 0x00, 0x40, 0x01, 0x03, 0x03, 0x01, 0x1a, 0x00, 0x00, 0x24, 0x00, 0x12, 0x00, 0xff, 0xff, 0xff, 0xff, 0x00, 0x00,
    0xff, 0xff, 0xff, 0xff, 0xff, 0xff, 0x00, 0x00, 0x00, 0x00, 0x00, 0x00, 0x00, 0x1e, 0x00, 0xff, 0xff, 0x00, 0x00, 0x00, 0xff, 0xff, 0x00, 0x01,
    0x00, 0x00, 0x00, 0x01, 0x00, 0x00, 0x86, 0x02, 0x01, 0x61, 0x0e, 0x00, 0x42, 0x01, 0x09, 0x00, 0xff, 0xff, 0x03, 0x09, 0x00, 0x00, 0x00, 0x01,
    0x38, 0x00, 0x6d, 0x00, 0x65, 0x01, 0x38, 0x00, 0x00, 0x00, 0x00, 0x00, 0x00, 0x02, 0x14, 0x00, 0x00, 0x00, 0x00, 0xff, 0xff, 0x00, 0x00, 0xff,
    0xff, 0xff, 0xff, 0x01, 0xff, 0xff, 0x04, 0x00, 0x00, 0x05, 0x00, 0xff, 0xff, 0x00, 0x00, 0x01, 0x10, 0x00, 0xff, 0xff, 0xff, 0xff, 0x00, 0x38,
    0x00, 0xff, 0xff, 0x00, 0x00, 0x00, 0x00, 0xff, 0xff, 0xff, 0xff, 0x00, 0x00, 0x00, 0x00, 0x00, 0x00, 0xff, 0xff, 0xff, 0xff, 0x00, 0x00, 0x00,
    0x05, 0x00, 0x00, 0x10, 0x00, 0x00, 0x00, 0x01, 0xff, 0xff, 0xff, 0xff, 0x00, 0x00, 0xff, 0xff, 0x79, 0x00, 0x00, 0x00, 0x00, 0x00, 0x42, 0x00,
    0x00, 0x00, 0x00, 0xff, 0xff, 0x00, 0x00, 0x00, 0xff, 0xff, 0x00, 0x00, 0x01, 0x00, 0xff, 0xff, 0x01, 0x00, 0x00, 0x61, 0x15, 0x00, 0x4a, 0x40,
    0x14, 0x03, 0x02, 0x02, 0xff, 0xff, 0x00, 0x40, 0x01, 0x03, 0x05, 0x01, 0xff, 0xff, 0x00, 0x45, 0x00, 0x00, 0x4c, 0x24, 0x00, 0x12, 0x00, 0xff,
    0xff, 0xff, 0xff, 0x00, 0x00, 0xff, 0xff, 0xff, 0xff, 0xff, 0xff, 0x00, 0x00, 0x00, 0x00, 0x00, 0x00, 0x00, 0x1e, 0x00, 0xff, 0xff, 0x00, 0x00,
    0x00, 0xff, 0xff, 0x00, 0x01, 0x00, 0x00, 0x00, 0x01, 0x00, 0x00, 0x61, 0x05, 0x00, 0x41, 0x01, 0x00, 0x00, 0x00, 0x3e, 0x00, 0x0c, 0x00, 0x00,
    0x00, 0xff, 0xff, 0x00, 0xff, 0xff, 0x01, 0xff, 0xff, 0x00, 0x00, 0x00, 0x01, 0xff, 0xff, 0x00, 0x00, 0xff, 0xff, 0x00, 0x00, 0xff, 0xff, 0x36,
    0x00, 0x00, 0x00, 0x00, 0x08, 0x00, 0x00, 0x00, 0x00, 0x00, 0x00, 0x00, 0xff, 0xff, 0x00, 0x00, 0xff, 0xff, 0x00, 0x02, 0x00, 0x05, 0x00, 0x00,
    0x00, 0xff, 0xff, 0x00, 0x00, 0x00, 0x00, 0xff, 0xff, 0xff, 0xff, 0x00, 0x00, 0x14, 0x00, 0x00, 0x01, 0x00, 0xff, 0xff, 0x00, 0x00, 0xff, 0xff,
    0xff, 0xff, 0x01, 0xff, 0xff, 0x00, 0x00, 0x00, 0x00, 0x00, 0xff, 0xff, 0x00, 0x00, 0x00, 0x00, 0x00, 0xff, 0xff, 0xff, 0xff, 0x00, 0xff, 0xff,
    0x36, 0x00, 0x00, 0x00, 0x00, 0x00, 0xff, 0xff, 0xff, 0xff, 0x00, 0x00, 0x00, 0x00, 0x00, 0x00, 0xff, 0xff, 0xff, 0xff, 0x00, 0x00, 0x00, 0x05,
    0x00, 0x00, 0x61, 0x05, 0x00, 0x43, 0x57, 0x00, 0x00, 0x00, 0x6e, 0x00, 0x65, 0x01, 0xff, 0xff, 0x00, 0x00, 0x00, 0x00, 0x00, 0x02, 0x0c, 0x00,
    0x00, 0x00, 0xff, 0xff, 0x00, 0xff, 0xff, 0x01, 0xff, 0xff, 0x00, 0x00, 0x00, 0x01, 0xff, 0xff, 0x00, 0x00, 0xff, 0xff, 0x00, 0x00, 0xff, 0xff,
    0xff, 0xff, 0x00, 0x00, 0x00, 0xff, 0xff, 0x00, 0x00, 0x00, 0x00, 0x00, 0x00, 0xff, 0xff, 0x00, 0x00, 0xff, 0xff, 0x00, 0x00, 0x00, 0x01, 0x00,
    0x00, 0x00, 0xff, 0xff, 0x00, 0x00, 0x01, 0x00, 0xff, 0xff, 0xff, 0xff, 0x02, 0x00, 0x00, 0x00, 0x00, 0x00, 0x01, 0x00, 0x00, 0x00, 0x01, 0xff,
    0xff, 0xff, 0xff, 0x00, 0xff, 0xff, 0x00, 0x00, 0x00, 0x01, 0xff, 0xff, 0x00, 0x00, 0xff, 0xff, 0x00, 0xff, 0xff, 0x00, 0x00, 0x01, 0x00, 0x03,
    0x00, 0x01, 0x00, 0x00, 0x0c, 0x00, 0x00, 0x00, 0xff, 0xff, 0x00, 0xff, 0xff, 0x01, 0xff, 0xff, 0x00, 0x00, 0x00, 0x01, 0xff, 0xff, 0x00, 0x00,
    0xff, 0xff, 0x00, 0x00, 0xff, 0xff, 0xff, 0xff, 0x00, 0x00, 0x00, 0xff, 0xff, 0x00, 0x00, 0x00, 0x00, 0x00, 0x00, 0xff, 0xff, 0x00, 0x00, 0xff,
    0xff, 0x00, 0x00, 0x00, 0x01, 0x00, 0x00, 0x00, 0xff, 0xff, 0x00, 0x00, 0x00, 0x00, 0x5b, 0x00, 0xff, 0xff, 0x61, 0x0e, 0x00, 0x42, 0x00, 0xff,
    0xff, 0xff, 0xff, 0x02, 0x00, 0x00, 0x00, 0x00, 0x02, 0xff, 0xff, 0x24, 0x00, 0x12, 0x00, 0xff, 0xff, 0xff, 0xff, 0x00, 0x00, 0xff, 0xff, 0xff,
    0xff, 0xff, 0xff, 0x00, 0x00, 0x00, 0x00, 0x00, 0x00, 0x00, 0x1e, 0x00, 0xff, 0xff, 0x00, 0x00, 0x00, 0xff, 0xff, 0x00, 0x01, 0x00, 0x00, 0x00,
    0x01, 0x00, 0x00, 0x61, 0x15, 0x00, 0x4b, 0x43, 0x10, 0x00, 0x00, 0x00, 0x42, 0x01, 0x09, 0x00, 0x0a, 0x00, 0x03, 0x14, 0x00, 0x00, 0x00, 0x01,
    0xff, 0xff, 0x4c, 0x3d, 0x00, 0x14, 0x00, 0x00, 0x00, 0x00, 0xff, 0xff, 0x00, 0x00, 0xff, 0xff, 0xff, 0xff, 0x02, 0xff, 0xff, 0x00, 0x00, 0x00,
    0x00, 0x00, 0xff, 0xff, 0x00, 0x00, 0x04, 0x0a, 0x00, 0xff, 0xff, 0xff, 0xff, 0x00, 0x10, 0x00, 0xff, 0xff, 0x00, 0x00, 0x01, 0x00, 0xff, 0xff,
    0xff, 0xff, 0x00, 0x00, 0x00, 0x00, 0x01, 0x00, 0xff, 0xff, 0x21, 0x00, 0x00, 0x00, 0x00, 0x05, 0x00, 0x00, 0x00, 0x00, 0x60, 0x02, 0x14, 0x00,
    0x00, 0x00, 0x00, 0xff, 0xff, 0x00, 0x00, 0xff, 0xff, 0xff, 0xff, 0x03, 0xff, 0xff, 0x00, 0x00, 0x00, 0x00, 0x00, 0xff, 0xff, 0x00, 0x00, 0x01,
    0x08, 0x00, 0xff, 0xff, 0xff, 0xff, 0x00, 0xff, 0xff, 0xff, 0xff, 0x00, 0x00, 0x00, 0x00, 0xff, 0xff, 0xff, 0xff, 0x00, 0x00, 0x00, 0x00, 0x01,
    0x00, 0xff, 0xff, 0xff, 0xff, 0x00, 0x00, 0x00, 0x0f, 0x03, 0x00, 0x08, 0x01, 0x00, 0xff, 0xff, 0x00, 0x00, 0x01, 0x00, 0x00, 0x00, 0xff, 0xff,
    0x00, 0x00, 0x00, 0x00, 0x00, 0xff, 0xff, 0x00, 0x00, 0x00, 0x00, 0xff, 0xff, 0x09, 0x00, 0x01, 0xff, 0xff, 0x61, 0x05, 0x00, 0x44, 0x00, 0x00,
    0x00, 0x00, 0x26, 0x00, 0x02, 0x00, 0x00, 0x00, 0x00, 0x00, 0x03, 0x00, 0x00, 0x00, 0x02, 0xff, 0xff, 0xff, 0xff, 0x00, 0xff, 0xff, 0x00, 0x00,
    0x00, 0x00, 0xff, 0xff, 0x00, 0x00, 0xff, 0xff, 0x00, 0xff, 0xff, 0x00, 0x00, 0x00, 0x00, 0x07, 0x00, 0x00, 0x00, 0x00, 0x80, 0x00, 0x05, 0x01,
    0x00, 0x02, 0x70, 0x05, 0x0a, 0x00, 0x71, 0x01, 0x00, 0x01, 0x86, 0x01, 0x01, 0x0c, 0x00, 0x00, 0x00, 0xff, 0xff, 0x00, 0xff, 0xff, 0x01, 0xff,
    0xff, 0x00, 0x00, 0x00, 0x01, 0xff, 0xff, 0x00, 0x00, 0xff, 0xff, 0x01, 0x00, 0x0d, 0x00, 0xff, 0xff, 0x00, 0x00, 0x00, 0xff, 0xff, 0x00, 0x00,
    0x00, 0x00, 0x00, 0x00, 0xff, 0xff, 0x00, 0x00, 0xff, 0xff, 0x00, 0x00, 0x00, 0x01, 0x00, 0x00, 0x00, 0xff, 0xff, 0x00, 0x00, 0x01, 0x00, 0xff,
    0xff, 0xff, 0xff, 0x80, 0x00, 0x05, 0x01, 0x00, 0x01, 0x14, 0x00, 0x00, 0x00, 0x00, 0xff, 0xff, 0x00, 0x00, 0xff, 0xff, 0xff, 0xff, 0x01, 0xff,
    0xff, 0x00, 0x00, 0x00, 0x00, 0x00, 0xff, 0xff, 0x00, 0x00, 0x01, 0x00, 0x00, 0xff, 0xff, 0xff, 0xff, 0x00, 0xff, 0xff, 0xff, 0xff, 0x00, 0x00,
    0x00, 0x00, 0xff, 0xff, 0xff, 0xff, 0x00, 0x00, 0x00, 0x00, 0x00, 0x00, 0xff, 0xff, 0xff, 0xff, 0x00, 0x00, 0x00, 0x05, 0x00, 0x00, 0x61, 0x05,
    0x00, 0x41, 0x01, 0x00, 0x00, 0x00, 0x3e, 0x00, 0x0c, 0x00, 0x00, 0x00, 0xff, 0xff, 0x00, 0xff, 0xff, 0x00, 0xff, 0xff, 0x01, 0x00, 0x00, 0x01,
    0xff, 0xff, 0x20, 0x00, 0xff, 0xff, 0x00, 0x00, 0xff, 0xff, 0xff, 0xff, 0x00, 0x00, 0x00, 0xff, 0xff, 0x00, 0x00, 0x00, 0x00, 0x00, 0x00, 0xff,
    0xff, 0x00, 0x00, 0xff, 0xff, 0x00, 0x00, 0x00, 0x05, 0x00, 0x00, 0x00, 0xff, 0xff, 0x00, 0x00, 0x00, 0x00, 0xff, 0xff, 0xff, 0xff, 0x00, 0x00,
    0x61, 0x05, 0x00, 0x44, 0x00, 0x00, 0x00, 0x00, 0x3d, 0x00, 0x14, 0x00, 0x00, 0x00, 0x00, 0xff, 0xff, 0x00, 0x01, 0xff, 0xff, 0xff, 0xff, 0x02,
    0xff, 0xff, 0x00, 0x00, 0x00, 0x00, 0x00, 0xff, 0xff, 0x00, 0x00, 0x01, 0x00, 0x00, 0xff, 0xff, 0xff, 0xff, 0x00, 0xff, 0xff, 0xff, 0xff, 0x00,
    0x00, 0x00, 0x00, 0xff, 0xff, 0xff, 0xff, 0x00, 0x00, 0x00, 0x00, 0x00, 0x00, 0xff, 0xff, 0xff, 0xff, 0x00, 0x00, 0x00, 0x05, 0x00, 0x00, 0x00,
    0x00, 0x61, 0x05, 0x00, 0x41, 0x01, 0x00, 0x00, 0x00, 0x3e, 0x00, 0x0c, 0x00, 0x00, 0x00, 0xff, 0xff, 0x00, 0xff, 0xff, 0x00, 0xff, 0xff, 0x01,
    0x00, 0x00, 0x01, 0xff, 0xff, 0x20, 0x00, 0xff, 0xff, 0x00, 0x00, 0xff, 0xff, 0xff, 0xff, 0x00, 0x00, 0x00, 0xff, 0xff, 0x00, 0x00, 0x00, 0x00,
    0x00, 0x00, 0xff, 0xff, 0x00, 0x00, 0xff, 0xff, 0x00, 0x00, 0x00, 0x01, 0x00, 0x00, 0x00, 0xff, 0xff, 0x00, 0x00, 0x00, 0x00, 0xff, 0xff, 0xff,
    0xff, 0x00, 0x00, 0x61, 0x05, 0x00, 0x41, 0x01, 0x00, 0x00, 0x00, 0x3d, 0x00, 0x14, 0x00, 0x00, 0x00, 0x00, 0xff, 0xff, 0x00, 0x00, 0xff, 0xff,
    0xff, 0xff, 0x02, 0xff, 0xff, 0x00, 0x00, 0x00, 0x00, 0x00, 0xff, 0xff, 0x00, 0x00, 0x01, 0x00, 0x00, 0xff, 0xff, 0xff, 0xff, 0x00, 0x0d, 0x00,
    0xff, 0xff, 0x00, 0x00, 0x00, 0x00, 0xff, 0xff, 0xff, 0xff, 0x00, 0x00, 0x00, 0x00, 0x00, 0x00, 0xff, 0xff, 0xff, 0xff, 0x00, 0x00, 0x00, 0x05,
    0x00, 0x00, 0x00, 0x00, 0x80, 0x00, 0x05, 0x01, 0x00, 0x02, 0x60, 0x02, 0x20, 0xff, 0xff, 0xff, 0xff, 0x00, 0x00, 0x00, 0x00, 0xff, 0xff, 0x00,
    0x00, 0x01, 0xff, 0xff, 0x00, 0x00, 0x01, 0x0d, 0x00, 0x00, 0x00, 0x00, 0x00, 0x00, 0x0c, 0x00, 0x00, 0x00, 0xff, 0xff, 0x00, 0xff, 0xff, 0x01,
    0xff, 0xff, 0x00, 0x00, 0x00, 0x02, 0xff, 0xff, 0x00, 0x00, 0xff, 0xff, 0x01, 0x00, 0x0d, 0x00, 0xff, 0xff, 0x00, 0x00, 0x00, 0xff, 0xff, 0x00,
    0x00, 0x00, 0x00, 0x00, 0x00, 0xff, 0xff, 0x00, 0x00, 0xff, 0xff, 0x00, 0x00, 0x00, 0x05, 0x00, 0x00, 0x00, 0xff, 0xff, 0x00, 0x00, 0x01, 0x00,
    0xff, 0xff, 0xff, 0xff, 0x60, 0x02, 0x14, 0x00, 0x00, 0x00, 0x00, 0xff, 0xff, 0x00, 0x00, 0xff, 0xff, 0xff, 0xff, 0x00, 0xff, 0xff, 0x00, 0x00,
    0x00, 0x00, 0x00, 0xff, 0xff, 0x00, 0x00, 0x03, 0x05, 0x00, 0xff, 0xff, 0xff, 0xff, 0x00, 0xff, 0xff, 0xff, 0xff, 0x00, 0x00, 0x00, 0x00, 0xff,
    0xff, 0xff, 0xff, 0x00, 0x00, 0x00, 0x00, 0x00, 0x00, 0xff, 0xff, 0xff, 0xff, 0x00, 0x00, 0x00, 0x0a, 0x00, 0x00, 0x0c, 0x00, 0x00, 0x00, 0xff,
    0xff, 0x00, 0xff, 0xff, 0x00, 0xff, 0xff, 0x00, 0x00, 0x00, 0x01, 0xff, 0xff, 0x00, 0x00, 0xff, 0xff, 0x00, 0x01, 0xff, 0xff, 0xff, 0xff, 0x00,
    0x00, 0x00, 0xff, 0xff, 0x00, 0x00, 0x00, 0x00, 0x00, 0x00, 0xff, 0xff, 0x00, 0x00, 0xff, 0xff, 0x00, 0x00, 0x00, 0x05, 0x00, 0x00, 0x00, 0xff,
    0xff, 0x00, 0x00, 0x00, 0x00, 0xff, 0xff, 0xff, 0xff, 0x80, 0x00, 0x05, 0x01, 0x00, 0x01, 0x14, 0x00, 0x00, 0x00, 0x00, 0xff, 0xff, 0x00, 0x00,
    0xff, 0xff, 0xff, 0xff, 0x00, 0xff, 0xff, 0x00, 0x00, 0x00, 0x00, 0x00, 0xff, 0xff, 0x00, 0x00, 0x01, 0x00, 0x00, 0xff, 0xff, 0xff, 0xff, 0x00,
    0x0d, 0x00, 0xff, 0xff, 0x00, 0x00, 0x00, 0x00, 0xff, 0xff, 0xff, 0xff, 0x00, 0x00, 0x00, 0x00, 0x00, 0x00, 0xff, 0xff, 0xff, 0xff, 0x00, 0x00,
    0x00, 0x05, 0x00, 0x00, 0x61, 0x05, 0x00, 0x43, 0x0d, 0x00, 0x00, 0x00, 0x5e, 0x00, 0x60, 0x02, 0x08, 0x00, 0x00, 0xff, 0xff, 0x00, 0x00, 0x01,
    0x00, 0x00, 0x00, 0xff, 0xff, 0x00, 0x00, 0x00, 0x00, 0x00, 0xff, 0xff, 0x00, 0x00, 0x00, 0x00, 0xff, 0xff, 0x09, 0x00, 0x00, 0xff, 0xff, 0x14,
    0x00, 0x00, 0x00, 0x00, 0xff, 0xff, 0x00, 0x00, 0xff, 0xff, 0xff, 0xff, 0x00, 0xff, 0xff, 0x00, 0x00, 0x00, 0x00, 0x00, 0xff, 0xff, 0x00, 0x00,
    0x01, 0x05, 0x00, 0xff, 0xff, 0xff, 0xff, 0x00, 0xff, 0xff, 0xff, 0xff, 0x00, 0x00, 0x00, 0x00, 0xff, 0xff, 0xff, 0xff, 0x00, 0x00, 0x00, 0x00,
    0x00, 0x00, 0xff, 0xff, 0xff, 0xff, 0x00, 0x00, 0x00, 0x00, 0x00, 0x00, 0x00, 0x00, 0x80, 0x00, 0x05, 0x01, 0x00, 0x03, 0x0c, 0x00, 0x00, 0x00,
    0xff, 0xff, 0x00, 0xff, 0xff, 0x00, 0xff, 0xff, 0x00, 0x00, 0x00, 0x01, 0xff, 0xff, 0x00, 0x00, 0xff, 0xff, 0x00, 0x00, 0xff, 0xff, 0xff, 0xff,
    0x00, 0x00, 0x00, 0xff, 0xff, 0x00, 0x00, 0x00, 0x00, 0x00, 0x00, 0xff, 0xff, 0x01, 0x01, 0x26, 0x00, 0x05, 0x00, 0x00, 0x01, 0x00, 0x00, 0x00,
    0xff, 0xff, 0x00, 0x00, 0x00, 0x00, 0xff, 0xff, 0xff, 0xff, 0x61, 0x05, 0x00, 0x41, 0x14, 0x00, 0x00, 0x00, 0x3e, 0x00, 0x0c, 0x00, 0x00, 0x00,
    0xff, 0xff, 0x00, 0xff, 0xff, 0x00, 0xff, 0xff, 0x00, 0x00, 0x00, 0x03, 0xff, 0xff, 0x00, 0x00, 0xff, 0xff, 0x00, 0x00, 0xff, 0xff, 0xff, 0xff,
    0x00, 0x00, 0x00, 0xff, 0xff, 0x00, 0x01, 0x03, 0x00, 0x00, 0x00, 0xff, 0xff, 0x01, 0x01, 0xff, 0xff, 0x00, 0x00, 0x00, 0x05, 0x00, 0x00, 0x00,
    0xff, 0xff, 0x00, 0x00, 0x00, 0x00, 0xff, 0xff, 0xff, 0xff, 0x00, 0x00, 0x80, 0x00, 0x05, 0x01, 0x00, 0x01, 0x14, 0x00, 0x00, 0x00, 0x00, 0xff,
    0xff, 0x00, 0x00, 0xff, 0xff, 0xff, 0xff, 0x00, 0xff, 0xff, 0x00, 0x00, 0x00, 0x00, 0x00, 0xff, 0xff, 0x00, 0x00, 0x01, 0x00, 0x00, 0xff, 0xff,
    0xff, 0xff, 0x00, 0x10, 0x00, 0xff, 0xff, 0x00, 0x00, 0x00, 0x00, 0xff, 0xff, 0xff, 0xff, 0x00, 0x00, 0x00, 0x00, 0x00, 0x00, 0xff, 0xff, 0xff,
    0xff, 0x00, 0x00, 0x00, 0x05, 0x00, 0x00, 0x70, 0x05, 0x0a, 0x00, 0x71, 0x01, 0x00, 0x01, 0x60, 0x02, 0x08, 0x00, 0x00, 0xff, 0xff, 0x00, 0x00,
    0x01, 0x00, 0x00, 0x00, 0xff, 0xff, 0x00, 0x00, 0x00, 0x01, 0x00, 0xff, 0xff, 0x00, 0x00, 0x00, 0x00, 0xff, 0xff, 0x00, 0x00, 0x00, 0xff, 0xff,
    0x14, 0x00, 0x00, 0x00, 0x00, 0xff, 0xff, 0x00, 0x00, 0xff, 0xff, 0xff, 0xff, 0x00, 0xff, 0xff, 0x00, 0x00, 0x00, 0x00, 0x00, 0xff, 0xff, 0x00,
    0x00, 0x02, 0x0a, 0x00, 0xff, 0xff, 0xff, 0xff, 0x00, 0xff, 0xff, 0xff, 0xff, 0x00, 0x00, 0x00, 0x00, 0xff, 0xff, 0xff, 0xff, 0x00, 0x00, 0x00,
    0x00, 0x00, 0x00, 0xff, 0xff, 0x21, 0x00, 0x00, 0x00, 0x00, 0x00, 0x00, 0x00, 0x88, 0x02, 0x86, 0x02, 0x00, 0x80, 0x00, 0x05, 0x01, 0x00, 0x01,
    0x14, 0x00, 0x00, 0x00, 0x00, 0xff, 0xff, 0x00, 0x00, 0xff, 0xff, 0xff, 0xff, 0x02, 0xff, 0xff, 0x00, 0x00, 0x00, 0x00, 0x00, 0xff, 0xff, 0x00,
    0x00, 0x01, 0x00, 0x00, 0xff, 0xff, 0xff, 0xff, 0x00, 0x10, 0x00, 0xff, 0xff, 0x00, 0x00, 0x00, 0x00, 0xff, 0xff, 0xff, 0xff, 0x00, 0x00, 0x00,
    0x00, 0x00, 0x00, 0xff, 0xff, 0xff, 0xff, 0x00, 0x00, 0x00, 0x05, 0x00, 0x00, 0x80, 0x00, 0x05, 0x01, 0x00, 0x01, 0x14, 0x00, 0x00, 0x00, 0x00,
    0xff, 0xff, 0x00, 0x00, 0xff, 0xff, 0xff, 0xff, 0x01, 0xff, 0xff, 0x02, 0x00, 0x00, 0x05, 0x00, 0xff, 0xff, 0x00, 0x00, 0x01, 0x10, 0x00, 0xff,
    0xff, 0xff, 0xff, 0x00, 0x10, 0x00, 0xff, 0xff, 0x00, 0x00, 0x00, 0x00, 0xff, 0xff, 0xff, 0xff, 0x00, 0x00, 0x00, 0x00, 0x00, 0x00, 0x50, 0x00,
    0xff, 0xff, 0x00, 0x00, 0x00, 0x05, 0x00, 0x00, 0x80, 0x00, 0x05, 0x01, 0x00, 0x02, 0x14, 0x00, 0x00, 0x00, 0x00, 0xff, 0xff, 0x00, 0x00, 0xff,
    0xff, 0x7a, 0x00, 0x02, 0xff, 0xff, 0x00, 0x00, 0x00, 0x00, 0x00, 0xff, 0xff, 0x00, 0x00, 0x01, 0x00, 0x00, 0xff, 0xff, 0xff, 0xff, 0x00, 0x10,
    0x00, 0xff, 0xff, 0x00, 0x00, 0x00, 0x00, 0xff, 0xff, 0xff, 0xff, 0x00, 0x00, 0x00, 0x00, 0x00, 0x00, 0xff, 0xff, 0xff, 0xff, 0x00, 0x00, 0x00,
    0x05, 0x00, 0x00, 0x89, 0x00, 0x00, 0x01, 0x60, 0x02, 0x14, 0x00, 0x00, 0x00, 0x00, 0xff, 0xff, 0x00, 0x00, 0xff, 0xff, 0xff, 0xff, 0x00, 0xff,
    0xff, 0x00, 0x00, 0x00, 0x00, 0x00, 0xff, 0xff, 0x00, 0x00, 0x01, 0x00, 0x00, 0xff, 0xff, 0xff, 0xff, 0x00, 0xff, 0xff, 0xff, 0xff, 0x00, 0x00,
    0x00, 0x00, 0xff, 0xff, 0xff, 0xff, 0x00, 0x00, 0x00, 0x00, 0x00, 0x00, 0xff, 0xff, 0xff, 0xff, 0x00, 0x00, 0x00, 0x14, 0x00, 0x00, 0x0c, 0x00,
    0x00, 0x00, 0xff, 0xff, 0x00, 0xff, 0xff, 0x00, 0xff, 0xff, 0x00, 0x00, 0x00, 0x01, 0xff, 0xff, 0x00, 0x00, 0xff, 0xff, 0x00, 0x00, 0xff, 0xff,
    0xff, 0xff, 0x00, 0x00, 0x00, 0xff, 0xff, 0x00, 0x00, 0x00, 0x00, 0x00, 0x00, 0xff, 0xff, 0x00, 0x00, 0xff, 0xff, 0x00, 0x00, 0x00, 0x01, 0x00,
    0x00, 0x00, 0xff, 0xff, 0x00, 0x00, 0x00, 0x00, 0xff, 0xff, 0xff, 0xff, 0x14, 0x00, 0x00, 0x00, 0x00, 0xff, 0xff, 0x00, 0x00, 0xff, 0xff, 0xff,
    0xff, 0x02, 0xff, 0xff, 0x00, 0x00, 0x00, 0x00, 0x00, 0xff, 0xff, 0x00, 0x00, 0x01, 0x00, 0x00, 0xff, 0xff, 0xff, 0xff, 0x00, 0x10, 0x00, 0xff,
    0xff, 0x00, 0x00, 0x00, 0x00, 0xff, 0xff, 0xff, 0xff, 0x00, 0x00, 0x00, 0x00, 0x00, 0x00, 0xff, 0xff, 0xff, 0xff, 0x00, 0x00, 0x00, 0x14, 0x00,
    0x00, 0x60, 0x02, 0x08, 0x00, 0x00, 0xff, 0xff, 0x00, 0x00, 0x01, 0x00, 0x00, 0x00, 0x10, 0x00, 0x00, 0x01, 0x00, 0x00, 0x00, 0xff, 0xff, 0x01,
    0x01, 0x00, 0x00, 0xff, 0xff, 0x09, 0x00, 0x00, 0xff, 0xff, 0x14, 0x00, 0x00, 0x00, 0x00, 0xff, 0xff, 0x00, 0x00, 0xff, 0xff, 0xff, 0xff, 0x00,
    0xff, 0xff, 0x00, 0x00, 0x00, 0x00, 0x00, 0xff, 0xff, 0x00, 0x00, 0x00, 0x05, 0x00, 0xff, 0xff, 0xff, 0xff, 0x00, 0xff, 0xff, 0xff, 0xff, 0x00,
    0x00, 0x00, 0x00, 0xff, 0xff, 0xff, 0xff, 0x00, 0x00, 0x00, 0x00, 0x00, 0x00, 0xff, 0xff, 0xff, 0xff, 0x00, 0x00, 0x00, 0x00, 0x00, 0x00, 0x0c,
    0x00, 0x00, 0x00, 0xff, 0xff, 0x00, 0xff, 0xff, 0x01, 0xff, 0xff, 0x00, 0x00, 0x00, 0x01, 0xff, 0xff, 0x00, 0x00, 0xff, 0xff, 0x00, 0x00, 0x10,
    0x00, 0xff, 0xff, 0x00, 0x00, 0x00, 0xff, 0xff, 0x00, 0x00, 0x00, 0x00, 0x00, 0x00, 0xff, 0xff, 0x00, 0x00, 0xff, 0xff, 0x00, 0x00, 0x00, 0x01,
    0x00, 0x00, 0x00, 0xff, 0xff, 0x00, 0x00, 0x00, 0x00, 0xff, 0xff, 0xff, 0xff, 0x80, 0x00, 0x05, 0x01, 0x00, 0x01, 0x70, 0x05, 0x0a, 0x00, 0x71,
    0x01, 0x00, 0x01, 0x61, 0x08, 0x00, 0x40, 0x05, 0x03, 0x03, 0x02, 0xff, 0xff, 0x00, 0xbb, 0x00, 0x60, 0x02, 0x14, 0x00, 0x00, 0x00, 0x00, 0xff,
    0xff, 0x00, 0x00, 0xff, 0xff, 0xff, 0xff, 0x00, 0xff, 0xff, 0x00, 0x00, 0x00, 0x00, 0x00, 0xff, 0xff, 0x00, 0x00, 0x02, 0x05, 0x00, 0xff, 0xff,
    0xff, 0xff, 0x00, 0xff, 0xff, 0xff, 0xff, 0x00, 0x00, 0x00, 0x00, 0xff, 0xff, 0xff, 0xff, 0x00, 0x00, 0x00, 0x00, 0x01, 0x00, 0xff, 0xff, 0xff,
    0xff, 0x00, 0x00, 0x00, 0x00, 0x00, 0x00, 0x60, 0x02, 0x14, 0x00, 0x00, 0x00, 0x00, 0xff, 0xff, 0x00, 0x00, 0xff, 0xff, 0xff, 0xff, 0x01, 0xff,
    0xff, 0x00, 0x00, 0x00, 0x00, 0x00, 0xff, 0xff, 0x00, 0x00, 0x01, 0x00, 0x00, 0xff, 0xff, 0xff, 0xff, 0x00, 0x32, 0x00, 0xff, 0xff, 0x00, 0x00,
    0x01, 0x00, 0xff, 0xff, 0xff, 0xff, 0x00, 0x00, 0x00, 0x00, 0x00, 0x00, 0xff, 0xff, 0xff, 0xff, 0x00, 0x00, 0x00, 0x05, 0x00, 0x00, 0x14, 0x00,
    0x00, 0x00, 0x00, 0xff, 0xff, 0x00, 0x00, 0xff, 0xff, 0xff, 0xff, 0x02, 0xff, 0xff, 0x00, 0x00, 0x00, 0x00, 0x00, 0xff, 0xff, 0x00, 0x00, 0x01,
    0x00, 0x00, 0xff, 0xff, 0xff, 0xff, 0x00, 0x32, 0x00, 0xff, 0xff, 0x00, 0x00, 0x01, 0x00, 0xff, 0xff, 0xff, 0xff, 0x00, 0x00, 0x00, 0x00, 0x00,
    0x00, 0xff, 0xff, 0xff, 0xff, 0x00, 0x00, 0x00, 0x05, 0x00, 0x00, 0x00, 0x00, 0x61, 0x05, 0x00, 0x43, 0x2e, 0x00, 0x00, 0x00, 0x1f, 0x00, 0x08,
    0x00, 0x00, 0xff, 0xff, 0x00, 0x00, 0x01, 0x00, 0x00, 0x00, 0xff, 0xff, 0x00, 0x00, 0x00, 0x00, 0x00, 0xff, 0xff, 0x00, 0x00, 0x00, 0x00, 0xff,
    0xff, 0x09, 0x00, 0x00, 0xff, 0xff, 0x00, 0x00, 0x61, 0x05, 0x00, 0x41, 0x01, 0x00, 0x00, 0x00, 0x3e, 0x00, 0x0c, 0x00, 0x00, 0x00, 0xff, 0xff,
    0x00, 0xff, 0xff, 0x00, 0xff, 0xff, 0x01, 0x00, 0x00, 0x02, 0xff, 0xff, 0x20, 0x00, 0xff, 0xff, 0x00, 0x00, 0xff, 0xff, 0xff, 0xff, 0x00, 0x00,
    0x00, 0xff, 0xff, 0x00, 0x00, 0x00, 0x00, 0x00, 0x00, 0xff, 0xff, 0x00, 0x00, 0xff, 0xff, 0x00, 0x00, 0x00, 0x05, 0x00, 0x00, 0x00, 0xff, 0xff,
    0x00, 0x00, 0x00, 0x00, 0xff, 0xff, 0xff, 0xff, 0x00, 0x00, 0x61, 0x05, 0x00, 0x41, 0x01, 0x00, 0x00, 0x00, 0x3e, 0x00, 0x0c, 0x00, 0x00, 0x00,
    0xff, 0xff, 0x00, 0xff, 0xff, 0x00, 0xff, 0xff, 0x01, 0x00, 0x00, 0x02, 0xff, 0xff, 0x20, 0x00, 0xff, 0xff, 0x00, 0x00, 0xff, 0xff, 0xff, 0xff,
    0x00, 0x00, 0x00, 0xff, 0xff, 0x00, 0x00, 0x00, 0x00, 0x00, 0x00, 0xff, 0xff, 0x00, 0x00, 0xff, 0xff, 0x00, 0x00, 0x00, 0x01, 0x00, 0x00, 0x00,
    0xff, 0xff, 0x00, 0x00, 0x00, 0x00, 0xff, 0xff, 0xff, 0xff, 0x00, 0x00, 0x61, 0x08, 0x00, 0x40, 0x05, 0x03, 0x0a, 0x01, 0x0d, 0x00, 0x00, 0x3e,
    0x00, 0x0c, 0x00, 0x00, 0x00, 0xff, 0xff, 0x00, 0xff, 0xff, 0x01, 0xff, 0xff, 0x00, 0x00, 0x00, 0x01, 0xff, 0xff, 0x00, 0x00, 0xff, 0xff, 0x00,
    0x00, 0x0d, 0x00, 0xff, 0xff, 0x00, 0x00, 0x00, 0xff, 0xff, 0x00, 0x00, 0x00, 0x00, 0x00, 0x00, 0xff, 0xff, 0x00, 0x00, 0xff, 0xff, 0x00, 0x00,
    0x00, 0x05, 0x00, 0x00, 0x00, 0xff, 0xff, 0x00, 0x00, 0x01, 0x00, 0xff, 0xff, 0xff, 0xff, 0x00, 0x00, 0x61, 0x1e, 0x00, 0x4b, 0x42, 0x00, 0xff,
    0xff, 0xff, 0xff, 0x03, 0x01, 0x00, 0x00, 0x00, 0x00, 0xff, 0xff, 0x42, 0x00, 0xff, 0xff, 0xff, 0xff, 0x05, 0x06, 0x00, 0x00, 0x00, 0x00, 0xff,
    0xff, 0x4c, 0x3d, 0x00, 0x14, 0x00, 0x00, 0x00, 0x00, 0xff, 0xff, 0x00, 0x00, 0xff, 0xff, 0xff, 0xff, 0x01, 0xff, 0xff, 0x00, 0x00, 0x00, 0x00,
    0x00, 0xff, 0xff, 0x00, 0x00, 0x01, 0x00, 0x00, 0xff, 0xff, 0xff, 0xff, 0x00, 0xff, 0xff, 0xff, 0xff, 0x00, 0x00, 0x00, 0x00, 0xff, 0xff, 0xff,
    0xff, 0x00, 0x00, 0x00, 0x00, 0x00, 0x00, 0xff, 0xff, 0xff, 0xff, 0x00, 0x00, 0x00, 0x05, 0x00, 0x00, 0x00, 0x00, 0x61, 0x05, 0x00, 0x41, 0x00,
    0x00, 0x00, 0x00, 0x26, 0x00, 0x10, 0x00, 0x00, 0x00, 0x00, 0x40, 0x00, 0xff, 0xff, 0x00, 0x00, 0xff, 0xff, 0x17, 0x00, 0x00, 0x00, 0x00, 0x00,
    0x42, 0x00, 0x00, 0x00, 0x00, 0xff, 0xff, 0x00, 0x00, 0x00, 0xff, 0xff, 0x00, 0x00, 0x01, 0x00, 0xff, 0xff, 0x02, 0x00, 0x00, 0x61, 0x05, 0x00,
    0x43, 0x32, 0x00, 0x00, 0x00, 0x3d, 0x00, 0x14, 0x00, 0x00, 0x00, 0x00, 0xff, 0xff, 0x00, 0x00, 0xff, 0xff, 0xff, 0xff, 0x00, 0xff, 0xff, 0x00,
    0x00, 0x00, 0x00, 0x00, 0xff, 0xff, 0x00, 0x00, 0x04, 0x05, 0x00, 0xff, 0xff, 0xff, 0xff, 0x00, 0xff, 0xff, 0xff, 0xff, 0x00, 0x00, 0x00, 0x00,
    0xff, 0xff, 0xff, 0xff, 0x00, 0x00, 0x00, 0x00, 0x01, 0x00, 0xff, 0xff, 0xff, 0xff, 0x00, 0x00, 0x00, 0x0a, 0x00, 0x00, 0x00, 0x00, 0x60, 0x02,
    0x20, 0xff, 0xff, 0xff, 0xff, 0x00, 0x00, 0x00, 0x01, 0xff, 0xff, 0x0a, 0x03, 0x01, 0xff, 0xff, 0x00, 0x00, 0x00, 0x2e, 0x00, 0x00, 0x00, 0x00,
    0x01, 0x00, 0x01, 0x7b, 0x00, 0x01, 0x2e, 0x00, 0x01, 0xff, 0xff, 0xff, 0xff, 0x7c, 0x00, 0x2d, 0x00, 0x60, 0x02, 0x08, 0x00, 0x00, 0xff, 0xff,
    0x00, 0x00, 0x01, 0x00, 0x00, 0x00, 0x1a, 0x00, 0x00, 0x00, 0x00, 0x00, 0x01, 0xff, 0xff, 0x00, 0x00, 0x00, 0x00, 0xff, 0xff, 0x09, 0x00, 0x00,
    0xff, 0xff, 0x10, 0x00, 0x00, 0x00, 0x00, 0xff, 0xff, 0xff, 0xff, 0x00, 0x00, 0x1a, 0x00, 0x17, 0x00, 0x00, 0x00, 0x00, 0x00, 0x42, 0x00, 0x00,
    0x00, 0x00, 0xff, 0xff, 0x00, 0x00, 0x00, 0xff, 0xff, 0x00, 0x00, 0x01, 0x00, 0xff, 0xff, 0x02, 0x60, 0x02, 0x0c, 0x00, 0x00, 0x00, 0xff, 0xff,
    0x00, 0xff, 0xff, 0x01, 0xff, 0xff, 0x00, 0x00, 0x00, 0x02, 0xff, 0xff, 0x00, 0x00, 0xff, 0xff, 0x00, 0x00, 0x38, 0x00, 0xff, 0xff, 0x00, 0x00,
    0x00, 0xff, 0xff, 0x00, 0x00, 0x00, 0x00, 0x00, 0x00, 0xff, 0xff, 0x00, 0x00, 0xff, 0xff, 0x00, 0x00, 0x00, 0x01, 0x00, 0x00, 0x00, 0xff, 0xff,
    0x00, 0x00, 0x01, 0x00, 0xff, 0xff, 0xff, 0xff, 0x0c, 0x00, 0x00, 0x00, 0xff, 0xff, 0x00, 0xff, 0xff, 0x01, 0xff, 0xff, 0x00, 0x00, 0x00, 0x02,
    0x40, 0x00, 0x00, 0x00, 0xff, 0xff, 0x00, 0x00, 0x38, 0x00, 0xff, 0xff, 0x00, 0x00, 0x00, 0xff, 0xff, 0x00, 0x00, 0x00, 0x00, 0x00, 0x00, 0xff,
    0xff, 0x00, 0x00, 0xff, 0xff, 0x00, 0x00, 0x00, 0x05, 0x00, 0x00, 0x00, 0xff, 0xff, 0x00, 0x00, 0x01, 0x00, 0xff, 0xff, 0xff, 0xff, 0x80, 0x01,
    0x05, 0x01, 0x01, 0x01, 0x02, 0x00, 0x00, 0x00, 0x00, 0x00, 0x01, 0x00, 0x04, 0x05, 0x01, 0xff, 0xff, 0xff, 0xff, 0x00, 0xff, 0xff, 0x00, 0x00,
    0x00, 0x00, 0x02, 0x00, 0x00, 0x00, 0xff, 0xff, 0x00, 0xff, 0xff, 0x00, 0x00, 0x01, 0x00, 0x03, 0x00, 0x01, 0x61, 0x05, 0x00, 0x43, 0x4b, 0x00,
    0x00, 0x00, 0x3e, 0x00, 0x0c, 0x00, 0x00, 0x00, 0xff, 0xff, 0x00, 0xff, 0xff, 0x00, 0xff, 0xff, 0x01, 0x00, 0x00, 0x01, 0xff, 0xff, 0x20, 0x00,
    0xff, 0xff, 0x00, 0x00, 0xff, 0xff, 0xff, 0xff, 0x00, 0x00, 0x00, 0xff, 0xff, 0x00, 0x00, 0x00, 0x00, 0x00, 0x00, 0xff, 0xff, 0x00, 0x00, 0xff,
    0xff, 0x00, 0x00, 0x00, 0x05, 0x00, 0x00, 0x00, 0xff, 0xff, 0x00, 0x00, 0x00, 0x00, 0xff, 0xff, 0xff, 0xff, 0x00, 0x00, 0x61, 0x0e, 0x00, 0x42,
    0x00, 0x24, 0x00, 0x0a, 0x00, 0x03, 0x06, 0x00, 0x00, 0x00, 0x02, 0xff, 0xff, 0x3d, 0x00, 0x14, 0x00, 0x00, 0x00, 0x00, 0xff, 0xff, 0x00, 0x00,
    0xff, 0xff, 0xff, 0xff, 0x02, 0xff, 0xff, 0x00, 0x00, 0x00, 0x00, 0x00, 0xff, 0xff, 0x00, 0x00, 0x01, 0x00, 0x00, 0xff, 0xff, 0xff, 0xff, 0x00,
    0x1b, 0x00, 0xff, 0xff, 0x00, 0x00, 0x00, 0x00, 0xff, 0xff, 0xff, 0xff, 0x00, 0x00, 0x00, 0x00, 0x00, 0x00, 0xff, 0xff, 0xff, 0xff, 0x00, 0x00,
    0x00, 0x05, 0x00, 0x00, 0x00, 0x00, 0x61, 0x05, 0x00, 0x43, 0x4c, 0x00, 0x00, 0x00, 0x3e, 0x00, 0x0c, 0x00, 0x00, 0x00, 0xff, 0xff, 0x00, 0xff,
    0xff, 0x00, 0xff, 0xff, 0x01, 0x00, 0x00, 0x01, 0xff, 0xff, 0x20, 0x00, 0xff, 0xff, 0x00, 0x00, 0xff, 0xff, 0xff, 0xff, 0x00, 0x00, 0x00, 0xff,
    0xff, 0x00, 0x00, 0x00, 0x00, 0x00, 0x00, 0xff, 0xff, 0x00, 0x00, 0xff, 0xff, 0x00, 0x00, 0x00, 0x05, 0x00, 0x00, 0x00, 0xff, 0xff, 0x00, 0x00,
    0x00, 0x00, 0xff, 0xff, 0xff, 0xff, 0x00, 0x00, 0x61, 0x05, 0x00, 0x43, 0x4a, 0x00, 0x00, 0x00, 0x3e, 0x00, 0x0c, 0x00, 0x00, 0x00, 0xff, 0xff,
    0x00, 0xff, 0xff, 0x00, 0xff, 0xff, 0x01, 0x00, 0x00, 0x01, 0xff, 0xff, 0x20, 0x00, 0xff, 0xff, 0x00, 0x00, 0xff, 0xff, 0xff, 0xff, 0x00, 0x00,
    0x00, 0xff, 0xff, 0x00, 0x00, 0x00, 0x00, 0x00, 0x00, 0xff, 0xff, 0x00, 0x00, 0xff, 0xff, 0x00, 0x00, 0x00, 0x05, 0x00, 0x00, 0x00, 0xff, 0xff,
    0x00, 0x00, 0x00, 0x00, 0xff, 0xff, 0xff, 0xff, 0x00, 0x00, 0x60, 0x02, 0x0e, 0x00, 0x03, 0xff, 0xff, 0x00, 0x00, 0x00, 0xff, 0xff, 0x0a, 0x00,
    0x14, 0x00, 0x00, 0x00, 0x00, 0xff, 0xff, 0x00, 0x00, 0xff, 0xff, 0xff, 0xff, 0x00, 0xff, 0xff, 0x00, 0x00, 0x00, 0x00, 0x00, 0xff, 0xff, 0x00,
    0x00, 0x01, 0x0a, 0x00, 0xff, 0xff, 0xff, 0xff, 0x00, 0xff, 0xff, 0xff, 0xff, 0x00, 0x00, 0x00, 0x00, 0xff, 0xff, 0xff, 0xff, 0x00, 0x00, 0x00,
    0x00, 0x00, 0x00, 0xff, 0xff, 0x21, 0x00, 0x00, 0x00, 0x00, 0x13, 0x00, 0x00, 0x61, 0x05, 0x00, 0x41, 0x00, 0x02, 0x00, 0x00, 0x1d, 0x00, 0x0f,
    0xff, 0xff, 0x01, 0x01, 0x11, 0x03, 0x11, 0x01, 0x20, 0x00, 0x00, 0x1b, 0x00, 0x00, 0x01, 0x19, 0x00, 0x11, 0x03, 0x01, 0x00, 0x00, 0x00, 0x00,
    0x00, 0x00, 0x00, 0x02, 0x00, 0x00, 0x61, 0x05, 0x00, 0x43, 0x1b, 0x00, 0x00, 0x00, 0x14, 0x00, 0x19, 0x01, 0x00, 0x00, 0x00, 0x01, 0xff, 0xff,
    0x00, 0x00, 0xff, 0xff, 0x02, 0xff, 0xff, 0x00, 0x00, 0x00, 0xff, 0xff, 0x00, 0x00, 0x61, 0x03, 0x00, 0x45, 0x00, 0x00, 0x24, 0x00, 0x12, 0x00,
    0xff, 0xff, 0xff, 0xff, 0x00, 0x00, 0xff, 0xff, 0xff, 0xff, 0xff, 0xff, 0x00, 0x00, 0x00, 0x00, 0x00, 0x00, 0x00, 0x1e, 0x00, 0xff, 0xff, 0x00,
    0x00, 0x00, 0xff, 0xff, 0x02, 0x01, 0x00, 0x00, 0x00, 0x01, 0x00, 0x00, 0x80, 0x01, 0x05, 0x01, 0x00, 0x01, 0x60, 0x02, 0x12, 0x00, 0xff, 0xff,
    0xff, 0xff, 0x00, 0x00, 0xff, 0xff, 0xff, 0xff, 0x1b, 0x00, 0x00, 0x00, 0x00, 0x00, 0x00, 0x00, 0x00, 0x1e, 0x00, 0xff, 0xff, 0x00, 0x00, 0x00,
    0xff, 0xff, 0x00, 0x01, 0x00, 0x00, 0x00, 0x01, 0x14, 0x00, 0x00, 0x00, 0x00, 0xff, 0xff, 0x00, 0x00, 0xff, 0xff, 0xff, 0xff, 0x02, 0xff, 0xff,
    0x00, 0x00, 0x00, 0x00, 0x00, 0xff, 0xff, 0x00, 0x00, 0x01, 0x00, 0x00, 0xff, 0xff, 0xff, 0xff, 0x00, 0x1b, 0x00, 0xff, 0xff, 0x00, 0x00, 0x00,
    0x00, 0xff, 0xff, 0xff, 0xff, 0x00, 0x00, 0x00, 0x00, 0x00, 0x00, 0xff, 0xff, 0xff, 0xff, 0x00, 0x00, 0x00, 0x05, 0x00, 0x00, 0x61, 0x05, 0x00,
    0x41, 0x00, 0x02, 0x00, 0x00, 0x26, 0x00, 0x10, 0x00, 0x02, 0x01, 0x05, 0xff, 0xff, 0x20, 0x00, 0x00, 0x00, 0x1b, 0x00, 0x17, 0x00, 0x00, 0x00,
    0x00, 0x01, 0x42, 0x00, 0x05, 0x03, 0x01, 0xff, 0xff, 0x00, 0x00, 0x00, 0xff, 0xff, 0x00, 0x00, 0x00, 0x00, 0xff, 0xff, 0x02, 0x00, 0x00, 0x60,
    0x02, 0x08, 0x00, 0x00, 0xff, 0xff, 0x00, 0x00, 0x01, 0x00, 0x00, 0x00, 0x1b, 0x00, 0x00, 0x00, 0x00, 0x00, 0x00, 0xff, 0xff, 0x00, 0x00, 0x00,
    0x00, 0xff, 0xff, 0x09, 0x00, 0x00, 0xff, 0xff, 0x08, 0x00, 0x00, 0xff, 0xff, 0x00, 0x00, 0x01, 0x00, 0x00, 0x00, 0x1b, 0x00, 0x00, 0x00, 0x00,
    0x00, 0x00, 0xff, 0xff, 0x00, 0x00, 0x00, 0x00, 0xff, 0xff, 0x09, 0x00, 0x00, 0xff, 0xff, 0x62, 0x61, 0x03, 0x00, 0x45, 0x04, 0x00, 0x3e, 0x00,
    0x0c, 0x00, 0x00, 0x00, 0xff, 0xff, 0x00, 0xff, 0xff, 0x00, 0xff, 0xff, 0x00, 0x00, 0x00, 0x01, 0xff, 0xff, 0x00, 0x00, 0xff, 0xff, 0x00, 0x00,
    0xff, 0xff, 0xff, 0xff, 0x00, 0x00, 0x00, 0xff, 0xff, 0x00, 0x00, 0x00, 0x00, 0x00, 0x00, 0xff, 0xff, 0x00, 0x00, 0xff, 0xff, 0x00, 0x00, 0x00,
    0x05, 0x00, 0x00, 0x00, 0xff, 0xff, 0x00, 0x00, 0x00, 0x00, 0xff, 0xff, 0xff, 0xff, 0x00, 0x00, 0x61, 0x03, 0x00, 0x46, 0x01, 0x00, 0x5e, 0x00,
    0x60, 0x02, 0x08, 0x00, 0x00, 0xff, 0xff, 0x00, 0x00, 0x02, 0x00, 0x00, 0x00, 0xff, 0xff, 0x00, 0x00, 0x00, 0x00, 0x00, 0xff, 0xff, 0x00, 0x00,
    0x00, 0x00, 0xff, 0xff, 0x09, 0x00, 0x00, 0xff, 0xff, 0x14, 0x00, 0x00, 0x00, 0x00, 0xff, 0xff, 0x00, 0x00, 0xff, 0xff, 0xff, 0xff, 0x00, 0xff,
    0xff, 0x00, 0x00, 0x00, 0x00, 0x00, 0xff, 0xff, 0x00, 0x00, 0x01, 0x05, 0x00, 0xff, 0xff, 0xff, 0xff, 0x00, 0xff, 0xff, 0xff, 0xff, 0x00, 0x00,
    0x00, 0x00, 0xff, 0xff, 0xff, 0xff, 0x00, 0x00, 0x00, 0x00, 0x00, 0x00, 0xff, 0xff, 0xff, 0xff, 0x00, 0x00, 0x00, 0x00, 0x00, 0x00, 0x00, 0x00,
    0x0c, 0x00, 0x00, 0x00, 0xff, 0xff, 0x00, 0xff, 0xff, 0x00, 0xff, 0xff, 0x00, 0x00, 0x00, 0x02, 0xff, 0xff, 0x00, 0x00, 0xff, 0xff, 0x00, 0x00,
    0xff, 0xff, 0xff, 0xff, 0x00, 0x00, 0x00, 0xff, 0xff, 0x00, 0x00, 0x00, 0x00, 0x00, 0x00, 0xff, 0xff, 0x00, 0x00, 0xff, 0xff, 0x00, 0x00, 0x00,
    0x01, 0x00, 0x00, 0x00, 0xff, 0xff, 0x00, 0x00, 0x00, 0x00, 0xff, 0xff, 0xff, 0xff, 0x61, 0x03, 0x00, 0x46, 0x01, 0x00, 0x08, 0x00, 0x70, 0x03,
    0x0a, 0x00, 0x71, 0x01, 0x00, 0x01, 0x00, 0x00, 0x61, 0x05, 0x00, 0x43, 0x10, 0x00, 0x00, 0x00, 0x84, 0x00, 0x60, 0x02, 0x12, 0x00, 0xff, 0xff,
    0xff, 0xff, 0x00, 0x00, 0xff, 0xff, 0xff, 0xff, 0xff, 0xff, 0x00, 0x00, 0x00, 0x00, 0x00, 0x00, 0x00, 0x1e, 0x00, 0xff, 0xff, 0x00, 0x00, 0x00,
    0xff, 0xff, 0x00, 0x01, 0x00, 0x00, 0x00, 0x01, 0x60, 0x02, 0x08, 0x00, 0x00, 0xff, 0xff, 0x00, 0x00, 0x01, 0x00, 0x00, 0x00, 0xff, 0xff, 0x00,
    0x00, 0x00, 0x00, 0x00, 0xff, 0xff, 0x00, 0x00, 0x00, 0x00, 0xff, 0xff, 0x09, 0x00, 0x00, 0xff, 0xff, 0x14, 0x00, 0x00, 0x00, 0x00, 0xff, 0xff,
    0x00, 0x00, 0xff, 0xff, 0xff, 0xff, 0x00, 0xff, 0xff, 0x00, 0x00, 0x00, 0x00, 0x00, 0xff, 0xff, 0x00, 0x00, 0x01, 0x00, 0x00, 0xff, 0xff, 0xff,
    0xff, 0x00, 0xff, 0xff, 0xff, 0xff, 0x00, 0x00, 0x00, 0x00, 0xff, 0xff, 0xff, 0xff, 0x00, 0x00, 0x00, 0x00, 0x00, 0x00, 0xff, 0xff, 0xff, 0xff,
    0x00, 0x00, 0x00, 0x00, 0x00, 0x00, 0x00, 0x00, 0x65, 0x01, 0x10, 0x00, 0x00, 0x00, 0x00, 0x00, 0x00, 0x03, 0x0a, 0x7d, 0x00, 0x0f, 0x00, 0x00,
    0x00, 0x01, 0x00, 0xff, 0xff, 0xff, 0xff, 0x00, 0xff, 0xff, 0x01, 0x00, 0x00, 0x0c, 0x00, 0x00, 0x00, 0xff, 0xff, 0x01, 0xff, 0xff, 0x01, 0xff,
    0xff, 0x00, 0x00, 0x00, 0x01, 0xff, 0xff, 0x00, 0x00, 0xff, 0xff, 0x00, 0x00, 0x10, 0x00, 0xff, 0xff, 0x00, 0x00, 0x00, 0xff, 0xff, 0x00, 0x00,
    0x00, 0x00, 0x00, 0x00, 0xff, 0xff, 0x00, 0x00, 0xff, 0xff, 0x00, 0x00, 0x00, 0x05, 0x00, 0x00, 0x00, 0xff, 0xff, 0x00, 0x00, 0x01, 0x00, 0xff,
    0xff, 0xff, 0xff, 0x12, 0x00, 0xff, 0xff, 0xff, 0xff, 0x00, 0x00, 0xff, 0xff, 0xff, 0xff, 0xff, 0xff, 0x00, 0x00, 0x00, 0x00, 0x00, 0x00, 0x00,
    0x1e, 0x00, 0xff, 0xff, 0x00, 0x00, 0x00, 0xff, 0xff, 0x00, 0x01, 0x00, 0x00, 0x00, 0x01, 0x61, 0x05, 0x00, 0x41, 0x14, 0x00, 0x00, 0x00, 0x4a,
    0x00, 0x60, 0x02, 0x14, 0x00, 0x00, 0x00, 0x00, 0xff, 0xff, 0x00, 0x00, 0xff, 0xff, 0x5d, 0x00, 0x01, 0xff, 0xff, 0x00, 0x00, 0x00, 0x00, 0x00,
    0xff, 0xff, 0x00, 0x00, 0x01, 0x05, 0x00, 0xff, 0xff, 0xff, 0xff, 0x00, 0x10, 0x00, 0xff, 0xff, 0x00, 0x00, 0x01, 0x00, 0xff, 0xff, 0xff, 0xff,
    0x00, 0x00, 0x00, 0x01, 0x01, 0x00, 0xff, 0xff, 0xff, 0xff, 0x00, 0x00, 0x00, 0x14, 0x00, 0x00, 0x16, 0x00, 0x10, 0x00, 0x01, 0x04, 0x01, 0x05,
    0x26, 0x00, 0x00, 0x00, 0x00, 0x61, 0x0e, 0x00, 0x42, 0x00, 0xff, 0xff, 0xff, 0xff, 0x02, 0x00, 0x00, 0x01, 0x04, 0x00, 0xff, 0xff, 0x24, 0x00,
    0x12, 0x00, 0xff, 0xff, 0xff, 0xff, 0x00, 0x00, 0xff, 0xff, 0xff, 0xff, 0xff, 0xff, 0x00, 0x00, 0x00, 0x00, 0x00, 0x00, 0x00, 0x1e, 0x00, 0xff,
    0xff, 0x00, 0x00, 0x00, 0xff, 0xff, 0x00, 0x01, 0x00, 0x00, 0x00, 0x01, 0x00, 0x00, 0x61, 0x05, 0x00, 0x41, 0x14, 0x02, 0x00, 0x00, 0x24, 0x00,
    0x12, 0x00, 0xff, 0xff, 0xff, 0xff, 0x00, 0x00, 0xff, 0xff, 0xff, 0xff, 0xff, 0xff, 0x00, 0x00, 0x00, 0x00, 0x00, 0x00, 0x00, 0x1e, 0x00, 0xff,
    0xff, 0x00, 0x00, 0x00, 0xff, 0xff, 0x00, 0x01, 0x00, 0x00, 0x00, 0x01, 0x00, 0x00, 0x60, 0x02, 0x0c, 0x01, 0x00, 0x01, 0xff, 0xff, 0x00, 0xff,
    0xff, 0x00, 0xff, 0xff, 0x00, 0x00, 0x00, 0x00, 0xff, 0xff, 0x00, 0x00, 0xff, 0xff, 0x00, 0x00, 0xff, 0xff, 0xff, 0xff, 0x00, 0x00, 0x00, 0xff,
    0xff, 0x00, 0x00, 0x00, 0x00, 0x00, 0x00, 0xff, 0xff, 0x00, 0x00, 0xff, 0xff, 0x00, 0x00, 0x00, 0x77, 0x00, 0x00, 0x00, 0x59, 0x00, 0x00, 0x01,
    0x00, 0x00, 0xff, 0xff, 0xff, 0xff, 0x12, 0x00, 0xff, 0xff, 0xff, 0xff, 0x00, 0x00, 0xff, 0xff, 0x00, 0x00, 0xff, 0xff, 0x00, 0x00, 0x00, 0x00,
    0x00, 0x00, 0x00, 0x1e, 0x00, 0xff, 0xff, 0x00, 0x00, 0x00, 0xff, 0xff, 0x00, 0x01, 0x00, 0x00, 0x00, 0x01, 0x60, 0x02, 0x14, 0x00, 0x00, 0x00,
    0x00, 0xff, 0xff, 0x00, 0x00, 0xff, 0xff, 0xff, 0xff, 0x00, 0xff, 0xff, 0x00, 0x00, 0x00, 0x00, 0x00, 0xff, 0xff, 0x00, 0x00, 0x04, 0x05, 0x00,
    0xff, 0xff, 0xff, 0xff, 0x00, 0xff, 0xff, 0xff, 0xff, 0x00, 0x00, 0x00, 0x00, 0xff, 0xff, 0xff, 0xff, 0x00, 0x00, 0x00, 0x00, 0x00, 0x00, 0xff,
    0xff, 0xff, 0xff, 0x00, 0x00, 0x00, 0x0a, 0x00, 0x00, 0x0c, 0x00, 0x00, 0x00, 0xff, 0xff, 0x00, 0xff, 0xff, 0x00, 0xff, 0xff, 0x00, 0x00, 0x00,
    0x01, 0xff, 0xff, 0x00, 0x00, 0xff, 0xff, 0x00, 0x00, 0xff, 0xff, 0xff, 0xff, 0x00, 0x00, 0x00, 0xff, 0xff, 0x00, 0x00, 0x00, 0x00, 0x00, 0x00,
    0xff, 0xff, 0x00, 0x00, 0xff, 0xff, 0x00, 0x00, 0x00, 0x01, 0x00, 0x00, 0x00, 0xff, 0xff, 0x00, 0x00, 0x00, 0x00, 0xff, 0xff, 0xff, 0xff, 0x80,
    0x00, 0x05, 0x01, 0x00, 0x01, 0x60, 0x02, 0x08, 0x00, 0x00, 0xff, 0xff, 0x00, 0x00, 0x01, 0x00, 0x00, 0x00, 0x2e, 0x00, 0x00, 0x00, 0x00, 0x00,
    0x00, 0xff, 0xff, 0x00, 0x00, 0x00, 0x00, 0xff, 0xff, 0x09, 0x00, 0x00, 0xff, 0xff, 0x0f, 0xff, 0xff, 0x01, 0x00, 0x00, 0x00, 0x01, 0x00, 0x00,
    0x00, 0x00, 0x2e, 0x00, 0x00, 0x00, 0x1e, 0x00, 0x00, 0x00, 0x00, 0x00, 0x00, 0x00, 0x00, 0x00, 0x01, 0x00, 0x05, 0x87, 0x03, 0x00, 0x01, 0x60,
    0x02, 0x08, 0x00, 0x00, 0xff, 0xff, 0x00, 0x00, 0x01, 0x00, 0x00, 0x00, 0xff, 0xff, 0x00, 0x00, 0x00, 0x00, 0x00, 0xff, 0xff, 0x00, 0x00, 0x00,
    0x00, 0xff, 0xff, 0x09, 0x00, 0x00, 0xff, 0xff, 0x14, 0x00, 0x00, 0x00, 0x00, 0xff, 0xff, 0x00, 0x00, 0xff, 0xff, 0xff, 0xff, 0x00, 0xff, 0xff,
    0x00, 0x00, 0x00, 0x00, 0x00, 0xff, 0xff, 0x00, 0x00, 0x01, 0x05, 0x00, 0xff, 0xff, 0xff, 0xff, 0x00, 0xff, 0xff, 0xff, 0xff, 0x00, 0x00, 0x00,
    0x00, 0xff, 0xff, 0xff, 0xff, 0x00, 0x00, 0x00, 0x00, 0x00, 0x00, 0xff, 0xff, 0xff, 0xff, 0x00, 0x00, 0x00, 0x00, 0x00, 0x00, 0x61, 0x05, 0x00,
    0x43, 0x32, 0x00, 0x00, 0x00, 0x26, 0x00, 0x02, 0x00, 0x00, 0x00, 0x00, 0x00, 0x03, 0x00, 0x00, 0x00, 0x01, 0xff, 0xff, 0xff, 0xff, 0x00, 0xff,
    0xff, 0x00, 0x00, 0x00, 0x00, 0xff, 0xff, 0x00, 0x00, 0xff, 0xff, 0x00, 0xff, 0xff, 0x00, 0x00, 0x00, 0x00, 0x07, 0x00, 0x00, 0x00, 0x00, 0x02,
    0x00, 0x00, 0x00, 0x03, 0x05, 0x01, 0x00, 0x00, 0x00, 0x01, 0xff, 0xff, 0x2e, 0x00, 0x00, 0xff, 0xff, 0x00, 0x00, 0x00, 0x01, 0xff, 0xff, 0x00,
    0x00, 0xff, 0xff, 0x00, 0xff, 0xff, 0x00, 0x00, 0x01, 0x00, 0x03, 0x00, 0x01, 0x80, 0x00, 0x05, 0x01, 0x00, 0x01, 0x60, 0x02, 0x08, 0x00, 0x00,
    0xff, 0xff, 0x00, 0x00, 0x01, 0x00, 0x00, 0x00, 0xff, 0xff, 0x00, 0x00, 0x00, 0x00, 0x00, 0xff, 0xff, 0x00, 0x00, 0x00, 0x00, 0xff, 0xff, 0x09,
    0x00, 0x00, 0xff, 0xff, 0x0c, 0x00, 0x00, 0x00, 0xff, 0xff, 0x00, 0xff, 0xff, 0x00, 0x7e, 0x00, 0x00, 0x00, 0x00, 0x01, 0xff, 0xff, 0x00, 0x00,
    0xff, 0xff, 0x00, 0x00, 0xff, 0xff, 0xff, 0xff, 0x00, 0x00, 0x00, 0xff, 0xff, 0x00, 0x00, 0x00, 0x00, 0x00, 0x00, 0xff, 0xff, 0x00, 0x00, 0xff,
    0xff, 0x00, 0x00, 0x00, 0x01, 0x00, 0x00, 0x00, 0xff, 0xff, 0x00, 0x00, 0x01, 0x00, 0xff, 0xff, 0xff, 0xff, 0x61, 0x03, 0x00, 0x46, 0x01, 0x00,
    0x5e, 0x00, 0x60, 0x02, 0x08, 0x00, 0x00, 0xff, 0xff, 0x00, 0x00, 0x02, 0x00, 0x00, 0x00, 0xff, 0xff, 0x00, 0x00, 0x00, 0x00, 0x00, 0xff, 0xff,
    0x00, 0x00, 0x00, 0x00, 0xff, 0xff, 0x09, 0x00, 0x00, 0xff, 0xff, 0x14, 0x00, 0x00, 0x00, 0x00, 0xff, 0xff, 0x00, 0x00, 0xff, 0xff, 0xff, 0xff,
    0x00, 0xff, 0xff, 0x00, 0x00, 0x00, 0x00, 0x00, 0xff, 0xff, 0x00, 0x00, 0x02, 0x05, 0x00, 0xff, 0xff, 0xff, 0xff, 0x00, 0xff, 0xff, 0xff, 0xff,
    0x00, 0x00, 0x00, 0x00, 0xff, 0xff, 0xff, 0xff, 0x00, 0x00, 0x00, 0x00, 0x00, 0x00, 0xff, 0xff, 0xff, 0xff, 0x00, 0x00, 0x00, 0x00, 0x00, 0x00,
    0x00, 0x00, 0x86, 0x04, 0x00, 0x14, 0x00, 0x00, 0x00, 0x00, 0xff, 0xff, 0x00, 0x00, 0xff, 0xff, 0xff, 0xff, 0x01, 0xff, 0xff, 0x04, 0x00, 0x00,
    0x05, 0x00, 0xff, 0xff, 0x00, 0x00, 0x01, 0x10, 0x00, 0xff, 0xff, 0xff, 0xff, 0x00, 0x0d, 0x00, 0xff, 0xff, 0x00, 0x00, 0x00, 0x00, 0xff, 0xff,
    0xff, 0xff, 0x00, 0x00, 0x00, 0x00, 0x00, 0x00, 0xff, 0xff, 0xff, 0xff, 0x00, 0x00, 0x00, 0x05, 0x00, 0x00, 0x61, 0x08, 0x00, 0x40, 0x00, 0x03,
    0x01, 0x01, 0xff, 0xff, 0x00, 0xbb, 0x00, 0x60, 0x02, 0x14, 0x00, 0x00, 0x00, 0x00, 0xff, 0xff, 0x00, 0x00, 0xff, 0xff, 0xff, 0xff, 0x00, 0xff,
    0xff, 0x00, 0x00, 0x00, 0x00, 0x00, 0xff, 0xff, 0x00, 0x00, 0x01, 0x05, 0x00, 0xff, 0xff, 0xff, 0xff, 0x00, 0xff, 0xff, 0xff, 0xff, 0x00, 0x00,
    0x00, 0x00, 0xff, 0xff, 0xff, 0xff, 0x00, 0x00, 0x00, 0x00, 0x01, 0x00, 0xff, 0xff, 0xff, 0xff, 0x00, 0x00, 0x00, 0x00, 0x00, 0x00, 0x60, 0x02,
    0x14, 0x00, 0x00, 0x00, 0x00, 0xff, 0xff, 0x00, 0x00, 0xff, 0xff, 0xff, 0xff, 0x02, 0xff, 0xff, 0x00, 0x00, 0x00, 0x00, 0x00, 0xff, 0xff, 0x00,
    0x00, 0x01, 0x00, 0x00, 0xff, 0xff, 0xff, 0xff, 0x00, 0xff, 0xff, 0xff, 0xff, 0x00, 0x00, 0x01, 0x01, 0xff, 0xff, 0xff, 0xff, 0x00, 0x00, 0x00,
    0x00, 0x00, 0x00, 0xff, 0xff, 0xff, 0xff, 0x00, 0x00, 0x00, 0x05, 0x00, 0x00, 0x14, 0x00, 0x00, 0x00, 0x00, 0xff, 0xff, 0x00, 0x00, 0xff, 0xff,
    0xff, 0xff, 0x01, 0xff, 0xff, 0x00, 0x00, 0x00, 0x00, 0x00, 0xff, 0xff, 0x00, 0x00, 0x01, 0x00, 0x00, 0xff, 0xff, 0xff, 0xff, 0x00, 0xff, 0xff,
    0xff, 0xff, 0x00, 0x00, 0x01, 0x01, 0xff, 0xff, 0xff, 0xff, 0x00, 0x00, 0x00, 0x00, 0x00, 0x00, 0xff, 0xff, 0xff, 0xff, 0x00, 0x00, 0x00, 0x05,
    0x00, 0x00, 0x00, 0x00, 0x61, 0x08, 0x00, 0x40, 0x00, 0x03, 0x01, 0x01, 0xff, 0xff, 0x00, 0x7d, 0x00, 0x60, 0x02, 0x14, 0x00, 0x00, 0x00, 0x00,
    0xff, 0xff, 0x00, 0x00, 0xff, 0xff, 0xff, 0xff, 0x00, 0xff, 0xff, 0x00, 0x00, 0x00, 0x00, 0x00, 0xff, 0xff, 0x00, 0x00, 0x01, 0x05, 0x00, 0xff,
    0xff, 0xff, 0xff, 0x00, 0xff, 0xff, 0xff, 0xff, 0x00, 0x00, 0x00, 0x00, 0xff, 0xff, 0xff, 0xff, 0x00, 0x00, 0x00, 0x00, 0x01, 0x00, 0xff, 0xff,
    0xff, 0xff, 0x00, 0x00, 0x00, 0x00, 0x00, 0x00, 0x0c, 0x00, 0x00, 0x00, 0xff, 0xff, 0x00, 0xff, 0xff, 0x01, 0xff, 0xff, 0x00, 0x00, 0x00, 0x01,
    0xff, 0xff, 0x00, 0x00, 0xff, 0xff, 0x00, 0x00, 0xff, 0xff, 0xff, 0xff, 0x00, 0x00, 0x00, 0xff, 0xff, 0x00, 0x00, 0x00, 0x00, 0x00, 0x00, 0xff,
    0xff, 0x00, 0x00, 0xff, 0xff, 0x00, 0x00, 0x00, 0x01, 0x00, 0x00, 0x00, 0xff, 0xff, 0x00, 0x00, 0x01, 0x00, 0xff, 0xff, 0xff, 0xff, 0x00, 0x00,
    0x61, 0x08, 0x00, 0x40, 0x00, 0x03, 0x01, 0x01, 0xff, 0xff, 0x00, 0x5e, 0x00, 0x60, 0x02, 0x08, 0x00, 0x00, 0xff, 0xff, 0x00, 0x00, 0x02, 0x00,
    0x00, 0x00, 0xff, 0xff, 0x00, 0x00, 0x00, 0x00, 0x00, 0xff, 0xff, 0x00, 0x00, 0x00, 0x00, 0xff, 0xff, 0x09, 0x00, 0x00, 0xff, 0xff, 0x14, 0x00,
    0x00, 0x00, 0x00, 0xff, 0xff, 0x00, 0x00, 0xff, 0xff, 0xff, 0xff, 0x00, 0xff, 0xff, 0x00, 0x00, 0x00, 0x00, 0x00, 0xff, 0xff, 0x00, 0x00, 0x02,
    0x05, 0x00, 0xff, 0xff, 0xff, 0xff, 0x00, 0xff, 0xff, 0xff, 0xff, 0x00, 0x00, 0x00, 0x00, 0xff, 0xff, 0xff, 0xff, 0x00, 0x00, 0x00, 0x00, 0x00,
    0x00, 0xff, 0xff, 0xff, 0xff, 0x00, 0x00, 0x00, 0x00, 0x00, 0x00, 0x00, 0x00, 0x80, 0x00, 0x05, 0x01, 0x00, 0x01, 0x0c, 0x00, 0x00, 0x00, 0xff,
    0xff, 0x00, 0xff, 0xff, 0x01, 0xff, 0xff, 0x00, 0x00, 0x00, 0x01, 0xff, 0xff, 0x00, 0x00, 0xff, 0xff, 0x00, 0x00, 0x0d, 0x00, 0xff, 0xff, 0x00,
    0x00, 0x00, 0xff, 0xff, 0x00, 0x00, 0x00, 0x00, 0x00, 0x00, 0xff, 0xff, 0x00, 0x00, 0xff, 0xff, 0x00, 0x00, 0x00, 0x05, 0x00, 0x00, 0x00, 0xff,
    0xff, 0x00, 0x00, 0x01, 0x00, 0xff, 0xff, 0xff, 0xff, 0x61, 0x08, 0x00, 0x40, 0x01, 0x03, 0x02, 0x01, 0xff, 0xff, 0x00, 0x3d, 0x00, 0x14, 0x00,
    0x00, 0x00, 0x00, 0xff, 0xff, 0x00, 0x00, 0xff, 0xff, 0xff, 0xff, 0x02, 0xff, 0xff, 0x03, 0x00, 0x00, 0x05, 0x00, 0xff, 0xff, 0x00, 0x00, 0x01,
    0x00, 0x00, 0xff, 0xff, 0xff, 0xff, 0x00, 0xff, 0xff, 0xff, 0xff, 0x00, 0x00, 0x00, 0x00, 0xff, 0xff, 0xff, 0xff, 0x00, 0x00, 0x00, 0x00, 0x00,
    0x00, 0xff, 0xff, 0xff, 0xff, 0x00, 0x00, 0x00, 0x05, 0x00, 0x00, 0x00, 0x00, 0x61, 0x05, 0x00, 0x41, 0x14, 0x00, 0x00, 0x00, 0x47, 0x00, 0x60,
    0x02, 0x14, 0x00, 0x00, 0x00, 0x00, 0xff, 0xff, 0x00, 0x00, 0xff, 0xff, 0x5d, 0x00, 0x00, 0xff, 0xff, 0x00, 0x00, 0x00, 0x00, 0x00, 0xff, 0xff,
    0x00, 0x00, 0x03, 0x05, 0x00, 0xff, 0xff, 0xff, 0xff, 0x00, 0x0d, 0x00, 0xff, 0xff, 0x00, 0x00, 0x01, 0x00, 0xff, 0xff, 0xff, 0xff, 0x00, 0x00,
    0x00, 0x01, 0x01, 0x00, 0xff, 0xff, 0xff, 0xff, 0x00, 0x00, 0x00, 0x14, 0x00, 0x00, 0x13, 0x00, 0x00, 0x00, 0x0d, 0x00, 0xff, 0xff, 0x00, 0x00,
    0x61, 0x0e, 0x00, 0x42, 0x00, 0xff, 0xff, 0xff, 0xff, 0x03, 0x01, 0x00, 0x00, 0x00, 0x00, 0xff, 0xff, 0x08, 0x00, 0x70, 0x02, 0x0a, 0x00, 0x71,
    0x01, 0x0a, 0x01, 0x00, 0x00, 0x61, 0x0e, 0x00, 0x42, 0x01, 0x09, 0x00, 0x0a, 0x00, 0x03, 0x14, 0x00, 0x00, 0x00, 0x01, 0x0d, 0x00, 0x08, 0x00,
    0x70, 0x02, 0x0a, 0x00, 0x71, 0x01, 0x00, 0x00, 0x00, 0x00, 0x60, 0x02, 0x08, 0x00, 0x00, 0xff, 0xff, 0x00, 0x00, 0x01, 0x00, 0x00, 0x00, 0xff,
    0xff, 0x00, 0x00, 0x00, 0x00, 0x00, 0xff, 0xff, 0x00, 0x00, 0x00, 0x00, 0xff, 0xff, 0x09, 0x00, 0x00, 0xff, 0xff, 0x14, 0x00, 0x00, 0x00, 0x00,
    0xff, 0xff, 0x00, 0x00, 0xff, 0xff, 0xff, 0xff, 0x00, 0xff, 0xff, 0x00, 0x00, 0x00, 0x00, 0x00, 0xff, 0xff, 0x00, 0x00, 0x01, 0x05, 0x00, 0xff,
    0xff, 0xff, 0xff, 0x00, 0xff, 0xff, 0xff, 0xff, 0x00, 0x00, 0x00, 0x00, 0xff, 0xff, 0xff, 0xff, 0x00, 0x00, 0x00, 0x00, 0x00, 0x00, 0xff, 0xff,
    0xff, 0xff, 0x00, 0x00, 0x00, 0x00, 0x00, 0x00, 0x64, 0x14, 0x00, 0x00, 0x00, 0x00, 0xff, 0xff, 0x00, 0x00, 0xff, 0xff, 0xff, 0xff, 0x01, 0xff,
    0xff, 0x04, 0x00, 0x00, 0x05, 0x00, 0xff, 0xff, 0x00, 0x00, 0x01, 0x00, 0x00, 0xff, 0xff, 0xff, 0xff, 0x00, 0xff, 0xff, 0xff, 0xff, 0x00, 0x00,
    0x00, 0x00, 0xff, 0xff, 0xff, 0xff, 0x00, 0x00, 0x00, 0x00, 0x00, 0x00, 0xff, 0xff, 0xff, 0xff, 0x00, 0x00, 0x00, 0x14, 0x00, 0x00, 0x70, 0x06,
    0x0a, 0x00, 0x71, 0x02, 0x00, 0x01, 0x80, 0x00, 0x05, 0x01, 0x00, 0x01, 0x0c, 0x00, 0x00, 0x00, 0xff, 0xff, 0x00, 0xff, 0xff, 0x00, 0xff, 0xff,
    0x00, 0x00, 0x00, 0x01, 0xff, 0xff, 0x00, 0x00, 0xff, 0xff, 0x00, 0x00, 0xff, 0xff, 0xff, 0xff, 0x00, 0x00, 0x00, 0xff, 0xff, 0x00, 0x00, 0x00,
    0x01, 0x00, 0x00, 0xff, 0xff, 0x01, 0x01, 0x26, 0x00, 0x05, 0x00, 0x00, 0x05, 0x00, 0x00, 0x00, 0xff, 0xff, 0x00, 0x00, 0x00, 0x00, 0xff, 0xff,
    0xff, 0xff, 0x60, 0x02, 0x0e, 0x00, 0x01, 0xff, 0xff, 0x00, 0x00, 0x00, 0xff, 0xff, 0x0a, 0x00, 0x14, 0x00, 0x00, 0x00, 0x00, 0xff, 0xff, 0x00,
    0x00, 0xff, 0xff, 0xff, 0xff, 0x00, 0xff, 0xff, 0x00, 0x00, 0x00, 0x00, 0x00, 0xff, 0xff, 0x00, 0x00, 0x01, 0x05, 0x00, 0xff, 0xff, 0xff, 0xff,
    0x00, 0xff, 0xff, 0xff, 0xff, 0x00, 0x00, 0x00, 0x00, 0xff, 0xff, 0xff, 0xff, 0x00, 0x00, 0x00, 0x00, 0x01, 0x00, 0xff, 0xff, 0xff, 0xff, 0x00,
    0x00, 0x00, 0x13, 0x00, 0x00, 0x86, 0x01, 0x01, 0x14, 0x00, 0x00, 0x00, 0x00, 0xff, 0xff, 0x00, 0x00, 0xff, 0xff, 0xff, 0xff, 0x00, 0xff, 0xff,
    0x00, 0x00, 0x00, 0x00, 0x00, 0xff, 0xff, 0x00, 0x00, 0x01, 0x00, 0x00, 0xff, 0xff, 0xff, 0xff, 0x00, 0x2e, 0x00, 0xff, 0xff, 0x00, 0x00, 0x00,
    0x00, 0xff, 0xff, 0xff, 0xff, 0x00, 0x00, 0x00, 0x00, 0x00, 0x00, 0xff, 0xff, 0xff, 0xff, 0x00, 0x00, 0x00, 0x05, 0x00, 0x00, 0x87, 0x03, 0x00,
    0x01, 0x0c, 0x00, 0x00, 0x00, 0xff, 0xff, 0x00, 0xff, 0xff, 0x01, 0xff, 0xff, 0x00, 0x00, 0x00, 0x01, 0xff, 0xff, 0x00, 0x00, 0xff, 0xff, 0x00,
    0x00, 0x1a, 0x00, 0xff, 0xff, 0x00, 0x00, 0x00, 0xff, 0xff, 0x00, 0x00, 0x00, 0x00, 0x00, 0x00, 0xff, 0xff, 0x00, 0x00, 0xff, 0xff, 0x00, 0x00,
    0x00, 0x01, 0x00, 0x00, 0x00, 0xff, 0xff, 0x00, 0x00, 0x01, 0x00, 0xff, 0xff, 0xff, 0xff, 0x65, 0x01, 0xff, 0xff, 0x00, 0x00, 0x00, 0x00, 0x00,
    0x02, 0x14, 0x00, 0x00, 0x00, 0x00, 0xff, 0xff, 0x00, 0x00, 0xff, 0xff, 0xff, 0xff, 0x00, 0xff, 0xff, 0x00, 0x00, 0x00, 0x00, 0x00, 0xff, 0xff,
    0x00, 0x00, 0x03, 0x05, 0x00, 0xff, 0xff, 0xff, 0xff, 0x00, 0xff, 0xff, 0xff, 0xff, 0x00, 0x00, 0x00, 0x00, 0xff, 0xff, 0xff, 0xff, 0x00, 0x00,
    0x00, 0x00, 0x00, 0x00, 0xff, 0xff, 0xff, 0xff, 0x00, 0x00, 0x00, 0x0a, 0x00, 0x00, 0x02, 0x00, 0x00, 0x00, 0x00, 0x00, 0x01, 0x00, 0x02, 0x05,
    0x01, 0xff, 0xff, 0xff, 0xff, 0x00, 0xff, 0xff, 0x00, 0x00, 0x00, 0x00, 0xff, 0xff, 0x00, 0x00, 0xff, 0xff, 0x00, 0xff, 0xff, 0x00, 0x00, 0x01,
    0x00, 0x03, 0x00, 0x01, 0x0c, 0x00, 0x00, 0x00, 0xff, 0xff, 0x00, 0xff, 0xff, 0x00, 0xff, 0xff, 0x00, 0x00, 0x00, 0x03, 0xff, 0xff, 0x00, 0x00,
    0xff, 0xff, 0x00, 0x00, 0xff, 0xff, 0xff, 0xff, 0x00, 0x00, 0x00, 0xff, 0xff, 0x00, 0x00, 0x00, 0x00, 0x00, 0x00, 0xff, 0xff, 0x00, 0x00, 0xff,
    0xff, 0x00, 0x00, 0x00, 0x01, 0x00, 0x00, 0x00, 0xff, 0xff, 0x00, 0x00, 0x00, 0x00, 0xff, 0xff, 0xff, 0xff, 0x80, 0x01, 0x05, 0x01, 0x01, 0x01,
    0x14, 0x00, 0x00, 0x00, 0x00, 0xff, 0xff, 0x00, 0x00, 0xff, 0xff, 0xff, 0xff, 0x00, 0xff, 0xff, 0x00, 0x00, 0x00, 0x00, 0x00, 0xff, 0xff, 0x00,
    0x00, 0x01, 0x00, 0x00, 0xff, 0xff, 0xff, 0xff, 0x00, 0x0d, 0x00, 0xff, 0xff, 0x00, 0x00, 0x00, 0x00, 0xff, 0xff, 0xff, 0xff, 0x00, 0x00, 0x00,
    0x00, 0x00, 0x00, 0xff, 0xff, 0xff, 0xff, 0x00, 0x00, 0x00, 0x05, 0x00, 0x00, 0x14, 0x00, 0x00, 0x00, 0x00, 0xff, 0xff, 0x00, 0x00, 0xff, 0xff,
    0xff, 0xff, 0x01, 0xff, 0xff, 0x00, 0x09, 0x04, 0x00, 0x00, 0xff, 0xff, 0x00, 0x00, 0x01, 0x00, 0x00, 0xff, 0xff, 0xff, 0xff, 0x00, 0x0d, 0x00,
    0xff, 0xff, 0x00, 0x00, 0x00, 0x00, 0xff, 0xff, 0xff, 0xff, 0x00, 0x00, 0x00, 0x00, 0x00, 0x00, 0xff, 0xff, 0xff, 0xff, 0x00, 0x00, 0x00, 0x14,
    0x00, 0x00, 0x0c, 0x00, 0x00, 0x00, 0xff, 0xff, 0x00, 0xff, 0xff, 0x01, 0xff, 0xff, 0x00, 0x0a, 0x03, 0x02, 0xff, 0xff, 0x00, 0x00, 0xff, 0xff,
    0x00, 0x00, 0x0d, 0x00, 0xff, 0xff, 0x00, 0x00, 0x00, 0xff, 0xff, 0x00, 0x00, 0x00, 0x00, 0x00, 0x00, 0xff, 0xff, 0x00, 0x00, 0xff, 0xff, 0x00,
    0x00, 0x00, 0x01, 0x00, 0x00, 0x00, 0xff, 0xff, 0x00, 0x00, 0x01, 0x00, 0xff, 0xff, 0xff, 0xff, 0x86, 0x01, 0x01, 0x65, 0x01, 0x0d, 0x00, 0x00,
    0x00, 0x00, 0x00, 0x00, 0x02, 0x14, 0x00, 0x00, 0x00, 0x00, 0xff, 0xff, 0x00, 0x00, 0xff, 0xff, 0xff, 0xff, 0x01, 0xff, 0xff, 0x00, 0x00, 0x00,
    0x00, 0x00, 0xff, 0xff, 0x00, 0x00, 0x01, 0x00, 0x00, 0xff, 0xff, 0xff, 0xff, 0x00, 0xff, 0xff, 0xff, 0xff, 0x00, 0x00, 0x00, 0x00, 0xff, 0xff,
    0xff, 0xff, 0x00, 0x00, 0x00, 0x00, 0x00, 0x00, 0xff, 0xff, 0xff, 0xff, 0x00, 0x00, 0x00, 0x05, 0x00, 0x00, 0x14, 0x00, 0x00, 0x00, 0x00, 0xff,
    0xff, 0x00, 0x00, 0xff, 0xff, 0xff, 0xff, 0x02, 0xff, 0xff, 0x00, 0x00, 0x00, 0x00, 0x00, 0xff, 0xff, 0x00, 0x00, 0x01, 0x00, 0x00, 0xff, 0xff,
    0xff, 0xff, 0x00, 0x0d, 0x00, 0xff, 0xff, 0x00, 0x00, 0x00, 0x00, 0xff, 0xff, 0xff, 0xff, 0x00, 0x00, 0x00, 0x00, 0x00, 0x00, 0xff, 0xff, 0xff,
    0xff, 0x00, 0x00, 0x00, 0x05, 0x00, 0x00, 0x61, 0x0e, 0x00, 0x42, 0x0d, 0x24, 0x00, 0x0a, 0x00, 0x00, 0x00, 0x00, 0x00, 0x00, 0x00, 0xff, 0xff,
    0x3d, 0x00, 0x14, 0x00, 0x00, 0x00, 0x00, 0xff, 0xff, 0x00, 0x00, 0xff, 0xff, 0xff, 0xff, 0x01, 0xff, 0xff, 0x09, 0x00, 0x00, 0x03, 0x00, 0xff,
    0xff, 0x00, 0x00, 0x01, 0x00, 0x00, 0xff, 0xff, 0xff, 0xff, 0x00, 0xff, 0xff, 0xff, 0xff, 0x00, 0x00, 0x00, 0x00, 0xff, 0xff, 0xff, 0xff, 0x00,
    0x00, 0x00, 0x00, 0x00, 0x00, 0xff, 0xff, 0xff, 0xff, 0x00, 0x00, 0x00, 0x14, 0x00, 0x00, 0x00, 0x00, 0x60, 0x02, 0x08, 0x00, 0x00, 0xff, 0xff,
    0x00, 0x00, 0x01, 0x00, 0x00, 0x00, 0xff, 0xff, 0x00, 0x00, 0x00, 0x00, 0x00, 0xff, 0xff, 0x00, 0x00, 0x00, 0x00, 0xff, 0xff, 0x09, 0x00, 0x00,
    0xff, 0xff, 0x19, 0x01, 0x00, 0x00, 0x00, 0x00, 0xff, 0xff, 0x01, 0x01, 0xff, 0xff, 0x00, 0xff, 0xff, 0x01, 0x00, 0x00, 0xff, 0xff, 0x60, 0x02,
    0x08, 0x00, 0x00, 0xff, 0xff, 0x00, 0x00, 0x01, 0x00, 0x00, 0x00, 0xff, 0xff, 0x00, 0x00, 0x00, 0x00, 0x00, 0xff, 0xff, 0x00, 0x00, 0x00, 0x00,
    0xff, 0xff, 0x09, 0x00, 0x00, 0xff, 0xff, 0x08, 0x00, 0x00, 0xff, 0xff, 0x00, 0x00, 0x01, 0x00, 0x00, 0x00, 0xff, 0xff, 0x00, 0x00, 0x00, 0x00,
    0x00, 0xff, 0xff, 0x00, 0x00, 0x00, 0x00, 0xff, 0xff, 0x09, 0x00, 0x00, 0xff, 0xff, 0x0c, 0x00, 0x02, 0x00, 0xff, 0xff, 0x00, 0xff, 0xff, 0x00,
    0xff, 0xff, 0x00, 0x00, 0x00, 0x04, 0xff, 0xff, 0xff, 0xff, 0xff, 0xff, 0x00, 0x00, 0xff, 0xff, 0xff, 0xff, 0x00, 0x00, 0x00, 0xff, 0xff, 0x00,
    0x00, 0x00, 0x00, 0x00, 0x00, 0xff, 0xff, 0x00, 0x00, 0xff, 0xff, 0x00, 0x02, 0x00, 0x01, 0x00, 0x00, 0x00, 0xff, 0xff, 0x00, 0x00, 0x00, 0x00,
    0xff, 0xff, 0xff, 0xff, 0x88, 0x02, 0x86, 0x02, 0x00, 0x80, 0x00, 0x05, 0x01, 0x00, 0x01, 0x14, 0x00, 0x00, 0x00, 0x00, 0xff, 0xff, 0x00, 0x00,
    0xff, 0xff, 0xff, 0xff, 0x02, 0xff, 0xff, 0x00, 0x00, 0x00, 0x00, 0x00, 0xff, 0xff, 0x00, 0x00, 0x01, 0x00, 0x00, 0xff, 0xff, 0xff, 0xff, 0x00,
    0x11, 0x00, 0xff, 0xff, 0x00, 0x00, 0x00, 0x00, 0xff, 0xff, 0xff, 0xff, 0x00, 0x00, 0x00, 0x00, 0x00, 0x00, 0xff, 0xff, 0xff, 0xff, 0x00, 0x00,
    0x00, 0x05, 0x00, 0x00, 0x61, 0x0e, 0x00, 0x42, 0x01, 0x09, 0x00, 0xff, 0xff, 0x03, 0x0d, 0x00, 0x00, 0x00, 0x01, 0xff, 0xff, 0x3e, 0x00, 0x0c,
    0x00, 0x00, 0x00, 0xff, 0xff, 0x00, 0xff, 0xff, 0x00, 0xff, 0xff, 0x01, 0x00, 0x00, 0x01, 0xff, 0xff, 0x20, 0x00, 0xff, 0xff, 0x00, 0x00, 0xff,
    0xff, 0xff, 0xff, 0x00, 0x00, 0x00, 0xff, 0xff, 0x00, 0x00, 0x00, 0x00, 0x00, 0x00, 0xff, 0xff, 0x00, 0x00, 0xff, 0xff, 0x00, 0x00, 0x00, 0x05,
    0x00, 0x00, 0x00, 0xff, 0xff, 0x00, 0x00, 0x00, 0x00, 0xff, 0xff, 0xff, 0xff, 0x00, 0x00, 0x61, 0x05, 0x00, 0x44, 0x00, 0x01, 0x00, 0x00, 0x3e,
    0x00, 0x0c, 0x00, 0x00, 0x00, 0xff, 0xff, 0x00, 0xff, 0xff, 0x00, 0xff, 0xff, 0x00, 0x00, 0x00, 0x01, 0xff, 0xff, 0x00, 0x00, 0xff, 0xff, 0x00,
    0x00, 0xff, 0xff, 0xff, 0xff, 0x00, 0x00, 0x00, 0xff, 0xff, 0x00, 0x00, 0x00, 0x00, 0x00, 0x00, 0x39, 0x00, 0x00, 0x00, 0xff, 0xff, 0x00, 0x00,
    0x00, 0x01, 0x00, 0x00, 0x00, 0xff, 0xff, 0x00, 0x00, 0x00, 0x00, 0xff, 0xff, 0xff, 0xff, 0x00, 0x00, 0x61, 0x05, 0x00, 0x44, 0x00, 0x01, 0x00,
    0x00, 0x3e, 0x00, 0x0c, 0x00, 0x00, 0x00, 0xff, 0xff, 0x00, 0xff, 0xff, 0x00, 0xff, 0xff, 0x00, 0x00, 0x00, 0x01, 0xff, 0xff, 0x00, 0x00, 0xff,
    0xff, 0x00, 0x00, 0xff, 0xff, 0xff, 0xff, 0x00, 0x00, 0x00, 0xff, 0xff, 0x00, 0x00, 0x00, 0x00, 0x00, 0x00, 0x39, 0x00, 0x00, 0x00, 0xff, 0xff,
    0x00, 0x00, 0x00, 0x05, 0x00, 0x00, 0x00, 0xff, 0xff, 0x00, 0x00, 0x00, 0x00, 0xff, 0xff, 0xff, 0xff, 0x00, 0x00, 0x61, 0x08, 0x00, 0x40, 0x08,
    0x03, 0x07, 0x00, 0xff, 0xff, 0x00, 0x7e, 0x00, 0x60, 0x02, 0x0c, 0x00, 0x00, 0x00, 0xff, 0xff, 0x00, 0xff, 0xff, 0x00, 0xff, 0xff, 0x00, 0x00,
    0x00, 0x01, 0xff, 0xff, 0x00, 0x00, 0xff, 0xff, 0x00, 0x00, 0xff, 0xff, 0xff, 0xff, 0x00, 0x00, 0x00, 0xff, 0xff, 0x00, 0x00, 0x00, 0x00, 0x00,
    0x00, 0xff, 0xff, 0x00, 0x00, 0xff, 0xff, 0x00, 0x00, 0x00, 0x01, 0x00, 0x00, 0x00, 0xff, 0xff, 0x00, 0x00, 0x00, 0x00, 0xff, 0xff, 0xff, 0xff,
    0x0c, 0x00, 0x00, 0x00, 0xff, 0xff, 0x00, 0xff, 0xff, 0x01, 0xff, 0xff, 0x00, 0x00, 0x00, 0x01, 0xff, 0xff, 0x00, 0x00, 0xff, 0xff, 0x01, 0x00,
    0x11, 0x00, 0xff, 0xff, 0x00, 0x00, 0x00, 0xff, 0xff, 0x00, 0x00, 0x00, 0x00, 0x00, 0x00, 0xff, 0xff, 0x00, 0x00, 0xff, 0xff, 0x00, 0x00, 0x00,
    0x01, 0x00, 0x00, 0x00, 0xff, 0xff, 0x00, 0x00, 0x01, 0x00, 0xff, 0xff, 0xff, 0xff, 0x00, 0x00, 0x61, 0x05, 0x00, 0x44, 0x00, 0x01, 0x00, 0x00,
    0x3e, 0x00, 0x0c, 0x00, 0x00, 0x00, 0xff, 0xff, 0x00, 0xff, 0xff, 0x00, 0xff, 0xff, 0x00, 0x00, 0x00, 0x01, 0xff, 0xff, 0x00, 0x00, 0xff, 0xff,
    0x00, 0x00, 0xff, 0xff, 0xff, 0xff, 0x00, 0x00, 0x00, 0xff, 0xff, 0x00, 0x00, 0x00, 0x00, 0x00, 0x00, 0x39, 0x00, 0x00, 0x00, 0xff, 0xff, 0x00,
    0x00, 0x00, 0x05, 0x00, 0x00, 0x00, 0xff, 0xff, 0x00, 0x00, 0x00, 0x00, 0xff, 0xff, 0xff, 0xff, 0x00, 0x00, 0x61, 0x0e, 0x00, 0x42, 0x00, 0x24,
    0x00, 0x0a, 0x00, 0x02, 0x00, 0x00, 0x00, 0x00, 0x00, 0xff, 0xff, 0x3d, 0x00, 0x14, 0x00, 0x00, 0x00, 0x00, 0xff, 0xff, 0x00, 0x00, 0xff, 0xff,
    0xff, 0xff, 0x03, 0xff, 0xff, 0x00, 0x00, 0x00, 0x00, 0x00, 0xff, 0xff, 0x00, 0x00, 0x01, 0x08, 0x00, 0xff, 0xff, 0xff, 0xff, 0x00, 0xff, 0xff,
    0xff, 0xff, 0x00, 0x00, 0x00, 0x00, 0xff, 0xff, 0xff, 0xff, 0x00, 0x00, 0x00, 0x00, 0x00, 0x00, 0xff, 0xff, 0xff, 0xff, 0x00, 0x00, 0x00, 0x0f,
    0x03, 0x00, 0x00, 0x00, 0x61, 0x05, 0x00, 0x41, 0x01, 0x00, 0x00, 0x00, 0x1f, 0x00, 0x08, 0x00, 0x00, 0xff, 0xff, 0x00, 0x00, 0x01, 0x00, 0x00,
    0x00, 0xff, 0xff, 0x00, 0x00, 0x00, 0x00, 0x00, 0xff, 0xff, 0x00, 0x00, 0x00, 0x00, 0xff, 0xff, 0x09, 0x00, 0x00, 0xff, 0xff, 0x00, 0x00, 0x61,
    0x08, 0x00, 0x40, 0x08, 0x03, 0x0c, 0x00, 0xff, 0xff, 0x00, 0x24, 0x00, 0x12, 0x00, 0xff, 0xff, 0xff, 0xff, 0x00, 0x00, 0xff, 0xff, 0xff, 0xff,
    0xff, 0xff, 0x00, 0x00, 0x00, 0x00, 0x00, 0x00, 0x00, 0x1e, 0x00, 0xff, 0xff, 0x00, 0x00, 0x00, 0xff, 0xff, 0x00, 0x01, 0x00, 0x00, 0x00, 0x01,
    0x00, 0x00, 0x60, 0x02, 0x0c, 0x00, 0x00, 0x00, 0xff, 0xff, 0x00, 0xff, 0xff, 0x00, 0xff, 0xff, 0x01, 0x00, 0x00, 0x01, 0xff, 0xff, 0x20, 0x00,
    0xff, 0xff, 0x00, 0x00, 0xff, 0xff, 0xff, 0xff, 0x00, 0x00, 0x00, 0xff, 0xff, 0x00, 0x00, 0x00, 0x00, 0x00, 0x00, 0xff, 0xff, 0x00, 0x00, 0xff,
    0xff, 0x00, 0x00, 0x00, 0x05, 0x00, 0x00, 0x00, 0xff, 0xff, 0x00, 0x00, 0x00, 0x00, 0xff, 0xff, 0xff, 0xff, 0x0c, 0x00, 0x00, 0x00, 0xff, 0xff,
    0x00, 0xff, 0xff, 0x00, 0xff, 0xff, 0x01, 0x00, 0x00, 0x01, 0xff, 0xff, 0x20, 0x00, 0xff, 0xff, 0x00, 0x00, 0xff, 0xff, 0xff, 0xff, 0x00, 0x00,
    0x00, 0xff, 0xff, 0x00, 0x00, 0x00, 0x00, 0x00, 0x00, 0xff, 0xff, 0x00, 0x00, 0xff, 0xff, 0x00, 0x00, 0x00, 0x05, 0x00, 0x00, 0x00, 0xff, 0xff,
    0x00, 0x00, 0x00, 0x00, 0xff, 0xff, 0xff, 0xff, 0x61, 0x03, 0x00, 0x48, 0x00, 0x00, 0x3e, 0x00, 0x0c, 0x00, 0x00, 0x00, 0xff, 0xff, 0x00, 0xff,
    0xff, 0x00, 0xff, 0xff, 0x01, 0x00, 0x00, 0x02, 0xff, 0xff, 0x20, 0x00, 0xff, 0xff, 0x00, 0x00, 0xff, 0xff, 0xff, 0xff, 0x00, 0x00, 0x00, 0xff,
    0xff, 0x00, 0x00, 0x00, 0x00, 0x00, 0x00, 0xff, 0xff, 0x00, 0x00, 0xff, 0xff, 0x00, 0x00, 0x00, 0x05, 0x00, 0x00, 0x00, 0xff, 0xff, 0x00, 0x00,
    0x00, 0x00, 0xff, 0xff, 0xff, 0xff, 0x00, 0x00, 0x60, 0x02, 0x0c, 0x00, 0x00, 0x00, 0xff, 0xff, 0x00, 0xff, 0xff, 0x00, 0xff, 0xff, 0x01, 0x00,
    0x00, 0x01, 0xff, 0xff, 0x20, 0x00, 0xff, 0xff, 0x00, 0x00, 0xff, 0xff, 0xff, 0xff, 0x00, 0x00, 0x00, 0xff, 0xff, 0x00, 0x00, 0x00, 0x00, 0x00,
    0x00, 0xff, 0xff, 0x00, 0x00, 0xff, 0xff, 0x00, 0x00, 0x00, 0x05, 0x00, 0x00, 0x00, 0xff, 0xff, 0x00, 0x00, 0x00, 0x00, 0xff, 0xff, 0xff, 0xff,
    0x0c, 0x00, 0x00, 0x00, 0xff, 0xff, 0x00, 0xff, 0xff, 0x00, 0xff, 0xff, 0x01, 0x00, 0x00, 0x01, 0xff, 0xff, 0x20, 0x00, 0xff, 0xff, 0x00, 0x00,
    0xff, 0xff, 0xff, 0xff, 0x00, 0x00, 0x00, 0xff, 0xff, 0x00, 0x00, 0x00, 0x00, 0x00, 0x00, 0xff, 0xff, 0x00, 0x00, 0xff, 0xff, 0x00, 0x00, 0x00,
    0x05, 0x00, 0x00, 0x00, 0xff, 0xff, 0x00, 0x00, 0x00, 0x00, 0xff, 0xff, 0xff, 0xff, 0x61, 0x0a, 0x00, 0x4b, 0x45, 0x00, 0x00, 0x44, 0x00, 0x01,
    0x00, 0x00, 0x4c, 0x26, 0x00, 0x02, 0x00, 0x00, 0x00, 0x00, 0x00, 0x03, 0x00, 0x00, 0x00, 0x02, 0xff, 0xff, 0xff, 0xff, 0x00, 0xff, 0xff, 0x00,
    0x00, 0x00, 0x00, 0xff, 0xff, 0x00, 0x00, 0xff, 0xff, 0x00, 0xff, 0xff, 0x00, 0x00, 0x00, 0x00, 0x07, 0x00, 0x00, 0x00, 0x00, 0x02, 0x00, 0x00,
    0x00, 0x00, 0x00, 0x01, 0x00, 0x02, 0x05, 0x01, 0xff, 0xff, 0xff, 0xff, 0x00, 0xff, 0xff, 0x00, 0x00, 0x00, 0x00, 0xff, 0xff, 0x00, 0x00, 0xff,
    0xff, 0x00, 0xff, 0xff, 0x00, 0x00, 0x01, 0x00, 0x03, 0x00, 0x01, 0x60, 0x02, 0x20, 0xff, 0xff, 0xff, 0xff, 0x00, 0x00, 0x00, 0x00, 0xff, 0xff,
    0x00, 0x00, 0x01, 0xff, 0xff, 0x00, 0x00, 0x00, 0xff, 0xff, 0x00, 0x00, 0x00, 0x00, 0x00, 0x26, 0x01, 0x00, 0x01, 0xff, 0xff, 0x00, 0x6f, 0x00,
    0x01, 0x01, 0x00, 0x00, 0x60, 0x02, 0x0c, 0x00, 0x00, 0x00, 0xff, 0xff, 0x00, 0xff, 0xff, 0x00, 0xff, 0xff, 0x01, 0x00, 0x00, 0x01, 0xff, 0xff,
    0x20, 0x00, 0xff, 0xff, 0x00, 0x00, 0xff, 0xff, 0xff, 0xff, 0x00, 0x00, 0x00, 0xff, 0xff, 0x00, 0x00, 0x00, 0x00, 0x00, 0x00, 0xff, 0xff, 0x00,
    0x00, 0xff, 0xff, 0x00, 0x00, 0x00, 0x05, 0x00, 0x00, 0x00, 0xff, 0xff, 0x00, 0x00, 0x00, 0x00, 0xff, 0xff, 0xff, 0xff, 0x0c, 0x00, 0x00, 0x00,
    0xff, 0xff, 0x00, 0xff, 0xff, 0x00, 0xff, 0xff, 0x01, 0x00, 0x00, 0x01, 0xff, 0xff, 0x20, 0x00, 0xff, 0xff, 0x00, 0x00, 0xff, 0xff, 0xff, 0xff,
    0x00, 0x00, 0x00, 0xff, 0xff, 0x00, 0x00, 0x00, 0x00, 0x00, 0x00, 0xff, 0xff, 0x00, 0x00, 0xff, 0xff, 0x00, 0x00, 0x00, 0x05, 0x00, 0x00, 0x00,
    0xff, 0xff, 0x00, 0x00, 0x00, 0x00, 0xff, 0xff, 0xff, 0xff, 0x0c, 0x00, 0x00, 0x00, 0xff, 0xff, 0x00, 0xff, 0xff, 0x00, 0xff, 0xff, 0x00, 0x00,
    0x00, 0x02, 0xff, 0xff, 0xff, 0xff, 0xff, 0xff, 0x00, 0x00, 0xff, 0xff, 0xff, 0xff, 0x00, 0x00, 0x00, 0xff, 0xff, 0x00, 0x00, 0x00, 0x00, 0x00,
    0x00, 0xff, 0xff, 0x00, 0x00, 0xff, 0xff, 0x00, 0x00, 0x00, 0x01, 0x00, 0x00, 0x00, 0xff, 0xff, 0x00, 0x00, 0x00, 0x00, 0xff, 0xff, 0xff, 0xff,
    0x60, 0x02, 0x08, 0x00, 0x00, 0xff, 0xff, 0x00, 0x00, 0x02, 0x00, 0x00, 0x00, 0xff, 0xff, 0x00, 0x00, 0x00, 0x00, 0x00, 0xff, 0xff, 0x00, 0x00,
    0x00, 0x00, 0xff, 0xff, 0x09, 0x00, 0x00, 0xff, 0xff, 0x14, 0x00, 0x00, 0x00, 0x00, 0xff, 0xff, 0x00, 0x00, 0xff, 0xff, 0xff, 0xff, 0x00, 0xff,
    0xff, 0x00, 0x00, 0x00, 0x00, 0x00, 0xff, 0xff, 0x00, 0x00, 0x02, 0x05, 0x00, 0xff, 0xff, 0xff, 0xff, 0x00, 0xff, 0xff, 0xff, 0xff, 0x00, 0x00,
    0x00, 0x00, 0xff, 0xff, 0xff, 0xff, 0x00, 0x00, 0x00, 0x00, 0x00, 0x00, 0xff, 0xff, 0xff, 0xff, 0x00, 0x00, 0x00, 0x00, 0x00, 0x00, 0x60, 0x02,
    0x08, 0x00, 0x00, 0xff, 0xff, 0x00, 0x00, 0x02, 0x00, 0x00, 0x00, 0xff, 0xff, 0x00, 0x00, 0x00, 0x00, 0x00, 0xff, 0xff, 0x00, 0x00, 0x00, 0x00,
    0xff, 0xff, 0x09, 0x00, 0x00, 0xff, 0xff, 0x14, 0x00, 0x00, 0x00, 0x00, 0xff, 0xff, 0x00, 0x00, 0xff, 0xff, 0xff, 0xff, 0x00, 0xff, 0xff, 0x00,
    0x00, 0x00, 0x00, 0x00, 0xff, 0xff, 0x00, 0x00, 0x02, 0x05, 0x00, 0xff, 0xff, 0xff, 0xff, 0x00, 0xff, 0xff, 0xff, 0xff, 0x00, 0x00, 0x00, 0x00,
    0xff, 0xff, 0xff, 0xff, 0x00, 0x00, 0x00, 0x00, 0x00, 0x00, 0xff, 0xff, 0xff, 0xff, 0x00, 0x00, 0x00, 0x00, 0x00, 0x00, 0x0c, 0x00, 0x00, 0x00,
    0xff, 0xff, 0x00, 0xff, 0xff, 0x00, 0xff, 0xff, 0x00, 0x00, 0x00, 0x02, 0xff, 0xff, 0xff, 0xff, 0xff, 0xff, 0x00, 0x00, 0xff, 0xff, 0xff, 0xff,
    0x00, 0x00, 0x00, 0xff, 0xff, 0x00, 0x00, 0x00, 0x00, 0x00, 0x00, 0xff, 0xff, 0x00, 0x00, 0xff, 0xff, 0x00, 0x00, 0x00, 0x01, 0x00, 0x00, 0x00,
    0xff, 0xff, 0x00, 0x00, 0x00, 0x00, 0xff, 0xff, 0xff, 0xff, 0x12, 0x00, 0xff, 0xff, 0xff, 0xff, 0x00, 0x00, 0xff, 0xff, 0xff, 0xff, 0x11, 0x00,
    0x00, 0x01, 0x00, 0x00, 0x03, 0x04, 0x00, 0x1e, 0x00, 0xff, 0xff, 0x01, 0x01, 0x00, 0x43, 0x00, 0x00, 0x01, 0x00, 0x00, 0x00, 0x01, 0x80, 0x00,
    0x05, 0x01, 0x00, 0x01, 0x61, 0x05, 0x00, 0x43, 0x11, 0x00, 0x00, 0x00, 0x26, 0x00, 0x02, 0x00, 0x00, 0x00, 0x00, 0x00, 0x01, 0x00, 0x02, 0x05,
    0x01, 0xff, 0xff, 0xff, 0xff, 0x00, 0xff, 0xff, 0x00, 0x00, 0x00, 0x00, 0xff, 0xff, 0x00, 0x00, 0xff, 0xff, 0x00, 0xff, 0xff, 0x00, 0x00, 0x01,
    0x00, 0x03, 0x00, 0x01, 0x00, 0x00, 0x60, 0x03, 0x10, 0x00, 0x00, 0x00, 0x00, 0x40, 0x00, 0xff, 0xff, 0x00, 0x00, 0x41, 0x00, 0x17, 0x00, 0x01,
    0x00, 0x00, 0x00, 0x42, 0x00, 0x00, 0x00, 0x00, 0xff, 0xff, 0x01, 0x01, 0x00, 0x43, 0x00, 0x00, 0x00, 0x01, 0x00, 0xff, 0xff, 0x02, 0x10, 0x00,
    0x00, 0x00, 0x09, 0x40, 0x00, 0xff, 0xff, 0x00, 0x00, 0x41, 0x00, 0x5c, 0x00, 0x01, 0x00, 0x00, 0x00, 0x42, 0x00, 0x00, 0x00, 0x00, 0xff, 0xff,
    0x01, 0x01, 0x00, 0x43, 0x00, 0x00, 0x00, 0x01, 0x00, 0xff, 0xff, 0x01, 0x12, 0x00, 0xff, 0xff, 0xff, 0xff, 0x00, 0x00, 0x40, 0x00, 0xff, 0xff,
    0x41, 0x00, 0x00, 0x01, 0x00, 0x00, 0x00, 0x00, 0x00, 0x1e, 0x00, 0xff, 0xff, 0x01, 0x01, 0x00, 0x43, 0x00, 0x00, 0x01, 0x00, 0x00, 0x00, 0x01,
    0x61, 0x08, 0x00, 0x40, 0x14, 0x03, 0x05, 0x00, 0x61, 0x00, 0x00, 0x3d, 0x00, 0x14, 0x00, 0x00, 0x00, 0x00, 0xff, 0xff, 0x00, 0x00, 0xff, 0xff,
    0xff, 0xff, 0x03, 0xff, 0xff, 0x00, 0x00, 0x00, 0x00, 0x00, 0xff, 0xff, 0x00, 0x00, 0x01, 0x08, 0x00, 0xff, 0xff, 0xff, 0xff, 0x00, 0xff, 0xff,
    0xff, 0xff, 0x00, 0x00, 0x00, 0x00, 0xff, 0xff, 0xff, 0xff, 0x00, 0x00, 0x00, 0x00, 0x00, 0x00, 0xff, 0xff, 0xff, 0xff, 0x00, 0x00, 0x00, 0x0f,
    0x03, 0x00, 0x00, 0x00, 0x61, 0x08, 0x00, 0x40, 0x08, 0x03, 0x0b, 0x00, 0xff, 0xff, 0x00, 0x24, 0x00, 0x12, 0x00, 0xff, 0xff, 0xff, 0xff, 0x00,
    0x00, 0xff, 0xff, 0xff, 0xff, 0xff, 0xff, 0x00, 0x00, 0x00, 0x00, 0x00, 0x00, 0x00, 0x1e, 0x00, 0xff, 0xff, 0x00, 0x00, 0x00, 0xff, 0xff, 0x00,
    0x01, 0x00, 0x00, 0x00, 0x01, 0x00, 0x00, 0x61, 0x08, 0x00, 0x40, 0x01, 0x03, 0x02, 0x01, 0x3d, 0x00, 0x00, 0x14, 0x00, 0x19, 0x01, 0x00, 0x00,
    0x00, 0x01, 0xff, 0xff, 0x01, 0x01, 0x60, 0x00, 0x00, 0xff, 0xff, 0x01, 0x00, 0x00, 0xff, 0xff, 0x00, 0x00, 0x61, 0x08, 0x00, 0x40, 0x08, 0x03,
    0x09, 0x00, 0xff, 0xff, 0x00, 0x24, 0x00, 0x12, 0x00, 0xff, 0xff, 0xff, 0xff, 0x00, 0x00, 0xff, 0xff, 0xff, 0xff, 0xff, 0xff, 0x00, 0x00, 0x00,
    0x00, 0x00, 0x00, 0x00, 0x1e, 0x00, 0xff, 0xff, 0x00, 0x00, 0x00, 0xff, 0xff, 0x00, 0x01, 0x00, 0x00, 0x00, 0x01, 0x00, 0x00, 0x28, 0x01, 0x01,
    0x7f, 0x00, 0x00, 0x61, 0x05, 0x00, 0x41, 0x01, 0x01, 0x00, 0x00, 0x24, 0x00, 0x12, 0x00, 0xff, 0xff, 0xff, 0xff, 0x00, 0x00, 0xff, 0xff, 0xff,
    0xff, 0xff, 0xff, 0x00, 0x00, 0x00, 0x00, 0x00, 0x00, 0x00, 0x1e, 0x00, 0xff, 0xff, 0x00, 0x00, 0x00, 0xff, 0xff, 0x00, 0x01, 0x00, 0x00, 0x00,
    0x01, 0x00, 0x00,
];

pub const OFFSETS: &[u16] = &[0, 67, 134, 148, 242, 307, 307, 319, 327, 361, 403, 470, 537, 631, 725, 732, 822, 916, 980, 1024, 1044, 1058, 1130, 1203, 1257, 1408, 1452, 1496, 1572, 1610, 1646, 1710, 1774, 1839, 1927, 1941, 2003, 2023, 2084, 2120, 2121, 2194, 2215, 2229, 2291, 2299, 2322, 2383, 2466, 2545, 2620, 2693, 2773, 2867, 3003, 3068, 3134, 3186, 3280, 3303, 3340, 3408, 3544, 3657, 3673, 3702, 3737, 3907, 4044, 4116, 4177, 4213, 4245, 4316, 4405, 4466, 4543, 4604, 4728, 4818, 4894, 5018, 5122, 5205, 5282, 5376, 5414, 5434, 5489, 5503, 5577, 5589, 5661, 5738, 5781, 5810, 5860, 5956, 6051, 6137, 6211, 6326, 6423, 6460, 6554, 6636, 6686, 6691, 6720, 6758, 6865, 6933, 6935, 7060, 7130, 7271, 7335, 7370, 7438, 7461, 7512, 7586, 7692, 7825, 7841, 7917, 8016, 8092, 8182, 8348, 8431, 8479, 8487, 8548, 8711, 8772, 8813, 8827, 8881, 8895, 9037, 9080, 9163, 9225, 9299, 9389, 9420, 9487, 9558, 9560, 9599, 9645, 9652, 9689, 9754, 9765, 9765, 9833, 9897, 9958, 10015, 10023, 10090, 10147, 10230, 10250, 10332, 10378, 10419, 10502, 10569, 10636, 10728, 10748, 10756, 10813, 10941, 11035, 11083, 11184, 11226, 11250, 11300, 11340, 11360, 11434, 11566, 11592, 11606, 11626, 11632, 11652, 11714, 11776, 11838, 11900, 11907, 11975, 12042, 12116, 12136, 12197, 12271, 12324, 12397, 12458, 12523, 12661, 12738, 12815, 12827, 12894, 12955, 13080, 13144, 13269, 13334, 13384, 13452, 13519, 13649, 13783, 13809, 13823, 13887, 13984, 14003, 14253, 14325, 14419, 14433, 14505, 14556, 14588, 14652, 14686, 14747, 14826, 14864, 14965, 15008, 15052, 15119, 15195, 15243, 15281, 15365, 15504, 15581, 15582, 15646, 15660, 15668, 15741, 15811, 15822, 15893, 16010, 16067, 16140, 16204, 16218, 16238, 16300, 16374, 16451, 16459, 16510, 16563, 16609, 16685, 16750, 16766, 16827, 16896, 16972, 16976, 17053, 17088, 17182, 17280, 17318, 17380, 17445, 17483, 17551, 17565, 17647, 17661, 17704, 17711, 17818, 17832, 17870, 17946, 17989, 18062, 18100, 18104, 18256, 18270, 18313, 18494, 18548, 18610, 18652, 18653, 18696, 18790, 18888, 18923, 18961, 18975, 19043, 19093, 19131, 19135, 19176, 19218, 19258, 19272, 19370, 19431, 19483, 19542, 19571, 19621, 19671, 19709, 19761, 19809, 19891, 19895, 19947, 19951, 19995, 20110, 20167, 20250, 20262, 20356, 20418, 20491, 20564, 20647, 20717, 20833, 20837, 20846, 20892, 20940, 21049, 21081, 21127, 21215, 21292, 21308, 21359, 21465, 21537, 21700, 21741, 21783, 21855, 21895, 21933, 22043, 22152, 22214, 22277, 22348, 22409, 22473, 22579, 22643, 22651, 22715, 22723, 22829, 22935, 22943, 23049, 23113, 23121, 23135, 23166, 23228, 23235, 23255, 23297, 23370, 23420, 23470, 23537, 23601, 23659, 23661, 23790, 23855, 23948, 24042, 24183, 24318, 24464, 24612, 24684, 24768, 24806, 24830, 24902, 25006, 25065, 25066, 25074, 25126, 25158, 25241, 25315, 25377, 25385, 25399, 25529, 25571, 25619, 25667, 25802, 25810, 25905, 25957, 26029, 26067, 26141, 26242, 26310, 26348, 26355, 26403, 26504, 26552, 26575, 26666, 26728, 26778, 26885, 26899, 27054, 27102, 27161, 27243, 27253, 27282, 27362, 27426, 27462, 27504, 27506, 27608, 27761, 27781, 27788, 27820, 27887, 27925, 27992, 28078, 28145, 28219, 28295, 28357, 28418, 28514, 28522, 28650, 28744, 28808, 28842, 28850, 28888, 28955, 29022, 29023, 29130, 29134, 29208, 29283, 29326, 29387, 29397, 29471, 29547, 29600, 29674, 29806, 29938, 29981, 30046, 30210, 30271, 30296, 30378, 30414, 30465, 30516, 30598, 30641, 30691, 30742, 30803, 30854, 30943, 30951, 31016, 31084, 31151, 31216, 31264, 31295, 31356, 31375, 31439, 31465, 31516, 31530, 31544, 31558, 31601, 31662, 31710, 31784, 31861, 31935, 32009, 32083, 32106, 32129, 32176, 32285, 32331, 32410, 32666, 32702, 32755, 32808, 32861, 32902, 32916, 32984, 32998, 33012, 33026, 33050, 33111, 33159, 33212, 33263, 33383, 33433, 33535, 33586, 33632, 33700, 33757, 33786, 33850, 33942, 34067, 34198, 34262, 34311, 34352, 34393, 34473, 34474, 34563, 34614, 34650, 34694, 34759, 34760, 34815, 34864, 34937, 35004, 35047, 35114, 35180, 35248, 35320, 35386, 35469, 35524, 35556, 35630, 35706, 35758, 35820, 35928, 35989, 36087, 36091, 36139, 36225, 36299, 36375, 36376, 36486, 36628, 36750, 36815, 36898, 36970, 37037, 37109, 37192, 37257, 37265, 37306, 37347, 37348, 37394, 37466, 37519, 37649, 37739, 37777, 37791, 37841, 38035, 38111, 38149, 38172, 38195, 38269, 38330, 38403, 38477, 38553, 38674, 38757, 38831, 38955, 39003, 39085, 39143, 39240, 39422, 39503, 39546, 39620, 39634, 39675, 39737, 39814, 39853, 39887, 39969, 40030, 40120, 40159, 40207, 40279, 40404, 40478, 40555, 40616, 40677, 40715, 40766, 40779, 40830, 40963, 41027, 41101, 41162, 41284, 41346, 41403, 41492, 41586, 41636, 41650, 41715, 41782, 41856, 41929, 42003, 42076, 42172, 42297, 42364, 42470, 42538, 42612, 42679, 42687, 42781, 42853, 42920, 42987, 43116, 43177, 43271, 43333, 43347, 43549, 43592, 43666, 43740, 43817, 43915, 43965, 44038, 44081, 44152, 44278, 44322, 44396, 44478, 44552, 44626, 44701, 44742, 44774, 44820, 44925, 44975, 45039, 45040, 45112, 45216, 45278, 45296, 45440, 45567, 45653, 45710, 45758, 45858, 45983, 46051, 46149, 46199, 46237, 46338, 46442, 46506, 46708, 46848, 46957, 47025, 47101, 47184, 47213, 47242, 47336, 47337, 47398, 47406, 47474, 47549, 47613, 47679, 47788, 47850, 47917, 47978, 48040, 48175, 48257, 48310, 48374, 48436, 48508, 48591, 48665, 48739, 48880, 48954, 49036, 49079, 49130, 49256, 49328, 49454, 49509, 49547, 49588, 49714, 49776, 49870, 49964, 50026, 50062, 50118, 50232, 50308, 50359, 50394, 50445, 50451, 50499];

pub const STRINGS: &[&str] = &["live_end", "blade", "ウェイト状態のメンバーが持つ{{icon_blade.png|ブレード}}は、エールで公開する枚数を増やさない。", "wait", "虹ヶ咲", "heart", "このメンバーを今いるエリア以外のエリアに移動させる。そのエリアにメンバーがいる場合、そのメンバーはこのメンバーがいたエリアに移動させる。", "active", "all", "cost", "total", "【常時】ライブの合計スコアを+1する。", "常時", "蓮ノ空", "【ライブ成功時】エールにより公開された自分のカードの中にライブカードが1枚以上ある場合、ライブの合計スコアを＋１する。ライブカードが3枚以上ある場合、代わりに合計スコアを＋２する。", "ライブ成功時", "Aqours", "Liella!", "登場_ability", "{{toujyou.png|登場}}能力がコストを持つ場合、支払って発動させる。", "cost_card", "これにより控え室に置いたメンバーカードの{{toujyou.png|登場}}能力", "登場", "heart00", "increase", "subtract", "みらくらぱーく！", "μ's", "この能力はセンターエリアに登場している場合のみ起動できる。", "previous_moved_card", "add", "自分のライブ中のライブカードに、{{live_start.png|ライブ開始時}}能力も{{live_success.png|ライブ成功時}}能力も持たないカードがあるかぎり", "as_long_as", "any_order", "no_ability", "appeared_this_turn", "score", "this_member", "previous_moved_cards", "contains_all", "revealed_card", "select", "same_group_name", "µ's", "no_ability_type", "ライブ開始時", "DOLLCHESTRA", "cannot_baton_touch", "cannot_active", "優木せつ菜", "スリーズブーケ", "SaintSnow", "cannot_activate", "remove", "different_group_names", "センターにいるメンバーを今いるエリア以外のエリアに移動させる。そのエリアにメンバーがいる場合、そのメンバーはセンターエリアに移動させる。", "EdelNote", "対戦相手のカードの効果でも発動する。", "cannot_live", "澁谷かのん", "唐可可", "5yncri5e!", "right_side", "each_time", "card_name", "CatChu!", "decrease", "人", "appeared_or_moved_this_turn", "cannot_place", "heart04", "自分", "そのカードの{{toujyou.png|登場}}能力", "ミア・テイラー", "BiBi", "Printemps", "lilywhite", "cannot_activate_by_effect", "この能力はセンターエリアにいる場合のみ発動する。", "unless", "この効果で登場したメンバーのいるエリアには、このターンにメンバーは登場できない。", "紫ブレード", "メンバーをそれぞれ好きなエリアに移動させる。この効果で1つのエリアに2人以上のメンバーを移動させることはできない。", "メンバーがステージから離れたとき、下に置かれているエネルギーカードはエネルギーデッキに戻す。", "上原歩夢", "桜坂しずく", "宮下愛", "A-RISE", "DreamBelievers", "negative", "set", "moved_this_turn", "heart02", "has_blade_heart", "起動", "枚", "メンバーをそれぞれ好きなエリアに移動させてもよい。", "KALEIDOSCORE", "お願いします", "それ以外", "チョコミント", "あなた", "【常時】ライブの合計スコアを+3する。", "手札のこのカードもこの効果で控え室に置ける。", "必要ハートを確認する時、エールで出た{{icon_b_all.png|ALLブレード}}は任意の色のハートとして扱う。", "エールをすべて行った後、エールで出た{{icon_draw.png|ドロー}}1つにつき、カードを1枚引く。", "heart_colors", "エールで出た{{icon_score.png|スコア}}1つにつき、成功したライブのスコアの合計に1を加算する。", "この効果で既にメンバーがいるエリアにも登場できる。ただし、このターンにステージに登場したメンバーがいるエリアには登場できない。", "heart01", "heart05", "selected", "自分のライブ中のライブカードに、{{live_start.png|ライブ開始時}}能力も{{live_success.png|ライブ成功時}}能力も持たないカードがある場合", "青ブレード", "DIVE!", "相手のカードの効果でも発動する。", "この能力は左サイドエリアにいる場合のみ発動する。", "この能力は右サイドエリアにいる場合のみ発動する。", "つ", "surplus_heart", "中須かすみ", "heart06", "has_score_icon", "ライブ開始時_ability", "そのメンバーの{{live_start.png|ライブ開始時}}能力", "【ライブ成功時】カードを1枚引く。", "藤島慈", "live_start"];
