// Auto-generated by compile_abilities.py
//
// Each ability in `unique_abilities` is stored as a compact *binary JSON* slice
// (tagged tree with interned strings). `get_ability(idx)` decodes
// `BYTECODE[OFFSETS[idx]..OFFSETS[idx+1]]` back into the SAME `serde_json::Value`
// the text loader would produce, then runs the identical post-processing
// (`from_value::<Ability>` + `populate_from_json` + draw-count fix). Field names
// are interned into `STRINGS` so the blob is far smaller than text JSON, while
// remaining fully data-driven: new action types / fields need zero decoder
// changes.

pub const NUM_ABILITIES: usize = 936;

pub const BYTECODE: &[u8] = &[
    0x08, 0x08, 0x07, 0x06, 0xfe, 0xcf, 0x02, 0x08, 0x06, 0xfe, 0xd0, 0x02, 0x09, 0x03, 0x22, 0x0a, 0x06, 0x41, 0x0b, 0x00, 0x0c, 0x01, 0x06, 0x09,
    0x01, 0x07, 0x00, 0x06, 0xc8, 0x05, 0x06, 0x17, 0x2a, 0x06, 0x17, 0x0f, 0x06, 0x15, 0x03, 0x06, 0x11, 0x6e, 0x02, 0x01, 0x06, 0x14, 0x0d, 0x09,
    0x01, 0x07, 0x00, 0x06, 0xfe, 0x09, 0x01, 0x05, 0x06, 0x15, 0x0f, 0x06, 0x10, 0x02, 0x03, 0x01, 0x03, 0x06, 0x24, 0x04, 0x06, 0x0e, 0x01, 0x06,
    0x14, 0x08, 0x08, 0x07, 0x06, 0xfe, 0xd1, 0x02, 0x08, 0x06, 0xfe, 0xd2, 0x02, 0x09, 0x03, 0x1c, 0x0a, 0x06, 0x41, 0x0b, 0x00, 0x0c, 0x01, 0x06,
    0x09, 0x01, 0x07, 0x00, 0x06, 0xc8, 0x05, 0x06, 0x17, 0x2a, 0x06, 0x17, 0x0f, 0x06, 0x15, 0x03, 0x06, 0x11, 0x6e, 0x02, 0x01, 0x06, 0x14, 0x0d,
    0x09, 0x01, 0x07, 0x00, 0x06, 0xfe, 0x0a, 0x01, 0x05, 0x06, 0x15, 0x0f, 0x06, 0x10, 0x02, 0x03, 0x01, 0x03, 0x06, 0x11, 0x04, 0x06, 0x0e, 0x01,
    0x06, 0x14, 0x08, 0x08, 0x07, 0x06, 0xfe, 0xd3, 0x02, 0x08, 0x06, 0xfe, 0xd4, 0x02, 0x09, 0x03, 0x16, 0x0a, 0x06, 0x20, 0x0b, 0x00, 0x0c, 0x01,
    0x06, 0x09, 0x01, 0x07, 0x00, 0x06, 0x5b, 0x05, 0x06, 0x10, 0x2a, 0x06, 0x10, 0x0f, 0x06, 0x15, 0x02, 0x03, 0x01, 0x19, 0x02, 0x01, 0x06, 0x14,
    0x0d, 0x09, 0x04, 0x04, 0x00, 0x06, 0xfe, 0xd0, 0x01, 0x01, 0x06, 0x53, 0x58, 0x09, 0x04, 0x05, 0x00, 0x06, 0xc9, 0x05, 0x06, 0x2c, 0x02, 0x03,
    0x03, 0x04, 0x06, 0x0e, 0x01, 0x06, 0x4c, 0x54, 0x09, 0x03, 0x05, 0x01, 0x06, 0x51, 0x55, 0x02, 0x00, 0x06, 0xfe, 0x0b, 0x01, 0x0f, 0x06, 0x10,
    0x02, 0x03, 0x01, 0x08, 0x08, 0x07, 0x06, 0xfe, 0xd5, 0x02, 0x08, 0x06, 0xfe, 0xd6, 0x02, 0x09, 0x03, 0x11, 0x0a, 0x06, 0x21, 0x0b, 0x00, 0x0c,
    0x01, 0x06, 0x09, 0x07, 0x06, 0x00, 0x06, 0xa0, 0x19, 0x02, 0x3e, 0x03, 0x01, 0x02, 0x03, 0x01, 0x01, 0x06, 0x48, 0x05, 0x06, 0x2b, 0x0d, 0x09,
    0x07, 0x05, 0x00, 0x06, 0xa7, 0x1a, 0x06, 0x22, 0x01, 0x06, 0x1c, 0x1d, 0x06, 0x2e, 0x02, 0x03, 0x02, 0x08, 0x08, 0x07, 0x06, 0xfe, 0xd7, 0x02,
    0x08, 0x06, 0xfe, 0x42, 0x01, 0x09, 0x03, 0x10, 0x0a, 0x06, 0x20, 0x0b, 0x00, 0x0c, 0x01, 0x06, 0x00, 0x0d, 0x09, 0x0a, 0x03, 0x00, 0x06, 0xfb,
    0x01, 0x06, 0x23, 0x1e, 0x07, 0x02, 0x09, 0x02, 0x05, 0x00, 0x06, 0xa4, 0x02, 0x03, 0x01, 0x01, 0x06, 0x32, 0x05, 0x06, 0x2f, 0x0f, 0x06, 0x10,
    0x09, 0x01, 0x06, 0x00, 0x06, 0x77, 0x05, 0x06, 0x10, 0x0f, 0x06, 0x15, 0x02, 0x03, 0x01, 0x01, 0x06, 0x14, 0x03, 0x06, 0x2d, 0x08, 0x08, 0x07,
    0x06, 0xfe, 0xd8, 0x02, 0x08, 0x06, 0xfe, 0x0c, 0x01, 0x09, 0x03, 0x0a, 0x0a, 0x00, 0x0b, 0x00, 0x0c, 0x02, 0x06, 0x00, 0x0d, 0x00, 0x08, 0x08,
    0x07, 0x06, 0xfe, 0xd9, 0x02, 0x08, 0x06, 0xfe, 0xda, 0x02, 0x09, 0x03, 0x07, 0x0a, 0x06, 0x20, 0x0b, 0x00, 0x0c, 0x01, 0x06, 0x09, 0x08, 0x06,
    0x00, 0x06, 0xd3, 0x27, 0x06, 0x31, 0x03, 0x06, 0x11, 0x19, 0x02, 0x6e, 0x02, 0x01, 0x06, 0x30, 0x0d, 0x09, 0x04, 0x05, 0x00, 0x06, 0xfe, 0x43,
    0x01, 0x01, 0x06, 0x53, 0x58, 0x09, 0x04, 0x05, 0x00, 0x06, 0xca, 0x05, 0x06, 0x2c, 0x02, 0x03, 0x02, 0x04, 0x06, 0x0e, 0x01, 0x06, 0x4c, 0x54,
    0x09, 0x03, 0x07, 0x01, 0x06, 0x51, 0x55, 0x02, 0x00, 0x06, 0xe3, 0x0f, 0x06, 0x2c, 0x96, 0x06, 0x97, 0x99, 0x02, 0x4e, 0x01, 0x5f, 0x07, 0x01,
    0x06, 0xbf, 0x08, 0x08, 0x07, 0x06, 0xfe, 0xdb, 0x02, 0x08, 0x06, 0xfe, 0xd1, 0x01, 0x09, 0x03, 0x07, 0x0a, 0x06, 0x20, 0x0b, 0x00, 0x0c, 0x01,
    0x06, 0x00, 0x0d, 0x09, 0x04, 0x04, 0x00, 0x06, 0xfe, 0x79, 0x01, 0x01, 0x06, 0x53, 0x58, 0x09, 0x04, 0x05, 0x00, 0x06, 0xc9, 0x05, 0x06, 0x2c,
    0x02, 0x03, 0x03, 0x04, 0x06, 0x0e, 0x01, 0x06, 0x4c, 0x54, 0x09, 0x03, 0x07, 0x01, 0x06, 0x51, 0x55, 0x02, 0x00, 0x06, 0xe3, 0x0f, 0x06, 0x2c,
    0x96, 0x06, 0x97, 0x99, 0x02, 0x4e, 0x01, 0x08, 0x08, 0x07, 0x06, 0xfe, 0xdc, 0x02, 0x08, 0x06, 0xfe, 0xdd, 0x02, 0x09, 0x03, 0x07, 0x0a, 0x06,
    0x20, 0x0b, 0x00, 0x0c, 0x01, 0x06, 0x09, 0x01, 0x07, 0x00, 0x06, 0x5b, 0x05, 0x06, 0x10, 0x2a, 0x06, 0x10, 0x0f, 0x06, 0x15, 0x02, 0x03, 0x01,
    0x19, 0x02, 0x01, 0x06, 0x14, 0x0d, 0x09, 0x01, 0x08, 0x00, 0x06, 0xfe, 0x0d, 0x01, 0x05, 0x06, 0x15, 0x0f, 0x06, 0x10, 0x02, 0x03, 0x01, 0x03,
    0x06, 0x24, 0x04, 0x06, 0x0e, 0x12, 0x07, 0x01, 0x06, 0x36, 0x01, 0x06, 0x14, 0x08, 0x08, 0x07, 0x06, 0xfe, 0xde, 0x02, 0x08, 0x06, 0xfe, 0xdf,
    0x02, 0x09, 0x03, 0x07, 0x0a, 0x06, 0x41, 0x0b, 0x03, 0x01, 0x0c, 0x01, 0x06, 0x09, 0x07, 0x05, 0x00, 0x06, 0xa1, 0x3e, 0x03, 0x02, 0x02, 0x03,
    0x02, 0x01, 0x06, 0x48, 0x05, 0x06, 0x2b, 0x0d, 0x09, 0x02, 0x05, 0x00, 0x06, 0x9c, 0x01, 0x06, 0x32, 0x02, 0x03, 0x01, 0x05, 0x06, 0x2f, 0x0f,
    0x06, 0x10, 0x08, 0x08, 0x07, 0x06, 0xfe, 0xe0, 0x02, 0x08, 0x06, 0xfe, 0xe1, 0x02, 0x09, 0x03, 0x06, 0x0a, 0x06, 0xc0, 0x0b, 0x00, 0x0c, 0x01,
    0x06, 0x09, 0x08, 0x06, 0x00, 0x06, 0xd3, 0x27, 0x06, 0x31, 0x03, 0x06, 0x11, 0x19, 0x02, 0x6e, 0x02, 0x01, 0x06, 0x30, 0x0d, 0x09, 0x08, 0x0a,
    0x00, 0x06, 0xfe, 0x28, 0x01, 0x05, 0x06, 0x17, 0x43, 0x03, 0x04, 0x3f, 0x06, 0x47, 0x27, 0x06, 0x31, 0x02, 0x03, 0x01, 0x03, 0x06, 0x11, 0x04,
    0x06, 0x3c, 0x01, 0x06, 0x30, 0x5f, 0x07, 0x01, 0x06, 0xbf, 0x08, 0x08, 0x07, 0x06, 0xfe, 0xe2, 0x02, 0x08, 0x06, 0xfe, 0xe3, 0x02, 0x09, 0x03,
    0x06, 0x0a, 0x06, 0x20, 0x0b, 0x00, 0x0c, 0x01, 0x06, 0x09, 0x01, 0x07, 0x00, 0x06, 0x5b, 0x05, 0x06, 0x10, 0x2a, 0x06, 0x10, 0x0f, 0x06, 0x15,
    0x02, 0x03, 0x01, 0x19, 0x02, 0x01, 0x06, 0x14, 0x0d, 0x09, 0x01, 0x08, 0x00, 0x06, 0xd4, 0x05, 0x06, 0x6c, 0x0f, 0x06, 0x2b, 0x27, 0x06, 0x31,
    0x02, 0x03, 0x01, 0x03, 0x06, 0x49, 0x04, 0x06, 0x0e, 0x01, 0x06, 0x14, 0x08, 0x08, 0x07, 0x06, 0xfe, 0xe4, 0x02, 0x08, 0x06, 0xfe, 0x44, 0x01,
    0x09, 0x03, 0x06, 0x0a, 0x06, 0x20, 0x0b, 0x00, 0x0c, 0x01, 0x06, 0x00, 0x0d, 0x09, 0x08, 0x05, 0x00, 0x06, 0xfe, 0x29, 0x01, 0x27, 0x06, 0x67,
    0x02, 0x03, 0x02, 0x01, 0x06, 0x30, 0x03, 0x06, 0x49, 0x08, 0x08, 0x07, 0x06, 0xfe, 0xe5, 0x02, 0x08, 0x06, 0xfe, 0xd2, 0x01, 0x09, 0x03, 0x06,
    0x0a, 0x06, 0x20, 0x0b, 0x00, 0x0c, 0x01, 0x06, 0x00, 0x0d, 0x09, 0x0a, 0x03, 0x00, 0x06, 0xfe, 0x7a, 0x01, 0x01, 0x06, 0x23, 0x1e, 0x07, 0x02,
    0x09, 0x02, 0x05, 0x00, 0x06, 0x9a, 0x02, 0x03, 0x02, 0x01, 0x06, 0x32, 0x05, 0x06, 0x2f, 0x0f, 0x06, 0x10, 0x09, 0x01, 0x06, 0x00, 0x06, 0x77,
    0x05, 0x06, 0x10, 0x0f, 0x06, 0x15, 0x02, 0x03, 0x01, 0x01, 0x06, 0x14, 0x03, 0x06, 0x2d, 0x08, 0x08, 0x07, 0x06, 0xfe, 0xe6, 0x02, 0x08, 0x06,
    0xfe, 0xd2, 0x01, 0x09, 0x03, 0x06, 0x0a, 0x06, 0x37, 0x0b, 0x00, 0x0c, 0x01, 0x06, 0x00, 0x0d, 0x09, 0x0a, 0x03, 0x00, 0x06, 0xfe, 0x7a, 0x01,
    0x01, 0x06, 0x23, 0x1e, 0x07, 0x02, 0x09, 0x02, 0x05, 0x00, 0x06, 0x9a, 0x02, 0x03, 0x02, 0x01, 0x06, 0x32, 0x05, 0x06, 0x2f, 0x0f, 0x06, 0x10,
    0x09, 0x01, 0x06, 0x00, 0x06, 0x77, 0x05, 0x06, 0x10, 0x0f, 0x06, 0x15, 0x02, 0x03, 0x01, 0x01, 0x06, 0x14, 0x03, 0x06, 0x2d, 0x08, 0x08, 0x07,
    0x06, 0xfe, 0xe7, 0x02, 0x08, 0x06, 0xfe, 0xe8, 0x02, 0x09, 0x03, 0x06, 0x0a, 0x06, 0x33, 0x0b, 0x00, 0x0c, 0x01, 0x06, 0x00, 0x0d, 0x09, 0x01,
    0x04, 0x00, 0x06, 0xfe, 0xe9, 0x02, 0x01, 0x06, 0xfe, 0xd3, 0x01, 0x02, 0x03, 0x02, 0x19, 0x02, 0x08, 0x08, 0x07, 0x06, 0xfe, 0xea, 0x02, 0x08,
    0x06, 0xfe, 0xeb, 0x02, 0x09, 0x03, 0x05, 0x0a, 0x06, 0x21, 0x0b, 0x00, 0x0c, 0x01, 0x06, 0x00, 0x0d, 0x09, 0x0a, 0x04, 0x00, 0x06, 0xfe, 0xec,
    0x02, 0x01, 0x06, 0x23, 0x1e, 0x07, 0x02, 0x09, 0x03, 0x04, 0x00, 0x06, 0xfe, 0x45, 0x01, 0x02, 0x03, 0x01, 0x01, 0x06, 0x80, 0x1b, 0x07, 0x03,
    0x06, 0x4f, 0x06, 0x62, 0x06, 0x56, 0x09, 0x07, 0x0a, 0x00, 0x06, 0xfe, 0xd4, 0x01, 0x02, 0x03, 0x01, 0x01, 0x06, 0x1c, 0x1d, 0x06, 0x35, 0x59,
    0x02, 0x5d, 0x03, 0x01, 0x63, 0x06, 0x91, 0x13, 0x06, 0xa8, 0x04, 0x06, 0x0e, 0x1a, 0x06, 0x22, 0x1b, 0x07, 0x03, 0x06, 0x4f, 0x06, 0x62, 0x06,
    0x56, 0x08, 0x08, 0x07, 0x06, 0xfe, 0xed, 0x02, 0x08, 0x06, 0xfe, 0xd5, 0x01, 0x09, 0x03, 0x05, 0x0a, 0x06, 0x20, 0x0b, 0x00, 0x0c, 0x01, 0x06,
    0x00, 0x0d, 0x09, 0x0a, 0x03, 0x00, 0x06, 0xfe, 0x2a, 0x01, 0x01, 0x06, 0x23, 0x1e, 0x07, 0x02, 0x09, 0x02, 0x05, 0x00, 0x06, 0x9a, 0x02, 0x03,
    0x02, 0x01, 0x06, 0x32, 0x05, 0x06, 0x2f, 0x0f, 0x06, 0x10, 0x09, 0x01, 0x06, 0x00, 0x06, 0xab, 0x05, 0x06, 0x10, 0x0f, 0x06, 0x15, 0x02, 0x03,
    0x02, 0x01, 0x06, 0x14, 0x03, 0x06, 0x2d, 0x08, 0x08, 0x07, 0x06, 0xfe, 0xee, 0x02, 0x08, 0x06, 0xfe, 0xef, 0x02, 0x09, 0x03, 0x05, 0x0a, 0x06,
    0x21, 0x0b, 0x00, 0x0c, 0x01, 0x06, 0x09, 0x07, 0x06, 0x00, 0x06, 0xa0, 0x19, 0x02, 0x3e, 0x03, 0x01, 0x02, 0x03, 0x01, 0x01, 0x06, 0x48, 0x05,
    0x06, 0x2b, 0x0d, 0x09, 0x0a, 0x03, 0x00, 0x06, 0xfe, 0x46, 0x01, 0x01, 0x06, 0x23, 0x1e, 0x07, 0x02, 0x09, 0x0d, 0x05, 0x00, 0x06, 0xec, 0x02,
    0x03, 0x01, 0x01, 0x06, 0xed, 0x8d, 0x02, 0x04, 0x06, 0x0e, 0x09, 0x07, 0x05, 0x00, 0x06, 0xfe, 0x2b, 0x01, 0x1a, 0x06, 0x22, 0x02, 0x03, 0x01,
    0x01, 0x06, 0x1c, 0x1d, 0x06, 0x35, 0x08, 0x08, 0x07, 0x06, 0xfe, 0xf0, 0x02, 0x08, 0x06, 0xfe, 0xf1, 0x02, 0x09, 0x03, 0x05, 0x0a, 0x06, 0x41,
    0x0b, 0x03, 0x01, 0x0c, 0x01, 0x06, 0x09, 0x07, 0x05, 0x00, 0x06, 0xfe, 0xd6, 0x01, 0x3e, 0x03, 0x03, 0x02, 0x03, 0x03, 0x01, 0x06, 0x48, 0x05,
    0x06, 0x2b, 0x0d, 0x09, 0x01, 0x07, 0x00, 0x06, 0xfe, 0x09, 0x01, 0x05, 0x06, 0x15, 0x0f, 0x06, 0x10, 0x02, 0x03, 0x01, 0x03, 0x06, 0x24, 0x04,
    0x06, 0x0e, 0x01, 0x06, 0x14, 0x08, 0x08, 0x07, 0x06, 0xfe, 0xf2, 0x02, 0x08, 0x06, 0xfe, 0xf3, 0x02, 0x09, 0x03, 0x05, 0x0a, 0x06, 0x20, 0x0b,
    0x00, 0x0c, 0x01, 0x06, 0x09, 0x01, 0x07, 0x00, 0x06, 0x5b, 0x05, 0x06, 0x10, 0x2a, 0x06, 0x10, 0x0f, 0x06, 0x15, 0x02, 0x03, 0x01, 0x19, 0x02,
    0x01, 0x06, 0x14, 0x0d, 0x09, 0x08, 0x0b, 0x00, 0x06, 0xfe, 0xd7, 0x01, 0x05, 0x06, 0x17, 0x43, 0x03, 0x04, 0x3f, 0x06, 0x47, 0x27, 0x06, 0x31,
    0x02, 0x03, 0x02, 0x03, 0x06, 0x11, 0x04, 0x06, 0x3c, 0x6b, 0x02, 0x01, 0x06, 0x30, 0x5f, 0x07, 0x01, 0x06, 0xbf, 0x08, 0x08, 0x07, 0x06, 0xfe,
    0xf4, 0x02, 0x08, 0x06, 0xfe, 0xd8, 0x01, 0x09, 0x03, 0x05, 0x0a, 0x06, 0x20, 0x0b, 0x00, 0x0c, 0x01, 0x06, 0x00, 0x0d, 0x09, 0x0c, 0x07, 0x00,
    0x06, 0xfe, 0x7b, 0x01, 0x03, 0x06, 0x11, 0x19, 0x02, 0x01, 0x06, 0x7a, 0x04, 0x00, 0x42, 0x02, 0x5f, 0x07, 0x01, 0x06, 0xfc, 0x08, 0x08, 0x07,
    0x06, 0xfe, 0xf5, 0x02, 0x08, 0x06, 0xfe, 0xf6, 0x02, 0x09, 0x03, 0x04, 0x0a, 0x06, 0x20, 0x0b, 0x00, 0x0c, 0x01, 0x06, 0x09, 0x01, 0x07, 0x00,
    0x06, 0x5b, 0x05, 0x06, 0x10, 0x2a, 0x06, 0x10, 0x0f, 0x06, 0x15, 0x02, 0x03, 0x01, 0x19, 0x02, 0x01, 0x06, 0x14, 0x0d, 0x09, 0x04, 0x05, 0x00,
    0x06, 0xfe, 0xd9, 0x01, 0x01, 0x06, 0x53, 0x58, 0x09, 0x04, 0x05, 0x00, 0x06, 0x8e, 0x05, 0x06, 0x2c, 0x02, 0x03, 0x05, 0x04, 0x06, 0x0e, 0x01,
    0x06, 0x4c, 0x54, 0x09, 0x03, 0x08, 0x01, 0x06, 0x51, 0x0f, 0x06, 0x10, 0x55, 0x02, 0x4e, 0x02, 0x02, 0x03, 0x01, 0x03, 0x06, 0x24, 0x19, 0x02,
    0x00, 0x06, 0xfe, 0xd9, 0x01, 0x19, 0x02, 0x08, 0x08, 0x07, 0x06, 0xfe, 0xf7, 0x02, 0x08, 0x06, 0xfe, 0xf8, 0x02, 0x09, 0x03, 0x04, 0x0a, 0x06,
    0x41, 0x0b, 0x00, 0x0c, 0x01, 0x06, 0x09, 0x0a, 0x03, 0x00, 0x06, 0xfd, 0x01, 0x06, 0x92, 0x1e, 0x07, 0x02, 0x09, 0x07, 0x05, 0x00, 0x06, 0xa1,
    0x3e, 0x03, 0x02, 0x02, 0x03, 0x02, 0x01, 0x06, 0x48, 0x05, 0x06, 0x2b, 0x09, 0x01, 0x06, 0x00, 0x06, 0x77, 0x05, 0x06, 0x10, 0x2a, 0x06, 0x10,
    0x0f, 0x06, 0x15, 0x02, 0x03, 0x01, 0x01, 0x06, 0x14, 0x0d, 0x09, 0x01, 0x09, 0x00, 0x06, 0xfe, 0xf9, 0x02, 0x05, 0x06, 0x15, 0x0f, 0x06, 0x17,
    0x01, 0x06, 0x14, 0x25, 0x02, 0x03, 0x06, 0x2d, 0x02, 0x03, 0x01, 0xc1, 0x09, 0x02, 0x07, 0x00, 0x06, 0xfe, 0xfa, 0x02, 0x13, 0x06, 0x15, 0xfe,
    0x0e, 0x01, 0x02, 0x25, 0x02, 0x02, 0x03, 0x01, 0x18, 0x06, 0x1f, 0x04, 0x06, 0x0e, 0xfe, 0xda, 0x01, 0x02, 0x08, 0x08, 0x07, 0x06, 0xfe, 0xfb,
    0x02, 0x08, 0x06, 0xfe, 0xfc, 0x02, 0x09, 0x03, 0x04, 0x0a, 0x06, 0x41, 0x0b, 0x03, 0x01, 0x0c, 0x01, 0x06, 0x09, 0x01, 0x06, 0x00, 0x06, 0x77,
    0x05, 0x06, 0x10, 0x2a, 0x06, 0x10, 0x0f, 0x06, 0x15, 0x02, 0x03, 0x01, 0x01, 0x06, 0x14, 0x0d, 0x09, 0x08, 0x06, 0x00, 0x06, 0xfe, 0xfd, 0x02,
    0x16, 0x09, 0x06, 0x08, 0x6f, 0x06, 0x8f, 0x00, 0x06, 0xfe, 0xfe, 0x02, 0x39, 0x09, 0x03, 0x01, 0x26, 0x06, 0xfe, 0x7c, 0x01, 0x02, 0x03, 0x01,
    0x13, 0x06, 0x17, 0x03, 0x06, 0x11, 0x04, 0x06, 0x0e, 0x12, 0x07, 0x01, 0x06, 0x36, 0x27, 0x06, 0x67, 0x02, 0x03, 0x02, 0x01, 0x06, 0x30, 0x03,
    0x06, 0x49, 0x08, 0x08, 0x07, 0x06, 0xfe, 0xff, 0x02, 0x08, 0x06, 0xfe, 0x00, 0x03, 0x09, 0x03, 0x04, 0x0a, 0x06, 0x33, 0x0b, 0x00, 0x0c, 0x01,
    0x06, 0x00, 0x0d, 0x09, 0x0a, 0x05, 0x00, 0x06, 0xfe, 0x7d, 0x01, 0x16, 0x09, 0x00, 0x06, 0x18, 0x06, 0x81, 0x70, 0x07, 0x02, 0x09, 0x01, 0x05,
    0x02, 0x03, 0x03, 0x18, 0x06, 0x1f, 0x00, 0x06, 0xfe, 0x01, 0x03, 0x04, 0x06, 0x0e, 0x13, 0x06, 0x84, 0x09, 0x01, 0x06, 0x02, 0x03, 0x01, 0x18,
    0x06, 0x1f, 0x00, 0x06, 0xfe, 0x02, 0x03, 0x03, 0x06, 0x24, 0x12, 0x07, 0x01, 0x06, 0x36, 0x13, 0x06, 0x84, 0x00, 0x06, 0xfe, 0x03, 0x03, 0x04,
    0x06, 0x0e, 0x03, 0x06, 0x24, 0x12, 0x07, 0x01, 0x06, 0x36, 0x01, 0x06, 0x23, 0x1e, 0x07, 0x02, 0x09, 0x07, 0x04, 0x01, 0x06, 0x1c, 0x1d, 0x06,
    0x2e, 0x02, 0x03, 0x02, 0x00, 0x06, 0xfe, 0x7d, 0x01, 0x09, 0x07, 0x05, 0x01, 0x06, 0x1c, 0x1d, 0x06, 0x35, 0xb0, 0x06, 0x52, 0x02, 0x03, 0x02,
    0x00, 0x06, 0xfe, 0x7d, 0x01, 0x12, 0x07, 0x01, 0x06, 0x36, 0x08, 0x08, 0x07, 0x06, 0xfe, 0x04, 0x03, 0x08, 0x06, 0xfe, 0x05, 0x03, 0x09, 0x03,
    0x04, 0x0a, 0x06, 0x20, 0x0b, 0x00, 0x0c, 0x01, 0x06, 0x09, 0x07, 0x06, 0x00, 0x06, 0xb1, 0x19, 0x02, 0x3e, 0x03, 0x02, 0x02, 0x03, 0x02, 0x01,
    0x06, 0x48, 0x05, 0x06, 0x2b, 0x0d, 0x09, 0x02, 0x07, 0x00, 0x06, 0xfe, 0x06, 0x03, 0x16, 0x09, 0x05, 0x05, 0x68, 0x02, 0x00, 0x06, 0xfe, 0x07,
    0x03, 0x39, 0x09, 0x03, 0x03, 0x26, 0x06, 0x68, 0x13, 0x06, 0x17, 0x3d, 0x06, 0x78, 0x13, 0x06, 0x17, 0x3d, 0x06, 0x78, 0x02, 0x03, 0x02, 0x01,
    0x06, 0x32, 0x05, 0x06, 0x2f, 0x0f, 0x06, 0x10, 0x3d, 0x06, 0x78, 0x08, 0x08, 0x07, 0x06, 0xfe, 0x08, 0x03, 0x08, 0x06, 0xfe, 0x09, 0x03, 0x09,
    0x03, 0x04, 0x0a, 0x06, 0x41, 0x0b, 0x03, 0x01, 0x0c, 0x01, 0x06, 0x09, 0x04, 0x05, 0x00, 0x06, 0xfe, 0x0a, 0x03, 0x05, 0x06, 0x10, 0x2a, 0x06,
    0x10, 0x03, 0x06, 0x11, 0x01, 0x06, 0x4e, 0x0d, 0x09, 0x09, 0x07, 0x00, 0x06, 0xfe, 0x0b, 0x03, 0x16, 0x09, 0x02, 0x08, 0x00, 0x06, 0xfe, 0x0c,
    0x03, 0x13, 0x06, 0x3a, 0x64, 0x06, 0x06, 0x60, 0x06, 0x61, 0xfe, 0x7e, 0x01, 0x07, 0x05, 0x03, 0x0a, 0x03, 0x14, 0x03, 0x1e, 0x03, 0x28, 0x03,
    0x32, 0x18, 0x06, 0x85, 0x02, 0x03, 0x0a, 0xfe, 0xfe, 0x00, 0x03, 0x0a, 0x01, 0x06, 0xb2, 0xb3, 0x06, 0x33, 0xb4, 0x06, 0xc2, 0x1a, 0x06, 0x22,
    0xb5, 0x09, 0x05, 0x04, 0x00, 0x06, 0xa5, 0x01, 0x06, 0x38, 0x29, 0x03, 0x01, 0x28, 0x06, 0x34, 0x08, 0x08, 0x07, 0x06, 0xfe, 0x0d, 0x03, 0x08,
    0x06, 0xfe, 0x0e, 0x03, 0x09, 0x03, 0x04, 0x0a, 0x06, 0x20, 0x0b, 0x00, 0x0c, 0x01, 0x06, 0x00, 0x0d, 0x09, 0x01, 0x08, 0x00, 0x06, 0xfe, 0x0f,
    0x03, 0x16, 0x09, 0x01, 0x05, 0x02, 0x03, 0x0b, 0x18, 0x06, 0x1f, 0x00, 0x06, 0xfe, 0x7f, 0x01, 0x04, 0x06, 0x0e, 0x13, 0x06, 0x2b, 0x05, 0x06,
    0x15, 0x0f, 0x06, 0x10, 0x02, 0x03, 0x01, 0x03, 0x06, 0x24, 0x04, 0x06, 0x0e, 0x01, 0x06, 0x14, 0x08, 0x08, 0x07, 0x06, 0xfe, 0x10, 0x03, 0x08,
    0x06, 0xfe, 0x11, 0x03, 0x09, 0x03, 0x04, 0x0a, 0x06, 0x33, 0x0b, 0x00, 0x0c, 0x01, 0x06, 0x00, 0x0d, 0x09, 0x09, 0x06, 0x00, 0x06, 0xfe, 0x12,
    0x03, 0x16, 0x09, 0x00, 0x08, 0x18, 0x06, 0x81, 0x70, 0x07, 0x02, 0x09, 0x05, 0x08, 0x68, 0x02, 0x00, 0x06, 0xfe, 0x13, 0x03, 0x39, 0x09, 0x03,
    0x02, 0x26, 0x06, 0x68, 0x13, 0x06, 0x17, 0x13, 0x06, 0x17, 0xfe, 0x47, 0x01, 0x02, 0x12, 0x07, 0x01, 0x06, 0x5c, 0x04, 0x06, 0x0e, 0x03, 0x06,
    0x11, 0x09, 0x01, 0x05, 0x04, 0x06, 0x0e, 0x71, 0x06, 0x7e, 0x00, 0x06, 0xfe, 0xdb, 0x01, 0x13, 0x06, 0x17, 0x12, 0x07, 0x01, 0x06, 0x5c, 0x00,
    0x06, 0xfe, 0x14, 0x03, 0x04, 0x06, 0x0e, 0x13, 0x06, 0x17, 0x03, 0x06, 0x11, 0x71, 0x06, 0x7e, 0x12, 0x07, 0x01, 0x06, 0x5c, 0x01, 0x06, 0xb2,
    0xb3, 0x06, 0x33, 0xb4, 0x06, 0xc2, 0xb5, 0x09, 0x05, 0x04, 0x00, 0x06, 0xa5, 0x01, 0x06, 0x38, 0x29, 0x03, 0x01, 0x28, 0x06, 0x34, 0x08, 0x08,
    0x07, 0x06, 0xfe, 0x15, 0x03, 0x08, 0x06, 0xfe, 0x16, 0x03, 0x09, 0x03, 0x04, 0x0a, 0x06, 0x41, 0x0b, 0x03, 0x01, 0x0c, 0x01, 0x06, 0x09, 0x07,
    0x05, 0x00, 0x06, 0xee, 0x3e, 0x03, 0x01, 0x02, 0x03, 0x01, 0x01, 0x06, 0x48, 0x05, 0x06, 0x2b, 0x0d, 0x09, 0x01, 0x0a, 0x00, 0x06, 0xfe, 0x17,
    0x03, 0x05, 0x06, 0x15, 0x0f, 0x06, 0x10, 0x43, 0x03, 0x04, 0x3f, 0x06, 0x47, 0x02, 0x03, 0x01, 0x03, 0x06, 0x11, 0x04, 0x06, 0x0e, 0x12, 0x07,
    0x01, 0x06, 0x5c, 0x01, 0x06, 0x14, 0x08, 0x08, 0x07, 0x06, 0xfe, 0x18, 0x03, 0x08, 0x06, 0xfe, 0x19, 0x03, 0x09, 0x03, 0x04, 0x0a, 0x06, 0x41,
    0x0b, 0x03, 0x01, 0x0c, 0x01, 0x06, 0x09, 0x07, 0x05, 0x00, 0x06, 0xfe, 0xd6, 0x01, 0x3e, 0x03, 0x03, 0x02, 0x03, 0x03, 0x01, 0x06, 0x48, 0x05,
    0x06, 0x2b, 0x0d, 0x09, 0x01, 0x08, 0x00, 0x06, 0xfe, 0xdc, 0x01, 0x05, 0x06, 0x15, 0x0f, 0x06, 0x10, 0x02, 0x03, 0x01, 0x03, 0x06, 0x24, 0x04,
    0x06, 0x0e, 0x12, 0x07, 0x01, 0x06, 0x5c, 0x01, 0x06, 0x14, 0x08, 0x08, 0x07, 0x06, 0xfe, 0x1a, 0x03, 0x08, 0x06, 0xfe, 0x1b, 0x03, 0x09, 0x03,
    0x04, 0x0a, 0x06, 0x21, 0x0b, 0x00, 0x0c, 0x01, 0x06, 0x09, 0x07, 0x06, 0x00, 0x06, 0xa0, 0x19, 0x02, 0x3e, 0x03, 0x01, 0x02, 0x03, 0x01, 0x01,
    0x06, 0x48, 0x05, 0x06, 0x2b, 0x0d, 0x09, 0x07, 0x09, 0x00, 0x06, 0xfe, 0x1c, 0x03, 0x01, 0x06, 0x1c, 0x1d, 0x06, 0x2e, 0x02, 0x03, 0x01, 0x59,
    0x02, 0x5d, 0x03, 0x01, 0x63, 0x06, 0x84, 0x04, 0x06, 0x0e, 0x1a, 0x06, 0x22, 0x08, 0x08, 0x07, 0x06, 0xfe, 0x1d, 0x03, 0x08, 0x06, 0xfe, 0x1e,
    0x03, 0x09, 0x03, 0x04, 0x0a, 0x06, 0x21, 0x0b, 0x00, 0x0c, 0x01, 0x06, 0x09, 0x01, 0x07, 0x00, 0x06, 0x5b, 0x05, 0x06, 0x10, 0x2a, 0x06, 0x10,
    0x0f, 0x06, 0x15, 0x02, 0x03, 0x01, 0x19, 0x02, 0x01, 0x06, 0x14, 0x0d, 0x09, 0x0a, 0x05, 0x00, 0x06, 0xfe, 0x1f, 0x03, 0x16, 0x09, 0x01, 0x05,
    0x00, 0x06, 0xfe, 0xdd, 0x01, 0x04, 0x06, 0x0e, 0x13, 0x06, 0x17, 0x03, 0x06, 0x11, 0x42, 0x02, 0x01, 0x06, 0x23, 0x1e, 0x07, 0x02, 0x09, 0x0d,
    0x05, 0x00, 0x06, 0xec, 0x02, 0x03, 0x01, 0x01, 0x06, 0xed, 0x8d, 0x02, 0x04, 0x06, 0x0e, 0x09, 0x07, 0x05, 0x00, 0x06, 0xfe, 0x2b, 0x01, 0x1a,
    0x06, 0x22, 0x02, 0x03, 0x01, 0x01, 0x06, 0x1c, 0x1d, 0x06, 0x35, 0x42, 0x02, 0x08, 0x08, 0x07, 0x06, 0xfe, 0x20, 0x03, 0x08, 0x06, 0xfe, 0x21,
    0x03, 0x09, 0x03, 0x04, 0x0a, 0x06, 0x20, 0x0b, 0x00, 0x0c, 0x01, 0x06, 0x09, 0x01, 0x07, 0x00, 0x06, 0x5b, 0x05, 0x06, 0x10, 0x2a, 0x06, 0x10,
    0x0f, 0x06, 0x15, 0x02, 0x03, 0x01, 0x19, 0x02, 0x01, 0x06, 0x14, 0x0d, 0x09, 0x04, 0x06, 0x00, 0x06, 0xfe, 0xde, 0x01, 0x01, 0x06, 0x53, 0x58,
    0x09, 0x04, 0x05, 0x00, 0x06, 0xfe, 0xdf, 0x01, 0x05, 0x06, 0x2c, 0x02, 0x03, 0x07, 0x04, 0x06, 0x0e, 0x01, 0x06, 0x4c, 0x54, 0x09, 0x03, 0x0a,
    0x01, 0x06, 0x51, 0x0f, 0x06, 0x10, 0x55, 0x02, 0x4e, 0x02, 0x02, 0x03, 0x03, 0x03, 0x06, 0x11, 0x1b, 0x07, 0x03, 0x06, 0x45, 0x06, 0x4a, 0x06,
    0x4d, 0x6b, 0x02, 0x19, 0x02, 0x00, 0x06, 0xfe, 0xde, 0x01, 0x19, 0x02, 0x1b, 0x07, 0x03, 0x06, 0x45, 0x06, 0x4a, 0x06, 0x4d, 0x08, 0x08, 0x07,
    0x06, 0xfe, 0x22, 0x03, 0x08, 0x06, 0xfe, 0x23, 0x03, 0x09, 0x03, 0x04, 0x0a, 0x06, 0x57, 0x0b, 0x03, 0x01, 0x0c, 0x01, 0x06, 0x00, 0x0d, 0x09,
    0x02, 0x06, 0x00, 0x06, 0xfe, 0x24, 0x03, 0x16, 0x09, 0x00, 0x04, 0x18, 0x06, 0x81, 0x70, 0x07, 0x02, 0x09, 0x01, 0x06, 0x02, 0x03, 0x01, 0x18,
    0x06, 0x1f, 0x00, 0x06, 0xfe, 0x25, 0x03, 0x13, 0x06, 0x3a, 0x03, 0x06, 0x24, 0x04, 0x06, 0x0e, 0x09, 0x02, 0x05, 0x86, 0x06, 0xfe, 0xe0, 0x01,
    0x13, 0x06, 0x10, 0x02, 0x03, 0x07, 0x18, 0x06, 0x47, 0x00, 0x06, 0xfe, 0x26, 0x03, 0x00, 0x06, 0xfe, 0x27, 0x03, 0xcb, 0x02, 0x01, 0x06, 0x32,
    0x02, 0x03, 0x01, 0x05, 0x06, 0x2f, 0x0f, 0x06, 0x10, 0x08, 0x08, 0x07, 0x06, 0xfe, 0x28, 0x03, 0x08, 0x06, 0xfe, 0x29, 0x03, 0x09, 0x03, 0x04,
    0x0a, 0x06, 0x21, 0x0b, 0x00, 0x0c, 0x01, 0x06, 0x09, 0x0a, 0x04, 0x00, 0x06, 0xfe, 0x2a, 0x03, 0x19, 0x02, 0x01, 0x06, 0x92, 0x1e, 0x07, 0x02,
    0x09, 0x04, 0x07, 0x00, 0x06, 0xfe, 0x2b, 0x03, 0x05, 0x06, 0x10, 0x2a, 0x06, 0x10, 0x02, 0x03, 0x01, 0x03, 0x06, 0x24, 0x19, 0x02, 0x01, 0x06,
    0x4e, 0x09, 0x01, 0x04, 0x00, 0x06, 0xfe, 0x2c, 0x03, 0x0f, 0x06, 0x9d, 0x19, 0x02, 0x01, 0x06, 0x14, 0x0d, 0x09, 0x04, 0x04, 0x00, 0x06, 0xfe,
    0x43, 0x01, 0x01, 0x06, 0x53, 0x58, 0x09, 0x04, 0x05, 0x00, 0x06, 0xca, 0x05, 0x06, 0x2c, 0x02, 0x03, 0x02, 0x04, 0x06, 0x0e, 0x01, 0x06, 0x4c,
    0x54, 0x09, 0x03, 0x07, 0x01, 0x06, 0x51, 0x55, 0x02, 0x00, 0x06, 0xe3, 0x0f, 0x06, 0x2c, 0x96, 0x06, 0x97, 0x99, 0x02, 0x4e, 0x01, 0x08, 0x08,
    0x07, 0x06, 0xfe, 0x2d, 0x03, 0x08, 0x06, 0xfe, 0x2e, 0x03, 0x09, 0x03, 0x04, 0x0a, 0x06, 0x20, 0x0b, 0x00, 0x0c, 0x01, 0x06, 0x00, 0x0d, 0x09,
    0x01, 0x08, 0x00, 0x06, 0xfe, 0x2f, 0x03, 0x05, 0x06, 0x15, 0x0f, 0x06, 0x9d, 0x02, 0x03, 0x01, 0x03, 0x06, 0x24, 0x04, 0x06, 0x0e, 0x6b, 0x02,
    0x01, 0x06, 0x14, 0x08, 0x08, 0x07, 0x06, 0xfe, 0x30, 0x03, 0x08, 0x06, 0xfe, 0xe1, 0x01, 0x09, 0x03, 0x04, 0x0a, 0x06, 0x33, 0x0b, 0x00, 0x0c,
    0x01, 0x06, 0x00, 0x0d, 0x09, 0x09, 0x0c, 0x00, 0x06, 0xfe, 0xe1, 0x01, 0x05, 0x06, 0x3a, 0x65, 0x09, 0x03, 0x02, 0x26, 0x06, 0x3a, 0x6d, 0x06,
    0x89, 0x02, 0x03, 0x01, 0x03, 0x06, 0x24, 0x04, 0x06, 0x0e, 0x12, 0x07, 0x01, 0x06, 0x46, 0x01, 0x06, 0xb2, 0xb3, 0x06, 0x37, 0xb4, 0x06, 0xfe,
    0x31, 0x03, 0x16, 0x09, 0x00, 0x07, 0x18, 0x06, 0x81, 0x70, 0x07, 0x02, 0x09, 0x05, 0x08, 0x68, 0x02, 0x00, 0x06, 0xfe, 0x32, 0x03, 0x39, 0x09,
    0x03, 0x02, 0x26, 0x06, 0x68, 0x13, 0x06, 0x17, 0x13, 0x06, 0x17, 0xfe, 0x47, 0x01, 0x02, 0x12, 0x07, 0x01, 0x06, 0x46, 0x04, 0x06, 0x0e, 0x03,
    0x06, 0x11, 0x09, 0x01, 0x04, 0x04, 0x06, 0x0e, 0x71, 0x06, 0x7e, 0x00, 0x06, 0xfe, 0xdb, 0x01, 0x13, 0x06, 0x17, 0x00, 0x06, 0xfe, 0x33, 0x03,
    0x04, 0x06, 0x0e, 0x13, 0x06, 0x17, 0x03, 0x06, 0x11, 0x71, 0x06, 0x7e, 0xb5, 0x09, 0x0a, 0x06, 0x00, 0x06, 0xfe, 0x34, 0x03, 0x01, 0x06, 0xef,
    0xf0, 0x09, 0x05, 0x04, 0x00, 0x06, 0xfe, 0x35, 0x03, 0x01, 0x06, 0x38, 0x29, 0x03, 0x02, 0x28, 0x06, 0x34, 0x16, 0x09, 0x01, 0x06, 0x02, 0x03,
    0x01, 0x18, 0x06, 0x1f, 0x00, 0x06, 0xfe, 0x36, 0x03, 0x13, 0x06, 0x3a, 0x03, 0x06, 0x24, 0x04, 0x06, 0x0e, 0xfe, 0x0f, 0x01, 0x09, 0x01, 0x06,
    0x02, 0x03, 0x03, 0x18, 0x06, 0x1f, 0x00, 0x06, 0xfe, 0x37, 0x03, 0x03, 0x06, 0x24, 0x13, 0x06, 0x3a, 0x04, 0x06, 0x0e, 0x94, 0x09, 0x05, 0x04,
    0x00, 0x06, 0xfe, 0x38, 0x03, 0x01, 0x06, 0x38, 0x29, 0x03, 0x01, 0x28, 0x06, 0x34, 0x08, 0x08, 0x07, 0x06, 0xfe, 0x39, 0x03, 0x08, 0x06, 0xfe,
    0x3a, 0x03, 0x09, 0x03, 0x04, 0x0a, 0x06, 0x20, 0x0b, 0x00, 0x0c, 0x01, 0x06, 0x00, 0x0d, 0x09, 0x0a, 0x07, 0x00, 0x06, 0xfe, 0x3b, 0x03, 0x01,
    0x06, 0xa9, 0x94, 0x09, 0x09, 0x0a, 0x00, 0x06, 0xfe, 0x3c, 0x03, 0x1a, 0x06, 0x22, 0x05, 0x06, 0x17, 0x02, 0x03, 0x01, 0x03, 0x06, 0x11, 0x04,
    0x06, 0x0e, 0x12, 0x07, 0x01, 0x06, 0x44, 0x19, 0x02, 0x01, 0x06, 0xfe, 0x80, 0x01, 0x52, 0x01, 0xaa, 0x09, 0x11, 0x02, 0x00, 0x06, 0xfe, 0x3d,
    0x03, 0xfe, 0x3e, 0x03, 0x06, 0xfe, 0x80, 0x01, 0x9e, 0x09, 0x01, 0x08, 0x00, 0x06, 0xfe, 0xe2, 0x01, 0x05, 0x06, 0x15, 0x0f, 0x06, 0x10, 0x02,
    0x03, 0x01, 0x04, 0x06, 0x0e, 0x12, 0x07, 0x01, 0x06, 0x44, 0x01, 0x06, 0x14, 0x03, 0x06, 0x2d, 0x12, 0x07, 0x01, 0x06, 0x44, 0x52, 0x02, 0x08,
    0x08, 0x07, 0x06, 0xfe, 0x3f, 0x03, 0x08, 0x06, 0xfe, 0x40, 0x03, 0x09, 0x03, 0x04, 0x0a, 0x06, 0x20, 0x0b, 0x00, 0x0c, 0x01, 0x06, 0x00, 0x0d,
    0x09, 0x01, 0x09, 0x00, 0x06, 0xfe, 0x41, 0x03, 0x16, 0x09, 0x03, 0x05, 0x74, 0x06, 0x75, 0x04, 0x06, 0x0e, 0x79, 0x02, 0x00, 0x06, 0xfe, 0x81,
    0x01, 0x39, 0x09, 0x03, 0x03, 0x26, 0x06, 0x75, 0x72, 0x06, 0x7b, 0x13, 0x06, 0x17, 0x05, 0x06, 0xfe, 0x42, 0x03, 0x0f, 0x06, 0x10, 0x02, 0x03,
    0x01, 0x03, 0x06, 0x11, 0x12, 0x07, 0x01, 0x06, 0x44, 0x01, 0x06, 0x14, 0x79, 0x02, 0x08, 0x08, 0x07, 0x06, 0xfe, 0x43, 0x03, 0x08, 0x06, 0xfe,
    0x44, 0x03, 0x09, 0x03, 0x04, 0x0a, 0x06, 0x41, 0x0b, 0x03, 0x01, 0x0c, 0x01, 0x06, 0x09, 0x01, 0x0a, 0x00, 0x06, 0xfe, 0x45, 0x03, 0x05, 0x06,
    0x10, 0x2a, 0x06, 0x10, 0x0f, 0x06, 0x15, 0x02, 0x03, 0x01, 0x03, 0x06, 0x11, 0x12, 0x07, 0x01, 0x06, 0x44, 0x43, 0x03, 0x04, 0x3f, 0x06, 0x47,
    0x01, 0x06, 0x14, 0x0d, 0x09, 0x09, 0x08, 0x00, 0x06, 0xfe, 0x46, 0x03, 0x01, 0x06, 0xfe, 0x48, 0x01, 0xfe, 0x47, 0x03, 0x06, 0xfe, 0x48, 0x03,
    0x04, 0x06, 0xfe, 0x49, 0x03, 0xfe, 0x49, 0x01, 0x06, 0x20, 0xfe, 0x4a, 0x01, 0x06, 0xfe, 0x82, 0x01, 0x02, 0x03, 0x01, 0x5f, 0x07, 0x01, 0x06,
    0xfe, 0xe3, 0x01, 0x08, 0x08, 0x07, 0x06, 0xfe, 0x4a, 0x03, 0x08, 0x06, 0xfe, 0x4b, 0x03, 0x09, 0x03, 0x04, 0x0a, 0x06, 0x20, 0x0b, 0x00, 0x0c,
    0x01, 0x06, 0x09, 0x01, 0x07, 0x00, 0x06, 0x5b, 0x05, 0x06, 0x10, 0x2a, 0x06, 0x10, 0x0f, 0x06, 0x15, 0x02, 0x03, 0x01, 0x19, 0x02, 0x01, 0x06,
    0x14, 0x0d, 0x09, 0x04, 0x06, 0x00, 0x06, 0xfe, 0xe4, 0x01, 0x01, 0x06, 0x53, 0x58, 0x09, 0x04, 0x05, 0x00, 0x06, 0x8e, 0x05, 0x06, 0x2c, 0x02,
    0x03, 0x05, 0x04, 0x06, 0x0e, 0x01, 0x06, 0x4c, 0x54, 0x09, 0x03, 0x09, 0x01, 0x06, 0x51, 0x0f, 0x06, 0x10, 0x55, 0x02, 0x4e, 0x02, 0x02, 0x03,
    0x01, 0x03, 0x06, 0x11, 0x19, 0x02, 0x12, 0x07, 0x01, 0x06, 0x44, 0x00, 0x06, 0xfe, 0xe4, 0x01, 0x19, 0x02, 0x12, 0x07, 0x01, 0x06, 0x44, 0x08,
    0x08, 0x07, 0x06, 0xfe, 0x4c, 0x03, 0x08, 0x06, 0xfe, 0x4d, 0x03, 0x09, 0x03, 0x04, 0x0a, 0x06, 0x21, 0x0b, 0x00, 0x0c, 0x01, 0x06, 0x00, 0x0d,
    0x09, 0x07, 0x09, 0x00, 0x06, 0xfe, 0x4e, 0x03, 0x01, 0x06, 0x1c, 0x1d, 0x06, 0x2e, 0x02, 0x03, 0x01, 0x59, 0x02, 0x5d, 0x03, 0x02, 0x63, 0x06,
    0x91, 0x04, 0x06, 0x0e, 0x1a, 0x06, 0x22, 0x08, 0x08, 0x07, 0x06, 0xfe, 0x4f, 0x03, 0x08, 0x06, 0xfe, 0x50, 0x03, 0x09, 0x03, 0x04, 0x0a, 0x06,
    0x33, 0x0b, 0x00, 0x0c, 0x01, 0x06, 0x00, 0x0d, 0x09, 0x06, 0x07, 0x00, 0x06, 0xfe, 0x51, 0x03, 0x01, 0x06, 0xfe, 0x83, 0x01, 0x28, 0x06, 0xfe,
    0x2c, 0x01, 0x04, 0x06, 0x3c, 0x52, 0x02, 0x1b, 0x07, 0x01, 0x06, 0x87, 0x29, 0x03, 0x01, 0x08, 0x08, 0x07, 0x06, 0xfe, 0x52, 0x03, 0x08, 0x06,
    0xfe, 0x53, 0x03, 0x09, 0x03, 0x04, 0x0a, 0x06, 0x21, 0x0b, 0x00, 0x0c, 0x01, 0x06, 0x00, 0x0d, 0x09, 0x0d, 0x07, 0x00, 0x06, 0xfe, 0x54, 0x03,
    0x16, 0x09, 0x01, 0x08, 0x02, 0x03, 0x01, 0x18, 0x06, 0x1f, 0x00, 0x06, 0xfe, 0x55, 0x03, 0x7c, 0x06, 0x66, 0x03, 0x06, 0x11, 0x42, 0x02, 0x13,
    0x06, 0x17, 0x04, 0x06, 0x0e, 0x01, 0x06, 0xfe, 0xe5, 0x01, 0x28, 0x06, 0xc3, 0x02, 0x03, 0x08, 0x1a, 0x06, 0x22, 0x42, 0x02, 0x08, 0x08, 0x07,
    0x06, 0xfe, 0x56, 0x03, 0x08, 0x06, 0xfe, 0x57, 0x03, 0x09, 0x03, 0x04, 0x0a, 0x06, 0x20, 0x0b, 0x00, 0x0c, 0x01, 0x06, 0x00, 0x0d, 0x09, 0x01,
    0x0a, 0x00, 0x06, 0xfe, 0x58, 0x03, 0x05, 0x06, 0x15, 0x0f, 0x06, 0x10, 0x43, 0x03, 0x02, 0x3f, 0x06, 0x47, 0x02, 0x03, 0x02, 0x03, 0x06, 0x11,
    0x04, 0x06, 0x0e, 0x6b, 0x02, 0x01, 0x06, 0x14, 0x08, 0x08, 0x07, 0x06, 0xfe, 0x59, 0x03, 0x08, 0x06, 0xfe, 0x5a, 0x03, 0x09, 0x03, 0x04, 0x0a,
    0x06, 0x33, 0x0b, 0x00, 0x0c, 0x01, 0x06, 0x00, 0x0d, 0x09, 0x07, 0x05, 0x00, 0x06, 0xfe, 0x5b, 0x03, 0x16, 0x09, 0x02, 0x07, 0x00, 0x06, 0xfe,
    0x5c, 0x03, 0x04, 0x06, 0x0e, 0x13, 0x06, 0x17, 0x03, 0x06, 0x11, 0x7f, 0x06, 0x0e, 0x18, 0x06, 0x8b, 0x64, 0x06, 0x06, 0x01, 0x06, 0x1c, 0x1d,
    0x06, 0x2e, 0x02, 0x03, 0x03, 0x08, 0x08, 0x07, 0x06, 0xfe, 0x5d, 0x03, 0x08, 0x06, 0xfe, 0x5e, 0x03, 0x09, 0x03, 0x04, 0x0a, 0x06, 0x20, 0x0b,
    0x00, 0x0c, 0x01, 0x06, 0x09, 0x01, 0x07, 0x00, 0x06, 0x5b, 0x05, 0x06, 0x10, 0x2a, 0x06, 0x10, 0x0f, 0x06, 0x15, 0x02, 0x03, 0x01, 0x19, 0x02,
    0x01, 0x06, 0x14, 0x0d, 0x09, 0x01, 0x09, 0x00, 0x06, 0xfe, 0x5f, 0x03, 0x16, 0x09, 0x01, 0x05, 0x00, 0x06, 0xfe, 0xdd, 0x01, 0x04, 0x06, 0x0e,
    0x13, 0x06, 0x17, 0x03, 0x06, 0x11, 0x42, 0x02, 0x05, 0x06, 0x15, 0x0f, 0x06, 0x10, 0x02, 0x03, 0x01, 0x04, 0x06, 0x0e, 0x12, 0x07, 0x01, 0x06,
    0x93, 0x01, 0x06, 0x14, 0x03, 0x06, 0x2d, 0x08, 0x08, 0x07, 0x06, 0xfe, 0x60, 0x03, 0x08, 0x06, 0xfe, 0x61, 0x03, 0x09, 0x03, 0x04, 0x0a, 0x06,
    0x21, 0x0b, 0x00, 0x0c, 0x01, 0x06, 0x09, 0x07, 0x06, 0x00, 0x06, 0xa0, 0x19, 0x02, 0x3e, 0x03, 0x01, 0x02, 0x03, 0x01, 0x01, 0x06, 0x48, 0x05,
    0x06, 0x2b, 0x0d, 0x09, 0x07, 0x06, 0x00, 0x06, 0xfe, 0x62, 0x03, 0x16, 0x09, 0x05, 0x07, 0x68, 0x02, 0x00, 0x06, 0xfe, 0x63, 0x03, 0x39, 0x09,
    0x03, 0x02, 0x26, 0x06, 0x68, 0x13, 0x06, 0x17, 0x13, 0x06, 0x17, 0xfe, 0x47, 0x01, 0x02, 0x04, 0x06, 0x0e, 0x03, 0x06, 0x11, 0x01, 0x06, 0x1c,
    0x1d, 0x06, 0x2e, 0x02, 0x03, 0x02, 0x1a, 0x06, 0x22, 0x08, 0x08, 0x07, 0x06, 0xfe, 0x64, 0x03, 0x08, 0x06, 0xfe, 0x65, 0x03, 0x09, 0x03, 0x04,
    0x0a, 0x06, 0x20, 0x0b, 0x00, 0x0c, 0x01, 0x06, 0x00, 0x0d, 0x09, 0x01, 0x09, 0x00, 0x06, 0xfe, 0x66, 0x03, 0x16, 0x09, 0x03, 0x06, 0x74, 0x06,
    0x75, 0x04, 0x06, 0x0e, 0x79, 0x02, 0x00, 0x06, 0xfe, 0x67, 0x03, 0x39, 0x09, 0x03, 0x04, 0x26, 0x06, 0x75, 0x72, 0x06, 0x7b, 0x13, 0x06, 0x17,
    0xfe, 0x2d, 0x01, 0x09, 0x03, 0x02, 0x18, 0x06, 0xc4, 0xfe, 0x2e, 0x01, 0x06, 0xfe, 0x2f, 0x01, 0x12, 0x07, 0x01, 0x06, 0xbc, 0x05, 0x06, 0x15,
    0x0f, 0x06, 0x10, 0x02, 0x03, 0x01, 0x03, 0x06, 0x24, 0x04, 0x06, 0x0e, 0x01, 0x06, 0x14, 0x79, 0x02, 0x08, 0x08, 0x07, 0x06, 0xfe, 0x68, 0x03,
    0x08, 0x06, 0xfe, 0x69, 0x03, 0x09, 0x03, 0x04, 0x0a, 0x06, 0x21, 0x0b, 0x00, 0x0c, 0x01, 0x06, 0x09, 0x01, 0x07, 0x00, 0x06, 0x5b, 0x05, 0x06,
    0x10, 0x2a, 0x06, 0x10, 0x0f, 0x06, 0x15, 0x02, 0x03, 0x01, 0x19, 0x02, 0x01, 0x06, 0x14, 0x0d, 0x09, 0x0a, 0x06, 0x00, 0x06, 0xfe, 0x84, 0x01,
    0x16, 0x09, 0x01, 0x05, 0x00, 0x06, 0xfe, 0x6a, 0x03, 0x13, 0x06, 0x15, 0x03, 0x06, 0x11, 0x04, 0x06, 0x0e, 0x1b, 0x07, 0x01, 0x06, 0x4a, 0x01,
    0x06, 0x23, 0x1e, 0x07, 0x02, 0x09, 0x07, 0x08, 0x01, 0x06, 0x1c, 0x1d, 0x06, 0x2e, 0x02, 0x03, 0x01, 0x73, 0x03, 0x01, 0xfe, 0x4b, 0x01, 0x02,
    0x03, 0x06, 0x11, 0x00, 0x06, 0xfe, 0x84, 0x01, 0x1a, 0x06, 0x22, 0x09, 0x07, 0x09, 0x01, 0x06, 0x1c, 0x1d, 0x06, 0x35, 0x1b, 0x07, 0x01, 0x06,
    0x4a, 0x02, 0x03, 0x01, 0x73, 0x03, 0x01, 0xfe, 0x4b, 0x01, 0x02, 0x03, 0x06, 0x11, 0x00, 0x06, 0xfe, 0x84, 0x01, 0x1a, 0x06, 0x22, 0xfe, 0x4b,
    0x01, 0x02, 0x1b, 0x07, 0x01, 0x06, 0x4a, 0x08, 0x08, 0x07, 0x06, 0xfe, 0x6b, 0x03, 0x08, 0x06, 0xfe, 0x6c, 0x03, 0x09, 0x03, 0x04, 0x0a, 0x06,
    0x20, 0x0b, 0x00, 0x0c, 0x01, 0x06, 0x00, 0x0d, 0x09, 0x0a, 0x03, 0x00, 0x06, 0xfe, 0x6d, 0x03, 0x01, 0x06, 0x23, 0x1e, 0x07, 0x02, 0x09, 0x02,
    0x0a, 0x00, 0x06, 0xfe, 0x4c, 0x01, 0x02, 0x03, 0x01, 0x01, 0x06, 0x32, 0x05, 0x06, 0x2f, 0x0f, 0x06, 0x10, 0x59, 0x02, 0x5d, 0x03, 0x01, 0x63,
    0x06, 0x66, 0x13, 0x06, 0x17, 0x04, 0x06, 0x0e, 0x09, 0x01, 0x06, 0x00, 0x06, 0x77, 0x05, 0x06, 0x10, 0x0f, 0x06, 0x15, 0x02, 0x03, 0x01, 0x01,
    0x06, 0x14, 0x03, 0x06, 0x2d, 0x08, 0x08, 0x07, 0x06, 0xfe, 0x6e, 0x03, 0x08, 0x06, 0xfe, 0x6f, 0x03, 0x09, 0x03, 0x04, 0x0a, 0x06, 0x21, 0x0b,
    0x00, 0x0c, 0x01, 0x06, 0x00, 0x0d, 0x09, 0x0a, 0x06, 0x00, 0x06, 0xfe, 0x70, 0x03, 0x01, 0x06, 0x23, 0x1e, 0x07, 0x02, 0x09, 0x01, 0x07, 0x00,
    0x06, 0xfe, 0x4d, 0x01, 0x05, 0x06, 0x10, 0x0f, 0x06, 0x15, 0x02, 0x03, 0x01, 0x19, 0x02, 0x01, 0x06, 0x14, 0x03, 0x06, 0x2d, 0x09, 0x01, 0x08,
    0x00, 0x06, 0xfe, 0x30, 0x01, 0x05, 0x06, 0x15, 0x0f, 0x06, 0x10, 0x02, 0x03, 0x01, 0x03, 0x06, 0x24, 0x04, 0x06, 0x0e, 0x12, 0x07, 0x01, 0x06,
    0x50, 0x01, 0x06, 0x14, 0x40, 0x02, 0x16, 0x09, 0x01, 0x04, 0x00, 0x06, 0xfe, 0x85, 0x01, 0x04, 0x06, 0x0e, 0x13, 0x06, 0x5e, 0x03, 0x06, 0x24,
    0x12, 0x07, 0x01, 0x06, 0x50, 0x08, 0x08, 0x07, 0x06, 0xfe, 0x71, 0x03, 0x08, 0x06, 0xfe, 0x72, 0x03, 0x09, 0x03, 0x04, 0x0a, 0x06, 0x41, 0x0b,
    0x03, 0x01, 0x0c, 0x01, 0x06, 0x09, 0x08, 0x05, 0x00, 0x06, 0xb9, 0x27, 0x06, 0x31, 0x03, 0x06, 0x11, 0x6e, 0x02, 0x01, 0x06, 0x30, 0x0d, 0x09,
    0x01, 0x08, 0x00, 0x06, 0xfe, 0x30, 0x01, 0x05, 0x06, 0x15, 0x0f, 0x06, 0x10, 0x02, 0x03, 0x01, 0x03, 0x06, 0x24, 0x04, 0x06, 0x0e, 0x12, 0x07,
    0x01, 0x06, 0x50, 0x01, 0x06, 0x14, 0x08, 0x08, 0x07, 0x06, 0xfe, 0x73, 0x03, 0x08, 0x06, 0xfe, 0x74, 0x03, 0x09, 0x03, 0x04, 0x0a, 0x06, 0x21,
    0x0b, 0x00, 0x0c, 0x01, 0x06, 0x09, 0x08, 0x07, 0x00, 0x06, 0xfe, 0x75, 0x03, 0x27, 0x06, 0x31, 0x02, 0x03, 0x01, 0x03, 0x06, 0x11, 0x12, 0x07,
    0x01, 0x06, 0x50, 0x19, 0x02, 0x01, 0x06, 0x30, 0x0d, 0x09, 0x07, 0x06, 0x00, 0x06, 0xfe, 0xe6, 0x01, 0x1a, 0x06, 0x22, 0x01, 0x06, 0x1c, 0x1d,
    0x06, 0x35, 0x02, 0x03, 0x02, 0x1b, 0x07, 0x01, 0x06, 0x62, 0x08, 0x08, 0x07, 0x06, 0xfe, 0x76, 0x03, 0x08, 0x06, 0xfe, 0x77, 0x03, 0x09, 0x03,
    0x04, 0x0a, 0x06, 0x20, 0x0b, 0x00, 0x0c, 0x01, 0x06, 0x00, 0x0d, 0x09, 0x02, 0x06, 0x00, 0x06, 0xfe, 0x78, 0x03, 0x16, 0x09, 0x02, 0x09, 0x00,
    0x06, 0xfe, 0x79, 0x03, 0x04, 0x06, 0x0e, 0x13, 0x06, 0x17, 0x03, 0x06, 0x11, 0x02, 0x03, 0x0d, 0x18, 0x06, 0x1f, 0x64, 0x06, 0x06, 0x43, 0x03,
    0x0d, 0x3f, 0x06, 0x1f, 0x01, 0x06, 0x32, 0x02, 0x03, 0x01, 0x05, 0x06, 0x2f, 0x0f, 0x06, 0x10, 0x08, 0x08, 0x07, 0x06, 0xfe, 0x7a, 0x03, 0x08,
    0x06, 0xfe, 0x7b, 0x03, 0x09, 0x03, 0x04, 0x0a, 0x06, 0x41, 0x0b, 0x03, 0x01, 0x0c, 0x01, 0x06, 0x09, 0x08, 0x05, 0x00, 0x06, 0xb9, 0x27, 0x06,
    0x31, 0x03, 0x06, 0x11, 0x6e, 0x02, 0x01, 0x06, 0x30, 0x0d, 0x09, 0x0a, 0x04, 0x00, 0x06, 0xfe, 0xe7, 0x01, 0x01, 0x06, 0x23, 0x1e, 0x07, 0x02,
    0x09, 0x03, 0x04, 0x00, 0x06, 0xfe, 0x45, 0x01, 0x02, 0x03, 0x01, 0x01, 0x06, 0x80, 0x1b, 0x07, 0x03, 0x06, 0x4f, 0x06, 0x62, 0x06, 0x56, 0x09,
    0x07, 0x05, 0x00, 0x06, 0xfe, 0x86, 0x01, 0x1a, 0x06, 0x22, 0x02, 0x03, 0x01, 0x01, 0x06, 0x1c, 0x1d, 0x06, 0x35, 0x1b, 0x07, 0x03, 0x06, 0x4f,
    0x06, 0x62, 0x06, 0x56, 0x08, 0x08, 0x07, 0x06, 0xfe, 0x7c, 0x03, 0x08, 0x06, 0xfe, 0x7d, 0x03, 0x09, 0x03, 0x04, 0x0a, 0x06, 0x41, 0x0b, 0x03,
    0x01, 0x0c, 0x01, 0x06, 0x09, 0x08, 0x05, 0x00, 0x06, 0xfe, 0x7e, 0x03, 0x27, 0x06, 0x31, 0x02, 0x03, 0x01, 0x03, 0x06, 0x11, 0x01, 0x06, 0x30,
    0x0d, 0x09, 0x09, 0x0a, 0x00, 0x06, 0xfe, 0x7f, 0x03, 0x1a, 0x06, 0x22, 0x03, 0x06, 0x11, 0x01, 0x06, 0xb2, 0xb3, 0x06, 0x33, 0xb4, 0x06, 0xc2,
    0x5f, 0x07, 0x01, 0x06, 0xfe, 0x4e, 0x01, 0xc1, 0x09, 0x05, 0x05, 0x68, 0x02, 0x00, 0x06, 0xfe, 0x4e, 0x01, 0x39, 0x09, 0x03, 0x03, 0x26, 0x06,
    0x68, 0x13, 0x06, 0x17, 0x3d, 0x06, 0x3b, 0x13, 0x06, 0x17, 0x3d, 0x06, 0x3b, 0x4b, 0x06, 0x3b, 0xb5, 0x09, 0x05, 0x04, 0x00, 0x06, 0xa5, 0x01,
    0x06, 0x38, 0x29, 0x03, 0x01, 0x28, 0x06, 0x34, 0x08, 0x08, 0x07, 0x06, 0xfe, 0x80, 0x03, 0x08, 0x06, 0xfe, 0x81, 0x03, 0x09, 0x03, 0x04, 0x0a,
    0x06, 0x20, 0x0b, 0x00, 0x0c, 0x01, 0x06, 0x09, 0x01, 0x08, 0x00, 0x06, 0xfe, 0x87, 0x01, 0x05, 0x06, 0x10, 0x2a, 0x06, 0x10, 0x0f, 0x06, 0x15,
    0x02, 0x03, 0x01, 0x03, 0x06, 0x24, 0x19, 0x02, 0x01, 0x06, 0x14, 0x0d, 0x09, 0x02, 0x05, 0x00, 0x06, 0xfe, 0x82, 0x03, 0x01, 0x06, 0x32, 0x02,
    0x03, 0x03, 0x05, 0x06, 0x2f, 0x0f, 0x06, 0x10, 0x08, 0x08, 0x07, 0x06, 0xfe, 0x83, 0x03, 0x08, 0x06, 0xfe, 0x84, 0x03, 0x09, 0x03, 0x04, 0x0a,
    0x06, 0x21, 0x0b, 0x00, 0x0c, 0x01, 0x06, 0x09, 0x01, 0x09, 0x00, 0x06, 0xfe, 0xe8, 0x01, 0x05, 0x06, 0x10, 0x2a, 0x06, 0x10, 0x0f, 0x06, 0x15,
    0x02, 0x03, 0x02, 0x19, 0x02, 0x6b, 0x02, 0x99, 0x02, 0x01, 0x06, 0x14, 0x0d, 0x09, 0x07, 0x08, 0x00, 0x06, 0xfe, 0x85, 0x03, 0x01, 0x06, 0x1c,
    0x1d, 0x06, 0x2e, 0x02, 0x03, 0x02, 0x59, 0x02, 0x5d, 0x03, 0x01, 0x63, 0x06, 0x15, 0x1a, 0x06, 0x22, 0x08, 0x08, 0x07, 0x06, 0xfe, 0x86, 0x03,
    0x08, 0x06, 0xfe, 0x87, 0x03, 0x09, 0x03, 0x04, 0x0a, 0x06, 0x41, 0x0b, 0x03, 0x01, 0x0c, 0x01, 0x06, 0x09, 0x0a, 0x03, 0x00, 0x06, 0xfe, 0xe9,
    0x01, 0x01, 0x06, 0x92, 0x1e, 0x07, 0x02, 0x09, 0x08, 0x05, 0x00, 0x06, 0xfe, 0xea, 0x01, 0x27, 0x06, 0x31, 0x03, 0x06, 0x11, 0x6e, 0x02, 0x01,
    0x06, 0x30, 0x09, 0x01, 0x06, 0x00, 0x06, 0x77, 0x05, 0x06, 0x10, 0x2a, 0x06, 0x10, 0x0f, 0x06, 0x15, 0x02, 0x03, 0x01, 0x01, 0x06, 0x14, 0x0d,
    0x09, 0x0a, 0x09, 0x00, 0x06, 0xfe, 0xeb, 0x01, 0x01, 0x06, 0x23, 0x1e, 0x07, 0x02, 0x09, 0x01, 0x0a, 0x00, 0x06, 0xfe, 0xec, 0x01, 0x05, 0x06,
    0x17, 0x0f, 0x06, 0x15, 0x02, 0x03, 0x01, 0x03, 0x06, 0x11, 0x04, 0x06, 0x0e, 0x42, 0x02, 0x12, 0x07, 0x01, 0x06, 0x46, 0x01, 0x06, 0x14, 0x4b,
    0x06, 0x3b, 0x09, 0x01, 0x0c, 0x00, 0x06, 0xfe, 0xed, 0x01, 0x05, 0x06, 0x15, 0x0f, 0x06, 0xe4, 0x02, 0x03, 0x01, 0x03, 0x06, 0x11, 0x04, 0x06,
    0x0e, 0x12, 0x07, 0x01, 0x06, 0x46, 0x01, 0x06, 0x14, 0xfe, 0x88, 0x01, 0x06, 0xfe, 0x89, 0x01, 0xfe, 0xee, 0x01, 0x03, 0x02, 0x3f, 0x06, 0x85,
    0x4b, 0x06, 0x3b, 0x40, 0x02, 0x5f, 0x07, 0x01, 0x06, 0xfe, 0x4e, 0x01, 0xc1, 0x09, 0x05, 0x05, 0x68, 0x02, 0x00, 0x06, 0xfe, 0x4e, 0x01, 0x39,
    0x09, 0x03, 0x03, 0x26, 0x06, 0x68, 0x13, 0x06, 0x17, 0x3d, 0x06, 0x3b, 0x13, 0x06, 0x17, 0x3d, 0x06, 0x3b, 0x4b, 0x06, 0x3b, 0x42, 0x02, 0x12,
    0x07, 0x01, 0x06, 0x46, 0x08, 0x08, 0x07, 0x06, 0xfe, 0x88, 0x03, 0x08, 0x06, 0xfe, 0x89, 0x03, 0x09, 0x03, 0x04, 0x0a, 0x06, 0x21, 0x0b, 0x00,
    0x0c, 0x01, 0x06, 0x00, 0x0d, 0x09, 0x0a, 0x05, 0x00, 0x06, 0xfe, 0x8a, 0x03, 0x01, 0x06, 0x23, 0x1e, 0x07, 0x02, 0x09, 0x01, 0x08, 0x00, 0x06,
    0xfe, 0xef, 0x01, 0x0f, 0x06, 0x7d, 0x02, 0x03, 0x01, 0x03, 0x06, 0x11, 0x04, 0x06, 0x0e, 0x19, 0x02, 0x01, 0x06, 0xb6, 0xcc, 0x03, 0x01, 0x09,
    0x0a, 0x03, 0x00, 0x06, 0xfe, 0x8b, 0x03, 0x01, 0x06, 0x23, 0x1e, 0x07, 0x02, 0x09, 0x02, 0x05, 0x00, 0x06, 0xa4, 0x02, 0x03, 0x01, 0x01, 0x06,
    0x32, 0x05, 0x06, 0x2f, 0x0f, 0x06, 0x10, 0x09, 0x07, 0x07, 0x00, 0x06, 0xfe, 0x8c, 0x03, 0x1a, 0x06, 0x22, 0x03, 0x06, 0x11, 0x04, 0x06, 0x0e,
    0x01, 0x06, 0x1c, 0x1d, 0x06, 0x2e, 0x02, 0x03, 0x02, 0x40, 0x02, 0x5f, 0x07, 0x01, 0x06, 0xfe, 0x8a, 0x01, 0x08, 0x08, 0x07, 0x06, 0xfe, 0x8d,
    0x03, 0x08, 0x06, 0xfe, 0x8e, 0x03, 0x09, 0x03, 0x04, 0x0a, 0x06, 0x57, 0x0b, 0x00, 0x0c, 0x01, 0x06, 0x00, 0x0d, 0x09, 0x02, 0x07, 0x00, 0x06,
    0xfe, 0x8f, 0x03, 0x16, 0x09, 0x06, 0x07, 0x6f, 0x06, 0x8f, 0x00, 0x06, 0xfe, 0x90, 0x03, 0x39, 0x09, 0x03, 0x02, 0x26, 0x06, 0xfe, 0x7c, 0x01,
    0x02, 0x03, 0x03, 0x02, 0x03, 0x03, 0x13, 0x06, 0x17, 0x03, 0x06, 0x11, 0x04, 0x06, 0x0e, 0x02, 0x03, 0x05, 0x01, 0x06, 0xfe, 0xf0, 0x01, 0x05,
    0x06, 0x2f, 0x0f, 0x06, 0x10, 0x73, 0x03, 0x05, 0x08, 0x08, 0x07, 0x06, 0xfe, 0x91, 0x03, 0x08, 0x06, 0xfe, 0x92, 0x03, 0x09, 0x03, 0x04, 0x0a,
    0x06, 0x21, 0x0b, 0x00, 0x0c, 0x01, 0x06, 0x00, 0x0d, 0x09, 0x09, 0x07, 0x00, 0x06, 0xfe, 0x93, 0x03, 0x16, 0x09, 0x06, 0x07, 0x6f, 0x06, 0x8f,
    0x00, 0x06, 0xfe, 0x94, 0x03, 0x39, 0x09, 0x03, 0x02, 0x26, 0x06, 0xfe, 0x7c, 0x01, 0x02, 0x03, 0x02, 0x02, 0x03, 0x02, 0x13, 0x06, 0x17, 0x03,
    0x06, 0x11, 0x04, 0x06, 0x0e, 0x01, 0x06, 0xb2, 0xb3, 0x06, 0x33, 0xb4, 0x06, 0xc2, 0x1a, 0x06, 0x22, 0xb5, 0x09, 0x05, 0x04, 0x00, 0x06, 0xa5,
    0x01, 0x06, 0x38, 0x29, 0x03, 0x01, 0x28, 0x06, 0x34, 0x08, 0x08, 0x07, 0x06, 0xfe, 0x95, 0x03, 0x08, 0x06, 0xfe, 0x96, 0x03, 0x09, 0x03, 0x04,
    0x0a, 0x06, 0x41, 0x0b, 0x03, 0x01, 0x0c, 0x01, 0x06, 0x09, 0x08, 0x07, 0x00, 0x06, 0xfe, 0x97, 0x03, 0x27, 0x06, 0x31, 0x02, 0x03, 0x01, 0x03,
    0x06, 0x11, 0x12, 0x07, 0x01, 0x06, 0x36, 0x42, 0x02, 0x01, 0x06, 0x30, 0x0d, 0x09, 0x02, 0x05, 0x00, 0x06, 0x9c, 0x01, 0x06, 0x32, 0x02, 0x03,
    0x01, 0x05, 0x06, 0x2f, 0x0f, 0x06, 0x10, 0x08, 0x08, 0x07, 0x06, 0xfe, 0x98, 0x03, 0x08, 0x06, 0xfe, 0x99, 0x03, 0x09, 0x03, 0x04, 0x0a, 0x06,
    0x21, 0x0b, 0x00, 0x0c, 0x01, 0x06, 0x09, 0x01, 0x07, 0x00, 0x06, 0xdc, 0x05, 0x06, 0x10, 0x2a, 0x06, 0x10, 0x0f, 0x06, 0x15, 0x02, 0x03, 0x02,
    0x19, 0x02, 0x01, 0x06, 0x14, 0x0d, 0x09, 0x0a, 0x06, 0x00, 0x06, 0xfe, 0x9a, 0x03, 0x01, 0x06, 0x23, 0x1e, 0x07, 0x02, 0x09, 0x08, 0x08, 0x00,
    0x06, 0xfe, 0x9b, 0x03, 0x05, 0x06, 0x17, 0x27, 0x06, 0x67, 0x02, 0x03, 0x01, 0x03, 0x06, 0x11, 0x04, 0x06, 0x0e, 0x42, 0x02, 0x01, 0x06, 0x30,
    0x09, 0x07, 0x07, 0x00, 0x06, 0xfe, 0x9c, 0x03, 0x98, 0x02, 0x01, 0x06, 0x1c, 0x1d, 0x06, 0x35, 0x02, 0x03, 0x01, 0x1b, 0x07, 0x01, 0x06, 0x4a,
    0x1a, 0x06, 0x22, 0x40, 0x02, 0x42, 0x02, 0x1b, 0x07, 0x01, 0x06, 0x4a, 0x08, 0x08, 0x07, 0x06, 0xfe, 0x9d, 0x03, 0x08, 0x06, 0xfe, 0x9e, 0x03,
    0x09, 0x03, 0x04, 0x0a, 0x06, 0x21, 0x0b, 0x00, 0x0c, 0x01, 0x06, 0x09, 0x01, 0x09, 0x00, 0x06, 0xfe, 0x9f, 0x03, 0x05, 0x06, 0x15, 0x2a, 0x06,
    0x15, 0x0f, 0x06, 0x9d, 0x02, 0x03, 0x02, 0x03, 0x06, 0x11, 0x19, 0x02, 0x96, 0x06, 0x97, 0x01, 0x06, 0x14, 0x0d, 0x09, 0x0a, 0x03, 0x00, 0x06,
    0xfe, 0xa0, 0x03, 0x01, 0x06, 0x23, 0x1e, 0x07, 0x03, 0x09, 0x02, 0x06, 0x00, 0x06, 0xfe, 0xa1, 0x03, 0x16, 0x09, 0x02, 0x06, 0x00, 0x06, 0xfe,
    0xa2, 0x03, 0x64, 0x06, 0x06, 0x60, 0x06, 0x61, 0x18, 0x06, 0x85, 0x02, 0x03, 0x06, 0xfe, 0xfe, 0x00, 0x03, 0x06, 0x01, 0x06, 0x32, 0x02, 0x03,
    0x01, 0x05, 0x06, 0x2f, 0x0f, 0x06, 0x10, 0x09, 0x07, 0x07, 0x00, 0x06, 0xfe, 0xa3, 0x03, 0x16, 0x09, 0x02, 0x05, 0x00, 0x06, 0xfe, 0xa4, 0x03,
    0x60, 0x06, 0x61, 0x64, 0x06, 0x06, 0x18, 0x06, 0x85, 0x02, 0x03, 0x08, 0x01, 0x06, 0x1c, 0x1d, 0x06, 0x35, 0xb0, 0x06, 0x52, 0x02, 0x03, 0x01,
    0x1a, 0x06, 0x22, 0x09, 0x05, 0x06, 0x00, 0x06, 0xfe, 0xa5, 0x03, 0x16, 0x09, 0x02, 0x05, 0x00, 0x06, 0xfe, 0xa6, 0x03, 0x60, 0x06, 0x61, 0x64,
    0x06, 0x06, 0x18, 0x06, 0x85, 0x02, 0x03, 0x19, 0x01, 0x06, 0x38, 0x29, 0x03, 0x01, 0x28, 0x06, 0x34, 0x1a, 0x06, 0x22, 0x08, 0x08, 0x07, 0x06,
    0xfe, 0xa7, 0x03, 0x08, 0x06, 0xfe, 0xa8, 0x03, 0x09, 0x03, 0x04, 0x0a, 0x06, 0x33, 0x0b, 0x00, 0x0c, 0x01, 0x06, 0x00, 0x0d, 0x09, 0x07, 0x08,
    0x00, 0x06, 0xfe, 0xf1, 0x01, 0x16, 0x09, 0x09, 0x03, 0x00, 0x06, 0xfe, 0xa9, 0x03, 0xf1, 0x06, 0xfe, 0x8b, 0x01, 0xfe, 0x31, 0x01, 0x07, 0x02,
    0x06, 0xfe, 0x8c, 0x01, 0x06, 0xfe, 0x32, 0x01, 0x1a, 0x06, 0x5a, 0x40, 0x02, 0x01, 0x06, 0x1c, 0x1d, 0x06, 0x35, 0x02, 0x03, 0x02, 0x1b, 0x07,
    0x01, 0x06, 0x56, 0x08, 0x08, 0x07, 0x06, 0xfe, 0xaa, 0x03, 0x08, 0x06, 0xfe, 0xab, 0x03, 0x09, 0x03, 0x04, 0x0a, 0x06, 0x20, 0x0b, 0x00, 0x0c,
    0x01, 0x06, 0x00, 0x0d, 0x09, 0x01, 0x09, 0x00, 0x06, 0xfe, 0xf2, 0x01, 0x05, 0x06, 0x15, 0x0f, 0x06, 0x10, 0x43, 0x03, 0x02, 0x3f, 0x06, 0x47,
    0x02, 0x03, 0x01, 0x03, 0x06, 0x11, 0x04, 0x06, 0x0e, 0x01, 0x06, 0x14, 0x08, 0x08, 0x07, 0x06, 0xfe, 0xac, 0x03, 0x08, 0x06, 0xfe, 0xad, 0x03,
    0x09, 0x03, 0x04, 0x0a, 0x06, 0x33, 0x0b, 0x00, 0x0c, 0x01, 0x06, 0x00, 0x0d, 0x09, 0x05, 0x06, 0x00, 0x06, 0xa5, 0x3d, 0x06, 0x3b, 0x01, 0x06,
    0x38, 0x29, 0x03, 0x01, 0x28, 0x06, 0x34, 0x4b, 0x06, 0x3b, 0x08, 0x08, 0x07, 0x06, 0xfe, 0xae, 0x03, 0x08, 0x06, 0xfe, 0xaf, 0x03, 0x09, 0x03,
    0x04, 0x0a, 0x06, 0x21, 0x0b, 0x00, 0x0c, 0x01, 0x06, 0x00, 0x0d, 0x09, 0x0c, 0x08, 0x00, 0x06, 0xfe, 0xb0, 0x03, 0x16, 0x09, 0x04, 0x0a, 0x00,
    0x06, 0xfe, 0xb1, 0x03, 0x12, 0x07, 0x01, 0x06, 0x50, 0x04, 0x06, 0x0e, 0x13, 0x06, 0x17, 0x03, 0x06, 0x11, 0x02, 0x03, 0x05, 0x18, 0x06, 0x1f,
    0x82, 0x02, 0xae, 0x03, 0x05, 0xac, 0x06, 0x1f, 0x03, 0x06, 0x11, 0x01, 0x06, 0x7a, 0x04, 0x00, 0xfe, 0xb2, 0x03, 0x06, 0x3b, 0x42, 0x02, 0x5f,
    0x07, 0x01, 0x06, 0xfc, 0x08, 0x08, 0x07, 0x06, 0xfe, 0xb3, 0x03, 0x08, 0x06, 0xfe, 0xb4, 0x03, 0x09, 0x03, 0x04, 0x0a, 0x06, 0x21, 0x0b, 0x00,
    0x0c, 0x01, 0x06, 0x00, 0x0d, 0x09, 0x0a, 0x03, 0x00, 0x06, 0xfe, 0xb5, 0x03, 0x01, 0x06, 0x23, 0x1e, 0x07, 0x02, 0x09, 0x02, 0x05, 0x00, 0x06,
    0x9c, 0x01, 0x06, 0x32, 0x02, 0x03, 0x01, 0x05, 0x06, 0x2f, 0x0f, 0x06, 0x10, 0x09, 0x08, 0x0a, 0x00, 0x06, 0xfe, 0xb6, 0x03, 0x05, 0x06, 0x17,
    0x43, 0x03, 0x09, 0x3f, 0x06, 0x47, 0x27, 0x06, 0x31, 0x02, 0x03, 0x01, 0x03, 0x06, 0x11, 0x04, 0x06, 0x3c, 0x6b, 0x02, 0x01, 0x06, 0x30, 0x08,
    0x08, 0x07, 0x06, 0xfe, 0xb7, 0x03, 0x08, 0x06, 0xfe, 0xb8, 0x03, 0x09, 0x03, 0x04, 0x0a, 0x06, 0x21, 0x0b, 0x00, 0x0c, 0x01, 0x06, 0x00, 0x0d,
    0x09, 0x0a, 0x04, 0x00, 0x06, 0xfe, 0xb9, 0x03, 0x01, 0x06, 0x23, 0x1e, 0x07, 0x02, 0x09, 0x03, 0x07, 0x00, 0x06, 0xfe, 0xba, 0x03, 0x05, 0x06,
    0x15, 0x65, 0x09, 0x03, 0x03, 0x26, 0x06, 0x65, 0x6d, 0x06, 0xfe, 0xbb, 0x03, 0xc5, 0x06, 0x6b, 0x03, 0x06, 0x11, 0x04, 0x06, 0x0e, 0x12, 0x07,
    0x01, 0x06, 0x36, 0x01, 0x06, 0x80, 0x09, 0x01, 0x06, 0x00, 0x06, 0xfe, 0x8d, 0x01, 0x0f, 0x06, 0x2c, 0x96, 0x06, 0x97, 0x01, 0x06, 0x14, 0x05,
    0x06, 0xf2, 0x03, 0x06, 0x2d, 0x12, 0x07, 0x01, 0x06, 0x36, 0x08, 0x08, 0x07, 0x06, 0xfe, 0xbc, 0x03, 0x08, 0x06, 0xfe, 0xbd, 0x03, 0x09, 0x03,
    0x04, 0x0a, 0x06, 0x20, 0x0b, 0x00, 0x0c, 0x01, 0x06, 0x00, 0x0d, 0x09, 0x01, 0x08, 0x00, 0x06, 0xfe, 0xbe, 0x03, 0x05, 0x06, 0x15, 0x0f, 0x06,
    0x10, 0x02, 0x03, 0x01, 0x03, 0x06, 0x24, 0x04, 0x06, 0x76, 0x98, 0x02, 0x01, 0x06, 0x14, 0x08, 0x08, 0x07, 0x06, 0xfe, 0xbf, 0x03, 0x08, 0x06,
    0xfe, 0xc0, 0x03, 0x09, 0x03, 0x04, 0x0a, 0x06, 0x33, 0x0b, 0x00, 0x0c, 0x01, 0x06, 0x00, 0x0d, 0x09, 0x07, 0x09, 0x00, 0x06, 0xfe, 0xf3, 0x01,
    0x16, 0x09, 0x01, 0x07, 0x02, 0x03, 0x0f, 0x18, 0x06, 0x1f, 0x00, 0x06, 0xfe, 0xc1, 0x03, 0x04, 0x06, 0x76, 0x13, 0x06, 0x2b, 0xcd, 0x06, 0x76,
    0x60, 0x06, 0x61, 0x1a, 0x06, 0x5a, 0x40, 0x02, 0x01, 0x06, 0x1c, 0x1d, 0x06, 0x35, 0x02, 0x03, 0x02, 0x1b, 0x07, 0x01, 0x06, 0x45, 0x04, 0x06,
    0x0e, 0x08, 0x08, 0x07, 0x06, 0xfe, 0xc2, 0x03, 0x08, 0x06, 0xfe, 0xc3, 0x03, 0x09, 0x03, 0x04, 0x0a, 0x06, 0x37, 0x0b, 0x00, 0x0c, 0x01, 0x06,
    0x00, 0x0d, 0x09, 0x01, 0x09, 0x00, 0x06, 0xfe, 0xc4, 0x03, 0x05, 0x06, 0x6c, 0x0f, 0x06, 0x2b, 0x27, 0x06, 0x31, 0x02, 0x03, 0x01, 0x03, 0x06,
    0x49, 0x04, 0x06, 0x76, 0x98, 0x02, 0x01, 0x06, 0x14, 0x08, 0x08, 0x07, 0x06, 0xfe, 0xc5, 0x03, 0x08, 0x06, 0xfe, 0xc6, 0x03, 0x09, 0x03, 0x04,
    0x0a, 0x06, 0x20, 0x0b, 0x00, 0x0c, 0x01, 0x06, 0x00, 0x0d, 0x09, 0x0a, 0x05, 0x00, 0x06, 0xfe, 0xc7, 0x03, 0x01, 0x06, 0x23, 0x1e, 0x07, 0x02,
    0x09, 0x01, 0x09, 0x00, 0x06, 0xfe, 0xc8, 0x03, 0x05, 0x06, 0xa8, 0x0f, 0x06, 0x15, 0x02, 0x03, 0x01, 0x03, 0x06, 0x24, 0x04, 0x06, 0x0e, 0x12,
    0x07, 0x01, 0x06, 0x36, 0x19, 0x02, 0x01, 0x06, 0x14, 0x09, 0x01, 0x08, 0x00, 0x06, 0xfe, 0xc9, 0x03, 0x05, 0x06, 0x15, 0x0f, 0x06, 0xa8, 0x02,
    0x03, 0x01, 0x03, 0x06, 0x24, 0x04, 0x06, 0x0e, 0x12, 0x07, 0x01, 0x06, 0x36, 0x01, 0x06, 0x14, 0x40, 0x02, 0x12, 0x07, 0x01, 0x06, 0x36, 0x08,
    0x08, 0x07, 0x06, 0xfe, 0xca, 0x03, 0x08, 0x06, 0xfe, 0xcb, 0x03, 0x09, 0x03, 0x04, 0x0a, 0x06, 0x21, 0x0b, 0x00, 0x0c, 0x01, 0x06, 0x00, 0x0d,
    0x09, 0x0a, 0x05, 0x00, 0x06, 0xfe, 0xcc, 0x03, 0x01, 0x06, 0x23, 0x1e, 0x07, 0x02, 0x09, 0x03, 0x07, 0x00, 0x06, 0xfe, 0xcd, 0x03, 0x02, 0x03,
    0x01, 0x03, 0x06, 0x24, 0x04, 0x06, 0x0e, 0x12, 0x07, 0x01, 0x06, 0x36, 0x01, 0x06, 0x80, 0x05, 0x06, 0x84, 0x09, 0x07, 0x07, 0x00, 0x06, 0xfe,
    0xce, 0x03, 0x16, 0x09, 0x01, 0x07, 0x00, 0x06, 0xfe, 0xcf, 0x03, 0x04, 0x06, 0x0e, 0x13, 0x06, 0x5e, 0x03, 0x06, 0x24, 0x18, 0x06, 0x85, 0x64,
    0x06, 0xfe, 0x33, 0x01, 0xfe, 0xd0, 0x03, 0x06, 0xfe, 0xd1, 0x03, 0x01, 0x06, 0x1c, 0x1d, 0x06, 0x35, 0x02, 0x03, 0x01, 0x1b, 0x07, 0x01, 0x06,
    0x4a, 0x1a, 0x06, 0x22, 0x12, 0x07, 0x01, 0x06, 0x36, 0x1b, 0x07, 0x01, 0x06, 0x4a, 0x08, 0x08, 0x07, 0x06, 0xfe, 0xd2, 0x03, 0x08, 0x06, 0xfe,
    0xd3, 0x03, 0x09, 0x03, 0x04, 0x0a, 0x06, 0x21, 0x0b, 0x00, 0x0c, 0x01, 0x06, 0x09, 0x01, 0x08, 0x00, 0x06, 0xfe, 0x87, 0x01, 0x05, 0x06, 0x10,
    0x2a, 0x06, 0x10, 0x0f, 0x06, 0x15, 0x02, 0x03, 0x01, 0x03, 0x06, 0x24, 0x19, 0x02, 0x01, 0x06, 0x14, 0x0d, 0x09, 0x0a, 0x03, 0x00, 0x06, 0xfe,
    0x46, 0x01, 0x01, 0x06, 0x23, 0x1e, 0x07, 0x02, 0x09, 0x0d, 0x05, 0x00, 0x06, 0xec, 0x02, 0x03, 0x01, 0x01, 0x06, 0xed, 0x8d, 0x02, 0x04, 0x06,
    0x0e, 0x09, 0x07, 0x05, 0x00, 0x06, 0xfe, 0x2b, 0x01, 0x1a, 0x06, 0x22, 0x02, 0x03, 0x01, 0x01, 0x06, 0x1c, 0x1d, 0x06, 0x35, 0x08, 0x08, 0x07,
    0x06, 0xfe, 0xd4, 0x03, 0x08, 0x06, 0xfe, 0xd5, 0x03, 0x09, 0x03, 0x04, 0x0a, 0x06, 0x37, 0x0b, 0x00, 0x0c, 0x01, 0x06, 0x00, 0x0d, 0x09, 0x0a,
    0x04, 0x00, 0x06, 0xfe, 0xd6, 0x03, 0x01, 0x06, 0x23, 0x1e, 0x07, 0x02, 0x09, 0x01, 0x07, 0x00, 0x06, 0xfe, 0x8e, 0x01, 0x05, 0x06, 0x2c, 0x02,
    0x03, 0x05, 0x0f, 0x06, 0x15, 0x04, 0x06, 0x0e, 0x01, 0x06, 0x14, 0x03, 0x06, 0x2d, 0x09, 0x01, 0x09, 0x00, 0x06, 0xfe, 0xd7, 0x03, 0x16, 0x09,
    0x01, 0x08, 0x02, 0x03, 0x03, 0x18, 0x06, 0x1f, 0x00, 0x06, 0xfe, 0xd8, 0x03, 0x71, 0x06, 0x7e, 0x03, 0x06, 0x24, 0x13, 0x06, 0x15, 0x04, 0x06,
    0x0e, 0x12, 0x07, 0x01, 0x06, 0x36, 0x05, 0x06, 0x15, 0x0f, 0x06, 0x10, 0x02, 0x03, 0x01, 0x03, 0x06, 0x24, 0x04, 0x06, 0x0e, 0x12, 0x07, 0x01,
    0x06, 0x36, 0x01, 0x06, 0x14, 0x12, 0x07, 0x01, 0x06, 0x36, 0x08, 0x08, 0x07, 0x06, 0xfe, 0xd9, 0x03, 0x08, 0x06, 0xfe, 0xda, 0x03, 0x09, 0x03,
    0x04, 0x0a, 0x06, 0x20, 0x0b, 0x00, 0x0c, 0x01, 0x06, 0x00, 0x0d, 0x09, 0x0a, 0x07, 0x00, 0x06, 0xfe, 0xdb, 0x03, 0x16, 0x09, 0x05, 0x0a, 0x68,
    0x02, 0x00, 0x06, 0xfe, 0xdc, 0x03, 0x39, 0x09, 0x03, 0x04, 0x26, 0x06, 0x68, 0x13, 0x06, 0x17, 0x75, 0x02, 0x3d, 0x06, 0x3b, 0x13, 0x06, 0x17,
    0x12, 0x07, 0x01, 0x06, 0x44, 0x79, 0x02, 0xfe, 0x4f, 0x01, 0x03, 0x02, 0x03, 0x06, 0x11, 0x3d, 0x06, 0x3b, 0x4b, 0x06, 0x3b, 0x01, 0x06, 0x23,
    0x1e, 0x07, 0x02, 0x09, 0x02, 0x08, 0x00, 0x06, 0x9a, 0x02, 0x03, 0x02, 0x01, 0x06, 0x32, 0x05, 0x06, 0x2f, 0x0f, 0x06, 0x10, 0x3d, 0x06, 0x3b,
    0x4b, 0x06, 0x3b, 0x12, 0x07, 0x01, 0x06, 0x44, 0x09, 0x01, 0x0c, 0x00, 0x06, 0xfe, 0xdd, 0x03, 0x05, 0x06, 0x15, 0x0f, 0x06, 0xf3, 0x43, 0x03,
    0x04, 0x3f, 0x06, 0x47, 0x02, 0x03, 0x01, 0x03, 0x06, 0x11, 0x04, 0x06, 0x0e, 0x12, 0x07, 0x01, 0x06, 0x44, 0x01, 0x06, 0x14, 0x3d, 0x06, 0x3b,
    0x4b, 0x06, 0x3b, 0x4b, 0x06, 0x3b, 0x12, 0x07, 0x01, 0x06, 0x44, 0x3d, 0x06, 0x3b, 0x08, 0x08, 0x07, 0x06, 0xfe, 0xde, 0x03, 0x08, 0x06, 0xfe,
    0xdf, 0x03, 0x09, 0x03, 0x04, 0x0a, 0x06, 0x20, 0x0b, 0x00, 0x0c, 0x01, 0x06, 0x00, 0x0d, 0x09, 0x01, 0x0a, 0x00, 0x06, 0xfe, 0xe0, 0x03, 0x16,
    0x09, 0x00, 0x07, 0x18, 0x06, 0x81, 0x70, 0x07, 0x02, 0x09, 0x03, 0x07, 0x74, 0x06, 0x75, 0x04, 0x06, 0x0e, 0x79, 0x02, 0x00, 0x06, 0xfe, 0xe1,
    0x03, 0x39, 0x09, 0x03, 0x03, 0x26, 0x06, 0x75, 0x72, 0x06, 0x7b, 0x13, 0x06, 0x15, 0x12, 0x07, 0x01, 0x06, 0x44, 0x13, 0x06, 0x2b, 0x09, 0x01,
    0x05, 0x02, 0x03, 0x07, 0x18, 0x06, 0x1f, 0x00, 0x06, 0xfe, 0x50, 0x01, 0x04, 0x06, 0x0e, 0x13, 0x06, 0x2b, 0x00, 0x06, 0xfe, 0xe2, 0x03, 0x04,
    0x06, 0x0e, 0x03, 0x06, 0x11, 0x12, 0x07, 0x01, 0x06, 0x44, 0x79, 0x02, 0x05, 0x06, 0x6c, 0x0f, 0x06, 0x2b, 0x27, 0x06, 0x31, 0x02, 0x03, 0x02,
    0x03, 0x06, 0x49, 0x04, 0x06, 0x0e, 0x01, 0x06, 0x14, 0x79, 0x02, 0x08, 0x08, 0x07, 0x06, 0xfe, 0xe3, 0x03, 0x08, 0x06, 0xfe, 0xe4, 0x03, 0x09,
    0x03, 0x04, 0x0a, 0x06, 0x33, 0x0b, 0x00, 0x0c, 0x01, 0x06, 0x00, 0x0d, 0x09, 0x07, 0x07, 0x00, 0x06, 0xfe, 0x34, 0x01, 0x16, 0x09, 0x01, 0x05,
    0x02, 0x03, 0x0a, 0x18, 0x06, 0x1f, 0x00, 0x06, 0xfe, 0xf4, 0x01, 0x04, 0x06, 0x0e, 0x13, 0x06, 0x2b, 0x1a, 0x06, 0x5a, 0x40, 0x02, 0x01, 0x06,
    0x1c, 0x1d, 0x06, 0x2e, 0x02, 0x03, 0x03, 0x08, 0x08, 0x07, 0x06, 0xfe, 0xe5, 0x03, 0x08, 0x06, 0xfe, 0xe6, 0x03, 0x09, 0x03, 0x04, 0x0a, 0x06,
    0x20, 0x0b, 0x00, 0x0c, 0x01, 0x06, 0x00, 0x0d, 0x09, 0x0a, 0x05, 0x00, 0x06, 0xfe, 0x7a, 0x01, 0x01, 0x06, 0x23, 0x1e, 0x07, 0x02, 0x09, 0x02,
    0x07, 0x00, 0x06, 0x9a, 0x02, 0x03, 0x02, 0x3d, 0x06, 0x78, 0x01, 0x06, 0x32, 0x05, 0x06, 0x2f, 0x0f, 0x06, 0x10, 0x4b, 0x06, 0x78, 0x09, 0x01,
    0x08, 0x00, 0x06, 0x77, 0x05, 0x06, 0x10, 0x0f, 0x06, 0x15, 0x02, 0x03, 0x01, 0x01, 0x06, 0x14, 0x03, 0x06, 0x2d, 0x3d, 0x06, 0x78, 0x4b, 0x06,
    0x78, 0x4b, 0x06, 0x78, 0x3d, 0x06, 0x78, 0x08, 0x08, 0x07, 0x06, 0xfe, 0xe7, 0x03, 0x08, 0x06, 0xfe, 0xe8, 0x03, 0x09, 0x03, 0x04, 0x0a, 0x06,
    0x20, 0x0b, 0x00, 0x0c, 0x01, 0x06, 0x00, 0x0d, 0x09, 0x08, 0x07, 0x00, 0x06, 0xfe, 0x29, 0x01, 0x27, 0x06, 0x67, 0x02, 0x03, 0x02, 0x3d, 0x06,
    0x95, 0x01, 0x06, 0x30, 0x03, 0x06, 0x49, 0x4b, 0x06, 0x95, 0x08, 0x08, 0x07, 0x06, 0xfe, 0xe9, 0x03, 0x08, 0x06, 0xfe, 0xd8, 0x01, 0x09, 0x03,
    0x04, 0x0a, 0x06, 0x21, 0x0b, 0x00, 0x0c, 0x01, 0x06, 0x00, 0x0d, 0x09, 0x0c, 0x07, 0x00, 0x06, 0xfe, 0x7b, 0x01, 0x03, 0x06, 0x11, 0x19, 0x02,
    0x01, 0x06, 0x7a, 0x04, 0x00, 0x42, 0x02, 0x5f, 0x07, 0x01, 0x06, 0xfc, 0x08, 0x08, 0x07, 0x06, 0xfe, 0xea, 0x03, 0x08, 0x06, 0xfe, 0xeb, 0x03,
    0x09, 0x03, 0x04, 0x0a, 0x06, 0x57, 0x0b, 0x00, 0x0c, 0x01, 0x06, 0x00, 0x0d, 0x09, 0x08, 0x0b, 0x00, 0x06, 0xfe, 0xec, 0x03, 0x16, 0x09, 0x00,
    0x04, 0x70, 0x07, 0x02, 0x09, 0x05, 0x04, 0x68, 0x02, 0x13, 0x06, 0x17, 0x00, 0x06, 0xfe, 0x8f, 0x01, 0x39, 0x09, 0x03, 0x01, 0x26, 0x06, 0x68,
    0x09, 0x03, 0x03, 0x74, 0x06, 0xfe, 0x51, 0x01, 0x00, 0x06, 0xfe, 0x8f, 0x01, 0x39, 0x09, 0x03, 0x02, 0x26, 0x06, 0x9f, 0x72, 0x06, 0x7b, 0x00,
    0x06, 0xfe, 0x8f, 0x01, 0x39, 0x09, 0x03, 0x02, 0x26, 0x06, 0xbd, 0xfe, 0x10, 0x01, 0x07, 0x02, 0x09, 0x03, 0x01, 0x26, 0x06, 0x68, 0x09, 0x03,
    0x02, 0x26, 0x06, 0x9f, 0x72, 0x06, 0x7b, 0x18, 0x06, 0xbd, 0x05, 0x06, 0x17, 0x27, 0x06, 0x31, 0x02, 0x03, 0x01, 0x03, 0x06, 0x11, 0x04, 0x06,
    0x3c, 0x01, 0x06, 0x30, 0x6a, 0x02, 0xae, 0x03, 0x03, 0xac, 0x06, 0x47, 0x08, 0x08, 0x07, 0x06, 0xfe, 0xed, 0x03, 0x08, 0x06, 0xfe, 0xee, 0x03,
    0x09, 0x03, 0x04, 0x0a, 0x06, 0x37, 0x0b, 0x00, 0x0c, 0x01, 0x06, 0x09, 0x01, 0x07, 0x00, 0x06, 0x5b, 0x05, 0x06, 0x10, 0x2a, 0x06, 0x10, 0x0f,
    0x06, 0x15, 0x02, 0x03, 0x01, 0x19, 0x02, 0x01, 0x06, 0x14, 0x0d, 0x09, 0x04, 0x04, 0x00, 0x06, 0xfe, 0xef, 0x03, 0x01, 0x06, 0x53, 0x58, 0x09,
    0x04, 0x06, 0x00, 0x06, 0xfe, 0xf0, 0x03, 0x05, 0x06, 0x2c, 0x02, 0x03, 0x01, 0x65, 0x09, 0x03, 0x05, 0x26, 0x06, 0x65, 0x6d, 0x06, 0xfe, 0xf1,
    0x03, 0xc5, 0x06, 0xce, 0xfe, 0x52, 0x01, 0x06, 0x34, 0xfe, 0x53, 0x01, 0x03, 0x02, 0x04, 0x06, 0x0e, 0x01, 0x06, 0x4c, 0x54, 0x09, 0x03, 0x05,
    0x01, 0x06, 0x51, 0x55, 0x02, 0x00, 0x06, 0xfe, 0xf2, 0x03, 0x0f, 0x06, 0x10, 0x02, 0x03, 0x01, 0x08, 0x08, 0x07, 0x06, 0xfe, 0xf3, 0x03, 0x08,
    0x06, 0xfe, 0xf4, 0x03, 0x09, 0x03, 0x04, 0x0a, 0x06, 0x33, 0x0b, 0x00, 0x0c, 0x01, 0x06, 0x00, 0x0d, 0x09, 0x07, 0x09, 0x00, 0x06, 0xfe, 0x11,
    0x01, 0x16, 0x09, 0x01, 0x08, 0x04, 0x06, 0x0e, 0x71, 0x06, 0x7e, 0x00, 0x06, 0xfe, 0xf5, 0x03, 0x13, 0x06, 0x17, 0x02, 0x03, 0x03, 0x18, 0x06,
    0x1f, 0x7c, 0x06, 0x66, 0x1b, 0x07, 0x01, 0x06, 0x62, 0x1a, 0x06, 0x5a, 0x40, 0x02, 0x01, 0x06, 0x1c, 0x1d, 0x06, 0x35, 0x02, 0x03, 0x01, 0x1b,
    0x07, 0x01, 0x06, 0x62, 0x04, 0x06, 0x0e, 0x08, 0x08, 0x07, 0x06, 0xfe, 0xf6, 0x03, 0x08, 0x06, 0xfe, 0xf7, 0x03, 0x09, 0x03, 0x04, 0x0a, 0x06,
    0x41, 0x0b, 0x03, 0x01, 0x0c, 0x01, 0x06, 0x09, 0x0a, 0x03, 0x00, 0x06, 0xfd, 0x01, 0x06, 0x92, 0x1e, 0x07, 0x02, 0x09, 0x07, 0x05, 0x00, 0x06,
    0xa1, 0x3e, 0x03, 0x02, 0x02, 0x03, 0x02, 0x01, 0x06, 0x48, 0x05, 0x06, 0x2b, 0x09, 0x01, 0x06, 0x00, 0x06, 0x77, 0x05, 0x06, 0x10, 0x2a, 0x06,
    0x10, 0x0f, 0x06, 0x15, 0x02, 0x03, 0x01, 0x01, 0x06, 0x14, 0x0d, 0x09, 0x0a, 0x06, 0x00, 0x06, 0xfe, 0xf8, 0x03, 0x01, 0x06, 0xef, 0x16, 0x09,
    0x04, 0x04, 0x00, 0x06, 0xfe, 0xf9, 0x03, 0x12, 0x07, 0x01, 0x06, 0x50, 0x05, 0x06, 0x88, 0x82, 0x02, 0x94, 0x09, 0x04, 0x04, 0x00, 0x06, 0xfe,
    0xfa, 0x03, 0x01, 0x06, 0x53, 0x58, 0x09, 0x04, 0x05, 0x00, 0x06, 0xdd, 0x05, 0x06, 0x2c, 0x02, 0x03, 0x04, 0x04, 0x06, 0x0e, 0x01, 0x06, 0x4c,
    0x54, 0x09, 0x03, 0x05, 0x01, 0x06, 0x51, 0x55, 0x02, 0x00, 0x06, 0xfe, 0xfb, 0x03, 0x0f, 0x06, 0x10, 0x02, 0x03, 0x02, 0xf0, 0x09, 0x01, 0x07,
    0x00, 0x06, 0xfe, 0x09, 0x01, 0x05, 0x06, 0x15, 0x0f, 0x06, 0x10, 0x02, 0x03, 0x01, 0x03, 0x06, 0x24, 0x04, 0x06, 0x0e, 0x01, 0x06, 0x14, 0x12,
    0x07, 0x01, 0x06, 0x50, 0x08, 0x08, 0x07, 0x06, 0xfe, 0xfc, 0x03, 0x08, 0x06, 0xfe, 0xfd, 0x03, 0x09, 0x03, 0x04, 0x0a, 0x06, 0x41, 0x0b, 0x00,
    0x0c, 0x01, 0x06, 0x09, 0x07, 0x05, 0x00, 0x06, 0xfe, 0xf5, 0x01, 0x3e, 0x03, 0x04, 0x02, 0x03, 0x04, 0x01, 0x06, 0x48, 0x05, 0x06, 0x2b, 0x0d,
    0x09, 0x0a, 0x03, 0x00, 0x06, 0xfe, 0xfe, 0x03, 0x01, 0x06, 0x23, 0x1e, 0x07, 0x02, 0x09, 0x08, 0x09, 0x00, 0x06, 0xfe, 0xff, 0x03, 0x05, 0x06,
    0x17, 0x43, 0x03, 0x0a, 0x3f, 0x06, 0x47, 0x27, 0x06, 0x31, 0x02, 0x03, 0x01, 0x03, 0x06, 0x11, 0x04, 0x06, 0x3c, 0x01, 0x06, 0x30, 0x09, 0x0d,
    0x09, 0x00, 0x06, 0xfe, 0x00, 0x04, 0x59, 0x02, 0x5d, 0x03, 0x01, 0x63, 0x06, 0xfe, 0x54, 0x01, 0xfe, 0xf6, 0x01, 0x06, 0x17, 0x01, 0x06, 0xa2,
    0x02, 0x03, 0x01, 0x65, 0x09, 0x03, 0x02, 0x26, 0x06, 0x59, 0x6d, 0x06, 0xfe, 0x90, 0x01, 0x28, 0x06, 0xc3, 0x08, 0x08, 0x07, 0x06, 0xfe, 0x01,
    0x04, 0x08, 0x06, 0xfe, 0x02, 0x04, 0x09, 0x03, 0x04, 0x0a, 0x06, 0x57, 0x0b, 0x03, 0x01, 0x0c, 0x01, 0x06, 0x00, 0x0d, 0x09, 0x07, 0x08, 0x00,
    0x06, 0xfe, 0x03, 0x04, 0x16, 0x09, 0x01, 0x09, 0x02, 0x03, 0x03, 0x18, 0x06, 0x1f, 0x00, 0x06, 0xfe, 0x04, 0x04, 0x82, 0x02, 0x13, 0x06, 0x3a,
    0x03, 0x06, 0x11, 0x04, 0x06, 0x0e, 0x7f, 0x06, 0x0e, 0x83, 0x06, 0x90, 0x01, 0x06, 0x1c, 0x1d, 0x06, 0x35, 0xb0, 0x06, 0x52, 0x02, 0x03, 0x01,
    0x1a, 0x06, 0x22, 0x04, 0x06, 0x0e, 0x08, 0x08, 0x07, 0x06, 0xfe, 0x05, 0x04, 0x08, 0x06, 0xfe, 0x06, 0x04, 0x09, 0x03, 0x04, 0x0a, 0x06, 0x20,
    0x0b, 0x00, 0x0c, 0x01, 0x06, 0x00, 0x0d, 0x09, 0x02, 0x07, 0x00, 0x06, 0xfe, 0x07, 0x04, 0x16, 0x09, 0x03, 0x07, 0x74, 0x06, 0x75, 0x04, 0x06,
    0x0e, 0x79, 0x02, 0x00, 0x06, 0xfe, 0x08, 0x04, 0x39, 0x09, 0x03, 0x03, 0x26, 0x06, 0x75, 0x72, 0x06, 0x7b, 0x13, 0x06, 0x17, 0xf1, 0x06, 0xfe,
    0x91, 0x01, 0x03, 0x06, 0x11, 0x01, 0x06, 0x32, 0x02, 0x03, 0x01, 0x05, 0x06, 0x2f, 0x0f, 0x06, 0x10, 0x79, 0x02, 0x08, 0x08, 0x07, 0x06, 0xfe,
    0x09, 0x04, 0x08, 0x06, 0xfe, 0x0a, 0x04, 0x09, 0x03, 0x04, 0x0a, 0x06, 0x33, 0x0b, 0x00, 0x0c, 0x01, 0x06, 0x00, 0x0d, 0x09, 0x0d, 0x0b, 0x00,
    0x06, 0xfe, 0x0b, 0x04, 0x05, 0x06, 0x10, 0x0f, 0x06, 0x17, 0x03, 0x06, 0x11, 0x04, 0x06, 0x0e, 0x01, 0x06, 0xa2, 0x28, 0x06, 0xc3, 0x13, 0x06,
    0x10, 0x29, 0x03, 0x01, 0x02, 0x03, 0x01, 0xf1, 0x06, 0xfe, 0x91, 0x01, 0x08, 0x08, 0x07, 0x06, 0xfe, 0x0c, 0x04, 0x08, 0x06, 0xfe, 0x0d, 0x04,
    0x09, 0x03, 0x04, 0x0a, 0x06, 0x21, 0x0b, 0x00, 0x0c, 0x01, 0x06, 0x00, 0x0d, 0x09, 0x08, 0x0c, 0x00, 0x06, 0xfe, 0x0e, 0x04, 0x16, 0x09, 0x01,
    0x0a, 0x00, 0x06, 0xfe, 0x0f, 0x04, 0x04, 0x06, 0x0e, 0x13, 0x06, 0x17, 0x03, 0x06, 0x11, 0x64, 0x06, 0xfe, 0x33, 0x01, 0x18, 0x06, 0x85, 0x3d,
    0x06, 0x78, 0xfe, 0x12, 0x01, 0x06, 0x95, 0xfe, 0x10, 0x04, 0x02, 0x4b, 0x06, 0x3b, 0x05, 0x06, 0x17, 0x27, 0x06, 0x31, 0x03, 0x06, 0x11, 0x04,
    0x06, 0x3c, 0x01, 0x06, 0x30, 0x6a, 0x02, 0x52, 0x02, 0xae, 0x03, 0x03, 0xac, 0x06, 0x47, 0x4b, 0x06, 0x3b, 0x08, 0x08, 0x07, 0x06, 0xfe, 0x11,
    0x04, 0x08, 0x06, 0xfe, 0x12, 0x04, 0x09, 0x03, 0x04, 0x0a, 0x06, 0x21, 0x0b, 0x00, 0x0c, 0x01, 0x06, 0x09, 0x01, 0x07, 0x00, 0x06, 0x5b, 0x05,
    0x06, 0x10, 0x2a, 0x06, 0x10, 0x0f, 0x06, 0x15, 0x02, 0x03, 0x01, 0x19, 0x02, 0x01, 0x06, 0x14, 0x0d, 0x09, 0x0a, 0x06, 0x00, 0x06, 0xfe, 0x13,
    0x04, 0x01, 0x06, 0x23, 0x1e, 0x07, 0x02, 0x09, 0x03, 0x06, 0x00, 0x06, 0xfe, 0x14, 0x04, 0x02, 0x03, 0x01, 0x01, 0x06, 0x80, 0x1b, 0x07, 0x03,
    0x06, 0x62, 0x06, 0x4a, 0x06, 0x4d, 0x52, 0x02, 0x12, 0x07, 0x01, 0x06, 0x46, 0x09, 0x07, 0x0a, 0x00, 0x06, 0xfe, 0x15, 0x04, 0x1a, 0x06, 0x22,
    0x03, 0x06, 0x11, 0x04, 0x06, 0x0e, 0x12, 0x07, 0x00, 0x01, 0x06, 0x1c, 0x1d, 0x06, 0x35, 0xfe, 0x55, 0x01, 0x07, 0x01, 0x06, 0x46, 0xfe, 0x13,
    0x01, 0x06, 0xfe, 0x16, 0x04, 0x52, 0x02, 0x12, 0x07, 0x01, 0x06, 0x46, 0x52, 0x02, 0x1b, 0x07, 0x03, 0x06, 0x62, 0x06, 0x4a, 0x06, 0x4d, 0x08,
    0x08, 0x07, 0x06, 0xfe, 0x17, 0x04, 0x08, 0x06, 0xfe, 0x18, 0x04, 0x09, 0x03, 0x04, 0x0a, 0x06, 0x57, 0x0b, 0x03, 0x01, 0x0c, 0x01, 0x06, 0x00,
    0x0d, 0x09, 0x0a, 0x05, 0x00, 0x06, 0xfe, 0x19, 0x04, 0x01, 0x06, 0x23, 0x1e, 0x07, 0x02, 0x09, 0x07, 0x07, 0x00, 0x06, 0xfe, 0x1a, 0x04, 0x16,
    0x09, 0x01, 0x09, 0x02, 0x03, 0x03, 0x18, 0x06, 0x1f, 0x00, 0x06, 0xfe, 0x1b, 0x04, 0x7c, 0x06, 0xfe, 0x56, 0x01, 0x13, 0x06, 0x3a, 0x04, 0x06,
    0x0e, 0x7f, 0x06, 0x0e, 0x1b, 0x07, 0x06, 0x06, 0x4f, 0x06, 0x45, 0x06, 0x62, 0x06, 0x4a, 0x06, 0x4d, 0x06, 0x56, 0xfe, 0x1c, 0x04, 0x06, 0x2e,
    0x01, 0x06, 0x1c, 0x1d, 0x06, 0x35, 0x02, 0x03, 0x01, 0x1b, 0x07, 0x01, 0x06, 0x4f, 0x1a, 0x06, 0x22, 0x09, 0x09, 0x07, 0x00, 0x06, 0xfe, 0x1d,
    0x04, 0x16, 0x09, 0x01, 0x05, 0x02, 0x03, 0x06, 0x18, 0x06, 0x1f, 0x00, 0x06, 0xfe, 0x1e, 0x04, 0x7c, 0x06, 0xfe, 0x56, 0x01, 0x13, 0x06, 0x3a,
    0x01, 0x06, 0xb2, 0xb3, 0x06, 0x33, 0xb4, 0x06, 0xc2, 0x1a, 0x06, 0x22, 0xb5, 0x09, 0x05, 0x04, 0x00, 0x06, 0xa5, 0x01, 0x06, 0x38, 0x29, 0x03,
    0x01, 0x28, 0x06, 0x34, 0x1b, 0x07, 0x06, 0x06, 0x4f, 0x06, 0x45, 0x06, 0x62, 0x06, 0x4a, 0x06, 0x4d, 0x06, 0x56, 0x16, 0x09, 0x01, 0x04, 0x13,
    0x06, 0x3a, 0x04, 0x06, 0x0e, 0x00, 0x06, 0xfe, 0x35, 0x01, 0xcb, 0x02, 0x08, 0x08, 0x07, 0x06, 0xfe, 0x1f, 0x04, 0x08, 0x06, 0xfe, 0x20, 0x04,
    0x09, 0x03, 0x04, 0x0a, 0x06, 0x57, 0x0b, 0x00, 0x0c, 0x01, 0x06, 0x00, 0x0d, 0x09, 0x0a, 0x05, 0x00, 0x06, 0xfe, 0x21, 0x04, 0x01, 0x06, 0x23,
    0x1e, 0x07, 0x02, 0x09, 0x08, 0x06, 0x00, 0x06, 0xfe, 0x22, 0x04, 0x16, 0x09, 0x03, 0x0b, 0x74, 0x06, 0x75, 0x04, 0x06, 0x0e, 0x79, 0x02, 0x00,
    0x06, 0xfe, 0x23, 0x04, 0x39, 0x09, 0x03, 0x03, 0x26, 0x06, 0x75, 0x72, 0x06, 0x7b, 0x13, 0x06, 0x15, 0x12, 0x07, 0x01, 0x06, 0x36, 0x69, 0x07,
    0x01, 0x06, 0x36, 0x43, 0x03, 0x0a, 0x3f, 0x06, 0x1f, 0x83, 0x06, 0x90, 0x82, 0x02, 0x27, 0x06, 0x67, 0x02, 0x03, 0x02, 0x01, 0x06, 0x30, 0x03,
    0x06, 0x49, 0x09, 0x02, 0x07, 0x00, 0x06, 0xfe, 0x24, 0x04, 0x16, 0x09, 0x01, 0x09, 0x03, 0x06, 0x11, 0x13, 0x06, 0x17, 0x00, 0x06, 0xfe, 0x25,
    0x04, 0x82, 0x02, 0x43, 0x03, 0x0f, 0x3f, 0x06, 0x1f, 0x83, 0x06, 0x90, 0x12, 0x07, 0x01, 0x06, 0x36, 0x04, 0x06, 0x0e, 0x01, 0x06, 0x32, 0x02,
    0x03, 0x01, 0x05, 0x06, 0x2f, 0x0f, 0x06, 0x10, 0x12, 0x07, 0x01, 0x06, 0x36, 0x12, 0x07, 0x01, 0x06, 0x36, 0x16, 0x09, 0x01, 0x08, 0x02, 0x03,
    0x01, 0x18, 0x06, 0x1f, 0x00, 0x06, 0xd5, 0x39, 0x09, 0x03, 0x03, 0x26, 0x06, 0xad, 0x05, 0x06, 0x17, 0x0f, 0x06, 0x15, 0x03, 0x06, 0x11, 0x25,
    0x02, 0x05, 0x06, 0x17, 0x0f, 0x06, 0x15, 0x08, 0x08, 0x07, 0x06, 0xfe, 0x26, 0x04, 0x08, 0x06, 0xfe, 0x27, 0x04, 0x09, 0x03, 0x04, 0x0a, 0x06,
    0x21, 0x0b, 0x00, 0x0c, 0x01, 0x06, 0x00, 0x0d, 0x09, 0x07, 0x08, 0x00, 0x06, 0xfe, 0x28, 0x04, 0x16, 0x09, 0x01, 0x08, 0x00, 0x06, 0xfe, 0x29,
    0x04, 0x04, 0x06, 0x76, 0x13, 0x06, 0x5e, 0x03, 0x06, 0x24, 0x18, 0x06, 0x85, 0x64, 0x06, 0xfe, 0x33, 0x01, 0xcd, 0x06, 0x76, 0x1b, 0x07, 0x01,
    0x06, 0x45, 0x01, 0x06, 0x1c, 0x1d, 0x06, 0x35, 0x02, 0x03, 0x02, 0x1b, 0x07, 0x01, 0x06, 0x45, 0x1a, 0x06, 0x22, 0x04, 0x06, 0x0e, 0x08, 0x08,
    0x07, 0x06, 0xfe, 0x2a, 0x04, 0x08, 0x06, 0xfe, 0x2b, 0x04, 0x09, 0x03, 0x04, 0x0a, 0x06, 0x37, 0x0b, 0x00, 0x0c, 0x01, 0x06, 0x00, 0x0d, 0x09,
    0x0a, 0x04, 0x00, 0x06, 0xfe, 0x2c, 0x04, 0x16, 0x09, 0x02, 0x04, 0x00, 0x06, 0xfe, 0x2d, 0x04, 0x86, 0x06, 0xcf, 0x02, 0x03, 0x01, 0x18, 0x06,
    0x1f, 0x01, 0x06, 0x23, 0x1e, 0x07, 0x02, 0x09, 0x02, 0x05, 0x00, 0x06, 0x9a, 0x02, 0x03, 0x02, 0x01, 0x06, 0x32, 0x05, 0x06, 0x2f, 0x0f, 0x06,
    0x10, 0x09, 0x01, 0x06, 0x00, 0x06, 0x77, 0x05, 0x06, 0x10, 0x0f, 0x06, 0x15, 0x02, 0x03, 0x01, 0x01, 0x06, 0x14, 0x03, 0x06, 0x2d, 0x08, 0x08,
    0x07, 0x06, 0xfe, 0x2e, 0x04, 0x08, 0x06, 0xfe, 0x2f, 0x04, 0x09, 0x03, 0x04, 0x0a, 0x06, 0x41, 0x0b, 0x03, 0x01, 0x0c, 0x01, 0x06, 0x09, 0x01,
    0x06, 0x00, 0x06, 0xfe, 0x57, 0x01, 0x0f, 0x06, 0x7d, 0x02, 0x03, 0x01, 0x03, 0x06, 0x49, 0x05, 0x06, 0x2b, 0x01, 0x06, 0xb6, 0x0d, 0x09, 0x0a,
    0x04, 0x00, 0x06, 0xfe, 0x30, 0x04, 0x01, 0x06, 0x23, 0x1e, 0x07, 0x02, 0x09, 0x02, 0x05, 0x00, 0x06, 0xa4, 0x02, 0x03, 0x01, 0x01, 0x06, 0x32,
    0x05, 0x06, 0x2f, 0x0f, 0x06, 0x10, 0x09, 0x07, 0x06, 0x00, 0x06, 0xfe, 0x58, 0x01, 0x1a, 0x06, 0x22, 0x01, 0x06, 0x1c, 0x1d, 0x06, 0x35, 0x02,
    0x03, 0x01, 0x1b, 0x07, 0x01, 0x06, 0x4f, 0x1b, 0x07, 0x01, 0x06, 0x4f, 0x08, 0x08, 0x07, 0x06, 0xfe, 0x31, 0x04, 0x08, 0x06, 0xfe, 0x32, 0x04,
    0x09, 0x03, 0x04, 0x0a, 0x06, 0x37, 0x0b, 0x00, 0x0c, 0x01, 0x06, 0x00, 0x0d, 0x09, 0x01, 0x0b, 0x00, 0x06, 0xfe, 0x33, 0x04, 0x16, 0x09, 0x02,
    0x05, 0x00, 0x06, 0xfe, 0xff, 0x00, 0x7f, 0x06, 0x3c, 0x18, 0x06, 0x8b, 0x64, 0x06, 0x8c, 0x60, 0x06, 0x61, 0x05, 0x06, 0x7d, 0x0f, 0x06, 0x2b,
    0x27, 0x06, 0x31, 0x65, 0x09, 0x03, 0x05, 0x26, 0x06, 0x65, 0x6d, 0x06, 0xfe, 0x34, 0x04, 0xc5, 0x06, 0xce, 0xfe, 0x52, 0x01, 0x06, 0x34, 0xfe,
    0x53, 0x01, 0x03, 0x01, 0x03, 0x06, 0x49, 0x04, 0x06, 0x0e, 0x01, 0x06, 0xb6, 0xcc, 0x03, 0x01, 0xe5, 0x06, 0xfe, 0x59, 0x01, 0x08, 0x08, 0x07,
    0x06, 0xfe, 0x35, 0x04, 0x08, 0x06, 0xfe, 0x42, 0x01, 0x09, 0x03, 0x04, 0x0a, 0x06, 0x37, 0x0b, 0x00, 0x0c, 0x01, 0x06, 0x00, 0x0d, 0x09, 0x0a,
    0x03, 0x00, 0x06, 0xfb, 0x01, 0x06, 0x23, 0x1e, 0x07, 0x02, 0x09, 0x02, 0x05, 0x00, 0x06, 0xa4, 0x02, 0x03, 0x01, 0x01, 0x06, 0x32, 0x05, 0x06,
    0x2f, 0x0f, 0x06, 0x10, 0x09, 0x01, 0x06, 0x00, 0x06, 0x77, 0x05, 0x06, 0x10, 0x0f, 0x06, 0x15, 0x02, 0x03, 0x01, 0x01, 0x06, 0x14, 0x03, 0x06,
    0x2d, 0x08, 0x08, 0x07, 0x06, 0xfe, 0x36, 0x04, 0x08, 0x06, 0xfe, 0x37, 0x04, 0x09, 0x03, 0x04, 0x0a, 0x06, 0xc0, 0x0b, 0x00, 0x0c, 0x01, 0x06,
    0x09, 0x07, 0x06, 0x00, 0x06, 0xa0, 0x19, 0x02, 0x3e, 0x03, 0x01, 0x02, 0x03, 0x01, 0x01, 0x06, 0x48, 0x05, 0x06, 0x2b, 0x0d, 0x09, 0x0a, 0x04,
    0x00, 0x06, 0xfe, 0x38, 0x04, 0x01, 0x06, 0x8d, 0x9b, 0x07, 0x02, 0x09, 0x08, 0x09, 0x00, 0x06, 0xfe, 0xf7, 0x01, 0x05, 0x06, 0x17, 0x43, 0x03,
    0x04, 0x3f, 0x06, 0x47, 0x27, 0x06, 0x31, 0x02, 0x03, 0x01, 0x03, 0x06, 0x11, 0x04, 0x06, 0x3c, 0x01, 0x06, 0x30, 0x09, 0x02, 0x05, 0x00, 0x06,
    0x9c, 0x02, 0x03, 0x01, 0x01, 0x06, 0x32, 0x05, 0x06, 0x2f, 0x0f, 0x06, 0x10, 0x02, 0x03, 0x01, 0x08, 0x08, 0x07, 0x06, 0xfe, 0x39, 0x04, 0x08,
    0x06, 0xfe, 0x3a, 0x04, 0x09, 0x03, 0x04, 0x0a, 0x06, 0x41, 0x0b, 0x03, 0x01, 0x0c, 0x01, 0x06, 0x09, 0x0a, 0x03, 0x00, 0x06, 0xfe, 0x3b, 0x04,
    0x01, 0x06, 0xfe, 0x5a, 0x01, 0x1e, 0x07, 0x02, 0x09, 0x08, 0x05, 0x00, 0x06, 0xb9, 0x27, 0x06, 0x31, 0x03, 0x06, 0x11, 0x6e, 0x02, 0x01, 0x06,
    0x30, 0x09, 0x01, 0x06, 0x00, 0x06, 0x77, 0x05, 0x06, 0x10, 0x2a, 0x06, 0x10, 0x0f, 0x06, 0x15, 0x02, 0x03, 0x01, 0x01, 0x06, 0x14, 0x0d, 0x09,
    0x08, 0x05, 0x00, 0x06, 0xfe, 0xf8, 0x01, 0x27, 0x06, 0x67, 0x02, 0x03, 0x01, 0x01, 0x06, 0x30, 0x03, 0x06, 0x49, 0x08, 0x08, 0x07, 0x06, 0xfe,
    0x3c, 0x04, 0x08, 0x06, 0xfe, 0x3d, 0x04, 0x09, 0x03, 0x04, 0x0a, 0x06, 0x41, 0x0b, 0x03, 0x01, 0x0c, 0x01, 0x06, 0x09, 0x08, 0x05, 0x00, 0x06,
    0xfe, 0x3e, 0x04, 0x27, 0x06, 0x31, 0x03, 0x06, 0x11, 0x6e, 0x02, 0x01, 0x06, 0x30, 0x0d, 0x09, 0x0a, 0x06, 0x00, 0x06, 0xfe, 0x3f, 0x04, 0x01,
    0x06, 0xa9, 0x4b, 0x06, 0x78, 0x94, 0x09, 0x0a, 0x04, 0x00, 0x06, 0xfe, 0x40, 0x04, 0x01, 0x06, 0x23, 0x1e, 0x07, 0x02, 0x09, 0x02, 0x06, 0x00,
    0x06, 0xfe, 0xf9, 0x01, 0x02, 0x03, 0x03, 0x01, 0x06, 0x32, 0x05, 0x06, 0x2f, 0x0f, 0x06, 0x10, 0x4b, 0x06, 0x78, 0x09, 0x01, 0x07, 0x00, 0x06,
    0xab, 0x05, 0x06, 0x10, 0x0f, 0x06, 0x15, 0x02, 0x03, 0x02, 0x01, 0x06, 0x14, 0x03, 0x06, 0x2d, 0x4b, 0x06, 0x78, 0x4b, 0x06, 0x78, 0xaa, 0x09,
    0x01, 0x08, 0x02, 0x03, 0x01, 0x18, 0x06, 0x1f, 0x00, 0x06, 0xfe, 0x41, 0x04, 0x82, 0x02, 0x03, 0x06, 0x11, 0x83, 0x06, 0x90, 0x05, 0x06, 0x88,
    0x4b, 0x06, 0x78, 0x9e, 0x09, 0x0a, 0x04, 0x00, 0x06, 0xfe, 0x42, 0x04, 0x01, 0x06, 0x23, 0x1e, 0x07, 0x02, 0x09, 0x08, 0x06, 0x00, 0x06, 0xfe,
    0x43, 0x04, 0x27, 0x06, 0x67, 0x03, 0x06, 0x11, 0x01, 0x06, 0x30, 0x02, 0x03, 0x01, 0x4b, 0x06, 0x78, 0x09, 0x07, 0x07, 0x00, 0x06, 0xfe, 0x44,
    0x04, 0x16, 0x09, 0x01, 0x08, 0x02, 0x03, 0x02, 0x18, 0x06, 0x85, 0x00, 0x06, 0xfe, 0x45, 0x04, 0x05, 0x06, 0x88, 0x03, 0x06, 0x11, 0x82, 0x02,
    0x83, 0x06, 0x90, 0x4b, 0x06, 0x78, 0x01, 0x06, 0x1c, 0x1d, 0x06, 0x2e, 0x02, 0x03, 0x02, 0x1a, 0x06, 0x22, 0x4b, 0x06, 0x78, 0x4b, 0x06, 0x78,
    0x08, 0x08, 0x07, 0x06, 0xfe, 0x46, 0x04, 0x08, 0x06, 0xfe, 0x47, 0x04, 0x09, 0x03, 0x04, 0x0a, 0x06, 0x33, 0x0b, 0x00, 0x0c, 0x01, 0x06, 0x00,
    0x0d, 0x09, 0x0d, 0x0d, 0x00, 0x06, 0xfe, 0x48, 0x04, 0x05, 0x06, 0x10, 0x0f, 0x06, 0x17, 0x43, 0x03, 0x0a, 0x3f, 0x06, 0x85, 0x03, 0x06, 0x11,
    0x04, 0x06, 0x0e, 0x12, 0x07, 0x01, 0x06, 0x44, 0x01, 0x06, 0xa2, 0x28, 0x06, 0xc3, 0x13, 0x06, 0x10, 0x29, 0x03, 0x02, 0x02, 0x03, 0x02, 0x08,
    0x08, 0x07, 0x06, 0xfe, 0x49, 0x04, 0x08, 0x06, 0xfe, 0x4a, 0x04, 0x09, 0x03, 0x04, 0x0a, 0x06, 0x21, 0x0b, 0x00, 0x0c, 0x01, 0x06, 0x00, 0x0d,
    0x09, 0x08, 0x0a, 0x00, 0x06, 0xfe, 0x4b, 0x04, 0x05, 0x06, 0x17, 0x27, 0x06, 0x67, 0x03, 0x06, 0x11, 0x04, 0x06, 0x0e, 0x3d, 0x06, 0x3b, 0x12,
    0x07, 0x01, 0x06, 0x44, 0x01, 0x06, 0x30, 0x52, 0x02, 0x4b, 0x06, 0x3b, 0x08, 0x08, 0x07, 0x06, 0xfe, 0x4c, 0x04, 0x08, 0x06, 0xfe, 0x4d, 0x04,
    0x09, 0x03, 0x04, 0x0a, 0x06, 0x57, 0x0b, 0x03, 0x01, 0x0c, 0x01, 0x06, 0x00, 0x0d, 0x09, 0x0a, 0x05, 0x00, 0x06, 0xfe, 0x4e, 0x04, 0x16, 0x09,
    0x03, 0x08, 0x00, 0x06, 0xfe, 0x4f, 0x04, 0x39, 0x09, 0x03, 0x04, 0x26, 0x06, 0x9f, 0x72, 0x06, 0xfe, 0x5b, 0x01, 0xfe, 0x50, 0x04, 0x02, 0xfe,
    0x51, 0x04, 0x02, 0x74, 0x06, 0xfe, 0x51, 0x01, 0x04, 0x06, 0x0e, 0x13, 0x06, 0x2b, 0x86, 0x06, 0x3e, 0x03, 0x06, 0x11, 0x25, 0x02, 0x01, 0x06,
    0x23, 0x1e, 0x07, 0x02, 0x09, 0x02, 0x05, 0x00, 0x06, 0xa4, 0x02, 0x03, 0x01, 0x01, 0x06, 0x32, 0x05, 0x06, 0x2f, 0x0f, 0x06, 0x10, 0x09, 0x07,
    0x06, 0x00, 0x06, 0xfe, 0x14, 0x01, 0x1a, 0x06, 0x22, 0x01, 0x06, 0x1c, 0x1d, 0x06, 0x35, 0x02, 0x03, 0x01, 0x1b, 0x07, 0x01, 0x06, 0x45, 0x1b,
    0x07, 0x01, 0x06, 0x45, 0x08, 0x08, 0x07, 0x06, 0xfe, 0x52, 0x04, 0x08, 0x06, 0xfe, 0x53, 0x04, 0x09, 0x03, 0x04, 0x0a, 0x06, 0x41, 0x0b, 0x03,
    0x01, 0x0c, 0x01, 0x06, 0x09, 0x01, 0x06, 0x00, 0x06, 0xfe, 0x92, 0x01, 0x05, 0x06, 0x2c, 0x2a, 0x06, 0x2c, 0x0f, 0x06, 0x15, 0x02, 0x03, 0x03,
    0x01, 0x06, 0x14, 0x0d, 0x09, 0x07, 0x0b, 0x00, 0x06, 0xfe, 0x54, 0x04, 0x01, 0x06, 0x1c, 0x1d, 0x06, 0x2e, 0x02, 0x03, 0x01, 0x59, 0x02, 0x5d,
    0x03, 0x01, 0x63, 0x06, 0x15, 0x03, 0x06, 0x11, 0x12, 0x07, 0x01, 0x06, 0x44, 0xfe, 0x15, 0x01, 0x06, 0xf4, 0x1a, 0x06, 0x22, 0x08, 0x08, 0x07,
    0x06, 0xfe, 0x55, 0x04, 0x08, 0x06, 0xfe, 0x56, 0x04, 0x09, 0x03, 0x04, 0x0a, 0x06, 0x57, 0x0b, 0x03, 0x01, 0x0c, 0x01, 0x06, 0x00, 0x0d, 0x09,
    0x0a, 0x07, 0x00, 0x06, 0xfe, 0x57, 0x04, 0x01, 0x06, 0xfe, 0x00, 0x01, 0x40, 0x02, 0xde, 0x06, 0xdf, 0x16, 0x09, 0x00, 0x02, 0x18, 0x06, 0x81,
    0x70, 0x07, 0x02, 0x09, 0x06, 0x05, 0xaf, 0x06, 0xe0, 0x00, 0x06, 0xfe, 0x93, 0x01, 0x39, 0x09, 0x03, 0x03, 0x26, 0x06, 0x6f, 0xaf, 0x06, 0xe0,
    0xd0, 0x06, 0x0e, 0xd0, 0x06, 0x0e, 0x13, 0x06, 0x15, 0x09, 0x01, 0x06, 0x02, 0x03, 0x01, 0x18, 0x06, 0x1f, 0x00, 0x06, 0xfe, 0x58, 0x04, 0x13,
    0x06, 0x15, 0x04, 0x06, 0x0e, 0x05, 0x06, 0x88, 0xfe, 0x01, 0x01, 0x09, 0x07, 0x04, 0x00, 0x06, 0xfe, 0xfa, 0x01, 0x01, 0x06, 0x48, 0x3e, 0x03,
    0x01, 0x02, 0x03, 0x01, 0xfe, 0x02, 0x01, 0x09, 0x01, 0x06, 0x00, 0x06, 0xfe, 0x59, 0x04, 0x05, 0x06, 0xfe, 0x94, 0x01, 0x0f, 0x06, 0x10, 0x02,
    0x03, 0x01, 0x01, 0x06, 0x14, 0x03, 0x06, 0x2d, 0x08, 0x08, 0x07, 0x06, 0xfe, 0x5a, 0x04, 0x08, 0x06, 0xfe, 0x5b, 0x04, 0x09, 0x03, 0x04, 0x0a,
    0x06, 0x20, 0x0b, 0x00, 0x0c, 0x01, 0x06, 0x00, 0x0d, 0x09, 0x0a, 0x03, 0x00, 0x06, 0xfe, 0x5c, 0x04, 0x01, 0x06, 0x23, 0x1e, 0x07, 0x02, 0x09,
    0x01, 0x07, 0x00, 0x06, 0xfe, 0xfb, 0x01, 0x05, 0x06, 0x2c, 0x02, 0x03, 0x04, 0x0f, 0x06, 0x15, 0x04, 0x06, 0x0e, 0x01, 0x06, 0x14, 0x03, 0x06,
    0x2d, 0x09, 0x07, 0x06, 0x00, 0x06, 0xfe, 0x5d, 0x04, 0x16, 0x09, 0x01, 0x05, 0x00, 0x06, 0xfe, 0xfc, 0x01, 0x03, 0x06, 0x24, 0x02, 0x03, 0x01,
    0x18, 0x06, 0x1f, 0x05, 0x06, 0x88, 0x01, 0x06, 0x1c, 0x1d, 0x06, 0x2e, 0x02, 0x03, 0x02, 0x1a, 0x06, 0x22, 0x08, 0x08, 0x07, 0x06, 0xfe, 0x5e,
    0x04, 0x08, 0x06, 0xfe, 0x5f, 0x04, 0x09, 0x03, 0x04, 0x0a, 0x06, 0x41, 0x0b, 0x03, 0x01, 0x0c, 0x01, 0x06, 0x09, 0x0a, 0x03, 0x00, 0x06, 0xfe,
    0x60, 0x04, 0x01, 0x06, 0x92, 0x1e, 0x07, 0x02, 0x09, 0x07, 0x05, 0x00, 0x06, 0xa1, 0x3e, 0x03, 0x02, 0x02, 0x03, 0x02, 0x01, 0x06, 0x48, 0x05,
    0x06, 0x2b, 0x09, 0x04, 0x06, 0x00, 0x06, 0xfe, 0xfd, 0x01, 0x05, 0x06, 0x10, 0x2a, 0x06, 0x10, 0x02, 0x03, 0x01, 0x03, 0x06, 0x24, 0x01, 0x06,
    0x4e, 0x0d, 0x09, 0x01, 0x09, 0x00, 0x06, 0xfe, 0x61, 0x04, 0x05, 0x06, 0x15, 0x0f, 0x06, 0x10, 0xfe, 0x62, 0x04, 0x06, 0xfe, 0x63, 0x04, 0xfe,
    0x64, 0x04, 0x06, 0xfe, 0x65, 0x04, 0x02, 0x03, 0x01, 0x03, 0x06, 0x24, 0x04, 0x06, 0x0e, 0x01, 0x06, 0x14, 0x08, 0x08, 0x07, 0x06, 0xfe, 0x66,
    0x04, 0x08, 0x06, 0xfe, 0x67, 0x04, 0x09, 0x03, 0x04, 0x0a, 0x06, 0x33, 0x0b, 0x00, 0x0c, 0x01, 0x06, 0x00, 0x0d, 0x09, 0x0a, 0x08, 0x00, 0x06,
    0xfe, 0x16, 0x01, 0x16, 0x09, 0x01, 0x08, 0x02, 0x03, 0x03, 0x18, 0x06, 0x1f, 0x00, 0x06, 0xfe, 0x68, 0x04, 0x7c, 0x06, 0x66, 0x03, 0x06, 0x11,
    0x71, 0x06, 0x06, 0x13, 0x06, 0x17, 0x04, 0x06, 0x0e, 0x1a, 0x06, 0x5a, 0x40, 0x02, 0x01, 0x06, 0x23, 0x1e, 0x07, 0x02, 0x09, 0x07, 0x06, 0x01,
    0x06, 0x1c, 0x1d, 0x06, 0x2e, 0x02, 0x03, 0x01, 0x03, 0x06, 0x2d, 0x1a, 0x06, 0x5a, 0x00, 0x06, 0xfe, 0x16, 0x01, 0x09, 0x07, 0x07, 0x01, 0x06,
    0x1c, 0x1d, 0x06, 0x35, 0x1b, 0x07, 0x01, 0x06, 0x4d, 0x02, 0x03, 0x01, 0x03, 0x06, 0x2d, 0x1a, 0x06, 0x5a, 0x00, 0x06, 0xfe, 0x16, 0x01, 0x1b,
    0x07, 0x01, 0x06, 0x4d, 0x02, 0x03, 0x02, 0x08, 0x08, 0x07, 0x06, 0xfe, 0x69, 0x04, 0x08, 0x06, 0xfe, 0x6a, 0x04, 0x09, 0x03, 0x04, 0x0a, 0x06,
    0x41, 0x0b, 0x03, 0x01, 0x0c, 0x01, 0x06, 0x09, 0x07, 0x05, 0x00, 0x06, 0xa1, 0x3e, 0x03, 0x02, 0x02, 0x03, 0x02, 0x01, 0x06, 0x48, 0x05, 0x06,
    0x2b, 0x0d, 0x09, 0x01, 0x09, 0x00, 0x06, 0xfe, 0x6b, 0x04, 0x05, 0x06, 0x15, 0x0f, 0x06, 0xf3, 0x43, 0x03, 0x02, 0x3f, 0x06, 0x47, 0x02, 0x03,
    0x01, 0x03, 0x06, 0x11, 0x04, 0x06, 0x0e, 0x01, 0x06, 0x14, 0x08, 0x08, 0x07, 0x06, 0xfe, 0x6c, 0x04, 0x08, 0x06, 0xfe, 0x6d, 0x04, 0x09, 0x03,
    0x04, 0x0a, 0x06, 0x57, 0x0b, 0x00, 0x0c, 0x01, 0x06, 0x00, 0x0d, 0x09, 0x0c, 0x08, 0x00, 0x06, 0xfe, 0x6e, 0x04, 0x16, 0x09, 0x01, 0x08, 0x02,
    0x03, 0x01, 0x18, 0x06, 0x1f, 0x00, 0x06, 0xd5, 0x39, 0x09, 0x03, 0x03, 0x26, 0x06, 0xad, 0x05, 0x06, 0x17, 0x0f, 0x06, 0x15, 0x03, 0x06, 0x11,
    0x25, 0x02, 0x05, 0x06, 0x17, 0x0f, 0x06, 0x15, 0x02, 0x03, 0x01, 0x03, 0x06, 0x11, 0x19, 0x02, 0x01, 0x06, 0x7a, 0x04, 0x00, 0xe5, 0x06, 0x80,
    0x08, 0x08, 0x07, 0x06, 0xfe, 0x6f, 0x04, 0x08, 0x06, 0xfe, 0x70, 0x04, 0x09, 0x03, 0x04, 0x0a, 0x06, 0x21, 0x0b, 0x00, 0x0c, 0x01, 0x06, 0x09,
    0x01, 0x07, 0x00, 0x06, 0x5b, 0x05, 0x06, 0x10, 0x2a, 0x06, 0x10, 0x0f, 0x06, 0x15, 0x02, 0x03, 0x01, 0x19, 0x02, 0x01, 0x06, 0x14, 0x0d, 0x09,
    0x07, 0x09, 0x00, 0x06, 0xfe, 0x71, 0x04, 0x1a, 0x06, 0x22, 0x02, 0x03, 0x01, 0x03, 0x06, 0x11, 0x73, 0x03, 0x01, 0x01, 0x06, 0x1c, 0x1d, 0x06,
    0x35, 0x1b, 0x07, 0x01, 0x06, 0x4f, 0xe1, 0x06, 0xfe, 0x5c, 0x01, 0x08, 0x08, 0x07, 0x06, 0xfe, 0x72, 0x04, 0x08, 0x06, 0xfe, 0x73, 0x04, 0x09,
    0x03, 0x04, 0x0a, 0x06, 0x41, 0x0b, 0x03, 0x01, 0x0c, 0x01, 0x06, 0x09, 0x07, 0x05, 0x00, 0x06, 0xee, 0x3e, 0x03, 0x01, 0x02, 0x03, 0x01, 0x01,
    0x06, 0x48, 0x05, 0x06, 0x2b, 0x0d, 0x09, 0x0c, 0x06, 0x00, 0x06, 0xfe, 0xfe, 0x01, 0x03, 0x06, 0x11, 0x12, 0x07, 0x02, 0x06, 0x46, 0x06, 0xd1,
    0x01, 0x06, 0x7a, 0x04, 0x00, 0x42, 0x02, 0x08, 0x08, 0x07, 0x06, 0xfe, 0x74, 0x04, 0x08, 0x06, 0xfe, 0x75, 0x04, 0x09, 0x03, 0x04, 0x0a, 0x06,
    0x33, 0x0b, 0x00, 0x0c, 0x01, 0x06, 0x00, 0x0d, 0x09, 0x05, 0x07, 0x00, 0x06, 0xa5, 0x16, 0x09, 0x01, 0x05, 0x02, 0x03, 0x08, 0x18, 0x06, 0x85,
    0x00, 0x06, 0xfe, 0x76, 0x04, 0x04, 0x06, 0x0e, 0x13, 0x06, 0x2b, 0x1a, 0x06, 0x5a, 0x40, 0x02, 0x01, 0x06, 0x38, 0x29, 0x03, 0x01, 0x28, 0x06,
    0x34, 0x08, 0x08, 0x07, 0x06, 0xfe, 0x77, 0x04, 0x08, 0x06, 0xfe, 0x78, 0x04, 0x09, 0x03, 0x04, 0x0a, 0x06, 0x21, 0x0b, 0x00, 0x0c, 0x01, 0x06,
    0x00, 0x0d, 0x09, 0x07, 0x0b, 0x00, 0x06, 0xfe, 0x79, 0x04, 0x16, 0x09, 0x04, 0x07, 0x00, 0x06, 0xfe, 0x7a, 0x04, 0x12, 0x07, 0x01, 0x06, 0xfe,
    0x7b, 0x04, 0x04, 0x06, 0x0e, 0x13, 0x06, 0x84, 0x03, 0x06, 0x24, 0x3d, 0x06, 0x3b, 0x4b, 0x06, 0x3b, 0x03, 0x06, 0x11, 0x04, 0x06, 0x0e, 0x12,
    0x07, 0x01, 0x06, 0x50, 0x01, 0x06, 0x1c, 0x1d, 0x06, 0x2e, 0x52, 0x02, 0x1a, 0x06, 0x22, 0x4b, 0x06, 0x3b, 0x3d, 0x06, 0x3b, 0x08, 0x08, 0x07,
    0x06, 0xfe, 0x7c, 0x04, 0x08, 0x06, 0xfe, 0x7d, 0x04, 0x09, 0x03, 0x04, 0x0a, 0x06, 0x37, 0x0b, 0x00, 0x0c, 0x01, 0x06, 0x00, 0x0d, 0x09, 0x0a,
    0x04, 0x00, 0x06, 0xfe, 0x7e, 0x04, 0x16, 0x09, 0x01, 0x07, 0x13, 0x06, 0x3a, 0x04, 0x06, 0x0e, 0x00, 0x06, 0xfe, 0x7f, 0x04, 0x82, 0x02, 0x83,
    0x06, 0x90, 0x03, 0x06, 0x11, 0x12, 0x07, 0x01, 0x06, 0x50, 0x01, 0x06, 0x23, 0x1e, 0x07, 0x02, 0x09, 0x02, 0x05, 0x00, 0x06, 0xa4, 0x02, 0x03,
    0x01, 0x01, 0x06, 0x32, 0x05, 0x06, 0x2f, 0x0f, 0x06, 0x10, 0x09, 0x01, 0x06, 0x00, 0x06, 0x77, 0x05, 0x06, 0x10, 0x0f, 0x06, 0x15, 0x02, 0x03,
    0x01, 0x01, 0x06, 0x14, 0x03, 0x06, 0x2d, 0x08, 0x08, 0x07, 0x06, 0xfe, 0x80, 0x04, 0x08, 0x06, 0xfe, 0x81, 0x04, 0x09, 0x03, 0x04, 0x0a, 0x06,
    0x21, 0x0b, 0x00, 0x0c, 0x01, 0x06, 0x00, 0x0d, 0x09, 0x0a, 0x07, 0x00, 0x06, 0xfe, 0x82, 0x04, 0x01, 0x06, 0x23, 0x1e, 0x07, 0x02, 0x09, 0x01,
    0x0c, 0x00, 0x06, 0xfe, 0x83, 0x04, 0x05, 0x06, 0x10, 0x0f, 0x06, 0x7d, 0x43, 0x03, 0x02, 0x3f, 0x06, 0x47, 0x02, 0x03, 0x01, 0x03, 0x06, 0x11,
    0x3d, 0x06, 0x3b, 0x12, 0x07, 0x01, 0x06, 0x50, 0x19, 0x02, 0x01, 0x06, 0x14, 0x4b, 0x06, 0x3b, 0x09, 0x0a, 0x06, 0x00, 0x06, 0xfe, 0x46, 0x01,
    0x01, 0x06, 0x23, 0x1e, 0x07, 0x02, 0x09, 0x0d, 0x07, 0x00, 0x06, 0xec, 0x02, 0x03, 0x01, 0x01, 0x06, 0xed, 0x8d, 0x02, 0x04, 0x06, 0x0e, 0x3d,
    0x06, 0x3b, 0x4b, 0x06, 0x3b, 0x09, 0x07, 0x07, 0x00, 0x06, 0xfe, 0x2b, 0x01, 0x1a, 0x06, 0x22, 0x02, 0x03, 0x01, 0x01, 0x06, 0x1c, 0x1d, 0x06,
    0x35, 0x3d, 0x06, 0x3b, 0x4b, 0x06, 0x3b, 0x3d, 0x06, 0x3b, 0x4b, 0x06, 0x3b, 0x12, 0x07, 0x01, 0x06, 0x50, 0x40, 0x02, 0x4b, 0x06, 0x3b, 0x12,
    0x07, 0x01, 0x06, 0x50, 0x3d, 0x06, 0x3b, 0x08, 0x08, 0x07, 0x06, 0xfe, 0x84, 0x04, 0x08, 0x06, 0xfe, 0x85, 0x04, 0x09, 0x03, 0x04, 0x0a, 0x06,
    0x37, 0x0b, 0x00, 0x0c, 0x01, 0x06, 0x00, 0x0d, 0x09, 0x01, 0x0c, 0x00, 0x06, 0xfe, 0x86, 0x04, 0x05, 0x06, 0x7d, 0x0f, 0x06, 0xf3, 0x43, 0x03,
    0x02, 0x3f, 0x06, 0x47, 0x02, 0x03, 0x01, 0x03, 0x06, 0x11, 0x12, 0x07, 0x01, 0x06, 0x50, 0x19, 0x02, 0x01, 0x06, 0xb6, 0xcc, 0x03, 0x01, 0xe5,
    0x06, 0xfe, 0x59, 0x01, 0x08, 0x08, 0x07, 0x06, 0xfe, 0x87, 0x04, 0x08, 0x06, 0xfe, 0x88, 0x04, 0x09, 0x03, 0x04, 0x0a, 0x06, 0x41, 0x0b, 0x03,
    0x01, 0x0c, 0x01, 0x06, 0x09, 0x01, 0x06, 0x00, 0x06, 0x77, 0x05, 0x06, 0x10, 0x2a, 0x06, 0x10, 0x0f, 0x06, 0x15, 0x02, 0x03, 0x01, 0x01, 0x06,
    0x14, 0x0d, 0x09, 0x0a, 0x04, 0x00, 0x06, 0xfe, 0x89, 0x04, 0x01, 0x06, 0x23, 0x1e, 0x07, 0x03, 0x09, 0x0d, 0x04, 0x01, 0x06, 0xed, 0x8d, 0x02,
    0x04, 0x06, 0x0e, 0x00, 0x06, 0xec, 0x09, 0x0a, 0x06, 0x01, 0x06, 0xa9, 0x00, 0x06, 0xfe, 0x5d, 0x01, 0x94, 0x09, 0x04, 0x05, 0x01, 0x06, 0x4e,
    0x05, 0x06, 0x2c, 0x02, 0x03, 0x05, 0x04, 0x06, 0x0e, 0x00, 0x06, 0xfe, 0x5d, 0x01, 0xaa, 0x09, 0x13, 0x04, 0x02, 0x03, 0x05, 0x18, 0x06, 0x1f,
    0xfe, 0x8a, 0x04, 0x02, 0x00, 0x06, 0xfe, 0x8b, 0x04, 0x9e, 0x09, 0x0a, 0x03, 0x01, 0x06, 0x23, 0x1e, 0x07, 0x02, 0x09, 0x03, 0x06, 0x01, 0x06,
    0x51, 0x05, 0x06, 0x3a, 0x02, 0x03, 0x01, 0x0f, 0x06, 0x10, 0x12, 0x07, 0x01, 0x06, 0x50, 0x00, 0x06, 0xfe, 0x5d, 0x01, 0x09, 0x07, 0x05, 0x01,
    0x06, 0x1c, 0x1d, 0x06, 0x2e, 0x02, 0x03, 0x03, 0x1a, 0x06, 0x22, 0x00, 0x06, 0xfe, 0x8c, 0x04, 0x00, 0x06, 0xfe, 0x5d, 0x01, 0x12, 0x07, 0x01,
    0x06, 0x50, 0x09, 0x01, 0x06, 0x01, 0x06, 0x14, 0x05, 0x06, 0x3a, 0x0f, 0x06, 0x15, 0x02, 0x03, 0x00, 0x52, 0x02, 0x00, 0x06, 0xfe, 0x8d, 0x04,
    0x12, 0x07, 0x01, 0x06, 0x50, 0x08, 0x08, 0x07, 0x06, 0xfe, 0x8e, 0x04, 0x08, 0x06, 0xfe, 0x8f, 0x04, 0x09, 0x03, 0x04, 0x0a, 0x06, 0x37, 0x0b,
    0x00, 0x0c, 0x01, 0x06, 0x00, 0x0d, 0x09, 0x0a, 0x03, 0x00, 0x06, 0xfe, 0x90, 0x04, 0x01, 0x06, 0x23, 0x1e, 0x07, 0x02, 0x09, 0x01, 0x07, 0x00,
    0x06, 0xfe, 0x91, 0x04, 0x05, 0x06, 0x2c, 0x02, 0x03, 0x01, 0x0f, 0x06, 0x10, 0x04, 0x06, 0x0e, 0x01, 0x06, 0x14, 0x03, 0x06, 0x2d, 0x09, 0x05,
    0x05, 0x00, 0x06, 0xfe, 0x92, 0x04, 0x16, 0x09, 0x01, 0x06, 0x03, 0x06, 0x11, 0x13, 0x06, 0x17, 0x00, 0x06, 0xfe, 0x93, 0x04, 0x82, 0x02, 0x83,
    0x06, 0x90, 0x04, 0x06, 0x0e, 0x01, 0x06, 0x38, 0x29, 0x03, 0x01, 0x28, 0x06, 0x34, 0x08, 0x08, 0x07, 0x06, 0xfe, 0x94, 0x04, 0x08, 0x06, 0xfe,
    0x95, 0x04, 0x09, 0x03, 0x04, 0x0a, 0x06, 0x57, 0x0b, 0x03, 0x01, 0x0c, 0x01, 0x06, 0x00, 0x0d, 0x09, 0x01, 0x09, 0x00, 0x06, 0xfe, 0x96, 0x04,
    0x16, 0x09, 0x01, 0x09, 0x02, 0x03, 0x01, 0x18, 0x06, 0x1f, 0x00, 0x06, 0xfe, 0x97, 0x04, 0x39, 0x09, 0x03, 0x03, 0x26, 0x06, 0xad, 0x05, 0x06,
    0x84, 0x0f, 0x06, 0x15, 0x12, 0x07, 0x01, 0x06, 0x46, 0x04, 0x06, 0x0e, 0x03, 0x06, 0x24, 0x05, 0x06, 0x84, 0x0f, 0x06, 0x15, 0x05, 0x06, 0xfe,
    0x94, 0x01, 0x0f, 0x06, 0xfe, 0x95, 0x01, 0x03, 0x06, 0x24, 0x19, 0x02, 0x01, 0x06, 0x14, 0x02, 0x03, 0x01, 0x12, 0x07, 0x01, 0x06, 0x46, 0x08,
    0x08, 0x07, 0x06, 0xfe, 0x98, 0x04, 0x08, 0x06, 0xfe, 0x99, 0x04, 0x09, 0x03, 0x04, 0x0a, 0x06, 0x21, 0x0b, 0x00, 0x0c, 0x01, 0x06, 0x00, 0x0d,
    0x09, 0x07, 0x09, 0x00, 0x06, 0xfe, 0x9a, 0x04, 0x16, 0x09, 0x00, 0x08, 0x18, 0x06, 0x81, 0x70, 0x07, 0x02, 0x09, 0x04, 0x06, 0x00, 0x06, 0xfe,
    0x9b, 0x04, 0x12, 0x07, 0x01, 0x06, 0x46, 0x04, 0x06, 0x0e, 0x13, 0x06, 0x84, 0x03, 0x06, 0x24, 0xd6, 0x02, 0x09, 0x02, 0x07, 0x00, 0x06, 0xfe,
    0x9c, 0x04, 0x1b, 0x07, 0x03, 0x06, 0x45, 0x06, 0x4a, 0x06, 0x4d, 0x02, 0x03, 0x0c, 0x18, 0x06, 0x1f, 0x60, 0x06, 0x61, 0x64, 0x06, 0x06, 0x13,
    0x06, 0x84, 0x00, 0x06, 0xfe, 0x9d, 0x04, 0x04, 0x06, 0x0e, 0x13, 0x06, 0x84, 0x03, 0x06, 0x24, 0x60, 0x06, 0x61, 0x12, 0x07, 0x01, 0x06, 0x46,
    0x01, 0x06, 0x1c, 0x1d, 0x06, 0x35, 0xb0, 0x06, 0x52, 0x02, 0x03, 0x02, 0x1a, 0x06, 0x22, 0x1b, 0x07, 0x03, 0x06, 0x45, 0x06, 0x4a, 0x06, 0x4d,
    0x04, 0x06, 0x0e, 0x08, 0x08, 0x07, 0x06, 0xfe, 0x9e, 0x04, 0x08, 0x06, 0xfe, 0x9f, 0x04, 0x09, 0x03, 0x04, 0x0a, 0x06, 0x21, 0x0b, 0x00, 0x0c,
    0x01, 0x06, 0x00, 0x0d, 0x09, 0x0a, 0x07, 0x00, 0x06, 0xfe, 0xff, 0x01, 0x01, 0x06, 0x23, 0x1e, 0x07, 0x03, 0x09, 0x03, 0x09, 0x00, 0x06, 0xfe,
    0xa0, 0x04, 0x02, 0x03, 0x01, 0x03, 0x06, 0x24, 0x12, 0x07, 0x01, 0x06, 0x46, 0x19, 0x02, 0x01, 0x06, 0x80, 0x05, 0x06, 0x84, 0xf1, 0x06, 0xfe,
    0x8b, 0x01, 0xfe, 0x31, 0x01, 0x07, 0x01, 0x06, 0x21, 0x09, 0x01, 0x08, 0x01, 0x06, 0x14, 0x05, 0x06, 0xf2, 0x0f, 0x06, 0x2c, 0x52, 0x02, 0x00,
    0x06, 0xfe, 0xff, 0x01, 0x12, 0x07, 0x01, 0x06, 0x46, 0x1b, 0x07, 0x02, 0x06, 0x45, 0x06, 0x4a, 0x1a, 0x06, 0x22, 0x09, 0x07, 0x07, 0x00, 0x06,
    0xfe, 0xa1, 0x04, 0x1a, 0x06, 0x22, 0x01, 0x06, 0x1c, 0x1d, 0x06, 0x35, 0x02, 0x03, 0x02, 0x1b, 0x07, 0x02, 0x06, 0x45, 0x06, 0x4a, 0xfe, 0x00,
    0x02, 0x02, 0x40, 0x02, 0x16, 0x09, 0x01, 0x05, 0x02, 0x03, 0x02, 0x18, 0x06, 0x1f, 0x00, 0x06, 0xfe, 0x96, 0x01, 0x13, 0x06, 0x84, 0x04, 0x06,
    0x0e, 0x12, 0x07, 0x01, 0x06, 0x46, 0x1b, 0x07, 0x02, 0x06, 0x45, 0x06, 0x4a, 0x08, 0x08, 0x07, 0x06, 0xfe, 0xa2, 0x04, 0x08, 0x06, 0xfe, 0xa3,
    0x04, 0x09, 0x03, 0x04, 0x0a, 0x06, 0x33, 0x0b, 0x00, 0x0c, 0x01, 0x06, 0x00, 0x0d, 0x09, 0x07, 0x08, 0x00, 0x06, 0xfe, 0xa4, 0x04, 0x16, 0x09,
    0x02, 0x06, 0x00, 0x06, 0xfe, 0xa5, 0x04, 0x04, 0x06, 0x3c, 0x13, 0x06, 0x5e, 0x03, 0x06, 0x24, 0x18, 0x06, 0x8b, 0x7f, 0x06, 0x0e, 0x1a, 0x06,
    0x5a, 0x40, 0x02, 0x65, 0x09, 0x03, 0x03, 0x26, 0x06, 0x65, 0x6d, 0x06, 0xfe, 0x97, 0x01, 0xc5, 0x06, 0xce, 0x01, 0x06, 0x1c, 0x1d, 0x06, 0x2e,
    0x02, 0x03, 0x01, 0x08, 0x08, 0x07, 0x06, 0xfe, 0xa6, 0x04, 0x08, 0x06, 0xfe, 0xa7, 0x04, 0x09, 0x03, 0x04, 0x0a, 0x06, 0x37, 0x0b, 0x00, 0x0c,
    0x01, 0x06, 0x00, 0x0d, 0x09, 0x05, 0x07, 0x00, 0x06, 0xfe, 0xa8, 0x04, 0x16, 0x09, 0x01, 0x08, 0x13, 0x06, 0x3a, 0x04, 0x06, 0x0e, 0x00, 0x06,
    0xfe, 0xa9, 0x04, 0x83, 0x06, 0xf5, 0x03, 0x06, 0x24, 0x3d, 0x06, 0x3b, 0x4b, 0x06, 0x3b, 0x12, 0x07, 0x01, 0x06, 0x46, 0x01, 0x06, 0x38, 0x29,
    0x03, 0x01, 0x28, 0x06, 0x34, 0x4b, 0x06, 0x3b, 0x3d, 0x06, 0x3b, 0x08, 0x08, 0x07, 0x06, 0xfe, 0xaa, 0x04, 0x08, 0x06, 0xfe, 0xab, 0x04, 0x09,
    0x03, 0x04, 0x0a, 0x06, 0x20, 0x0b, 0x00, 0x0c, 0x01, 0x06, 0x00, 0x0d, 0x09, 0x04, 0x04, 0x00, 0x06, 0xfe, 0xac, 0x04, 0x01, 0x06, 0x53, 0x58,
    0x09, 0x04, 0x06, 0x00, 0x06, 0xfe, 0xad, 0x04, 0x05, 0x06, 0x2c, 0x65, 0x09, 0x03, 0x05, 0x26, 0x06, 0x65, 0x6d, 0x06, 0xfe, 0xae, 0x04, 0xc5,
    0x06, 0xce, 0xfe, 0x52, 0x01, 0x06, 0x34, 0xfe, 0x53, 0x01, 0x03, 0x02, 0x03, 0x06, 0x11, 0x04, 0x06, 0x0e, 0x01, 0x06, 0x4c, 0x54, 0x09, 0x03,
    0x06, 0x01, 0x06, 0x51, 0x55, 0x02, 0x00, 0x06, 0xfe, 0xaf, 0x04, 0x4e, 0x01, 0x0f, 0x06, 0x2c, 0x02, 0x03, 0x01, 0x08, 0x08, 0x07, 0x06, 0xfe,
    0xb0, 0x04, 0x08, 0x06, 0xfe, 0xb1, 0x04, 0x09, 0x03, 0x04, 0x0a, 0x06, 0x37, 0x0b, 0x00, 0x0c, 0x01, 0x06, 0x00, 0x0d, 0x09, 0x01, 0x09, 0x00,
    0x06, 0xfe, 0xb2, 0x04, 0x05, 0x06, 0x3a, 0x65, 0x09, 0x03, 0x02, 0x26, 0x06, 0x3a, 0x6d, 0x06, 0x89, 0x0f, 0x06, 0x2c, 0x02, 0x03, 0x01, 0x04,
    0x06, 0x0e, 0x19, 0x02, 0x01, 0x06, 0x14, 0x03, 0x06, 0x2d, 0x08, 0x08, 0x07, 0x06, 0xfe, 0xb3, 0x04, 0x08, 0x06, 0xfe, 0xb4, 0x04, 0x09, 0x03,
    0x04, 0x0a, 0x06, 0x21, 0x0b, 0x00, 0x0c, 0x01, 0x06, 0x09, 0x01, 0x07, 0x00, 0x06, 0x5b, 0x05, 0x06, 0x10, 0x2a, 0x06, 0x10, 0x0f, 0x06, 0x15,
    0x02, 0x03, 0x01, 0x19, 0x02, 0x01, 0x06, 0x14, 0x0d, 0x09, 0x0a, 0x06, 0x00, 0x06, 0xfe, 0xb5, 0x04, 0x01, 0x06, 0x23, 0x1e, 0x07, 0x02, 0x09,
    0x0d, 0x08, 0x00, 0x06, 0xfe, 0xb6, 0x04, 0x03, 0x06, 0x11, 0x01, 0x06, 0xa2, 0x28, 0x06, 0x34, 0x29, 0x03, 0x06, 0x02, 0x03, 0x06, 0x25, 0x02,
    0x1a, 0x06, 0x22, 0x09, 0x0a, 0x06, 0x00, 0x06, 0xfe, 0x98, 0x01, 0x16, 0x09, 0x02, 0x09, 0x00, 0x06, 0xfe, 0xb7, 0x04, 0x12, 0x07, 0x01, 0x06,
    0x5c, 0x04, 0x06, 0x76, 0x13, 0x06, 0x17, 0x03, 0x06, 0x11, 0x7f, 0x06, 0x3c, 0x18, 0x06, 0x8b, 0x64, 0x06, 0x06, 0x60, 0x06, 0x61, 0x01, 0x06,
    0x23, 0x1e, 0x07, 0x02, 0x09, 0x07, 0x06, 0x01, 0x06, 0x1c, 0x1d, 0x06, 0x2e, 0x02, 0x03, 0x01, 0x03, 0x06, 0x2d, 0x1a, 0x06, 0x22, 0x00, 0x06,
    0xfe, 0x98, 0x01, 0x09, 0x07, 0x07, 0x01, 0x06, 0x1c, 0x1d, 0x06, 0x35, 0x1b, 0x07, 0x01, 0x06, 0x4d, 0x02, 0x03, 0x01, 0x03, 0x06, 0x2d, 0x1a,
    0x06, 0x22, 0x00, 0x06, 0xfe, 0x98, 0x01, 0x12, 0x07, 0x01, 0x06, 0x5c, 0x1a, 0x06, 0x22, 0x1a, 0x06, 0x22, 0x12, 0x07, 0x01, 0x06, 0x5c, 0x1b,
    0x07, 0x01, 0x06, 0x4d, 0x08, 0x08, 0x07, 0x06, 0xfe, 0xb8, 0x04, 0x08, 0x06, 0xfe, 0xb9, 0x04, 0x09, 0x03, 0x04, 0x0a, 0x06, 0x37, 0x0b, 0x00,
    0x0c, 0x01, 0x06, 0x00, 0x0d, 0x09, 0x01, 0x09, 0x00, 0x06, 0xfe, 0xba, 0x04, 0x05, 0x06, 0x3a, 0x65, 0x09, 0x03, 0x02, 0x26, 0x06, 0x3a, 0x6d,
    0x06, 0x89, 0x0f, 0x06, 0x10, 0x02, 0x03, 0x01, 0x03, 0x06, 0x11, 0x04, 0x06, 0x0e, 0x12, 0x07, 0x01, 0x06, 0xa6, 0x01, 0x06, 0x14, 0x08, 0x08,
    0x07, 0x06, 0xfe, 0xbb, 0x04, 0x08, 0x06, 0xfe, 0xbc, 0x04, 0x09, 0x03, 0x04, 0x0a, 0x06, 0x33, 0x0b, 0x00, 0x0c, 0x01, 0x06, 0x00, 0x0d, 0x09,
    0x0d, 0x0b, 0x01, 0x06, 0xa2, 0x28, 0x06, 0xc3, 0x00, 0x06, 0xfe, 0xbd, 0x04, 0x29, 0x03, 0x02, 0x13, 0x06, 0x10, 0x16, 0x09, 0x01, 0x04, 0x13,
    0x06, 0x10, 0x03, 0x06, 0x11, 0x04, 0x06, 0x0e, 0x00, 0x06, 0xfe, 0x01, 0x02, 0x59, 0x02, 0x5d, 0x03, 0x01, 0x63, 0x06, 0x66, 0xfe, 0xf6, 0x01,
    0x06, 0x17, 0x12, 0x07, 0x01, 0x06, 0x93, 0x08, 0x08, 0x07, 0x06, 0xfe, 0xbe, 0x04, 0x08, 0x06, 0xfe, 0xbf, 0x04, 0x09, 0x03, 0x04, 0x0a, 0x06,
    0x33, 0x0b, 0x00, 0x0c, 0x01, 0x06, 0x00, 0x0d, 0x09, 0x0b, 0x07, 0x00, 0x06, 0xfe, 0xc0, 0x04, 0x03, 0x06, 0x11, 0x12, 0x07, 0x00, 0x01, 0x06,
    0xba, 0xbb, 0x06, 0xfe, 0x02, 0x02, 0xfe, 0x55, 0x01, 0x07, 0x01, 0x06, 0x93, 0x02, 0x03, 0x01, 0x08, 0x08, 0x07, 0x06, 0xfe, 0xc1, 0x04, 0x08,
    0x06, 0xfe, 0xc2, 0x04, 0x09, 0x03, 0x04, 0x0a, 0x06, 0x37, 0x0b, 0x00, 0x0c, 0x01, 0x06, 0x00, 0x0d, 0x09, 0x0a, 0x03, 0x00, 0x06, 0xfe, 0xc3,
    0x04, 0x01, 0x06, 0x23, 0x1e, 0x07, 0x02, 0x09, 0x08, 0x05, 0x00, 0x06, 0xe2, 0x27, 0x06, 0x31, 0x03, 0x06, 0x11, 0x01, 0x06, 0x30, 0x02, 0x03,
    0x01, 0x09, 0x0b, 0x05, 0x00, 0x06, 0xfe, 0xc4, 0x04, 0x01, 0x06, 0xba, 0xbb, 0x06, 0xfe, 0x17, 0x01, 0xfe, 0x18, 0x01, 0x02, 0x02, 0x03, 0x01,
    0x08, 0x08, 0x07, 0x06, 0xfe, 0xc5, 0x04, 0x08, 0x06, 0xfe, 0xc6, 0x04, 0x09, 0x03, 0x04, 0x0a, 0x06, 0xc0, 0x0b, 0x00, 0x0c, 0x01, 0x06, 0x00,
    0x0d, 0x09, 0x0a, 0x03, 0x00, 0x06, 0xfe, 0xc7, 0x04, 0x01, 0x06, 0x23, 0x1e, 0x07, 0x02, 0x09, 0x04, 0x05, 0x00, 0x06, 0xfe, 0xc8, 0x04, 0x05,
    0x06, 0x2c, 0x02, 0x03, 0x01, 0x04, 0x06, 0x0e, 0x01, 0x06, 0x4c, 0x09, 0x01, 0x07, 0x00, 0x06, 0xfe, 0xc9, 0x04, 0x0f, 0x06, 0x9d, 0x19, 0x02,
    0x01, 0x06, 0x14, 0x05, 0x06, 0xf6, 0x03, 0x06, 0x2d, 0x02, 0x03, 0x01, 0x08, 0x08, 0x07, 0x06, 0xfe, 0xca, 0x04, 0x08, 0x06, 0xfe, 0xcb, 0x04,
    0x09, 0x03, 0x04, 0x0a, 0x06, 0x20, 0x0b, 0x00, 0x0c, 0x01, 0x06, 0x00, 0x0d, 0x09, 0x0a, 0x06, 0x00, 0x06, 0xfe, 0xcc, 0x04, 0x01, 0x06, 0x8d,
    0x9b, 0x07, 0x02, 0x09, 0x0b, 0x0c, 0x00, 0x06, 0xfe, 0xcd, 0x04, 0x1a, 0x00, 0x05, 0x06, 0x17, 0x02, 0x03, 0x03, 0x03, 0x06, 0x11, 0x04, 0x06,
    0x3c, 0x12, 0x07, 0x01, 0x06, 0x46, 0x01, 0x06, 0xba, 0xbb, 0x06, 0xfe, 0xce, 0x04, 0x6a, 0x02, 0xae, 0x03, 0x03, 0xac, 0x06, 0x47, 0x09, 0x0c,
    0x06, 0x00, 0x06, 0xfe, 0xfe, 0x01, 0x03, 0x06, 0x11, 0x12, 0x07, 0x02, 0x06, 0x46, 0x06, 0xd1, 0x01, 0x06, 0x7a, 0x04, 0x00, 0x42, 0x02, 0x02,
    0x03, 0x01, 0x6a, 0x02, 0x12, 0x07, 0x02, 0x06, 0x46, 0x06, 0xd1, 0x08, 0x08, 0x07, 0x06, 0xfe, 0xcf, 0x04, 0x08, 0x06, 0xfe, 0xd0, 0x04, 0x09,
    0x03, 0x04, 0x0a, 0x06, 0x20, 0x0b, 0x00, 0x0c, 0x01, 0x06, 0x00, 0x0d, 0x09, 0x01, 0x07, 0x00, 0x06, 0xfe, 0xd1, 0x04, 0x05, 0x06, 0x15, 0x0f,
    0x06, 0x7d, 0x02, 0x03, 0x01, 0x03, 0x06, 0x11, 0x04, 0x06, 0x0e, 0x01, 0x06, 0x14, 0x08, 0x08, 0x07, 0x06, 0xfe, 0xd2, 0x04, 0x08, 0x06, 0xfe,
    0xd3, 0x04, 0x09, 0x03, 0x04, 0x0a, 0x06, 0x33, 0x0b, 0x00, 0x0c, 0x01, 0x06, 0x00, 0x0d, 0x09, 0x07, 0x07, 0x00, 0x06, 0xfe, 0xd4, 0x04, 0x03,
    0x06, 0x11, 0x04, 0x06, 0x0e, 0x12, 0x07, 0x01, 0x06, 0x46, 0x01, 0x06, 0x1c, 0x1d, 0x06, 0x2e, 0x02, 0x03, 0x01, 0x08, 0x08, 0x07, 0x06, 0xfe,
    0xd5, 0x04, 0x08, 0x06, 0xfe, 0xd6, 0x04, 0x09, 0x03, 0x04, 0x0a, 0x06, 0x41, 0x0b, 0x03, 0x01, 0x0c, 0x01, 0x06, 0x09, 0x01, 0x06, 0x00, 0x06,
    0xfe, 0xd7, 0x04, 0x05, 0x06, 0x10, 0x2a, 0x06, 0x10, 0x0f, 0x06, 0x15, 0x02, 0x03, 0x02, 0x01, 0x06, 0x14, 0x0d, 0x09, 0x0a, 0x06, 0x00, 0x06,
    0xfe, 0xd8, 0x04, 0x01, 0x06, 0x23, 0x1e, 0x07, 0x02, 0x09, 0x03, 0x09, 0x00, 0x06, 0xfe, 0xd9, 0x04, 0x05, 0x06, 0x17, 0x02, 0x03, 0x01, 0x03,
    0x06, 0x11, 0x04, 0x06, 0x0e, 0x42, 0x02, 0x12, 0x07, 0x01, 0x06, 0x46, 0x01, 0x06, 0x80, 0x4b, 0x06, 0x3b, 0x09, 0x09, 0x0a, 0x00, 0x06, 0xfe,
    0xda, 0x04, 0x01, 0x06, 0xfe, 0x48, 0x01, 0x04, 0x06, 0xfe, 0xdb, 0x04, 0xfe, 0x49, 0x01, 0x06, 0x20, 0xfe, 0x4a, 0x01, 0x06, 0xfe, 0x82, 0x01,
    0x02, 0x03, 0x01, 0x98, 0x02, 0x42, 0x02, 0x4b, 0x06, 0x3b, 0x12, 0x07, 0x01, 0x06, 0x46, 0x4b, 0x06, 0x3b, 0x42, 0x02, 0x12, 0x07, 0x01, 0x06,
    0x46, 0x08, 0x08, 0x07, 0x06, 0xfe, 0xdc, 0x04, 0x08, 0x06, 0xfe, 0xdd, 0x04, 0x09, 0x03, 0x04, 0x0a, 0x06, 0x20, 0x0b, 0x00, 0x0c, 0x01, 0x06,
    0x00, 0x0d, 0x09, 0x0a, 0x05, 0x00, 0x06, 0xfe, 0xde, 0x04, 0x01, 0x06, 0xa9, 0x94, 0x09, 0x01, 0x09, 0x00, 0x06, 0xfe, 0xf2, 0x01, 0x05, 0x06,
    0x15, 0x0f, 0x06, 0x10, 0x43, 0x03, 0x02, 0x3f, 0x06, 0x47, 0x02, 0x03, 0x01, 0x03, 0x06, 0x11, 0x04, 0x06, 0x0e, 0x01, 0x06, 0x14, 0xaa, 0x09,
    0x02, 0x06, 0x00, 0x06, 0xfe, 0xdf, 0x04, 0x69, 0x07, 0x02, 0x06, 0xfe, 0x03, 0x02, 0x06, 0xfe, 0xe0, 0x04, 0x13, 0x06, 0x10, 0x02, 0x03, 0x01,
    0x18, 0x06, 0x1f, 0x04, 0x06, 0x0e, 0x9e, 0x09, 0x0e, 0x06, 0x00, 0x06, 0xfe, 0xe1, 0x04, 0x0f, 0x06, 0x17, 0x03, 0x06, 0x11, 0x04, 0x06, 0x0e,
    0x19, 0x02, 0x01, 0x06, 0xfe, 0x04, 0x02, 0x08, 0x08, 0x07, 0x06, 0xfe, 0xe2, 0x04, 0x08, 0x06, 0xfe, 0xe3, 0x04, 0x09, 0x03, 0x04, 0x0a, 0x06,
    0x21, 0x0b, 0x00, 0x0c, 0x01, 0x06, 0x00, 0x0d, 0x09, 0x0a, 0x04, 0x00, 0x06, 0xfe, 0xe4, 0x04, 0x01, 0x06, 0x23, 0x1e, 0x07, 0x02, 0x09, 0x01,
    0x0a, 0x00, 0x06, 0xfe, 0xe5, 0x04, 0x05, 0x06, 0x15, 0x0f, 0x06, 0x7d, 0x96, 0x06, 0x97, 0x02, 0x03, 0x03, 0x03, 0x06, 0x11, 0x04, 0x06, 0x0e,
    0x12, 0x07, 0x01, 0x06, 0x46, 0x6b, 0x02, 0x01, 0x06, 0x14, 0x09, 0x07, 0x09, 0x00, 0x06, 0xfe, 0xe6, 0x04, 0x01, 0x06, 0x1c, 0x1d, 0x06, 0x2e,
    0x02, 0x03, 0x01, 0x59, 0x02, 0x5d, 0x03, 0x01, 0x63, 0x06, 0x91, 0xfe, 0x15, 0x01, 0x06, 0xf4, 0x1a, 0x06, 0x22, 0x12, 0x07, 0x01, 0x06, 0x46,
    0x08, 0x08, 0x07, 0x06, 0xfe, 0xe7, 0x04, 0x08, 0x06, 0xfe, 0xe8, 0x04, 0x09, 0x03, 0x04, 0x0a, 0x06, 0x41, 0x0b, 0x03, 0x01, 0x0c, 0x01, 0x06,
    0x09, 0x01, 0x06, 0x00, 0x06, 0xfe, 0x05, 0x02, 0x05, 0x06, 0x2c, 0x2a, 0x06, 0x2c, 0x0f, 0x06, 0x15, 0x02, 0x03, 0x05, 0x01, 0x06, 0x14, 0x0d,
    0x09, 0x0a, 0x06, 0x00, 0x06, 0xfe, 0xe9, 0x04, 0x01, 0x06, 0x23, 0x40, 0x02, 0x1e, 0x07, 0x02, 0x09, 0x01, 0x0a, 0x00, 0x06, 0xfe, 0xea, 0x04,
    0x05, 0x06, 0x15, 0x0f, 0x06, 0x7d, 0x43, 0x03, 0x11, 0x3f, 0x06, 0x47, 0x02, 0x03, 0x01, 0x03, 0x06, 0x11, 0x04, 0x06, 0x0e, 0x12, 0x07, 0x01,
    0x06, 0x36, 0x01, 0x06, 0x14, 0x09, 0x0d, 0x09, 0x00, 0x06, 0xfe, 0xeb, 0x04, 0x01, 0x06, 0xe6, 0xb0, 0x00, 0xfe, 0xec, 0x04, 0x06, 0xfe, 0xed,
    0x04, 0x6a, 0x02, 0x25, 0x02, 0x03, 0x06, 0x11, 0x1a, 0x06, 0x22, 0x12, 0x07, 0x01, 0x06, 0x36, 0x6a, 0x02, 0x12, 0x07, 0x01, 0x06, 0x36, 0x08,
    0x08, 0x07, 0x06, 0xfe, 0xee, 0x04, 0x08, 0x06, 0xfe, 0xef, 0x04, 0x09, 0x03, 0x04, 0x0a, 0x06, 0x21, 0x0b, 0x00, 0x0c, 0x01, 0x06, 0x00, 0x0d,
    0x09, 0x07, 0x0b, 0x00, 0x06, 0xfe, 0xf0, 0x04, 0x01, 0x06, 0x1c, 0x1d, 0x06, 0x2e, 0x02, 0x03, 0x01, 0x59, 0x02, 0x5d, 0x03, 0x01, 0x63, 0x06,
    0x91, 0x03, 0x06, 0x11, 0x71, 0x06, 0x7e, 0x13, 0x06, 0x7d, 0x1a, 0x06, 0x22, 0x08, 0x08, 0x07, 0x06, 0xfe, 0xf1, 0x04, 0x08, 0x06, 0xfe, 0xf2,
    0x04, 0x09, 0x03, 0x04, 0x0a, 0x06, 0x41, 0x0b, 0x03, 0x01, 0x0c, 0x01, 0x06, 0x09, 0x07, 0x05, 0x00, 0x06, 0xee, 0x3e, 0x03, 0x01, 0x02, 0x03,
    0x01, 0x01, 0x06, 0x48, 0x05, 0x06, 0x2b, 0x0d, 0x09, 0x0a, 0x03, 0x00, 0x06, 0xfe, 0xf3, 0x04, 0x01, 0x06, 0x23, 0x1e, 0x07, 0x02, 0x09, 0x04,
    0x05, 0x00, 0x06, 0xfe, 0xf4, 0x04, 0x05, 0x06, 0x2c, 0x02, 0x03, 0x04, 0x04, 0x06, 0x0e, 0x01, 0x06, 0x4c, 0x09, 0x01, 0x07, 0x00, 0x06, 0xfe,
    0x8d, 0x01, 0x0f, 0x06, 0x2c, 0x96, 0x06, 0x97, 0x01, 0x06, 0x14, 0x05, 0x06, 0xf6, 0x03, 0x06, 0x2d, 0x02, 0x03, 0x01, 0x08, 0x08, 0x07, 0x06,
    0xfe, 0xf5, 0x04, 0x08, 0x06, 0xfe, 0xf6, 0x04, 0x09, 0x03, 0x04, 0x0a, 0x06, 0x41, 0x0b, 0x03, 0x02, 0x0c, 0x01, 0x06, 0x09, 0x01, 0x06, 0x00,
    0x06, 0xfe, 0x92, 0x01, 0x05, 0x06, 0x2c, 0x2a, 0x06, 0x2c, 0x0f, 0x06, 0x15, 0x02, 0x03, 0x03, 0x01, 0x06, 0x14, 0x0d, 0x09, 0x0a, 0x05, 0x00,
    0x06, 0xfe, 0xf7, 0x04, 0x16, 0x09, 0x00, 0x07, 0x05, 0x06, 0x88, 0x70, 0x07, 0x02, 0x09, 0x01, 0x06, 0x05, 0x06, 0x88, 0x03, 0x06, 0x24, 0x12,
    0x07, 0x01, 0x06, 0x36, 0x02, 0x03, 0x01, 0x18, 0x06, 0x1f, 0x00, 0x06, 0xfe, 0x99, 0x01, 0x09, 0x01, 0x08, 0x05, 0x06, 0x88, 0x03, 0x06, 0x11,
    0x83, 0x06, 0x90, 0x82, 0x02, 0x12, 0x07, 0x01, 0x06, 0x36, 0x02, 0x03, 0x01, 0x18, 0x06, 0x1f, 0x00, 0x06, 0xfe, 0x99, 0x01, 0x00, 0x06, 0xfe,
    0x99, 0x01, 0x83, 0x06, 0x90, 0x82, 0x02, 0x12, 0x07, 0x01, 0x06, 0x36, 0x18, 0x06, 0xbd, 0x01, 0x06, 0x8d, 0x9b, 0x07, 0x02, 0x09, 0x08, 0x05,
    0x00, 0x06, 0xfe, 0x44, 0x01, 0x27, 0x06, 0x67, 0x02, 0x03, 0x02, 0x01, 0x06, 0x30, 0x03, 0x06, 0x49, 0x09, 0x07, 0x05, 0x00, 0x06, 0xfe, 0x36,
    0x01, 0x1a, 0x06, 0x22, 0x01, 0x06, 0x1c, 0x1d, 0x06, 0x2e, 0x02, 0x03, 0x02, 0x02, 0x03, 0x01, 0x08, 0x08, 0x07, 0x06, 0xfe, 0xf8, 0x04, 0x08,
    0x06, 0xfe, 0xf9, 0x04, 0x09, 0x03, 0x04, 0x0a, 0x06, 0x33, 0x0b, 0x00, 0x0c, 0x01, 0x06, 0x00, 0x0d, 0x09, 0x07, 0x0a, 0x00, 0x06, 0xfe, 0xfa,
    0x04, 0x01, 0x06, 0x1c, 0x1d, 0x06, 0x35, 0x02, 0x03, 0x01, 0x1b, 0x07, 0x01, 0x06, 0x45, 0x59, 0x02, 0x5d, 0x03, 0x01, 0x63, 0x06, 0x91, 0x03,
    0x06, 0x49, 0x13, 0x06, 0x7d, 0x08, 0x08, 0x07, 0x06, 0xfe, 0xfb, 0x04, 0x08, 0x06, 0xfe, 0xfc, 0x04, 0x09, 0x03, 0x04, 0x0a, 0x06, 0x33, 0x0b,
    0x00, 0x0c, 0x01, 0x06, 0x00, 0x0d, 0x09, 0x07, 0x0a, 0x00, 0x06, 0xfe, 0xfd, 0x04, 0x16, 0x09, 0x02, 0x06, 0x00, 0x06, 0xfe, 0xfe, 0x04, 0x04,
    0x06, 0x0e, 0x86, 0x06, 0x3e, 0x02, 0x03, 0x06, 0x18, 0x06, 0x8b, 0x7f, 0x06, 0x0e, 0x1a, 0x06, 0x5a, 0x40, 0x02, 0x65, 0x09, 0x03, 0x03, 0x26,
    0x06, 0x65, 0x6d, 0x06, 0xfe, 0x97, 0x01, 0xc5, 0x06, 0xce, 0x01, 0x06, 0x1c, 0x1d, 0x06, 0x35, 0x02, 0x03, 0x01, 0x1b, 0x07, 0x01, 0x06, 0x45,
    0x04, 0x06, 0x0e, 0x08, 0x08, 0x07, 0x06, 0xfe, 0xff, 0x04, 0x08, 0x06, 0xfe, 0x00, 0x05, 0x09, 0x03, 0x04, 0x0a, 0x06, 0x37, 0x0b, 0x00, 0x0c,
    0x01, 0x06, 0x00, 0x0d, 0x09, 0x01, 0x08, 0x00, 0x06, 0xfe, 0x01, 0x05, 0x05, 0x06, 0x6c, 0x0f, 0x06, 0x7d, 0x02, 0x03, 0x01, 0x03, 0x06, 0x49,
    0x04, 0x06, 0x0e, 0x01, 0x06, 0xb6, 0xcc, 0x03, 0x01, 0x08, 0x08, 0x07, 0x06, 0xfe, 0x02, 0x05, 0x08, 0x06, 0xfe, 0x03, 0x05, 0x09, 0x03, 0x04,
    0x0a, 0x06, 0x57, 0x0b, 0x00, 0x0c, 0x01, 0x06, 0x00, 0x0d, 0x09, 0x01, 0x08, 0x00, 0x06, 0xfe, 0x04, 0x05, 0x16, 0x09, 0x01, 0x06, 0x02, 0x03,
    0x01, 0x18, 0x06, 0x1f, 0x00, 0x06, 0xfe, 0x05, 0x05, 0x39, 0x09, 0x03, 0x02, 0x26, 0x06, 0xad, 0x0f, 0x06, 0x15, 0x25, 0x02, 0x0f, 0x06, 0x15,
    0x05, 0x06, 0x15, 0x0f, 0x06, 0x10, 0x01, 0x06, 0x14, 0x25, 0x02, 0x03, 0x06, 0x2d, 0x02, 0x03, 0x01, 0x08, 0x08, 0x07, 0x06, 0xfe, 0x06, 0x05,
    0x08, 0x06, 0xfe, 0x07, 0x05, 0x09, 0x03, 0x04, 0x0a, 0x06, 0x33, 0x0b, 0x00, 0x0c, 0x01, 0x06, 0x00, 0x0d, 0x09, 0x0d, 0x09, 0x00, 0x06, 0xfe,
    0x08, 0x05, 0x16, 0x09, 0x01, 0x07, 0x00, 0x06, 0xfe, 0x09, 0x05, 0x04, 0x06, 0x0e, 0x13, 0x06, 0x15, 0xfe, 0x03, 0x01, 0x07, 0x02, 0x06, 0x15,
    0x06, 0x2f, 0x03, 0x06, 0x11, 0xb7, 0x02, 0x52, 0x02, 0x01, 0x06, 0xa2, 0x28, 0x06, 0xc3, 0x29, 0x03, 0x02, 0x02, 0x03, 0x02, 0x25, 0x02, 0xb7,
    0x02, 0x52, 0x02, 0x08, 0x08, 0x07, 0x06, 0xfe, 0x0a, 0x05, 0x08, 0x06, 0xfe, 0x0b, 0x05, 0x09, 0x03, 0x04, 0x0a, 0x06, 0x37, 0x0b, 0x00, 0x0c,
    0x01, 0x06, 0x00, 0x0d, 0x09, 0x01, 0x09, 0x00, 0x06, 0xfe, 0x0c, 0x05, 0x05, 0x06, 0x15, 0x0f, 0x06, 0x2c, 0x02, 0x03, 0x01, 0x04, 0x06, 0x0e,
    0x12, 0x07, 0x01, 0x06, 0x36, 0x19, 0x02, 0x01, 0x06, 0x14, 0x03, 0x06, 0x2d, 0x08, 0x08, 0x07, 0x06, 0xfe, 0x0d, 0x05, 0x08, 0x06, 0xfe, 0x0e,
    0x05, 0x09, 0x03, 0x04, 0x0a, 0x06, 0x33, 0x0b, 0x00, 0x0c, 0x01, 0x06, 0x00, 0x0d, 0x09, 0x07, 0x09, 0x00, 0x06, 0xfe, 0x0f, 0x05, 0x01, 0x06,
    0x1c, 0x1d, 0x06, 0x2e, 0x02, 0x03, 0x01, 0x59, 0x02, 0x5d, 0x03, 0x01, 0x63, 0x06, 0x91, 0x03, 0x06, 0x11, 0x13, 0x06, 0x7d, 0x08, 0x08, 0x07,
    0x06, 0xfe, 0x10, 0x05, 0x08, 0x06, 0xfe, 0x11, 0x05, 0x09, 0x03, 0x04, 0x0a, 0x06, 0x33, 0x0b, 0x00, 0x0c, 0x01, 0x06, 0x00, 0x0d, 0x09, 0x05,
    0x07, 0x00, 0x06, 0xa5, 0x16, 0x09, 0x01, 0x05, 0x02, 0x03, 0x03, 0x18, 0x06, 0x1f, 0x00, 0x06, 0xfe, 0x12, 0x05, 0x03, 0x06, 0x11, 0x13, 0x06,
    0x7d, 0x1a, 0x06, 0x5a, 0x40, 0x02, 0x01, 0x06, 0x38, 0x29, 0x03, 0x01, 0x28, 0x06, 0x34, 0x08, 0x08, 0x07, 0x06, 0xfe, 0x13, 0x05, 0x08, 0x06,
    0xfe, 0x14, 0x05, 0x09, 0x03, 0x04, 0x0a, 0x06, 0x41, 0x0b, 0x03, 0x01, 0x0c, 0x01, 0x06, 0x09, 0x04, 0x06, 0x00, 0x06, 0xfe, 0x15, 0x05, 0x05,
    0x06, 0x10, 0x2a, 0x06, 0x10, 0x02, 0x03, 0x01, 0x03, 0x06, 0x11, 0x01, 0x06, 0x4e, 0x0d, 0x09, 0x0a, 0x03, 0x00, 0x06, 0xfe, 0x16, 0x05, 0x01,
    0x06, 0x23, 0x1e, 0x07, 0x02, 0x09, 0x01, 0x07, 0x00, 0x06, 0xfe, 0x06, 0x02, 0x05, 0x06, 0x3a, 0x65, 0x09, 0x03, 0x02, 0x26, 0x06, 0x3a, 0x6d,
    0x06, 0x89, 0x0f, 0x06, 0x7d, 0x03, 0x06, 0x11, 0x01, 0x06, 0x14, 0x02, 0x03, 0x01, 0x09, 0x02, 0x05, 0x00, 0x06, 0xfe, 0x5e, 0x01, 0x02, 0x03,
    0x02, 0x01, 0x06, 0x32, 0x05, 0x06, 0x2f, 0x0f, 0x06, 0x10, 0x08, 0x08, 0x07, 0x06, 0xfe, 0x17, 0x05, 0x08, 0x06, 0xfe, 0x18, 0x05, 0x09, 0x03,
    0x04, 0x0a, 0x06, 0x57, 0x0b, 0x03, 0x01, 0x0c, 0x01, 0x06, 0x00, 0x0d, 0x09, 0x0a, 0x04, 0x00, 0x06, 0xfe, 0x19, 0x05, 0x16, 0x09, 0x00, 0x04,
    0x70, 0x07, 0x02, 0x09, 0x05, 0x04, 0x68, 0x02, 0x00, 0x06, 0xfe, 0x1a, 0x05, 0x39, 0x09, 0x03, 0x02, 0x26, 0x06, 0x68, 0x13, 0x06, 0x17, 0x13,
    0x06, 0x17, 0x09, 0x01, 0x08, 0x02, 0x03, 0x01, 0x18, 0x06, 0x1f, 0x00, 0x06, 0xfe, 0x1b, 0x05, 0x39, 0x09, 0x03, 0x03, 0x26, 0x06, 0xad, 0x05,
    0x06, 0x2b, 0x0f, 0x06, 0x6c, 0x04, 0x06, 0x0e, 0x86, 0x06, 0x3e, 0x05, 0x06, 0x2b, 0x0f, 0x06, 0x6c, 0x00, 0x06, 0xfe, 0x1c, 0x05, 0x39, 0x09,
    0x03, 0x02, 0x26, 0x06, 0xbd, 0xfe, 0x10, 0x01, 0x07, 0x02, 0x09, 0x03, 0x02, 0x26, 0x06, 0x68, 0x13, 0x06, 0x17, 0x09, 0x03, 0x03, 0x26, 0x06,
    0xad, 0x05, 0x06, 0x2b, 0x0f, 0x06, 0x6c, 0x18, 0x06, 0xbd, 0x01, 0x06, 0x23, 0x1e, 0x07, 0x02, 0x09, 0x01, 0x08, 0x00, 0x06, 0xd4, 0x05, 0x06,
    0x6c, 0x0f, 0x06, 0x2b, 0x27, 0x06, 0x31, 0x02, 0x03, 0x01, 0x03, 0x06, 0x49, 0x04, 0x06, 0x0e, 0x01, 0x06, 0x14, 0x09, 0x0b, 0x06, 0x00, 0x06,
    0xfe, 0x9a, 0x01, 0x03, 0x06, 0x49, 0x01, 0x06, 0xba, 0xbb, 0x06, 0xfe, 0x17, 0x01, 0xfe, 0x18, 0x01, 0x02, 0x02, 0x03, 0x01, 0x08, 0x08, 0x07,
    0x06, 0xfe, 0x1d, 0x05, 0x08, 0x06, 0xfe, 0x07, 0x02, 0x09, 0x03, 0x04, 0x0a, 0x06, 0x57, 0x0b, 0x03, 0x02, 0x0c, 0x01, 0x06, 0x00, 0x0d, 0x09,
    0x07, 0x06, 0x00, 0x06, 0xfe, 0x08, 0x02, 0x16, 0x09, 0x02, 0x05, 0x00, 0x06, 0xfe, 0x09, 0x02, 0x04, 0x06, 0x0e, 0x13, 0x06, 0x2b, 0x86, 0x06,
    0x3e, 0x74, 0x06, 0xfe, 0x5f, 0x01, 0x01, 0x06, 0x1c, 0x1d, 0x06, 0x2e, 0x02, 0x03, 0x01, 0x1a, 0x06, 0x22, 0x08, 0x08, 0x07, 0x06, 0xfe, 0x1e,
    0x05, 0x08, 0x06, 0xfe, 0x1f, 0x05, 0x09, 0x03, 0x04, 0x0a, 0x06, 0x20, 0x0b, 0x00, 0x0c, 0x01, 0x06, 0x09, 0x01, 0x05, 0x00, 0x06, 0xfe, 0x9b,
    0x01, 0x0f, 0x06, 0x6c, 0x02, 0x03, 0x01, 0x19, 0x02, 0x01, 0x06, 0x14, 0x0d, 0x09, 0x01, 0x08, 0x00, 0x06, 0xfe, 0x20, 0x05, 0x05, 0x06, 0x15,
    0x0f, 0x06, 0x10, 0x02, 0x03, 0x01, 0x03, 0x06, 0x11, 0x04, 0x06, 0x0e, 0x12, 0x07, 0x01, 0x06, 0x44, 0x01, 0x06, 0x14, 0x08, 0x08, 0x07, 0x06,
    0xfe, 0x21, 0x05, 0x08, 0x06, 0xfe, 0x22, 0x05, 0x09, 0x03, 0x04, 0x0a, 0x06, 0x37, 0x0b, 0x00, 0x0c, 0x01, 0x06, 0x00, 0x0d, 0x09, 0x05, 0x07,
    0x00, 0x06, 0xfe, 0x23, 0x05, 0x16, 0x09, 0x01, 0x0c, 0x02, 0x03, 0x01, 0x18, 0x06, 0x1f, 0x00, 0x06, 0xfe, 0x24, 0x05, 0x39, 0x09, 0x03, 0x03,
    0x26, 0x06, 0xad, 0x05, 0x06, 0x2b, 0x0f, 0x06, 0x6c, 0x04, 0x06, 0x0e, 0x86, 0x06, 0x3e, 0x6f, 0x06, 0x8f, 0xf7, 0x06, 0x8f, 0x05, 0x06, 0x2b,
    0x0f, 0x06, 0x6c, 0x3d, 0x06, 0x3b, 0x4b, 0x06, 0x3b, 0x01, 0x06, 0x38, 0x29, 0x03, 0x01, 0x28, 0x06, 0x34, 0x4b, 0x06, 0x3b, 0x3d, 0x06, 0x3b,
    0x08, 0x08, 0x07, 0x06, 0xfe, 0x25, 0x05, 0x08, 0x06, 0xfe, 0x26, 0x05, 0x09, 0x03, 0x04, 0x0a, 0x06, 0x21, 0x0b, 0x00, 0x0c, 0x01, 0x06, 0x09,
    0x01, 0x05, 0x00, 0x06, 0xfe, 0x27, 0x05, 0x0f, 0x06, 0x6c, 0x02, 0x03, 0x02, 0x19, 0x02, 0x01, 0x06, 0x14, 0x0d, 0x09, 0x07, 0x05, 0x00, 0x06,
    0xfe, 0x34, 0x01, 0x1a, 0x06, 0x22, 0x01, 0x06, 0x1c, 0x1d, 0x06, 0x2e, 0x02, 0x03, 0x03, 0x08, 0x08, 0x07, 0x06, 0xfe, 0x28, 0x05, 0x08, 0x06,
    0xfe, 0x29, 0x05, 0x09, 0x03, 0x04, 0x0a, 0x06, 0x37, 0x0b, 0x00, 0x0c, 0x01, 0x06, 0x00, 0x0d, 0x09, 0x0a, 0x03, 0x00, 0x06, 0xfe, 0x2a, 0x05,
    0x01, 0x06, 0x23, 0x1e, 0x07, 0x02, 0x09, 0x01, 0x08, 0x00, 0x06, 0xfe, 0x2b, 0x05, 0x05, 0x06, 0x6c, 0x0f, 0x06, 0x2b, 0x27, 0x06, 0x31, 0x02,
    0x03, 0x02, 0x03, 0x06, 0x49, 0x04, 0x06, 0x0e, 0x01, 0x06, 0x14, 0x09, 0x0b, 0x06, 0x00, 0x06, 0xfe, 0x2c, 0x05, 0x03, 0x06, 0x49, 0x01, 0x06,
    0xba, 0xbb, 0x06, 0xfe, 0x17, 0x01, 0xfe, 0x18, 0x01, 0x02, 0x02, 0x03, 0x01, 0x08, 0x08, 0x07, 0x06, 0xfe, 0x2d, 0x05, 0x08, 0x06, 0xfe, 0x2e,
    0x05, 0x09, 0x03, 0x04, 0x0a, 0x06, 0x37, 0x0b, 0x00, 0x0c, 0x01, 0x06, 0x00, 0x0d, 0x09, 0x08, 0x06, 0x00, 0x06, 0xfe, 0x2f, 0x05, 0x16, 0x09,
    0x02, 0x05, 0x00, 0x06, 0xfe, 0x0a, 0x02, 0x04, 0x06, 0x0e, 0x86, 0x06, 0x3e, 0x18, 0x06, 0x8b, 0x7f, 0x06, 0x3c, 0x27, 0x06, 0x67, 0x02, 0x03,
    0x06, 0x01, 0x06, 0x30, 0x03, 0x06, 0x49, 0x08, 0x08, 0x07, 0x06, 0xfe, 0x30, 0x05, 0x08, 0x06, 0xfe, 0x31, 0x05, 0x09, 0x03, 0x03, 0x0a, 0x06,
    0x20, 0x0b, 0x00, 0x0c, 0x01, 0x06, 0x09, 0x01, 0x07, 0x00, 0x06, 0x5b, 0x05, 0x06, 0x10, 0x2a, 0x06, 0x10, 0x0f, 0x06, 0x15, 0x02, 0x03, 0x01,
    0x19, 0x02, 0x01, 0x06, 0x14, 0x0d, 0x09, 0x04, 0x05, 0x00, 0x06, 0xfe, 0x0b, 0x02, 0x01, 0x06, 0x53, 0x58, 0x09, 0x04, 0x05, 0x00, 0x06, 0x8e,
    0x05, 0x06, 0x2c, 0x02, 0x03, 0x05, 0x04, 0x06, 0x0e, 0x01, 0x06, 0x4c, 0x54, 0x09, 0x03, 0x08, 0x01, 0x06, 0x51, 0x0f, 0x06, 0x10, 0x55, 0x02,
    0x4e, 0x02, 0x02, 0x03, 0x01, 0x03, 0x06, 0x11, 0x19, 0x02, 0x00, 0x06, 0xfe, 0x0b, 0x02, 0x19, 0x02, 0x08, 0x08, 0x07, 0x06, 0xfe, 0x32, 0x05,
    0x08, 0x06, 0xfe, 0x33, 0x05, 0x09, 0x03, 0x03, 0x0a, 0x06, 0x20, 0x0b, 0x00, 0x0c, 0x01, 0x06, 0x00, 0x0d, 0x09, 0x0a, 0x05, 0x00, 0x06, 0xfe,
    0x34, 0x05, 0x01, 0x06, 0x8d, 0x9b, 0x07, 0x02, 0x09, 0x0a, 0x03, 0x01, 0x06, 0x23, 0x1e, 0x07, 0x02, 0x09, 0x02, 0x05, 0x00, 0x06, 0xa4, 0x02,
    0x03, 0x01, 0x01, 0x06, 0x32, 0x05, 0x06, 0x2f, 0x0f, 0x06, 0x10, 0x09, 0x01, 0x06, 0x00, 0x06, 0x77, 0x05, 0x06, 0x10, 0x0f, 0x06, 0x15, 0x02,
    0x03, 0x01, 0x01, 0x06, 0x14, 0x03, 0x06, 0x2d, 0x00, 0x06, 0xfe, 0x42, 0x01, 0x09, 0x08, 0x09, 0x00, 0x06, 0xfe, 0x35, 0x05, 0x05, 0x06, 0x17,
    0x43, 0x03, 0x02, 0x3f, 0x06, 0x47, 0x27, 0x06, 0x31, 0x03, 0x06, 0x11, 0x04, 0x06, 0x3c, 0x01, 0x06, 0x30, 0x52, 0x02, 0x02, 0x03, 0x01, 0x52,
    0x02, 0x08, 0x08, 0x07, 0x06, 0xfe, 0x36, 0x05, 0x08, 0x06, 0xfe, 0x37, 0x05, 0x09, 0x03, 0x03, 0x0a, 0x06, 0x41, 0x0b, 0x03, 0x01, 0x0c, 0x01,
    0x06, 0x09, 0x0a, 0x03, 0x00, 0x06, 0xfe, 0x9c, 0x01, 0x01, 0x06, 0x92, 0x1e, 0x07, 0x02, 0x09, 0x08, 0x05, 0x00, 0x06, 0xe2, 0x27, 0x06, 0x31,
    0x03, 0x06, 0x11, 0x6e, 0x02, 0x01, 0x06, 0x30, 0x09, 0x01, 0x06, 0x00, 0x06, 0x77, 0x05, 0x06, 0x10, 0x2a, 0x06, 0x10, 0x0f, 0x06, 0x15, 0x02,
    0x03, 0x01, 0x01, 0x06, 0x14, 0x0d, 0x09, 0x02, 0x05, 0x00, 0x06, 0x9c, 0x01, 0x06, 0x32, 0x02, 0x03, 0x01, 0x05, 0x06, 0x2f, 0x0f, 0x06, 0x10,
    0x08, 0x08, 0x07, 0x06, 0xfe, 0x38, 0x05, 0x08, 0x06, 0xfe, 0x39, 0x05, 0x09, 0x03, 0x03, 0x0a, 0x06, 0x33, 0x0b, 0x00, 0x0c, 0x01, 0x06, 0x00,
    0x0d, 0x09, 0x07, 0x05, 0x00, 0x06, 0xfe, 0x3a, 0x05, 0x16, 0x09, 0x02, 0x05, 0x00, 0x06, 0xfe, 0x0c, 0x02, 0x04, 0x06, 0x3c, 0x86, 0x06, 0x3e,
    0x18, 0x06, 0x8b, 0x7f, 0x06, 0x0e, 0x01, 0x06, 0x1c, 0x1d, 0x06, 0x2e, 0x02, 0x03, 0x03, 0x08, 0x08, 0x07, 0x06, 0xfe, 0x3b, 0x05, 0x08, 0x06,
    0xfe, 0x3c, 0x05, 0x09, 0x03, 0x03, 0x0a, 0x06, 0x20, 0x0b, 0x00, 0x0c, 0x01, 0x06, 0x00, 0x0d, 0x09, 0x07, 0x05, 0x00, 0x06, 0xc6, 0x1a, 0x06,
    0x22, 0x01, 0x06, 0x1c, 0x1d, 0x06, 0x2e, 0x02, 0x03, 0x01, 0x08, 0x08, 0x07, 0x06, 0xfe, 0x3d, 0x05, 0x08, 0x06, 0xfe, 0x3e, 0x05, 0x09, 0x03,
    0x03, 0x0a, 0x06, 0x33, 0x0b, 0x00, 0x0c, 0x01, 0x06, 0x00, 0x0d, 0x09, 0x07, 0x05, 0x00, 0x06, 0xfe, 0x3f, 0x05, 0x16, 0x09, 0x01, 0x05, 0x13,
    0x06, 0x17, 0x04, 0x06, 0xfe, 0x60, 0x01, 0x00, 0x06, 0xfe, 0x40, 0x05, 0x43, 0x03, 0x0d, 0x3f, 0x06, 0x1f, 0x01, 0x06, 0x1c, 0x1d, 0x06, 0x2e,
    0x02, 0x03, 0x02, 0x08, 0x08, 0x07, 0x06, 0xfe, 0x41, 0x05, 0x08, 0x06, 0xfe, 0x42, 0x05, 0x09, 0x03, 0x03, 0x0a, 0x06, 0x41, 0x0b, 0x00, 0x0c,
    0x01, 0x06, 0x09, 0x0a, 0x03, 0x00, 0x06, 0xfe, 0x9d, 0x01, 0x01, 0x06, 0x92, 0x1e, 0x07, 0x02, 0x09, 0x07, 0x05, 0x00, 0x06, 0xa1, 0x3e, 0x03,
    0x02, 0x02, 0x03, 0x02, 0x01, 0x06, 0x48, 0x05, 0x06, 0x2b, 0x09, 0x01, 0x07, 0x00, 0x06, 0xc8, 0x05, 0x06, 0x17, 0x2a, 0x06, 0x17, 0x0f, 0x06,
    0x15, 0x03, 0x06, 0x11, 0x6e, 0x02, 0x01, 0x06, 0x14, 0x0d, 0x09, 0x0a, 0x04, 0x00, 0x06, 0xfe, 0x43, 0x05, 0x01, 0x06, 0x23, 0x1e, 0x07, 0x02,
    0x09, 0x01, 0x0b, 0x00, 0x06, 0xfe, 0x44, 0x05, 0x05, 0x06, 0x10, 0x0f, 0x06, 0xe4, 0x43, 0x03, 0x0d, 0x3f, 0x06, 0x47, 0x02, 0x03, 0x01, 0x03,
    0x06, 0x11, 0x04, 0x06, 0x0e, 0x69, 0x07, 0x01, 0x06, 0xfe, 0x37, 0x01, 0xd7, 0x09, 0x03, 0x02, 0x00, 0x06, 0xfe, 0x37, 0x01, 0xd8, 0x06, 0xbe,
    0x01, 0x06, 0x14, 0x09, 0x01, 0x07, 0x00, 0x06, 0xfe, 0x45, 0x05, 0x0f, 0x06, 0x7d, 0x02, 0x03, 0x01, 0x03, 0x06, 0x11, 0x04, 0x06, 0x0e, 0x01,
    0x06, 0xb6, 0xcc, 0x03, 0x01, 0x5f, 0x07, 0x01, 0x06, 0xfe, 0x8a, 0x01, 0x08, 0x08, 0x07, 0x06, 0xfe, 0x46, 0x05, 0x08, 0x06, 0xfe, 0x47, 0x05,
    0x09, 0x03, 0x03, 0x0a, 0x06, 0x41, 0x0b, 0x03, 0x01, 0x0c, 0x01, 0x06, 0x09, 0x04, 0x04, 0x00, 0x06, 0xfe, 0x48, 0x05, 0x05, 0x06, 0x10, 0x2a,
    0x06, 0x10, 0x01, 0x06, 0x4e, 0x0d, 0x09, 0x04, 0x06, 0x00, 0x06, 0xfe, 0x0d, 0x02, 0x01, 0x06, 0x53, 0x16, 0x09, 0x00, 0x06, 0x18, 0x06, 0x81,
    0x70, 0x07, 0x02, 0x09, 0x01, 0x05, 0x00, 0x06, 0xfe, 0x49, 0x05, 0x04, 0x06, 0x0e, 0x13, 0x06, 0x17, 0x03, 0x06, 0x11, 0x42, 0x02, 0x09, 0x01,
    0x05, 0x00, 0x06, 0xfe, 0x4a, 0x05, 0x13, 0x06, 0x3a, 0x03, 0x06, 0x24, 0x82, 0x02, 0x04, 0x06, 0x0e, 0x00, 0x06, 0xfe, 0x4b, 0x05, 0x04, 0x06,
    0x0e, 0x13, 0x06, 0x10, 0x03, 0x06, 0x24, 0x58, 0x09, 0x04, 0x05, 0x00, 0x06, 0x8e, 0x05, 0x06, 0x2c, 0x02, 0x03, 0x05, 0x04, 0x06, 0x0e, 0x01,
    0x06, 0x4c, 0x54, 0x09, 0x03, 0x09, 0x01, 0x06, 0x51, 0x0f, 0x06, 0x10, 0x55, 0x02, 0x4e, 0x02, 0x02, 0x03, 0x01, 0x03, 0x06, 0x24, 0x19, 0x02,
    0x00, 0x06, 0xfe, 0x0d, 0x02, 0x42, 0x02, 0x42, 0x02, 0x08, 0x08, 0x07, 0x06, 0xfe, 0x4c, 0x05, 0x08, 0x06, 0xfe, 0x4d, 0x05, 0x09, 0x03, 0x03,
    0x0a, 0x06, 0x37, 0x0b, 0x00, 0x0c, 0x01, 0x06, 0x09, 0x01, 0x07, 0x00, 0x06, 0x5b, 0x05, 0x06, 0x10, 0x2a, 0x06, 0x10, 0x0f, 0x06, 0x15, 0x02,
    0x03, 0x01, 0x19, 0x02, 0x01, 0x06, 0x14, 0x0d, 0x09, 0x01, 0x0a, 0x00, 0x06, 0xfe, 0x4e, 0x05, 0x05, 0x06, 0x3a, 0x65, 0x09, 0x03, 0x02, 0x26,
    0x06, 0x3a, 0x6d, 0x06, 0x89, 0x0f, 0x06, 0x10, 0x43, 0x03, 0x02, 0x3f, 0x06, 0x47, 0x02, 0x03, 0x01, 0x04, 0x06, 0x0e, 0x01, 0x06, 0x14, 0xfe,
    0x38, 0x01, 0x07, 0x02, 0x06, 0x24, 0x06, 0x11, 0x08, 0x08, 0x07, 0x06, 0xfe, 0x4f, 0x05, 0x08, 0x06, 0xfe, 0x50, 0x05, 0x09, 0x03, 0x03, 0x0a,
    0x06, 0x33, 0x0b, 0x00, 0x0c, 0x01, 0x06, 0x00, 0x0d, 0x09, 0x07, 0x06, 0x00, 0x06, 0xfe, 0x51, 0x05, 0x16, 0x09, 0x0d, 0x03, 0x00, 0x06, 0xfe,
    0x52, 0x05, 0x13, 0x06, 0x17, 0x3d, 0x06, 0x3b, 0x01, 0x06, 0x1c, 0x1d, 0x06, 0x2e, 0x02, 0x03, 0x05, 0x3d, 0x06, 0x3b, 0x08, 0x08, 0x07, 0x06,
    0xfe, 0x53, 0x05, 0x08, 0x06, 0xfe, 0x54, 0x05, 0x09, 0x03, 0x03, 0x0a, 0x06, 0x21, 0x0b, 0x00, 0x0c, 0x01, 0x06, 0x00, 0x0d, 0x09, 0x0a, 0x05,
    0x00, 0x06, 0xfe, 0x0e, 0x02, 0x01, 0x06, 0xfe, 0x00, 0x01, 0xfe, 0x01, 0x01, 0x09, 0x07, 0x05, 0x01, 0x06, 0x48, 0x3e, 0x03, 0x02, 0x02, 0x03,
    0x02, 0x04, 0x06, 0x0e, 0x00, 0x06, 0xfe, 0x0e, 0x02, 0xfe, 0x02, 0x01, 0x09, 0x01, 0x07, 0x00, 0x06, 0xfe, 0x55, 0x05, 0x05, 0x06, 0x10, 0x0f,
    0x06, 0x15, 0x02, 0x03, 0x02, 0x04, 0x06, 0x0e, 0x01, 0x06, 0x14, 0x03, 0x06, 0x2d, 0xfe, 0x39, 0x01, 0x02, 0x08, 0x08, 0x07, 0x06, 0xfe, 0x56,
    0x05, 0x08, 0x06, 0xfe, 0x57, 0x05, 0x09, 0x03, 0x03, 0x0a, 0x06, 0x37, 0x0b, 0x00, 0x0c, 0x01, 0x06, 0x09, 0x07, 0x06, 0x00, 0x06, 0xfe, 0x0f,
    0x02, 0x19, 0x02, 0x3e, 0x03, 0x06, 0x02, 0x03, 0x06, 0x01, 0x06, 0x48, 0x05, 0x06, 0x2b, 0x0d, 0x09, 0x05, 0x04, 0x00, 0x06, 0xa5, 0x01, 0x06,
    0x38, 0x29, 0x03, 0x01, 0x28, 0x06, 0x34, 0x08, 0x08, 0x07, 0x06, 0xfe, 0x58, 0x05, 0x08, 0x06, 0xfe, 0x59, 0x05, 0x09, 0x03, 0x03, 0x0a, 0x06,
    0x20, 0x0b, 0x00, 0x0c, 0x01, 0x06, 0x00, 0x0d, 0x09, 0x02, 0x06, 0x00, 0x06, 0xfe, 0x5a, 0x05, 0x16, 0x09, 0x01, 0x05, 0x02, 0x03, 0x07, 0x18,
    0x06, 0x1f, 0x00, 0x06, 0xfe, 0x50, 0x01, 0x04, 0x06, 0x0e, 0x13, 0x06, 0x2b, 0x01, 0x06, 0x32, 0x02, 0x03, 0x01, 0x05, 0x06, 0x2f, 0x0f, 0x06,
    0x10, 0x08, 0x08, 0x07, 0x06, 0xfe, 0x5b, 0x05, 0x08, 0x06, 0xfe, 0x5c, 0x05, 0x09, 0x03, 0x03, 0x0a, 0x06, 0x21, 0x0b, 0x00, 0x0c, 0x01, 0x06,
    0x09, 0x01, 0x07, 0x00, 0x06, 0x5b, 0x05, 0x06, 0x10, 0x2a, 0x06, 0x10, 0x0f, 0x06, 0x15, 0x02, 0x03, 0x01, 0x19, 0x02, 0x01, 0x06, 0x14, 0x0d,
    0x09, 0x0a, 0x06, 0x00, 0x06, 0xfe, 0x5d, 0x05, 0x01, 0x06, 0xa9, 0x1a, 0x06, 0x22, 0x94, 0x09, 0x07, 0x05, 0x00, 0x06, 0xc6, 0x01, 0x06, 0x1c,
    0x1d, 0x06, 0x2e, 0x02, 0x03, 0x01, 0x1a, 0x06, 0x22, 0xaa, 0x09, 0x01, 0x04, 0x00, 0x06, 0xfe, 0x5e, 0x05, 0x03, 0x06, 0x24, 0x04, 0x06, 0x0e,
    0x05, 0x06, 0x88, 0x9e, 0x09, 0x02, 0x06, 0x00, 0x06, 0xfe, 0x5f, 0x05, 0x01, 0x06, 0x32, 0x02, 0x03, 0x01, 0x05, 0x06, 0x2f, 0x0f, 0x06, 0x10,
    0x1a, 0x06, 0x22, 0x08, 0x08, 0x07, 0x06, 0xfe, 0x60, 0x05, 0x08, 0x06, 0xfe, 0x61, 0x05, 0x09, 0x03, 0x03, 0x0a, 0x06, 0x20, 0x0b, 0x00, 0x0c,
    0x01, 0x06, 0x09, 0x01, 0x09, 0x00, 0x06, 0xfe, 0x62, 0x05, 0x05, 0x06, 0x10, 0x2a, 0x06, 0x10, 0x0f, 0x06, 0x15, 0x02, 0x03, 0x03, 0x19, 0x02,
    0x6b, 0x02, 0x99, 0x02, 0x01, 0x06, 0x14, 0x0d, 0x09, 0x02, 0x05, 0x00, 0x06, 0xfe, 0x63, 0x05, 0x01, 0x06, 0x32, 0x05, 0x06, 0x2f, 0x0f, 0x06,
    0x10, 0x65, 0x09, 0x03, 0x02, 0x26, 0x06, 0xfe, 0x10, 0x02, 0x6d, 0x06, 0xfe, 0x11, 0x02, 0x08, 0x08, 0x07, 0x06, 0xfe, 0x64, 0x05, 0x08, 0x06,
    0xfe, 0x65, 0x05, 0x09, 0x03, 0x03, 0x0a, 0x06, 0x21, 0x0b, 0x00, 0x0c, 0x01, 0x06, 0x09, 0x07, 0x06, 0x00, 0x06, 0xb1, 0x19, 0x02, 0x3e, 0x03,
    0x02, 0x02, 0x03, 0x02, 0x01, 0x06, 0x48, 0x05, 0x06, 0x2b, 0x0d, 0x09, 0x07, 0x05, 0x00, 0x06, 0xc6, 0x1a, 0x06, 0x22, 0x01, 0x06, 0x1c, 0x1d,
    0x06, 0x2e, 0x02, 0x03, 0x01, 0x08, 0x08, 0x07, 0x06, 0xfe, 0x66, 0x05, 0x08, 0x06, 0xfe, 0x67, 0x05, 0x09, 0x03, 0x03, 0x0a, 0x06, 0x20, 0x0b,
    0x00, 0x0c, 0x01, 0x06, 0x09, 0x07, 0x06, 0x00, 0x06, 0xa0, 0x19, 0x02, 0x3e, 0x03, 0x01, 0x02, 0x03, 0x01, 0x01, 0x06, 0x48, 0x05, 0x06, 0x2b,
    0x0d, 0x09, 0x04, 0x04, 0x00, 0x06, 0xfe, 0xd0, 0x01, 0x01, 0x06, 0x53, 0x58, 0x09, 0x04, 0x05, 0x00, 0x06, 0xc9, 0x05, 0x06, 0x2c, 0x02, 0x03,
    0x03, 0x04, 0x06, 0x0e, 0x01, 0x06, 0x4c, 0x54, 0x09, 0x03, 0x05, 0x01, 0x06, 0x51, 0x55, 0x02, 0x00, 0x06, 0xfe, 0x0b, 0x01, 0x0f, 0x06, 0x10,
    0x02, 0x03, 0x01, 0x08, 0x08, 0x07, 0x06, 0xfe, 0x68, 0x05, 0x08, 0x06, 0xfe, 0x69, 0x05, 0x09, 0x03, 0x03, 0x0a, 0x06, 0x21, 0x0b, 0x00, 0x0c,
    0x01, 0x06, 0x00, 0x0d, 0x09, 0x06, 0x09, 0x00, 0x06, 0xfe, 0x6a, 0x05, 0x16, 0x09, 0x01, 0x09, 0x04, 0x06, 0x0e, 0x71, 0x06, 0x7e, 0x00, 0x06,
    0xfe, 0x6b, 0x05, 0xfe, 0x03, 0x01, 0x07, 0x02, 0x06, 0x15, 0x06, 0x17, 0x02, 0x03, 0x05, 0x18, 0x06, 0x1f, 0x7c, 0x06, 0x66, 0x12, 0x07, 0x01,
    0x06, 0x44, 0x1b, 0x07, 0x03, 0x06, 0x45, 0x06, 0x62, 0x06, 0x56, 0x01, 0x06, 0x8a, 0x1b, 0x07, 0x03, 0x06, 0x45, 0x06, 0x62, 0x06, 0x56, 0x28,
    0x06, 0xd9, 0x25, 0x02, 0x02, 0x03, 0x02, 0x71, 0x06, 0x7e, 0x29, 0x03, 0x02, 0x08, 0x08, 0x07, 0x06, 0xfe, 0x6c, 0x05, 0x08, 0x06, 0xfe, 0x0c,
    0x01, 0x09, 0x03, 0x03, 0x0a, 0x00, 0x0b, 0x00, 0x0c, 0x02, 0x06, 0x00, 0x0d, 0x00, 0x08, 0x08, 0x07, 0x06, 0xfe, 0x6d, 0x05, 0x08, 0x06, 0xfe,
    0x6e, 0x05, 0x09, 0x03, 0x03, 0x0a, 0x06, 0x20, 0x0b, 0x00, 0x0c, 0x01, 0x06, 0x00, 0x0d, 0x09, 0x04, 0x06, 0x00, 0x06, 0xfe, 0x12, 0x02, 0x01,
    0x06, 0x53, 0x58, 0x09, 0x04, 0x05, 0x00, 0x06, 0x8e, 0x05, 0x06, 0x2c, 0x02, 0x03, 0x05, 0x04, 0x06, 0x0e, 0x01, 0x06, 0x4c, 0x54, 0x09, 0x03,
    0x0a, 0x01, 0x06, 0x51, 0x0f, 0x06, 0x10, 0x55, 0x02, 0x4e, 0x02, 0x02, 0x03, 0x01, 0x03, 0x06, 0x24, 0x6b, 0x02, 0x19, 0x02, 0x12, 0x07, 0x01,
    0x06, 0x36, 0x00, 0x06, 0xfe, 0x12, 0x02, 0x19, 0x02, 0x12, 0x07, 0x01, 0x06, 0x36, 0x08, 0x08, 0x07, 0x06, 0xfe, 0x6f, 0x05, 0x08, 0x06, 0xfe,
    0x70, 0x05, 0x09, 0x03, 0x03, 0x0a, 0x06, 0x21, 0x0b, 0x00, 0x0c, 0x01, 0x06, 0x09, 0x07, 0x06, 0x00, 0x06, 0xa0, 0x19, 0x02, 0x3e, 0x03, 0x01,
    0x02, 0x03, 0x01, 0x01, 0x06, 0x48, 0x05, 0x06, 0x2b, 0x0d, 0x09, 0x07, 0x09, 0x00, 0x06, 0xfe, 0x71, 0x05, 0x1a, 0x06, 0x22, 0x03, 0x06, 0x11,
    0x04, 0x06, 0x0e, 0x42, 0x02, 0x12, 0x07, 0x01, 0x06, 0x36, 0x01, 0x06, 0x1c, 0x1d, 0x06, 0x2e, 0x02, 0x03, 0x01, 0x08, 0x08, 0x07, 0x06, 0xfe,
    0x72, 0x05, 0x08, 0x06, 0xfe, 0x73, 0x05, 0x09, 0x03, 0x03, 0x0a, 0x06, 0x21, 0x0b, 0x00, 0x0c, 0x01, 0x06, 0x09, 0x01, 0x07, 0x00, 0x06, 0x5b,
    0x05, 0x06, 0x10, 0x2a, 0x06, 0x10, 0x0f, 0x06, 0x15, 0x02, 0x03, 0x01, 0x19, 0x02, 0x01, 0x06, 0x14, 0x0d, 0x09, 0x07, 0x05, 0x00, 0x06, 0xa7,
    0x1a, 0x06, 0x22, 0x01, 0x06, 0x1c, 0x1d, 0x06, 0x2e, 0x02, 0x03, 0x02, 0x08, 0x08, 0x07, 0x06, 0xfe, 0x74, 0x05, 0x08, 0x06, 0xfe, 0x75, 0x05,
    0x09, 0x03, 0x03, 0x0a, 0x06, 0x21, 0x0b, 0x00, 0x0c, 0x01, 0x06, 0x09, 0x01, 0x07, 0x00, 0x06, 0xdc, 0x05, 0x06, 0x10, 0x2a, 0x06, 0x10, 0x0f,
    0x06, 0x15, 0x02, 0x03, 0x02, 0x19, 0x02, 0x01, 0x06, 0x14, 0x0d, 0x09, 0x07, 0x05, 0x00, 0x06, 0xfe, 0x76, 0x05, 0x1a, 0x06, 0x22, 0x01, 0x06,
    0x1c, 0x1d, 0x06, 0x2e, 0x02, 0x03, 0x05, 0x08, 0x08, 0x07, 0x06, 0xfe, 0x77, 0x05, 0x08, 0x06, 0xfe, 0x78, 0x05, 0x09, 0x03, 0x03, 0x0a, 0x06,
    0x41, 0x0b, 0x03, 0x01, 0x0c, 0x01, 0x06, 0x09, 0x07, 0x05, 0x00, 0x06, 0xa1, 0x3e, 0x03, 0x02, 0x02, 0x03, 0x02, 0x01, 0x06, 0x48, 0x05, 0x06,
    0x2b, 0x0d, 0x09, 0x01, 0x08, 0x00, 0x06, 0xd4, 0x05, 0x06, 0x6c, 0x0f, 0x06, 0x2b, 0x27, 0x06, 0x31, 0x02, 0x03, 0x01, 0x03, 0x06, 0x49, 0x04,
    0x06, 0x0e, 0x01, 0x06, 0x14, 0x08, 0x08, 0x07, 0x06, 0xfe, 0x79, 0x05, 0x08, 0x06, 0xfe, 0x7a, 0x05, 0x09, 0x03, 0x03, 0x0a, 0x06, 0x21, 0x0b,
    0x00, 0x0c, 0x01, 0x06, 0x00, 0x0d, 0x09, 0x06, 0x0d, 0x00, 0x06, 0xfe, 0x7b, 0x05, 0x01, 0x06, 0x8a, 0x1b, 0x07, 0x01, 0x06, 0x87, 0x28, 0x06,
    0xa3, 0x25, 0x02, 0x59, 0x02, 0x5d, 0x03, 0x01, 0x63, 0x06, 0x66, 0x12, 0x07, 0x01, 0x06, 0xda, 0xfe, 0x13, 0x01, 0x06, 0xfe, 0x7c, 0x05, 0x13,
    0x06, 0x17, 0x04, 0x06, 0x0e, 0x29, 0x03, 0x01, 0x08, 0x08, 0x07, 0x06, 0xfe, 0x7d, 0x05, 0x08, 0x06, 0xfe, 0x7e, 0x05, 0x09, 0x03, 0x03, 0x0a,
    0x06, 0x20, 0x0b, 0x00, 0x0c, 0x01, 0x06, 0x00, 0x0d, 0x09, 0x01, 0x08, 0x00, 0x06, 0xfe, 0x7f, 0x05, 0x05, 0x06, 0x15, 0x0f, 0x06, 0x2c, 0x02,
    0x03, 0x01, 0x04, 0x06, 0x0e, 0x6b, 0x02, 0x01, 0x06, 0x14, 0x03, 0x06, 0x2d, 0x08, 0x08, 0x07, 0x06, 0xfe, 0x80, 0x05, 0x08, 0x06, 0xfe, 0x81,
    0x05, 0x09, 0x03, 0x03, 0x0a, 0x06, 0x37, 0x0b, 0x00, 0x0c, 0x01, 0x06, 0x00, 0x0d, 0x09, 0x05, 0x06, 0x00, 0x06, 0xfe, 0x82, 0x05, 0x16, 0x09,
    0x02, 0x05, 0x00, 0x06, 0xfe, 0x83, 0x05, 0x04, 0x06, 0x0e, 0x13, 0x06, 0x10, 0x18, 0x06, 0x8b, 0x7f, 0x06, 0x3c, 0x01, 0x06, 0x38, 0x29, 0x03,
    0x01, 0x28, 0x06, 0x34, 0x25, 0x02, 0x08, 0x08, 0x07, 0x06, 0xfe, 0x84, 0x05, 0x08, 0x06, 0xfe, 0x85, 0x05, 0x09, 0x03, 0x03, 0x0a, 0x06, 0x33,
    0x0b, 0x00, 0x0c, 0x01, 0x06, 0x00, 0x0d, 0x09, 0x08, 0x07, 0x00, 0x06, 0xfe, 0x86, 0x05, 0x12, 0x07, 0x03, 0x06, 0xbc, 0x06, 0xa6, 0x06, 0x93,
    0x01, 0x06, 0xfe, 0x87, 0x05, 0xfe, 0x88, 0x05, 0x07, 0x03, 0x06, 0xbc, 0x06, 0xa6, 0x06, 0x93, 0xfe, 0x89, 0x05, 0x02, 0x25, 0x02, 0x52, 0x02,
    0x08, 0x08, 0x07, 0x06, 0xfe, 0x8a, 0x05, 0x08, 0x06, 0xfe, 0x8b, 0x05, 0x09, 0x03, 0x03, 0x0a, 0x06, 0x41, 0x0b, 0x03, 0x01, 0x0c, 0x01, 0x06,
    0x09, 0x01, 0x06, 0x00, 0x06, 0xab, 0x05, 0x06, 0x10, 0x2a, 0x06, 0x10, 0x0f, 0x06, 0x15, 0x02, 0x03, 0x02, 0x01, 0x06, 0x14, 0x0d, 0x09, 0x01,
    0x09, 0x00, 0x06, 0xfe, 0x30, 0x01, 0x05, 0x06, 0x15, 0x0f, 0x06, 0x10, 0x02, 0x03, 0x01, 0x03, 0x06, 0x24, 0x04, 0x06, 0x0e, 0x12, 0x07, 0x01,
    0x06, 0x50, 0x01, 0x06, 0x14, 0xc1, 0x09, 0x02, 0x08, 0x00, 0x06, 0xfe, 0x19, 0x01, 0x04, 0x06, 0x0e, 0x13, 0x06, 0x5e, 0x03, 0x06, 0x24, 0x02,
    0x03, 0x06, 0x18, 0x06, 0x1f, 0x64, 0x06, 0x8c, 0x60, 0x06, 0x61, 0x08, 0x08, 0x07, 0x06, 0xfe, 0x8c, 0x05, 0x08, 0x06, 0xfe, 0x8d, 0x05, 0x09,
    0x03, 0x03, 0x0a, 0x06, 0x21, 0x0b, 0x00, 0x0c, 0x01, 0x06, 0x00, 0x0d, 0x09, 0x05, 0x07, 0x00, 0x06, 0xfe, 0x8e, 0x05, 0x16, 0x09, 0x02, 0x08,
    0x00, 0x06, 0xfe, 0x8f, 0x05, 0x12, 0x07, 0x01, 0x06, 0x44, 0x04, 0x06, 0x0e, 0x03, 0x06, 0x11, 0x7f, 0x06, 0x3c, 0x18, 0x06, 0x8b, 0x64, 0x06,
    0x06, 0x3d, 0x06, 0x3b, 0x01, 0x06, 0x38, 0x29, 0x03, 0x01, 0x28, 0x06, 0x34, 0x25, 0x02, 0x3d, 0x06, 0x3b, 0x08, 0x08, 0x07, 0x06, 0xfe, 0x90,
    0x05, 0x08, 0x06, 0xfe, 0x91, 0x05, 0x09, 0x03, 0x03, 0x0a, 0x06, 0x21, 0x0b, 0x00, 0x0c, 0x01, 0x06, 0x00, 0x0d, 0x09, 0x07, 0x09, 0x00, 0x06,
    0xfe, 0x92, 0x05, 0x16, 0x09, 0x02, 0x0a, 0x00, 0x06, 0xfe, 0x93, 0x05, 0x12, 0x07, 0x01, 0x06, 0x44, 0x04, 0x06, 0x0e, 0x13, 0x06, 0x17, 0x02,
    0x03, 0x03, 0x86, 0x06, 0xfe, 0x13, 0x02, 0x1b, 0x07, 0x01, 0x06, 0x45, 0x03, 0x06, 0x11, 0x18, 0x06, 0x1f, 0x3d, 0x06, 0x78, 0x1a, 0x06, 0x22,
    0x03, 0x06, 0x11, 0x01, 0x06, 0x1c, 0x1d, 0x06, 0x2e, 0x02, 0x03, 0x02, 0x3d, 0x06, 0x78, 0x1b, 0x07, 0x01, 0x06, 0x45, 0x08, 0x08, 0x07, 0x06,
    0xfe, 0x94, 0x05, 0x08, 0x06, 0xfe, 0x95, 0x05, 0x09, 0x03, 0x03, 0x0a, 0x06, 0x20, 0x0b, 0x00, 0x0c, 0x01, 0x06, 0x09, 0x0a, 0x04, 0x00, 0x06,
    0xfe, 0x1a, 0x01, 0x19, 0x02, 0x01, 0x06, 0x92, 0x1e, 0x07, 0x02, 0x09, 0x08, 0x06, 0x00, 0x06, 0xe2, 0x27, 0x06, 0x31, 0x03, 0x06, 0x11, 0x6e,
    0x02, 0x19, 0x02, 0x01, 0x06, 0x30, 0x09, 0x01, 0x07, 0x00, 0x06, 0x5b, 0x05, 0x06, 0x10, 0x2a, 0x06, 0x10, 0x0f, 0x06, 0x15, 0x02, 0x03, 0x01,
    0x19, 0x02, 0x01, 0x06, 0x14, 0x0d, 0x09, 0x04, 0x06, 0x00, 0x06, 0xfe, 0x14, 0x02, 0x01, 0x06, 0x53, 0x58, 0x09, 0x04, 0x05, 0x00, 0x06, 0x8e,
    0x05, 0x06, 0x2c, 0x02, 0x03, 0x05, 0x04, 0x06, 0x0e, 0x01, 0x06, 0x4c, 0x54, 0x09, 0x03, 0x0b, 0x01, 0x06, 0x51, 0x0f, 0x06, 0x10, 0x55, 0x02,
    0x4e, 0x02, 0x02, 0x03, 0x01, 0x03, 0x06, 0x11, 0x19, 0x02, 0x12, 0x07, 0x01, 0x06, 0x50, 0x43, 0x03, 0x09, 0x3f, 0x06, 0x1f, 0x00, 0x06, 0xfe,
    0x14, 0x02, 0x19, 0x02, 0x12, 0x07, 0x01, 0x06, 0x50, 0x08, 0x08, 0x07, 0x06, 0xfe, 0x96, 0x05, 0x08, 0x06, 0xfe, 0x97, 0x05, 0x09, 0x03, 0x03,
    0x0a, 0x06, 0x20, 0x0b, 0x00, 0x0c, 0x01, 0x06, 0x00, 0x0d, 0x09, 0x01, 0x08, 0x00, 0x06, 0xfe, 0x98, 0x05, 0x16, 0x09, 0x02, 0x08, 0x00, 0x06,
    0xfe, 0x19, 0x01, 0x04, 0x06, 0x0e, 0x13, 0x06, 0x5e, 0x03, 0x06, 0x24, 0x02, 0x03, 0x06, 0x18, 0x06, 0x1f, 0x64, 0x06, 0x8c, 0x60, 0x06, 0x61,
    0x05, 0x06, 0x6c, 0x0f, 0x06, 0x2b, 0x02, 0x03, 0x01, 0x03, 0x06, 0x49, 0x04, 0x06, 0x0e, 0x01, 0x06, 0x14, 0x08, 0x08, 0x07, 0x06, 0xfe, 0x99,
    0x05, 0x08, 0x06, 0xfe, 0x9a, 0x05, 0x09, 0x03, 0x03, 0x0a, 0x06, 0x21, 0x0b, 0x00, 0x0c, 0x01, 0x06, 0x00, 0x0d, 0x09, 0x02, 0x06, 0x00, 0x06,
    0xfe, 0x9b, 0x05, 0x16, 0x09, 0x01, 0x05, 0x02, 0x03, 0x02, 0x18, 0x06, 0x1f, 0x00, 0x06, 0xfe, 0x96, 0x01, 0x13, 0x06, 0x84, 0x04, 0x06, 0x0e,
    0x01, 0x06, 0x32, 0x02, 0x03, 0x01, 0x05, 0x06, 0x2f, 0x0f, 0x06, 0x10, 0x08, 0x08, 0x07, 0x06, 0xfe, 0x9c, 0x05, 0x08, 0x06, 0xfe, 0x9d, 0x05,
    0x09, 0x03, 0x03, 0x0a, 0x06, 0x20, 0x0b, 0x00, 0x0c, 0x01, 0x06, 0x00, 0x0d, 0x09, 0x0a, 0x03, 0x00, 0x06, 0xfe, 0x9e, 0x05, 0x01, 0x06, 0x23,
    0x1e, 0x07, 0x02, 0x09, 0x01, 0x0a, 0x00, 0x06, 0xfe, 0x9f, 0x05, 0x16, 0x09, 0x03, 0x05, 0x74, 0x06, 0x75, 0x04, 0x06, 0x0e, 0x79, 0x02, 0x00,
    0x06, 0xfe, 0x15, 0x02, 0x39, 0x09, 0x03, 0x04, 0x26, 0x06, 0x75, 0x72, 0x06, 0x7b, 0x13, 0x06, 0x17, 0xfe, 0x2d, 0x01, 0x09, 0x03, 0x02, 0x18,
    0x06, 0xc4, 0xfe, 0x2e, 0x01, 0x06, 0xfe, 0x2f, 0x01, 0x05, 0x06, 0x10, 0x0f, 0x06, 0x15, 0x02, 0x03, 0x03, 0x04, 0x06, 0x76, 0x98, 0x02, 0x01,
    0x06, 0xfe, 0xa0, 0x05, 0x73, 0x03, 0x03, 0x79, 0x02, 0x09, 0x02, 0x07, 0x00, 0x06, 0xfe, 0xa1, 0x05, 0x02, 0x03, 0x03, 0x04, 0x06, 0x76, 0x98,
    0x02, 0x01, 0x06, 0x32, 0x05, 0x06, 0x2f, 0x0f, 0x06, 0x10, 0x08, 0x08, 0x07, 0x06, 0xfe, 0xa2, 0x05, 0x08, 0x06, 0xfe, 0xa3, 0x05, 0x09, 0x03,
    0x03, 0x0a, 0x06, 0x33, 0x0b, 0x00, 0x0c, 0x01, 0x06, 0x00, 0x0d, 0x09, 0x07, 0x09, 0x00, 0x06, 0xfe, 0xe6, 0x01, 0x16, 0x09, 0x02, 0x08, 0x00,
    0x06, 0xfe, 0x16, 0x02, 0x04, 0x06, 0x0e, 0x13, 0x06, 0x5e, 0x03, 0x06, 0x24, 0x02, 0x03, 0x06, 0x18, 0x06, 0x1f, 0x64, 0x06, 0x8c, 0x60, 0x06,
    0x61, 0x1a, 0x06, 0x5a, 0x40, 0x02, 0x01, 0x06, 0x1c, 0x1d, 0x06, 0x35, 0x02, 0x03, 0x02, 0x1b, 0x07, 0x01, 0x06, 0x62, 0x04, 0x06, 0x0e, 0x08,
    0x08, 0x07, 0x06, 0xfe, 0xa4, 0x05, 0x08, 0x06, 0xfe, 0xa5, 0x05, 0x09, 0x03, 0x03, 0x0a, 0x06, 0x41, 0x0b, 0x03, 0x01, 0x0c, 0x01, 0x06, 0x09,
    0x01, 0x06, 0x00, 0x06, 0xab, 0x05, 0x06, 0x10, 0x2a, 0x06, 0x10, 0x0f, 0x06, 0x15, 0x02, 0x03, 0x02, 0x01, 0x06, 0x14, 0x0d, 0x09, 0x01, 0x0b,
    0x00, 0x06, 0xfe, 0xa6, 0x05, 0x05, 0x06, 0x15, 0x0f, 0x06, 0x10, 0x02, 0x03, 0x01, 0x03, 0x06, 0x24, 0x04, 0x06, 0x0e, 0x01, 0x06, 0x14, 0x1b,
    0x07, 0x01, 0x06, 0x56, 0xfe, 0x9e, 0x01, 0x06, 0x56, 0xfe, 0x61, 0x01, 0x03, 0x03, 0xfe, 0x62, 0x01, 0x06, 0x1f, 0x08, 0x08, 0x07, 0x06, 0xfe,
    0xa7, 0x05, 0x08, 0x06, 0xfe, 0xa8, 0x05, 0x09, 0x03, 0x03, 0x0a, 0x06, 0x20, 0x0b, 0x00, 0x0c, 0x01, 0x06, 0x09, 0x01, 0x0c, 0x00, 0x06, 0xfe,
    0xa9, 0x05, 0x05, 0x06, 0x10, 0x2a, 0x06, 0x10, 0x0f, 0x06, 0x15, 0x02, 0x03, 0x02, 0x03, 0x06, 0x11, 0x19, 0x02, 0x6b, 0x02, 0x99, 0x02, 0x83,
    0x06, 0x90, 0x82, 0x02, 0x01, 0x06, 0x14, 0x0d, 0x09, 0x01, 0x08, 0x00, 0x06, 0xfe, 0xaa, 0x05, 0x05, 0x06, 0x15, 0x0f, 0x06, 0x10, 0x65, 0x09,
    0x03, 0x03, 0x26, 0x06, 0x65, 0x6d, 0x06, 0xf4, 0xc5, 0x06, 0xce, 0x03, 0x06, 0x24, 0x04, 0x06, 0x0e, 0x12, 0x07, 0x01, 0x06, 0x46, 0x01, 0x06,
    0x14, 0x08, 0x08, 0x07, 0x06, 0xfe, 0xab, 0x05, 0x08, 0x06, 0xfe, 0xac, 0x05, 0x09, 0x03, 0x03, 0x0a, 0x06, 0x20, 0x0b, 0x00, 0x0c, 0x01, 0x06,
    0x00, 0x0d, 0x09, 0x0a, 0x07, 0x00, 0x06, 0xfe, 0xad, 0x05, 0x01, 0x06, 0x8d, 0x9b, 0x07, 0x02, 0x09, 0x07, 0x0a, 0x00, 0x06, 0xfe, 0xae, 0x05,
    0x1a, 0x06, 0x22, 0x02, 0x03, 0x01, 0x03, 0x06, 0x11, 0x04, 0x06, 0x0e, 0x42, 0x02, 0x12, 0x07, 0x01, 0x06, 0x46, 0x73, 0x03, 0x01, 0x01, 0x06,
    0x1c, 0x1d, 0x06, 0x2e, 0x09, 0x0c, 0x08, 0x00, 0x06, 0xfe, 0xaf, 0x05, 0x05, 0x06, 0x17, 0x02, 0x03, 0x01, 0x03, 0x06, 0x11, 0x04, 0x06, 0x0e,
    0x12, 0x07, 0x01, 0x06, 0xd1, 0x01, 0x06, 0x7a, 0xe5, 0x06, 0x80, 0x02, 0x03, 0x01, 0x5f, 0x07, 0x01, 0x06, 0xfc, 0x42, 0x02, 0x12, 0x07, 0x02,
    0x06, 0x46, 0x06, 0xd1, 0x08, 0x08, 0x07, 0x06, 0xfe, 0xb0, 0x05, 0x08, 0x06, 0xfe, 0xb1, 0x05, 0x09, 0x03, 0x03, 0x0a, 0x06, 0x20, 0x0b, 0x00,
    0x0c, 0x01, 0x06, 0x09, 0x0a, 0x04, 0x00, 0x06, 0xfe, 0x1a, 0x01, 0x19, 0x02, 0x01, 0x06, 0x92, 0x1e, 0x07, 0x02, 0x09, 0x08, 0x06, 0x00, 0x06,
    0xe2, 0x27, 0x06, 0x31, 0x03, 0x06, 0x11, 0x6e, 0x02, 0x19, 0x02, 0x01, 0x06, 0x30, 0x09, 0x01, 0x07, 0x00, 0x06, 0x5b, 0x05, 0x06, 0x10, 0x2a,
    0x06, 0x10, 0x0f, 0x06, 0x15, 0x02, 0x03, 0x01, 0x19, 0x02, 0x01, 0x06, 0x14, 0x0d, 0x09, 0x04, 0x06, 0x00, 0x06, 0xfe, 0x17, 0x02, 0x01, 0x06,
    0x53, 0x58, 0x09, 0x04, 0x05, 0x00, 0x06, 0x8e, 0x05, 0x06, 0x2c, 0x02, 0x03, 0x05, 0x04, 0x06, 0x0e, 0x01, 0x06, 0x4c, 0x54, 0x09, 0x03, 0x0b,
    0x01, 0x06, 0x51, 0x0f, 0x06, 0x10, 0x55, 0x02, 0x4e, 0x02, 0x02, 0x03, 0x01, 0x03, 0x06, 0x11, 0x19, 0x02, 0x12, 0x07, 0x01, 0x06, 0x46, 0x43,
    0x03, 0x09, 0x3f, 0x06, 0x1f, 0x00, 0x06, 0xfe, 0x17, 0x02, 0x19, 0x02, 0x12, 0x07, 0x01, 0x06, 0x46, 0x08, 0x08, 0x07, 0x06, 0xfe, 0xb2, 0x05,
    0x08, 0x06, 0xfe, 0xb3, 0x05, 0x09, 0x03, 0x03, 0x0a, 0x06, 0x37, 0x0b, 0x00, 0x0c, 0x01, 0x06, 0x00, 0x0d, 0x09, 0x04, 0x06, 0x00, 0x06, 0xfe,
    0x18, 0x02, 0x01, 0x06, 0x53, 0x58, 0x09, 0x04, 0x05, 0x00, 0x06, 0xdd, 0x05, 0x06, 0x2c, 0x02, 0x03, 0x04, 0x04, 0x06, 0x0e, 0x01, 0x06, 0x4c,
    0x54, 0x09, 0x03, 0x0a, 0x01, 0x06, 0x51, 0x0f, 0x06, 0x10, 0x55, 0x02, 0x4e, 0x02, 0x02, 0x03, 0x01, 0x03, 0x06, 0x11, 0x1b, 0x07, 0x01, 0x06,
    0x4a, 0x19, 0x02, 0x3f, 0x06, 0x1f, 0x00, 0x06, 0xfe, 0x18, 0x02, 0x19, 0x02, 0x1b, 0x07, 0x01, 0x06, 0x4a, 0x08, 0x08, 0x07, 0x06, 0xfe, 0xb4,
    0x05, 0x08, 0x06, 0xfe, 0xb5, 0x05, 0x09, 0x03, 0x03, 0x0a, 0x06, 0x33, 0x0b, 0x00, 0x0c, 0x01, 0x06, 0x00, 0x0d, 0x09, 0x05, 0x08, 0x00, 0x06,
    0xfe, 0xb6, 0x05, 0x16, 0x09, 0x02, 0x05, 0x02, 0x03, 0x02, 0x18, 0x06, 0x1f, 0x00, 0x06, 0xfe, 0xb7, 0x05, 0x86, 0x06, 0xcf, 0x04, 0x06, 0x3c,
    0x1a, 0x06, 0x5a, 0x40, 0x02, 0x04, 0x06, 0x0e, 0x01, 0x06, 0x38, 0x29, 0x03, 0x01, 0x28, 0x06, 0x34, 0x08, 0x08, 0x07, 0x06, 0xfe, 0xb8, 0x05,
    0x08, 0x06, 0xfe, 0xb9, 0x05, 0x09, 0x03, 0x03, 0x0a, 0x06, 0x20, 0x0b, 0x00, 0x0c, 0x01, 0x06, 0x09, 0x07, 0x06, 0x00, 0x06, 0xa0, 0x19, 0x02,
    0x3e, 0x03, 0x01, 0x02, 0x03, 0x01, 0x01, 0x06, 0x48, 0x05, 0x06, 0x2b, 0x0d, 0x09, 0x0a, 0x05, 0x00, 0x06, 0xfe, 0xba, 0x05, 0x01, 0x06, 0x23,
    0x1e, 0x07, 0x02, 0x09, 0x01, 0x08, 0x00, 0x06, 0xfe, 0xbb, 0x05, 0x05, 0x06, 0x15, 0x0f, 0x06, 0x10, 0x02, 0x03, 0x01, 0x04, 0x06, 0x0e, 0x12,
    0x07, 0x01, 0x06, 0xd1, 0x01, 0x06, 0x14, 0x03, 0x06, 0x2d, 0x09, 0x07, 0x05, 0x00, 0x06, 0xa7, 0x1a, 0x06, 0x22, 0x01, 0x06, 0x1c, 0x1d, 0x06,
    0x2e, 0x02, 0x03, 0x02, 0x40, 0x02, 0x12, 0x07, 0x01, 0x06, 0xd1, 0x08, 0x08, 0x07, 0x06, 0xfe, 0xbc, 0x05, 0x08, 0x06, 0xfe, 0xbd, 0x05, 0x09,
    0x03, 0x03, 0x0a, 0x06, 0x20, 0x0b, 0x00, 0x0c, 0x01, 0x06, 0x00, 0x0d, 0x09, 0x0a, 0x03, 0x00, 0x06, 0xfe, 0xbe, 0x05, 0x01, 0x06, 0x23, 0x1e,
    0x07, 0x02, 0x09, 0x02, 0x05, 0x00, 0x06, 0xa4, 0x02, 0x03, 0x01, 0x01, 0x06, 0x32, 0x05, 0x06, 0x2f, 0x0f, 0x06, 0x10, 0x09, 0x01, 0x06, 0x00,
    0x06, 0xfe, 0xbf, 0x05, 0x05, 0x06, 0x10, 0x0f, 0x06, 0x9d, 0x02, 0x03, 0x01, 0x01, 0x06, 0x14, 0x03, 0x06, 0x2d, 0x08, 0x08, 0x07, 0x06, 0xfe,
    0xc0, 0x05, 0x08, 0x06, 0xfe, 0xc1, 0x05, 0x09, 0x03, 0x03, 0x0a, 0x06, 0x33, 0x0b, 0x00, 0x0c, 0x01, 0x06, 0x00, 0x0d, 0x09, 0x05, 0x07, 0x00,
    0x06, 0xa5, 0x16, 0x09, 0x01, 0x07, 0x03, 0x06, 0x11, 0x13, 0x06, 0x17, 0x00, 0x06, 0xfe, 0xc2, 0x05, 0x42, 0x02, 0xcd, 0x06, 0x76, 0x52, 0x02,
    0x04, 0x06, 0x0e, 0x1a, 0x06, 0x5a, 0x40, 0x02, 0x01, 0x06, 0x38, 0x29, 0x03, 0x01, 0x28, 0x06, 0x34, 0x08, 0x08, 0x07, 0x06, 0xfe, 0xc3, 0x05,
    0x08, 0x06, 0xfe, 0xc4, 0x05, 0x09, 0x03, 0x03, 0x0a, 0x06, 0x41, 0x0b, 0x03, 0x01, 0x0c, 0x01, 0x06, 0x09, 0x01, 0x06, 0x00, 0x06, 0x77, 0x05,
    0x06, 0x10, 0x2a, 0x06, 0x10, 0x0f, 0x06, 0x15, 0x02, 0x03, 0x01, 0x01, 0x06, 0x14, 0x0d, 0x09, 0x0a, 0x04, 0x00, 0x06, 0xfe, 0xc5, 0x05, 0x01,
    0x06, 0x23, 0x1e, 0x07, 0x03, 0x09, 0x03, 0x06, 0x00, 0x06, 0xfe, 0xc6, 0x05, 0x05, 0x06, 0x15, 0x02, 0x03, 0x01, 0x03, 0x06, 0x24, 0x04, 0x06,
    0x0e, 0x01, 0x06, 0x80, 0x09, 0x07, 0x05, 0x00, 0x06, 0xfe, 0xc7, 0x05, 0x65, 0x09, 0x03, 0x03, 0x26, 0x06, 0x65, 0x6d, 0x06, 0xfe, 0xc8, 0x05,
    0xc5, 0x06, 0xce, 0x19, 0x02, 0x01, 0x06, 0x48, 0x3e, 0x03, 0x01, 0x09, 0x01, 0x06, 0x00, 0x06, 0xfe, 0xc9, 0x05, 0x05, 0x06, 0xf2, 0x0f, 0x06,
    0x10, 0x03, 0x06, 0x24, 0x01, 0x06, 0x14, 0x02, 0x03, 0x01, 0x40, 0x02, 0x08, 0x08, 0x07, 0x06, 0xfe, 0xca, 0x05, 0x08, 0x06, 0xfe, 0xcb, 0x05,
    0x09, 0x03, 0x03, 0x0a, 0x06, 0xc0, 0x0b, 0x00, 0x0c, 0x01, 0x06, 0x09, 0x08, 0x06, 0x00, 0x06, 0xd3, 0x27, 0x06, 0x31, 0x03, 0x06, 0x11, 0x19,
    0x02, 0x6e, 0x02, 0x01, 0x06, 0x30, 0x0d, 0x09, 0x08, 0x0b, 0x00, 0x06, 0xfe, 0xcc, 0x05, 0x05, 0x06, 0x17, 0x27, 0x06, 0x31, 0x02, 0x03, 0x01,
    0x03, 0x06, 0x11, 0x04, 0x06, 0x3c, 0x01, 0x06, 0x30, 0x6a, 0x02, 0xae, 0x03, 0x04, 0xac, 0x06, 0xfe, 0x19, 0x02, 0x5f, 0x07, 0x01, 0x06, 0xbf,
    0x08, 0x08, 0x07, 0x06, 0xfe, 0xcd, 0x05, 0x08, 0x06, 0xfe, 0xce, 0x05, 0x09, 0x03, 0x03, 0x0a, 0x06, 0x33, 0x0b, 0x00, 0x0c, 0x01, 0x06, 0x00,
    0x0d, 0x09, 0x0b, 0x05, 0x00, 0x06, 0xfe, 0xcf, 0x05, 0x01, 0x06, 0xba, 0xbb, 0x06, 0xfe, 0x1a, 0x02, 0x03, 0x06, 0x11, 0x16, 0x09, 0x06, 0x04,
    0xaf, 0x06, 0xfe, 0x63, 0x01, 0x00, 0x06, 0xfe, 0xd0, 0x05, 0x39, 0x09, 0x03, 0x03, 0x26, 0x06, 0x6f, 0xaf, 0x06, 0xfe, 0x63, 0x01, 0xd0, 0x06,
    0x0e, 0xd0, 0x06, 0x0e, 0x08, 0x08, 0x07, 0x06, 0xfe, 0xd1, 0x05, 0x08, 0x06, 0xfe, 0xd2, 0x05, 0x09, 0x03, 0x03, 0x0a, 0x06, 0x37, 0x0b, 0x00,
    0x0c, 0x01, 0x06, 0x00, 0x0d, 0x09, 0x08, 0x06, 0x00, 0x06, 0xfe, 0xd3, 0x05, 0x16, 0x09, 0x01, 0x05, 0x00, 0x06, 0xfe, 0xd4, 0x05, 0x04, 0x06,
    0x0e, 0x13, 0x06, 0x17, 0x03, 0x06, 0x11, 0x42, 0x02, 0x27, 0x06, 0x31, 0x03, 0x06, 0x11, 0x01, 0x06, 0x30, 0x02, 0x03, 0x01, 0x08, 0x08, 0x07,
    0x06, 0xfe, 0xd5, 0x05, 0x08, 0x06, 0xfe, 0xd6, 0x05, 0x09, 0x03, 0x03, 0x0a, 0x06, 0x41, 0x0b, 0x03, 0x01, 0x0c, 0x01, 0x06, 0x09, 0x01, 0x06,
    0x00, 0x06, 0xfe, 0x57, 0x01, 0x0f, 0x06, 0x7d, 0x02, 0x03, 0x01, 0x03, 0x06, 0x49, 0x05, 0x06, 0x2b, 0x01, 0x06, 0xb6, 0x0d, 0x09, 0x08, 0x05,
    0x00, 0x06, 0xfe, 0x29, 0x01, 0x27, 0x06, 0x67, 0x02, 0x03, 0x02, 0x01, 0x06, 0x30, 0x03, 0x06, 0x49, 0x08, 0x08, 0x07, 0x06, 0xfe, 0xd7, 0x05,
    0x08, 0x06, 0xfe, 0xd8, 0x05, 0x09, 0x03, 0x03, 0x0a, 0x06, 0x20, 0x0b, 0x00, 0x0c, 0x01, 0x06, 0x09, 0x0a, 0x04, 0x00, 0x06, 0xfe, 0x1a, 0x01,
    0x19, 0x02, 0x01, 0x06, 0x92, 0x1e, 0x07, 0x02, 0x09, 0x08, 0x06, 0x00, 0x06, 0xe2, 0x27, 0x06, 0x31, 0x03, 0x06, 0x11, 0x6e, 0x02, 0x19, 0x02,
    0x01, 0x06, 0x30, 0x09, 0x01, 0x07, 0x00, 0x06, 0x5b, 0x05, 0x06, 0x10, 0x2a, 0x06, 0x10, 0x0f, 0x06, 0x15, 0x02, 0x03, 0x01, 0x19, 0x02, 0x01,
    0x06, 0x14, 0x0d, 0x09, 0x04, 0x06, 0x00, 0x06, 0xfe, 0x1b, 0x02, 0x01, 0x06, 0x53, 0x58, 0x09, 0x04, 0x05, 0x00, 0x06, 0x8e, 0x05, 0x06, 0x2c,
    0x02, 0x03, 0x05, 0x04, 0x06, 0x0e, 0x01, 0x06, 0x4c, 0x54, 0x09, 0x03, 0x0b, 0x01, 0x06, 0x51, 0x0f, 0x06, 0x10, 0x55, 0x02, 0x4e, 0x02, 0x02,
    0x03, 0x01, 0x03, 0x06, 0x11, 0x19, 0x02, 0x12, 0x07, 0x01, 0x06, 0x36, 0x43, 0x03, 0x09, 0x3f, 0x06, 0x1f, 0x00, 0x06, 0xfe, 0x1b, 0x02, 0x19,
    0x02, 0x12, 0x07, 0x01, 0x06, 0x36, 0x08, 0x08, 0x07, 0x06, 0xfe, 0xd9, 0x05, 0x08, 0x06, 0xfe, 0xda, 0x05, 0x09, 0x03, 0x03, 0x0a, 0x06, 0x37,
    0x0b, 0x00, 0x0c, 0x01, 0x06, 0x00, 0x0d, 0x09, 0x0a, 0x03, 0x00, 0x06, 0xfe, 0xdb, 0x05, 0x01, 0x06, 0x23, 0x1e, 0x07, 0x02, 0x09, 0x05, 0x05,
    0x00, 0x06, 0xfe, 0xdc, 0x05, 0x16, 0x09, 0x02, 0x03, 0x00, 0x06, 0xfe, 0xdd, 0x05, 0x86, 0x06, 0xcf, 0x82, 0x02, 0x01, 0x06, 0x38, 0x29, 0x03,
    0x01, 0x28, 0x06, 0x34, 0x09, 0x05, 0x05, 0x00, 0x06, 0xfe, 0xde, 0x05, 0x16, 0x09, 0x02, 0x04, 0x00, 0x06, 0xfe, 0xdf, 0x05, 0x86, 0x06, 0xcf,
    0x02, 0x03, 0x02, 0x18, 0x06, 0x1f, 0x01, 0x06, 0x38, 0x29, 0x03, 0x01, 0x28, 0x06, 0xfe, 0xe0, 0x05, 0x08, 0x08, 0x07, 0x06, 0xfe, 0xe1, 0x05,
    0x08, 0x06, 0xfe, 0xe2, 0x05, 0x09, 0x03, 0x03, 0x0a, 0x06, 0x20, 0x0b, 0x00, 0x0c, 0x01, 0x06, 0x00, 0x0d, 0x09, 0x0a, 0x05, 0x00, 0x06, 0xfe,
    0xe3, 0x05, 0x01, 0x06, 0x8d, 0x9b, 0x07, 0x02, 0x09, 0x01, 0x08, 0x00, 0x06, 0xfe, 0xe4, 0x05, 0x05, 0x06, 0x15, 0x0f, 0x06, 0x10, 0x02, 0x03,
    0x01, 0x03, 0x06, 0x24, 0x04, 0x06, 0x0e, 0x01, 0x06, 0x14, 0x16, 0x09, 0x01, 0x07, 0x02, 0x03, 0x03, 0x18, 0x06, 0x1f, 0x00, 0x06, 0xfe, 0xe5,
    0x05, 0x71, 0x06, 0x7e, 0x03, 0x06, 0x24, 0x13, 0x06, 0x15, 0x04, 0x06, 0x0e, 0x09, 0x01, 0x09, 0x00, 0x06, 0xfe, 0xe6, 0x05, 0x05, 0x06, 0x15,
    0x0f, 0x06, 0x10, 0x02, 0x03, 0x02, 0x03, 0x06, 0x24, 0x04, 0x06, 0x0e, 0x01, 0x06, 0x14, 0x16, 0x09, 0x01, 0x07, 0x02, 0x03, 0x03, 0x18, 0x06,
    0x1f, 0x00, 0x06, 0xfe, 0xe7, 0x05, 0x03, 0x06, 0x24, 0x13, 0x06, 0x15, 0x04, 0x06, 0x0e, 0xe1, 0x06, 0xfe, 0x1b, 0x01, 0xe1, 0x06, 0xfe, 0x1b,
    0x01, 0x02, 0x03, 0x01, 0xe1, 0x06, 0xfe, 0x1b, 0x01, 0x08, 0x08, 0x07, 0x06, 0xfe, 0xe8, 0x05, 0x08, 0x06, 0xfe, 0xe9, 0x05, 0x09, 0x03, 0x03,
    0x0a, 0x06, 0x41, 0x0b, 0x03, 0x01, 0x0c, 0x01, 0x06, 0x09, 0x01, 0x06, 0x00, 0x06, 0xfe, 0x92, 0x01, 0x05, 0x06, 0x2c, 0x2a, 0x06, 0x2c, 0x0f,
    0x06, 0x15, 0x02, 0x03, 0x03, 0x01, 0x06, 0x14, 0x0d, 0x09, 0x0c, 0x06, 0x00, 0x06, 0xfe, 0x9f, 0x01, 0x03, 0x06, 0x11, 0x01, 0x06, 0x7a, 0x04,
    0x00, 0x42, 0x02, 0x5f, 0x07, 0x01, 0x06, 0xfc, 0x08, 0x08, 0x07, 0x06, 0xfe, 0xea, 0x05, 0x08, 0x06, 0xfe, 0xeb, 0x05, 0x09, 0x03, 0x03, 0x0a,
    0x06, 0x20, 0x0b, 0x00, 0x0c, 0x01, 0x06, 0x09, 0x01, 0x07, 0x00, 0x06, 0x5b, 0x05, 0x06, 0x10, 0x2a, 0x06, 0x10, 0x0f, 0x06, 0x15, 0x02, 0x03,
    0x01, 0x19, 0x02, 0x01, 0x06, 0x14, 0x0d, 0x09, 0x04, 0x05, 0x00, 0x06, 0xfe, 0x1c, 0x02, 0x01, 0x06, 0x53, 0x58, 0x09, 0x04, 0x05, 0x00, 0x06,
    0x8e, 0x05, 0x06, 0x2c, 0x02, 0x03, 0x05, 0x04, 0x06, 0x0e, 0x01, 0x06, 0x4c, 0x54, 0x09, 0x03, 0x0a, 0x01, 0x06, 0x51, 0x0f, 0x06, 0x10, 0x55,
    0x02, 0x4e, 0x02, 0x02, 0x03, 0x03, 0x6b, 0x02, 0x19, 0x02, 0xfe, 0xec, 0x05, 0x02, 0xfe, 0xed, 0x05, 0x03, 0x01, 0x00, 0x06, 0xfe, 0x1c, 0x02,
    0x19, 0x02, 0x08, 0x08, 0x07, 0x06, 0xfe, 0xee, 0x05, 0x08, 0x06, 0xfe, 0xef, 0x05, 0x09, 0x03, 0x03, 0x0a, 0x06, 0x20, 0x0b, 0x00, 0x0c, 0x01,
    0x06, 0x09, 0x0a, 0x04, 0x00, 0x06, 0xfe, 0x1a, 0x01, 0x19, 0x02, 0x01, 0x06, 0x92, 0x1e, 0x07, 0x02, 0x09, 0x08, 0x06, 0x00, 0x06, 0xe2, 0x27,
    0x06, 0x31, 0x03, 0x06, 0x11, 0x6e, 0x02, 0x19, 0x02, 0x01, 0x06, 0x30, 0x09, 0x01, 0x07, 0x00, 0x06, 0x5b, 0x05, 0x06, 0x10, 0x2a, 0x06, 0x10,
    0x0f, 0x06, 0x15, 0x02, 0x03, 0x01, 0x19, 0x02, 0x01, 0x06, 0x14, 0x0d, 0x09, 0x04, 0x06, 0x00, 0x06, 0xfe, 0x1d, 0x02, 0x01, 0x06, 0x53, 0x58,
    0x09, 0x04, 0x05, 0x00, 0x06, 0x8e, 0x05, 0x06, 0x2c, 0x02, 0x03, 0x05, 0x04, 0x06, 0x0e, 0x01, 0x06, 0x4c, 0x54, 0x09, 0x03, 0x0b, 0x01, 0x06,
    0x51, 0x0f, 0x06, 0x10, 0x55, 0x02, 0x4e, 0x02, 0x02, 0x03, 0x01, 0x03, 0x06, 0x11, 0x19, 0x02, 0x12, 0x07, 0x01, 0x06, 0x44, 0x43, 0x03, 0x09,
    0x3f, 0x06, 0x1f, 0x00, 0x06, 0xfe, 0x1d, 0x02, 0x19, 0x02, 0x12, 0x07, 0x01, 0x06, 0x44, 0x08, 0x08, 0x07, 0x06, 0xfe, 0xf0, 0x05, 0x08, 0x06,
    0xfe, 0xf1, 0x05, 0x09, 0x03, 0x03, 0x0a, 0x06, 0x21, 0x0b, 0x00, 0x0c, 0x01, 0x06, 0x00, 0x0d, 0x09, 0x0a, 0x03, 0x00, 0x06, 0xfe, 0x1e, 0x02,
    0x01, 0x06, 0x23, 0x1e, 0x07, 0x02, 0x09, 0x0a, 0x05, 0x01, 0x06, 0xa9, 0x94, 0x09, 0x0a, 0x03, 0x00, 0x06, 0xfe, 0x1f, 0x02, 0x01, 0x06, 0x23,
    0x1e, 0x07, 0x02, 0x09, 0x01, 0x08, 0x00, 0x06, 0xfe, 0x1f, 0x02, 0x05, 0x06, 0x2c, 0x02, 0x03, 0x01, 0x0f, 0x06, 0x15, 0x04, 0x06, 0x0e, 0x19,
    0x02, 0x01, 0x06, 0x14, 0x03, 0x06, 0x2d, 0x09, 0x07, 0x05, 0x00, 0x06, 0xc6, 0x1a, 0x06, 0x22, 0x01, 0x06, 0x1c, 0x1d, 0x06, 0x2e, 0x02, 0x03,
    0x01, 0xaa, 0x09, 0x01, 0x03, 0x00, 0x06, 0xfe, 0xf2, 0x05, 0x03, 0x06, 0x24, 0x05, 0x06, 0x88, 0x9e, 0x09, 0x08, 0x06, 0x00, 0x06, 0xb9, 0x27,
    0x06, 0x31, 0x03, 0x06, 0x11, 0x01, 0x06, 0x30, 0x02, 0x03, 0x01, 0x6e, 0x02, 0x00, 0x06, 0xfe, 0x1e, 0x02, 0x09, 0x0a, 0x04, 0x00, 0x06, 0xfe,
    0xf3, 0x05, 0x19, 0x02, 0x01, 0x06, 0xfe, 0xf4, 0x05, 0xfe, 0x1c, 0x01, 0x03, 0x04, 0x08, 0x08, 0x07, 0x06, 0xfe, 0xf5, 0x05, 0x08, 0x06, 0xfe,
    0xf6, 0x05, 0x09, 0x03, 0x03, 0x0a, 0x06, 0x20, 0x0b, 0x00, 0x0c, 0x01, 0x06, 0x00, 0x0d, 0x09, 0x0c, 0x07, 0x00, 0x06, 0xfe, 0xf7, 0x05, 0x03,
    0x06, 0x11, 0x04, 0x06, 0x76, 0x01, 0x06, 0x7a, 0xfe, 0x20, 0x02, 0x06, 0x3b, 0x42, 0x02, 0x5f, 0x07, 0x01, 0x06, 0xfe, 0xf8, 0x05, 0x08, 0x08,
    0x07, 0x06, 0xfe, 0xf9, 0x05, 0x08, 0x06, 0xfe, 0xfa, 0x05, 0x09, 0x03, 0x03, 0x0a, 0x06, 0x33, 0x0b, 0x00, 0x0c, 0x01, 0x06, 0x00, 0x0d, 0x09,
    0x07, 0x07, 0x00, 0x06, 0xfe, 0xfb, 0x05, 0x3d, 0x06, 0x78, 0x01, 0x06, 0x1c, 0x1d, 0x06, 0x35, 0x02, 0x03, 0x03, 0x1b, 0x07, 0x01, 0x06, 0x45,
    0x4b, 0x06, 0x78, 0x08, 0x08, 0x07, 0x06, 0xfe, 0xfc, 0x05, 0x08, 0x06, 0xfe, 0xfd, 0x05, 0x09, 0x03, 0x03, 0x0a, 0x06, 0x33, 0x0b, 0x00, 0x0c,
    0x01, 0x06, 0x00, 0x0d, 0x09, 0x07, 0x07, 0x00, 0x06, 0xfe, 0xfe, 0x05, 0x3d, 0x06, 0x3b, 0x01, 0x06, 0x1c, 0x1d, 0x06, 0x35, 0x02, 0x03, 0x03,
    0x1b, 0x07, 0x01, 0x06, 0x62, 0x4b, 0x06, 0x3b, 0x08, 0x08, 0x07, 0x06, 0xfe, 0xff, 0x05, 0x08, 0x06, 0xfe, 0x00, 0x06, 0x09, 0x03, 0x03, 0x0a,
    0x06, 0x33, 0x0b, 0x00, 0x0c, 0x01, 0x06, 0x00, 0x0d, 0x09, 0x07, 0x07, 0x00, 0x06, 0xfe, 0x01, 0x06, 0x3d, 0x06, 0x95, 0x01, 0x06, 0x1c, 0x1d,
    0x06, 0x35, 0x02, 0x03, 0x03, 0x1b, 0x07, 0x01, 0x06, 0x4d, 0x4b, 0x06, 0x95, 0x08, 0x08, 0x07, 0x06, 0xfe, 0x02, 0x06, 0x08, 0x06, 0xfe, 0x03,
    0x06, 0x09, 0x03, 0x03, 0x0a, 0x06, 0x33, 0x0b, 0x00, 0x0c, 0x01, 0x06, 0x00, 0x0d, 0x09, 0x07, 0x0c, 0x00, 0x06, 0xfe, 0x04, 0x06, 0x01, 0x06,
    0x1c, 0x1d, 0x06, 0x2e, 0x02, 0x03, 0x02, 0x59, 0x02, 0x5d, 0x03, 0x01, 0x63, 0x06, 0x66, 0xfe, 0x55, 0x01, 0x07, 0x01, 0x06, 0xbc, 0x13, 0x06,
    0x17, 0x43, 0x03, 0x04, 0x3f, 0x06, 0x1f, 0x04, 0x06, 0x0e, 0x08, 0x08, 0x07, 0x06, 0xfe, 0x05, 0x06, 0x08, 0x06, 0xfe, 0x06, 0x06, 0x09, 0x03,
    0x03, 0x0a, 0x06, 0x21, 0x0b, 0x00, 0x0c, 0x01, 0x06, 0x09, 0x01, 0x08, 0x00, 0x06, 0xfe, 0x21, 0x02, 0x05, 0x06, 0x10, 0x2a, 0x06, 0x10, 0x0f,
    0x06, 0x15, 0x02, 0x03, 0x01, 0x12, 0x07, 0x01, 0x06, 0xa6, 0x19, 0x02, 0x01, 0x06, 0x14, 0x0d, 0x09, 0x0a, 0x08, 0x00, 0x06, 0xfe, 0x07, 0x06,
    0x01, 0x06, 0xa9, 0x94, 0x09, 0x0a, 0x05, 0x00, 0x06, 0xfe, 0x08, 0x06, 0x12, 0x07, 0x01, 0x06, 0xa6, 0x01, 0x06, 0x23, 0x6a, 0x02, 0x1e, 0x07,
    0x02, 0x09, 0x03, 0x07, 0x00, 0x06, 0xfe, 0x09, 0x06, 0x05, 0x06, 0x17, 0x02, 0x03, 0x01, 0x03, 0x06, 0x11, 0x04, 0x06, 0x0e, 0x12, 0x07, 0x01,
    0x06, 0xa6, 0x01, 0x06, 0x80, 0x09, 0x0d, 0x06, 0x00, 0x06, 0xfe, 0x0a, 0x06, 0x1a, 0x06, 0x22, 0x03, 0x06, 0x11, 0x01, 0x06, 0xa2, 0x12, 0x07,
    0x01, 0x06, 0xa6, 0x6a, 0x02, 0xaa, 0x09, 0x02, 0x05, 0x00, 0x06, 0xfe, 0x0b, 0x06, 0x02, 0x03, 0x0a, 0x18, 0x06, 0x1f, 0x64, 0x06, 0x06, 0x43,
    0x03, 0x0a, 0x9e, 0x09, 0x07, 0x06, 0x00, 0x06, 0xfe, 0x0c, 0x06, 0x1a, 0x06, 0x22, 0x01, 0x06, 0x1c, 0x1d, 0x06, 0x35, 0x02, 0x03, 0x01, 0x1b,
    0x07, 0x01, 0x06, 0x4d, 0x6a, 0x02, 0x12, 0x07, 0x01, 0x06, 0xa6, 0x1b, 0x07, 0x01, 0x06, 0x4d, 0x08, 0x08, 0x07, 0x06, 0xfe, 0x0d, 0x06, 0x08,
    0x06, 0xfe, 0x0e, 0x06, 0x09, 0x03, 0x03, 0x0a, 0x06, 0x21, 0x0b, 0x00, 0x0c, 0x01, 0x06, 0x09, 0x01, 0x08, 0x00, 0x06, 0xfe, 0x0f, 0x06, 0x05,
    0x06, 0x10, 0x2a, 0x06, 0x10, 0x0f, 0x06, 0x15, 0x02, 0x03, 0x02, 0xe1, 0x06, 0xfe, 0x5c, 0x01, 0x19, 0x02, 0x01, 0x06, 0x14, 0x0d, 0x09, 0x07,
    0x06, 0x00, 0x06, 0xfe, 0x22, 0x02, 0x1a, 0x06, 0x22, 0x01, 0x06, 0x1c, 0x1d, 0x06, 0x35, 0x02, 0x03, 0x02, 0x1b, 0x07, 0x01, 0x06, 0x4f, 0x08,
    0x08, 0x07, 0x06, 0xfe, 0x10, 0x06, 0x08, 0x06, 0xfe, 0x11, 0x06, 0x09, 0x03, 0x03, 0x0a, 0x06, 0x20, 0x0b, 0x00, 0x0c, 0x01, 0x06, 0x09, 0x01,
    0x07, 0x00, 0x06, 0xdc, 0x05, 0x06, 0x10, 0x2a, 0x06, 0x10, 0x0f, 0x06, 0x15, 0x02, 0x03, 0x02, 0x19, 0x02, 0x01, 0x06, 0x14, 0x0d, 0x09, 0x01,
    0x08, 0x00, 0x06, 0xfe, 0x12, 0x06, 0x05, 0x06, 0x15, 0x0f, 0x06, 0x10, 0x02, 0x03, 0x01, 0x03, 0x06, 0x24, 0x04, 0x06, 0x0e, 0x12, 0x07, 0x01,
    0x06, 0xe7, 0x01, 0x06, 0x14, 0x08, 0x08, 0x07, 0x06, 0xfe, 0x13, 0x06, 0x08, 0x06, 0xfe, 0x14, 0x06, 0x09, 0x03, 0x03, 0x0a, 0x06, 0x33, 0x0b,
    0x00, 0x0c, 0x01, 0x06, 0x00, 0x0d, 0x09, 0x07, 0x07, 0x00, 0x06, 0xa7, 0x16, 0x09, 0x04, 0x06, 0x00, 0x06, 0xfe, 0x15, 0x06, 0x12, 0x07, 0x01,
    0x06, 0xe7, 0x04, 0x06, 0x0e, 0x13, 0x06, 0x17, 0x03, 0x06, 0x11, 0x42, 0x02, 0x1a, 0x06, 0x5a, 0x40, 0x02, 0x01, 0x06, 0x1c, 0x1d, 0x06, 0x2e,
    0x02, 0x03, 0x02, 0x08, 0x08, 0x07, 0x06, 0xfe, 0x16, 0x06, 0x08, 0x06, 0xfe, 0x17, 0x06, 0x09, 0x03, 0x03, 0x0a, 0x06, 0x20, 0x0b, 0x00, 0x0c,
    0x01, 0x06, 0x09, 0x0a, 0x04, 0x00, 0x06, 0xfe, 0x1a, 0x01, 0x19, 0x02, 0x01, 0x06, 0x92, 0x1e, 0x07, 0x02, 0x09, 0x08, 0x06, 0x00, 0x06, 0xe2,
    0x27, 0x06, 0x31, 0x03, 0x06, 0x11, 0x6e, 0x02, 0x19, 0x02, 0x01, 0x06, 0x30, 0x09, 0x01, 0x07, 0x00, 0x06, 0x5b, 0x05, 0x06, 0x10, 0x2a, 0x06,
    0x10, 0x0f, 0x06, 0x15, 0x02, 0x03, 0x01, 0x19, 0x02, 0x01, 0x06, 0x14, 0x0d, 0x09, 0x04, 0x06, 0x00, 0x06, 0xfe, 0x23, 0x02, 0x01, 0x06, 0x53,
    0x58, 0x09, 0x04, 0x05, 0x00, 0x06, 0x8e, 0x05, 0x06, 0x2c, 0x02, 0x03, 0x05, 0x04, 0x06, 0x0e, 0x01, 0x06, 0x4c, 0x54, 0x09, 0x03, 0x0b, 0x01,
    0x06, 0x51, 0x0f, 0x06, 0x10, 0x55, 0x02, 0x4e, 0x02, 0x02, 0x03, 0x01, 0x03, 0x06, 0x11, 0x19, 0x02, 0x12, 0x07, 0x01, 0x06, 0x5c, 0x43, 0x03,
    0x09, 0x3f, 0x06, 0x1f, 0x00, 0x06, 0xfe, 0x23, 0x02, 0x19, 0x02, 0x12, 0x07, 0x01, 0x06, 0x5c, 0x08, 0x08, 0x07, 0x06, 0xfe, 0x18, 0x06, 0x08,
    0x06, 0xfe, 0x19, 0x06, 0x09, 0x03, 0x03, 0x0a, 0x06, 0x20, 0x0b, 0x00, 0x0c, 0x01, 0x06, 0x00, 0x0d, 0x09, 0x01, 0x07, 0x00, 0x06, 0xfe, 0x8e,
    0x01, 0x05, 0x06, 0x2c, 0x02, 0x03, 0x05, 0x0f, 0x06, 0x15, 0x04, 0x06, 0x0e, 0x01, 0x06, 0x14, 0x03, 0x06, 0x2d, 0x08, 0x08, 0x07, 0x06, 0xfe,
    0x1a, 0x06, 0x08, 0x06, 0xfe, 0x1b, 0x06, 0x09, 0x03, 0x03, 0x0a, 0x06, 0x57, 0x0b, 0x03, 0x01, 0x0c, 0x01, 0x06, 0x00, 0x0d, 0x09, 0x07, 0x08,
    0x00, 0x06, 0xfe, 0x1c, 0x06, 0x16, 0x09, 0x03, 0x05, 0x00, 0x06, 0xdb, 0x39, 0x09, 0x03, 0x02, 0x26, 0x06, 0x9f, 0x72, 0x06, 0x7b, 0x74, 0x06,
    0x7a, 0x03, 0x06, 0x11, 0x25, 0x02, 0x01, 0x06, 0x1c, 0x1d, 0x06, 0x35, 0x02, 0x03, 0x01, 0x1b, 0x07, 0x01, 0x06, 0x56, 0x1a, 0x06, 0x22, 0x5f,
    0x07, 0x01, 0x06, 0xfe, 0x1d, 0x01, 0x08, 0x08, 0x07, 0x06, 0xfe, 0x1d, 0x06, 0x08, 0x06, 0xfe, 0xd1, 0x01, 0x09, 0x03, 0x02, 0x0a, 0x06, 0x37,
    0x0b, 0x00, 0x0c, 0x01, 0x06, 0x00, 0x0d, 0x09, 0x04, 0x04, 0x00, 0x06, 0xfe, 0x79, 0x01, 0x01, 0x06, 0x53, 0x58, 0x09, 0x04, 0x05, 0x00, 0x06,
    0xc9, 0x05, 0x06, 0x2c, 0x02, 0x03, 0x03, 0x04, 0x06, 0x0e, 0x01, 0x06, 0x4c, 0x54, 0x09, 0x03, 0x07, 0x01, 0x06, 0x51, 0x55, 0x02, 0x00, 0x06,
    0xe3, 0x0f, 0x06, 0x2c, 0x96, 0x06, 0x97, 0x99, 0x02, 0x4e, 0x01, 0x08, 0x08, 0x07, 0x06, 0xfe, 0x1e, 0x06, 0x08, 0x06, 0xfe, 0x1f, 0x06, 0x09,
    0x03, 0x02, 0x0a, 0x06, 0x57, 0x0b, 0x00, 0x0c, 0x01, 0x06, 0x00, 0x0d, 0x09, 0x08, 0x07, 0x00, 0x06, 0xfe, 0x20, 0x06, 0x16, 0x09, 0x01, 0x08,
    0x02, 0x03, 0x01, 0x18, 0x06, 0x1f, 0x00, 0x06, 0xd5, 0x39, 0x09, 0x03, 0x03, 0x26, 0x06, 0xad, 0x05, 0x06, 0x17, 0x0f, 0x06, 0x15, 0x03, 0x06,
    0x11, 0x25, 0x02, 0x05, 0x06, 0x17, 0x0f, 0x06, 0x15, 0x27, 0x06, 0x67, 0x02, 0x03, 0x01, 0x03, 0x06, 0x11, 0x19, 0x02, 0x01, 0x06, 0x30, 0x08,
    0x08, 0x07, 0x06, 0xfe, 0x21, 0x06, 0x08, 0x06, 0xfe, 0x22, 0x06, 0x09, 0x03, 0x02, 0x0a, 0x06, 0x20, 0x0b, 0x00, 0x0c, 0x01, 0x06, 0x00, 0x0d,
    0x09, 0x01, 0x0c, 0x00, 0x06, 0xfe, 0x23, 0x06, 0x16, 0x09, 0x03, 0x05, 0x74, 0x06, 0x75, 0x04, 0x06, 0x0e, 0x79, 0x02, 0x00, 0x06, 0xfe, 0x15,
    0x02, 0x39, 0x09, 0x03, 0x04, 0x26, 0x06, 0x75, 0x72, 0x06, 0x7b, 0x13, 0x06, 0x17, 0xfe, 0x2d, 0x01, 0x09, 0x03, 0x02, 0x18, 0x06, 0xc4, 0xfe,
    0x2e, 0x01, 0x06, 0xfe, 0x2f, 0x01, 0x05, 0x06, 0x10, 0x43, 0x03, 0x04, 0x3f, 0x06, 0x47, 0x02, 0x03, 0x01, 0x03, 0x06, 0x11, 0x04, 0x06, 0x0e,
    0x19, 0x02, 0x01, 0x06, 0x14, 0x0f, 0x06, 0x17, 0x79, 0x02, 0x08, 0x08, 0x07, 0x06, 0xfe, 0x24, 0x06, 0x08, 0x06, 0xfe, 0x25, 0x06, 0x09, 0x03,
    0x02, 0x0a, 0x06, 0x20, 0x0b, 0x00, 0x0c, 0x01, 0x06, 0x00, 0x0d, 0x09, 0x01, 0x07, 0x00, 0x06, 0xfe, 0x26, 0x06, 0x05, 0x06, 0x15, 0x0f, 0x06,
    0x10, 0x02, 0x03, 0x01, 0x03, 0x06, 0x24, 0x04, 0x06, 0x0e, 0x01, 0x06, 0x14, 0x08, 0x08, 0x07, 0x06, 0xfe, 0x27, 0x06, 0x08, 0x06, 0xfe, 0x28,
    0x06, 0x09, 0x03, 0x02, 0x0a, 0x06, 0x21, 0x0b, 0x00, 0x0c, 0x01, 0x06, 0x00, 0x0d, 0x09, 0x09, 0x08, 0x00, 0x06, 0xfe, 0x29, 0x06, 0x16, 0x09,
    0x02, 0x0a, 0x00, 0x06, 0xfe, 0x2a, 0x06, 0x04, 0x06, 0x0e, 0x13, 0x06, 0x84, 0x03, 0x06, 0x24, 0x02, 0x03, 0x08, 0x18, 0x06, 0x1f, 0x64, 0x06,
    0x8c, 0x60, 0x06, 0x61, 0x3d, 0x06, 0x3b, 0x4b, 0x06, 0x3b, 0x01, 0x06, 0xb2, 0xb3, 0x06, 0x33, 0xb4, 0x06, 0xc2, 0x4b, 0x06, 0x3b, 0x3d, 0x06,
    0x3b, 0xb5, 0x09, 0x05, 0x04, 0x00, 0x06, 0xa5, 0x01, 0x06, 0x38, 0x29, 0x03, 0x01, 0x28, 0x06, 0x34, 0x08, 0x08, 0x07, 0x06, 0xfe, 0x2b, 0x06,
    0x08, 0x06, 0xfe, 0x2c, 0x06, 0x09, 0x03, 0x02, 0x0a, 0x06, 0x33, 0x0b, 0x00, 0x0c, 0x01, 0x06, 0x00, 0x0d, 0x09, 0x07, 0x07, 0x00, 0x06, 0xa7,
    0x16, 0x09, 0x01, 0x05, 0x02, 0x03, 0x07, 0x18, 0x06, 0x85, 0x00, 0x06, 0xfe, 0x2d, 0x06, 0x04, 0x06, 0x0e, 0x13, 0x06, 0x2b, 0x1a, 0x06, 0x5a,
    0x40, 0x02, 0x01, 0x06, 0x1c, 0x1d, 0x06, 0x2e, 0x02, 0x03, 0x02, 0x08, 0x08, 0x07, 0x06, 0xfe, 0x2e, 0x06, 0x08, 0x06, 0xfe, 0x2f, 0x06, 0x09,
    0x03, 0x02, 0x0a, 0x06, 0x21, 0x0b, 0x00, 0x0c, 0x01, 0x06, 0x09, 0x07, 0x06, 0x00, 0x06, 0xb1, 0x19, 0x02, 0x3e, 0x03, 0x02, 0x02, 0x03, 0x02,
    0x01, 0x06, 0x48, 0x05, 0x06, 0x2b, 0x0d, 0x09, 0x07, 0x05, 0x00, 0x06, 0xa7, 0x1a, 0x06, 0x22, 0x01, 0x06, 0x1c, 0x1d, 0x06, 0x2e, 0x02, 0x03,
    0x02, 0x08, 0x08, 0x07, 0x06, 0xfe, 0x30, 0x06, 0x08, 0x06, 0xfe, 0x31, 0x06, 0x09, 0x03, 0x02, 0x0a, 0x06, 0x33, 0x0b, 0x00, 0x0c, 0x01, 0x06,
    0x00, 0x0d, 0x09, 0x0a, 0x08, 0x00, 0x06, 0xfe, 0x16, 0x01, 0x16, 0x09, 0x01, 0x07, 0x00, 0x06, 0xfe, 0x32, 0x06, 0x04, 0x06, 0x0e, 0x13, 0x06,
    0x17, 0x03, 0x06, 0x11, 0x02, 0x03, 0x02, 0x18, 0x06, 0x85, 0x1b, 0x07, 0x01, 0x06, 0x4d, 0x1a, 0x06, 0x5a, 0x40, 0x02, 0x01, 0x06, 0x23, 0x1e,
    0x07, 0x02, 0x09, 0x07, 0x06, 0x01, 0x06, 0x1c, 0x1d, 0x06, 0x2e, 0x02, 0x03, 0x01, 0x03, 0x06, 0x2d, 0x1a, 0x06, 0x5a, 0x00, 0x06, 0xfe, 0x16,
    0x01, 0x09, 0x07, 0x07, 0x01, 0x06, 0x1c, 0x1d, 0x06, 0x35, 0x1b, 0x07, 0x01, 0x06, 0x4d, 0x02, 0x03, 0x01, 0x03, 0x06, 0x2d, 0x1a, 0x06, 0x5a,
    0x00, 0x06, 0xfe, 0x16, 0x01, 0x1b, 0x07, 0x01, 0x06, 0x4d, 0x02, 0x03, 0x02, 0x08, 0x08, 0x07, 0x06, 0xfe, 0x33, 0x06, 0x08, 0x06, 0xfe, 0x34,
    0x06, 0x09, 0x03, 0x02, 0x0a, 0x06, 0x33, 0x0b, 0x00, 0x0c, 0x01, 0x06, 0x00, 0x0d, 0x09, 0x07, 0x07, 0x00, 0x06, 0xa7, 0x16, 0x09, 0x01, 0x07,
    0x02, 0x03, 0x04, 0x18, 0x06, 0x1f, 0x00, 0x06, 0xfe, 0x35, 0x06, 0x13, 0x06, 0x5e, 0x04, 0x06, 0x76, 0xcd, 0x06, 0x76, 0x60, 0x06, 0x61, 0x1a,
    0x06, 0x5a, 0x40, 0x02, 0x01, 0x06, 0x1c, 0x1d, 0x06, 0x2e, 0x02, 0x03, 0x02, 0x08, 0x08, 0x07, 0x06, 0xfe, 0x36, 0x06, 0x08, 0x06, 0xfe, 0x37,
    0x06, 0x09, 0x03, 0x02, 0x0a, 0x06, 0x57, 0x0b, 0x03, 0x01, 0x0c, 0x01, 0x06, 0x00, 0x0d, 0x09, 0x07, 0x09, 0x00, 0x06, 0xfe, 0x38, 0x06, 0x16,
    0x09, 0x01, 0x09, 0x02, 0x03, 0x03, 0x18, 0x06, 0x1f, 0x00, 0x06, 0xfe, 0x39, 0x06, 0x13, 0x06, 0x3a, 0x03, 0x06, 0x11, 0x04, 0x06, 0x0e, 0x7f,
    0x06, 0x0e, 0xe1, 0x06, 0xfe, 0x5c, 0x01, 0xcb, 0x02, 0x01, 0x06, 0x1c, 0x1d, 0x06, 0x35, 0x02, 0x03, 0x02, 0x1b, 0x07, 0x02, 0x06, 0x4f, 0x06,
    0x4a, 0x1a, 0x06, 0x22, 0xe1, 0x06, 0xfe, 0x5c, 0x01, 0x04, 0x06, 0x0e, 0x08, 0x08, 0x07, 0x06, 0xfe, 0x3a, 0x06, 0x08, 0x06, 0xfe, 0x3b, 0x06,
    0x09, 0x03, 0x02, 0x0a, 0x06, 0x20, 0x0b, 0x00, 0x0c, 0x01, 0x06, 0x09, 0x01, 0x07, 0x00, 0x06, 0xdc, 0x05, 0x06, 0x10, 0x2a, 0x06, 0x10, 0x0f,
    0x06, 0x15, 0x02, 0x03, 0x02, 0x19, 0x02, 0x01, 0x06, 0x14, 0x0d, 0x09, 0x02, 0x07, 0x00, 0x06, 0xfe, 0x3c, 0x06, 0x02, 0x03, 0x05, 0x04, 0x06,
    0x0e, 0x01, 0x06, 0xfe, 0xf0, 0x01, 0x05, 0x06, 0x2f, 0x0f, 0x06, 0x10, 0x73, 0x03, 0x05, 0x08, 0x08, 0x07, 0x06, 0xfe, 0x3d, 0x06, 0x08, 0x06,
    0xfe, 0x3e, 0x06, 0x09, 0x03, 0x02, 0x0a, 0x06, 0x20, 0x0b, 0x00, 0x0c, 0x01, 0x06, 0x00, 0x0d, 0x09, 0x0a, 0x03, 0x00, 0x06, 0xfe, 0x3f, 0x06,
    0x01, 0x06, 0x23, 0x1e, 0x07, 0x02, 0x09, 0x01, 0x09, 0x00, 0x06, 0xfe, 0x40, 0x06, 0x16, 0x09, 0x02, 0x05, 0x00, 0x06, 0xfe, 0x24, 0x02, 0x04,
    0x06, 0x0e, 0x13, 0x06, 0x15, 0x02, 0x03, 0x08, 0x18, 0x06, 0xc4, 0x05, 0x06, 0x2c, 0x02, 0x03, 0x01, 0x0f, 0x06, 0x15, 0x65, 0x09, 0x03, 0x03,
    0x26, 0x06, 0x65, 0x6d, 0x06, 0xfe, 0x41, 0x06, 0xc5, 0x06, 0xce, 0x04, 0x06, 0x0e, 0x01, 0x06, 0x14, 0x03, 0x06, 0x2d, 0x09, 0x01, 0x07, 0x00,
    0x06, 0xfe, 0x25, 0x02, 0x0f, 0x06, 0x2c, 0x02, 0x03, 0x01, 0x03, 0x06, 0x24, 0x19, 0x02, 0x01, 0x06, 0x14, 0x05, 0x06, 0x10, 0x08, 0x08, 0x07,
    0x06, 0xfe, 0x42, 0x06, 0x08, 0x06, 0xfe, 0x43, 0x06, 0x09, 0x03, 0x02, 0x0a, 0x06, 0x41, 0x0b, 0x03, 0x01, 0x0c, 0x01, 0x06, 0x09, 0x01, 0x06,
    0x00, 0x06, 0xab, 0x05, 0x06, 0x10, 0x2a, 0x06, 0x10, 0x0f, 0x06, 0x15, 0x02, 0x03, 0x02, 0x01, 0x06, 0x14, 0x0d, 0x09, 0x01, 0x08, 0x00, 0x06,
    0xfe, 0x44, 0x06, 0x05, 0x06, 0x15, 0x0f, 0x06, 0x10, 0x02, 0x03, 0x01, 0x03, 0x06, 0x11, 0x04, 0x06, 0x0e, 0x12, 0x07, 0x01, 0x06, 0x36, 0x01,
    0x06, 0x14, 0x08, 0x08, 0x07, 0x06, 0xfe, 0x45, 0x06, 0x08, 0x06, 0xfe, 0x46, 0x06, 0x09, 0x03, 0x02, 0x0a, 0x06, 0x20, 0x0b, 0x00, 0x0c, 0x01,
    0x06, 0x00, 0x0d, 0x09, 0x01, 0x06, 0x00, 0x06, 0xfe, 0x05, 0x02, 0x05, 0x06, 0x2c, 0x02, 0x03, 0x05, 0x0f, 0x06, 0x15, 0x01, 0x06, 0x14, 0x03,
    0x06, 0x2d, 0x08, 0x08, 0x07, 0x06, 0xfe, 0x47, 0x06, 0x08, 0x06, 0xfe, 0x48, 0x06, 0x09, 0x03, 0x02, 0x0a, 0x06, 0x20, 0x0b, 0x00, 0x0c, 0x01,
    0x06, 0x00, 0x0d, 0x09, 0x0a, 0x04, 0x00, 0x06, 0xfe, 0x49, 0x06, 0x01, 0x06, 0x23, 0x1e, 0x07, 0x02, 0x09, 0x01, 0x07, 0x00, 0x06, 0xe8, 0x05,
    0x06, 0x2c, 0x02, 0x03, 0x03, 0x0f, 0x06, 0x15, 0x04, 0x06, 0x0e, 0x01, 0x06, 0x14, 0x03, 0x06, 0x2d, 0x09, 0x07, 0x08, 0x00, 0x06, 0xfe, 0x4a,
    0x06, 0x16, 0x09, 0x01, 0x06, 0x00, 0x06, 0xfe, 0x4b, 0x06, 0x1b, 0x07, 0x01, 0x06, 0x4a, 0x03, 0x06, 0x11, 0x02, 0x03, 0x03, 0x18, 0x06, 0x85,
    0x05, 0x06, 0x88, 0x01, 0x06, 0x1c, 0x1d, 0x06, 0x35, 0x02, 0x03, 0x01, 0x1b, 0x07, 0x01, 0x06, 0x4a, 0x1a, 0x06, 0x22, 0xfe, 0x3a, 0x01, 0x02,
    0x1b, 0x07, 0x01, 0x06, 0x4a, 0x08, 0x08, 0x07, 0x06, 0xfe, 0x4c, 0x06, 0x08, 0x06, 0xfe, 0x4d, 0x06, 0x09, 0x03, 0x02, 0x0a, 0x06, 0x21, 0x0b,
    0x00, 0x0c, 0x01, 0x06, 0x09, 0x07, 0x06, 0x00, 0x06, 0xa0, 0x19, 0x02, 0x3e, 0x03, 0x01, 0x02, 0x03, 0x01, 0x01, 0x06, 0x48, 0x05, 0x06, 0x2b,
    0x0d, 0x09, 0x01, 0x08, 0x00, 0x06, 0xfe, 0x4e, 0x06, 0x05, 0x06, 0x15, 0x0f, 0x06, 0x2c, 0x96, 0x06, 0x97, 0x02, 0x03, 0x02, 0x03, 0x06, 0x11,
    0x04, 0x06, 0x0e, 0x01, 0x06, 0x14, 0x08, 0x08, 0x07, 0x06, 0xfe, 0x4f, 0x06, 0x08, 0x06, 0xfe, 0x50, 0x06, 0x09, 0x03, 0x02, 0x0a, 0x06, 0x20,
    0x0b, 0x00, 0x0c, 0x01, 0x06, 0x00, 0x0d, 0x09, 0x0a, 0x04, 0x00, 0x06, 0xfe, 0x51, 0x06, 0x01, 0x06, 0x23, 0x1e, 0x07, 0x02, 0x09, 0x01, 0x07,
    0x00, 0x06, 0xe8, 0x05, 0x06, 0x2c, 0x02, 0x03, 0x03, 0x0f, 0x06, 0x15, 0x04, 0x06, 0x0e, 0x01, 0x06, 0x14, 0x03, 0x06, 0x2d, 0x09, 0x07, 0x08,
    0x00, 0x06, 0xfe, 0x52, 0x06, 0x16, 0x09, 0x01, 0x06, 0x00, 0x06, 0xfe, 0x53, 0x06, 0x1b, 0x07, 0x01, 0x06, 0x4f, 0x03, 0x06, 0x11, 0x02, 0x03,
    0x03, 0x18, 0x06, 0x85, 0x05, 0x06, 0x88, 0x01, 0x06, 0x1c, 0x1d, 0x06, 0x35, 0x02, 0x03, 0x01, 0x1b, 0x07, 0x01, 0x06, 0x4f, 0x1a, 0x06, 0x22,
    0xfe, 0x3a, 0x01, 0x02, 0x1b, 0x07, 0x01, 0x06, 0x4f, 0x08, 0x08, 0x07, 0x06, 0xfe, 0x54, 0x06, 0x08, 0x06, 0xfe, 0x55, 0x06, 0x09, 0x03, 0x02,
    0x0a, 0x06, 0x21, 0x0b, 0x00, 0x0c, 0x01, 0x06, 0x09, 0x07, 0x06, 0x00, 0x06, 0xa0, 0x19, 0x02, 0x3e, 0x03, 0x01, 0x02, 0x03, 0x01, 0x01, 0x06,
    0x48, 0x05, 0x06, 0x2b, 0x0d, 0x09, 0x07, 0x05, 0x00, 0x06, 0xc6, 0x1a, 0x06, 0x22, 0x01, 0x06, 0x1c, 0x1d, 0x06, 0x2e, 0x02, 0x03, 0x01, 0x08,
    0x08, 0x07, 0x06, 0xfe, 0x56, 0x06, 0x08, 0x06, 0xfe, 0x57, 0x06, 0x09, 0x03, 0x02, 0x0a, 0x06, 0x20, 0x0b, 0x00, 0x0c, 0x01, 0x06, 0x00, 0x0d,
    0x09, 0x08, 0x06, 0x00, 0x06, 0xfe, 0x58, 0x06, 0x16, 0x09, 0x04, 0x06, 0x00, 0x06, 0xfe, 0x59, 0x06, 0x12, 0x07, 0x01, 0x06, 0x36, 0x04, 0x06,
    0x0e, 0x13, 0x06, 0x17, 0x03, 0x06, 0x11, 0x42, 0x02, 0x27, 0x06, 0x67, 0x02, 0x03, 0x01, 0x01, 0x06, 0x30, 0x03, 0x06, 0x49, 0x08, 0x08, 0x07,
    0x06, 0xfe, 0x5a, 0x06, 0x08, 0x06, 0xfe, 0x5b, 0x06, 0x09, 0x03, 0x02, 0x0a, 0x06, 0x21, 0x0b, 0x00, 0x0c, 0x01, 0x06, 0x09, 0x01, 0x07, 0x00,
    0x06, 0x5b, 0x05, 0x06, 0x10, 0x2a, 0x06, 0x10, 0x0f, 0x06, 0x15, 0x02, 0x03, 0x01, 0x19, 0x02, 0x01, 0x06, 0x14, 0x0d, 0x09, 0x07, 0x05, 0x00,
    0x06, 0xc6, 0x1a, 0x06, 0x22, 0x01, 0x06, 0x1c, 0x1d, 0x06, 0x2e, 0x02, 0x03, 0x01, 0x08, 0x08, 0x07, 0x06, 0xfe, 0x5c, 0x06, 0x08, 0x06, 0xfe,
    0x5d, 0x06, 0x09, 0x03, 0x02, 0x0a, 0x06, 0x41, 0x0b, 0x03, 0x01, 0x0c, 0x01, 0x06, 0x09, 0x01, 0x07, 0x00, 0x06, 0xfe, 0x5e, 0x06, 0x05, 0x06,
    0x10, 0x2a, 0x06, 0x10, 0x0f, 0x06, 0x15, 0x02, 0x03, 0x01, 0x03, 0x06, 0x11, 0x01, 0x06, 0x14, 0x0d, 0x09, 0x01, 0x09, 0x00, 0x06, 0xfe, 0x5f,
    0x06, 0x05, 0x06, 0x15, 0x0f, 0x06, 0x10, 0x02, 0x03, 0x01, 0x03, 0x06, 0x11, 0x04, 0x06, 0x0e, 0x01, 0x06, 0x14, 0xfe, 0x88, 0x01, 0x06, 0xfe,
    0x89, 0x01, 0x3f, 0x06, 0xc4, 0x08, 0x08, 0x07, 0x06, 0xfe, 0x60, 0x06, 0x08, 0x06, 0xfe, 0x61, 0x06, 0x09, 0x03, 0x02, 0x0a, 0x06, 0x20, 0x0b,
    0x00, 0x0c, 0x01, 0x06, 0x09, 0x01, 0x07, 0x00, 0x06, 0x5b, 0x05, 0x06, 0x10, 0x2a, 0x06, 0x10, 0x0f, 0x06, 0x15, 0x02, 0x03, 0x01, 0x19, 0x02,
    0x01, 0x06, 0x14, 0x0d, 0x09, 0x0a, 0x03, 0x00, 0x06, 0xfe, 0x62, 0x06, 0x01, 0x06, 0x23, 0x1e, 0x07, 0x02, 0x09, 0x01, 0x07, 0x00, 0x06, 0xfe,
    0x26, 0x02, 0x05, 0x06, 0x2c, 0x02, 0x03, 0x02, 0x0f, 0x06, 0x15, 0x04, 0x06, 0x0e, 0x01, 0x06, 0x14, 0x03, 0x06, 0x2d, 0x09, 0x01, 0x07, 0x00,
    0x06, 0xfe, 0x0a, 0x01, 0x05, 0x06, 0x15, 0x0f, 0x06, 0x10, 0x02, 0x03, 0x01, 0x03, 0x06, 0x11, 0x04, 0x06, 0x0e, 0x01, 0x06, 0x14, 0x08, 0x08,
    0x07, 0x06, 0xfe, 0x63, 0x06, 0x08, 0x06, 0xfe, 0x64, 0x06, 0x09, 0x03, 0x02, 0x0a, 0x06, 0x20, 0x0b, 0x00, 0x0c, 0x01, 0x06, 0x09, 0x01, 0x07,
    0x00, 0x06, 0x5b, 0x05, 0x06, 0x10, 0x2a, 0x06, 0x10, 0x0f, 0x06, 0x15, 0x02, 0x03, 0x01, 0x19, 0x02, 0x01, 0x06, 0x14, 0x0d, 0x09, 0x0a, 0x05,
    0x00, 0x06, 0xfe, 0x27, 0x02, 0x01, 0x06, 0x23, 0x1e, 0x07, 0x03, 0x09, 0x04, 0x05, 0x01, 0x06, 0xfe, 0x65, 0x06, 0x05, 0x06, 0x2c, 0x04, 0x06,
    0x0e, 0x52, 0x02, 0x00, 0x06, 0xfe, 0x27, 0x02, 0x09, 0x01, 0x08, 0x01, 0x06, 0x14, 0x05, 0x06, 0xf6, 0x0f, 0x06, 0x10, 0x03, 0x06, 0x24, 0x02,
    0x03, 0x01, 0x00, 0x06, 0xfe, 0x66, 0x06, 0x42, 0x02, 0x52, 0x02, 0x09, 0x01, 0x06, 0x01, 0x06, 0x14, 0x05, 0x06, 0xfe, 0x28, 0x02, 0x0f, 0x06,
    0x15, 0x52, 0x02, 0x00, 0x06, 0xfe, 0x67, 0x06, 0x42, 0x02, 0x42, 0x02, 0x52, 0x02, 0x08, 0x08, 0x07, 0x06, 0xfe, 0x68, 0x06, 0x08, 0x06, 0xfe,
    0x69, 0x06, 0x09, 0x03, 0x02, 0x0a, 0x06, 0x33, 0x0b, 0x00, 0x0c, 0x01, 0x06, 0x00, 0x0d, 0x09, 0x0b, 0x06, 0x00, 0x06, 0xfe, 0x6a, 0x06, 0x16,
    0x09, 0x01, 0x06, 0x00, 0x06, 0xfe, 0x6b, 0x06, 0x04, 0x06, 0x0e, 0x13, 0x06, 0x17, 0x03, 0x06, 0x11, 0x82, 0x02, 0x42, 0x02, 0x01, 0x06, 0xba,
    0xbb, 0x06, 0xfe, 0x29, 0x02, 0x04, 0x06, 0x0e, 0x02, 0x03, 0x01, 0x08, 0x08, 0x07, 0x06, 0xfe, 0x6c, 0x06, 0x08, 0x06, 0xfe, 0x6d, 0x06, 0x09,
    0x03, 0x02, 0x0a, 0x06, 0x20, 0x0b, 0x00, 0x0c, 0x01, 0x06, 0x09, 0x01, 0x07, 0x00, 0x06, 0x5b, 0x05, 0x06, 0x10, 0x2a, 0x06, 0x10, 0x0f, 0x06,
    0x15, 0x02, 0x03, 0x01, 0x19, 0x02, 0x01, 0x06, 0x14, 0x0d, 0x09, 0x04, 0x06, 0x00, 0x06, 0xfe, 0x2a, 0x02, 0x01, 0x06, 0x53, 0x58, 0x09, 0x04,
    0x05, 0x00, 0x06, 0x8e, 0x05, 0x06, 0x2c, 0x02, 0x03, 0x05, 0x04, 0x06, 0x0e, 0x01, 0x06, 0x4c, 0x54, 0x09, 0x03, 0x09, 0x01, 0x06, 0x51, 0x0f,
    0x06, 0x10, 0x55, 0x02, 0x4e, 0x02, 0x02, 0x03, 0x01, 0x6b, 0x02, 0x19, 0x02, 0x12, 0x07, 0x01, 0x06, 0x44, 0x00, 0x06, 0xfe, 0x2a, 0x02, 0x19,
    0x02, 0x12, 0x07, 0x01, 0x06, 0x44, 0x08, 0x08, 0x07, 0x06, 0xfe, 0x6e, 0x06, 0x08, 0x06, 0xfe, 0x6f, 0x06, 0x09, 0x03, 0x02, 0x0a, 0x06, 0x20,
    0x0b, 0x00, 0x0c, 0x01, 0x06, 0x00, 0x0d, 0x09, 0x0a, 0x03, 0x00, 0x06, 0xfe, 0x70, 0x06, 0x01, 0x06, 0x23, 0x1e, 0x07, 0x02, 0x09, 0x02, 0x05,
    0x00, 0x06, 0x9c, 0x01, 0x06, 0x32, 0x02, 0x03, 0x01, 0x05, 0x06, 0x2f, 0x0f, 0x06, 0x10, 0x09, 0x02, 0x06, 0x00, 0x06, 0xfe, 0x71, 0x06, 0x16,
    0x09, 0x01, 0x04, 0x00, 0x06, 0xfe, 0x72, 0x06, 0x69, 0x07, 0x01, 0x06, 0xfe, 0x73, 0x06, 0x04, 0x06, 0x0e, 0x13, 0x06, 0x17, 0x01, 0x06, 0x32,
    0x02, 0x03, 0x01, 0x05, 0x06, 0x2f, 0x0f, 0x06, 0x10, 0x08, 0x08, 0x07, 0x06, 0xfe, 0x74, 0x06, 0x08, 0x06, 0xfe, 0x75, 0x06, 0x09, 0x03, 0x02,
    0x0a, 0x06, 0x41, 0x0b, 0x03, 0x01, 0x0c, 0x01, 0x06, 0x09, 0x07, 0x05, 0x00, 0x06, 0xee, 0x3e, 0x03, 0x01, 0x02, 0x03, 0x01, 0x01, 0x06, 0x48,
    0x05, 0x06, 0x2b, 0x0d, 0x09, 0x0a, 0x03, 0x00, 0x06, 0xfb, 0x01, 0x06, 0x23, 0x1e, 0x07, 0x02, 0x09, 0x02, 0x05, 0x00, 0x06, 0xa4, 0x02, 0x03,
    0x01, 0x01, 0x06, 0x32, 0x05, 0x06, 0x2f, 0x0f, 0x06, 0x10, 0x09, 0x01, 0x06, 0x00, 0x06, 0x77, 0x05, 0x06, 0x10, 0x0f, 0x06, 0x15, 0x02, 0x03,
    0x01, 0x01, 0x06, 0x14, 0x03, 0x06, 0x2d, 0x08, 0x08, 0x07, 0x06, 0xfe, 0x76, 0x06, 0x08, 0x06, 0xfe, 0x77, 0x06, 0x09, 0x03, 0x02, 0x0a, 0x06,
    0x41, 0x0b, 0x03, 0x01, 0x0c, 0x01, 0x06, 0x09, 0x0a, 0x03, 0x00, 0x06, 0xfd, 0x01, 0x06, 0x92, 0x1e, 0x07, 0x02, 0x09, 0x07, 0x05, 0x00, 0x06,
    0xa1, 0x3e, 0x03, 0x02, 0x02, 0x03, 0x02, 0x01, 0x06, 0x48, 0x05, 0x06, 0x2b, 0x09, 0x01, 0x06, 0x00, 0x06, 0x77, 0x05, 0x06, 0x10, 0x2a, 0x06,
    0x10, 0x0f, 0x06, 0x15, 0x02, 0x03, 0x01, 0x01, 0x06, 0x14, 0x0d, 0x09, 0x04, 0x06, 0x00, 0x06, 0xfe, 0x2b, 0x02, 0x01, 0x06, 0x53, 0x58, 0x09,
    0x04, 0x05, 0x00, 0x06, 0x8e, 0x05, 0x06, 0x2c, 0x02, 0x03, 0x05, 0x04, 0x06, 0x0e, 0x01, 0x06, 0x4c, 0x54, 0x09, 0x03, 0x08, 0x01, 0x06, 0x51,
    0x0f, 0x06, 0x10, 0x55, 0x02, 0x4e, 0x02, 0x02, 0x03, 0x01, 0x19, 0x02, 0x12, 0x07, 0x01, 0x06, 0x44, 0x00, 0x06, 0xfe, 0x2b, 0x02, 0x19, 0x02,
    0x12, 0x07, 0x01, 0x06, 0x44, 0x08, 0x08, 0x07, 0x06, 0xfe, 0x78, 0x06, 0x08, 0x06, 0xfe, 0x1e, 0x01, 0x09, 0x03, 0x02, 0x0a, 0x06, 0x21, 0x0b,
    0x00, 0x0c, 0x01, 0x06, 0x00, 0x0d, 0x09, 0x0a, 0x05, 0x01, 0x06, 0x23, 0x1e, 0x07, 0x04, 0x09, 0x07, 0x09, 0x01, 0x06, 0x1c, 0x1d, 0x06, 0x2e,
    0x02, 0x03, 0x01, 0x69, 0x07, 0x01, 0x06, 0xfe, 0x04, 0x01, 0x03, 0x06, 0x11, 0x04, 0x06, 0x0e, 0x73, 0x03, 0x01, 0x1a, 0x06, 0x22, 0x00, 0x06,
    0xfe, 0x1e, 0x01, 0x09, 0x07, 0x0a, 0x01, 0x06, 0x1c, 0x1d, 0x06, 0x35, 0xfe, 0x2c, 0x02, 0x06, 0x4d, 0x02, 0x03, 0x01, 0x69, 0x07, 0x01, 0x06,
    0xfe, 0x04, 0x01, 0x03, 0x06, 0x11, 0x04, 0x06, 0x0e, 0x73, 0x03, 0x01, 0x1a, 0x06, 0x22, 0x00, 0x06, 0xfe, 0x1e, 0x01, 0x09, 0x07, 0x09, 0x01,
    0x06, 0x1c, 0x1d, 0x06, 0x2e, 0x02, 0x03, 0x01, 0x69, 0x07, 0x01, 0x06, 0xfe, 0x64, 0x01, 0x03, 0x06, 0x11, 0x04, 0x06, 0x0e, 0x73, 0x03, 0x01,
    0x1a, 0x06, 0x22, 0x00, 0x06, 0xfe, 0x1e, 0x01, 0x09, 0x07, 0x0a, 0x01, 0x06, 0x1c, 0x1d, 0x06, 0x35, 0xfe, 0x2c, 0x02, 0x06, 0x4f, 0x02, 0x03,
    0x01, 0x69, 0x07, 0x01, 0x06, 0xfe, 0x64, 0x01, 0x03, 0x06, 0x11, 0x04, 0x06, 0x0e, 0x73, 0x03, 0x01, 0x1a, 0x06, 0x22, 0x00, 0x06, 0xfe, 0x1e,
    0x01, 0x1a, 0x06, 0x22, 0x00, 0x06, 0xfe, 0x1e, 0x01, 0x1b, 0x07, 0x02, 0x06, 0x4d, 0x06, 0x4f, 0x08, 0x08, 0x07, 0x06, 0xfe, 0x79, 0x06, 0x08,
    0x06, 0xfe, 0x7a, 0x06, 0x09, 0x03, 0x02, 0x0a, 0x06, 0x41, 0x0b, 0x00, 0x0c, 0x01, 0x06, 0x09, 0x0a, 0x03, 0x00, 0x06, 0xfe, 0x7b, 0x06, 0x01,
    0x06, 0x92, 0x1e, 0x07, 0x02, 0x09, 0x07, 0x05, 0x00, 0x06, 0xa1, 0x3e, 0x03, 0x02, 0x02, 0x03, 0x02, 0x01, 0x06, 0x48, 0x05, 0x06, 0x2b, 0x09,
    0x01, 0x07, 0x00, 0x06, 0xfe, 0x7c, 0x06, 0x05, 0x06, 0x17, 0x2a, 0x06, 0x17, 0x0f, 0x06, 0x15, 0x03, 0x06, 0x11, 0x6e, 0x02, 0x01, 0x06, 0x14,
    0x0d, 0x09, 0x01, 0x0a, 0x00, 0x06, 0xfe, 0x2d, 0x02, 0x05, 0x06, 0x15, 0x0f, 0x06, 0xe4, 0x43, 0x03, 0x0f, 0x3f, 0x06, 0x47, 0x02, 0x03, 0x01,
    0x03, 0x06, 0x11, 0x04, 0x06, 0x0e, 0x12, 0x07, 0x01, 0x06, 0x5c, 0x01, 0x06, 0x14, 0x08, 0x08, 0x07, 0x06, 0xfe, 0x7d, 0x06, 0x08, 0x06, 0xfe,
    0x7e, 0x06, 0x09, 0x03, 0x02, 0x0a, 0x06, 0x20, 0x0b, 0x00, 0x0c, 0x01, 0x06, 0x00, 0x0d, 0x09, 0x0a, 0x03, 0x00, 0x06, 0xfe, 0x7f, 0x06, 0x01,
    0x06, 0x23, 0x1e, 0x07, 0x02, 0x09, 0x01, 0x07, 0x00, 0x06, 0xe8, 0x05, 0x06, 0x2c, 0x02, 0x03, 0x03, 0x0f, 0x06, 0x15, 0x04, 0x06, 0x0e, 0x01,
    0x06, 0x14, 0x03, 0x06, 0x2d, 0x09, 0x02, 0x06, 0x00, 0x06, 0xfe, 0x80, 0x06, 0x16, 0x09, 0x01, 0x05, 0x00, 0x06, 0xfe, 0xa0, 0x01, 0x03, 0x06,
    0x11, 0x02, 0x03, 0x03, 0x18, 0x06, 0x85, 0x05, 0x06, 0x88, 0x01, 0x06, 0x32, 0x02, 0x03, 0x01, 0x05, 0x06, 0x2f, 0x0f, 0x06, 0x10, 0x08, 0x08,
    0x07, 0x06, 0xfe, 0x81, 0x06, 0x08, 0x06, 0xfe, 0x82, 0x06, 0x09, 0x03, 0x02, 0x0a, 0x06, 0x20, 0x0b, 0x00, 0x0c, 0x01, 0x06, 0x09, 0x01, 0x07,
    0x00, 0x06, 0x5b, 0x05, 0x06, 0x10, 0x2a, 0x06, 0x10, 0x0f, 0x06, 0x15, 0x02, 0x03, 0x01, 0x19, 0x02, 0x01, 0x06, 0x14, 0x0d, 0x09, 0x04, 0x06,
    0x00, 0x06, 0xfe, 0x2e, 0x02, 0x01, 0x06, 0x53, 0x58, 0x09, 0x04, 0x05, 0x00, 0x06, 0x8e, 0x05, 0x06, 0x2c, 0x02, 0x03, 0x05, 0x04, 0x06, 0x0e,
    0x01, 0x06, 0x4c, 0x54, 0x09, 0x03, 0x08, 0x01, 0x06, 0x51, 0x0f, 0x06, 0x10, 0x55, 0x02, 0x4e, 0x02, 0x02, 0x03, 0x01, 0x19, 0x02, 0x12, 0x07,
    0x01, 0x06, 0x93, 0x00, 0x06, 0xfe, 0x2e, 0x02, 0x19, 0x02, 0x12, 0x07, 0x01, 0x06, 0x93, 0x08, 0x08, 0x07, 0x06, 0xfe, 0x83, 0x06, 0x08, 0x06,
    0xfe, 0x84, 0x06, 0x09, 0x03, 0x02, 0x0a, 0x06, 0x41, 0x0b, 0x03, 0x01, 0x0c, 0x01, 0x06, 0x09, 0x0a, 0x03, 0x00, 0x06, 0xfd, 0x01, 0x06, 0x92,
    0x1e, 0x07, 0x02, 0x09, 0x07, 0x05, 0x00, 0x06, 0xa1, 0x3e, 0x03, 0x02, 0x02, 0x03, 0x02, 0x01, 0x06, 0x48, 0x05, 0x06, 0x2b, 0x09, 0x01, 0x06,
    0x00, 0x06, 0x77, 0x05, 0x06, 0x10, 0x2a, 0x06, 0x10, 0x0f, 0x06, 0x15, 0x02, 0x03, 0x01, 0x01, 0x06, 0x14, 0x0d, 0x09, 0x01, 0x08, 0x00, 0x06,
    0xfe, 0x0d, 0x01, 0x05, 0x06, 0x15, 0x0f, 0x06, 0x10, 0x02, 0x03, 0x01, 0x03, 0x06, 0x24, 0x04, 0x06, 0x0e, 0x12, 0x07, 0x01, 0x06, 0x36, 0x01,
    0x06, 0x14, 0x08, 0x08, 0x07, 0x06, 0xfe, 0x85, 0x06, 0x08, 0x06, 0xfe, 0x86, 0x06, 0x09, 0x03, 0x02, 0x0a, 0x06, 0x33, 0x0b, 0x00, 0x0c, 0x01,
    0x06, 0x00, 0x0d, 0x09, 0x05, 0x05, 0x00, 0x06, 0xfe, 0x87, 0x06, 0x16, 0x09, 0x01, 0x05, 0x02, 0x03, 0x0c, 0x18, 0x06, 0x1f, 0x00, 0x06, 0xfe,
    0xa1, 0x01, 0x04, 0x06, 0x0e, 0x13, 0x06, 0x2b, 0x01, 0x06, 0x38, 0x29, 0x03, 0x01, 0x28, 0x06, 0x34, 0x08, 0x08, 0x07, 0x06, 0xfe, 0x88, 0x06,
    0x08, 0x06, 0xfe, 0x89, 0x06, 0x09, 0x03, 0x02, 0x0a, 0x06, 0x20, 0x0b, 0x00, 0x0c, 0x01, 0x06, 0x00, 0x0d, 0x09, 0x0c, 0x08, 0x00, 0x06, 0xfe,
    0x8a, 0x06, 0x16, 0x09, 0x04, 0x06, 0x00, 0x06, 0xfe, 0x2f, 0x02, 0x12, 0x07, 0x01, 0x06, 0xda, 0x04, 0x06, 0x0e, 0x13, 0x06, 0x17, 0x03, 0x06,
    0x11, 0xd6, 0x02, 0x03, 0x06, 0x11, 0x04, 0x06, 0x76, 0x3d, 0x06, 0x78, 0xfe, 0x12, 0x01, 0x06, 0x95, 0x98, 0x02, 0x01, 0x06, 0x7a, 0x08, 0x08,
    0x07, 0x06, 0xfe, 0x8b, 0x06, 0x08, 0x06, 0xfe, 0x8c, 0x06, 0x09, 0x03, 0x02, 0x0a, 0x06, 0x21, 0x0b, 0x00, 0x0c, 0x01, 0x06, 0x09, 0x07, 0x06,
    0x00, 0x06, 0xb1, 0x19, 0x02, 0x3e, 0x03, 0x02, 0x02, 0x03, 0x02, 0x01, 0x06, 0x48, 0x05, 0x06, 0x2b, 0x0d, 0x09, 0x01, 0x08, 0x00, 0x06, 0xd4,
    0x05, 0x06, 0x6c, 0x0f, 0x06, 0x2b, 0x27, 0x06, 0x31, 0x02, 0x03, 0x01, 0x03, 0x06, 0x49, 0x04, 0x06, 0x0e, 0x01, 0x06, 0x14, 0x08, 0x08, 0x07,
    0x06, 0xfe, 0x8d, 0x06, 0x08, 0x06, 0xfe, 0x8e, 0x06, 0x09, 0x03, 0x02, 0x0a, 0x06, 0x37, 0x0b, 0x00, 0x0c, 0x01, 0x06, 0x09, 0x07, 0x06, 0x00,
    0x06, 0xfe, 0x30, 0x02, 0x19, 0x02, 0x3e, 0x03, 0x03, 0x02, 0x03, 0x03, 0x01, 0x06, 0x48, 0x05, 0x06, 0x2b, 0x0d, 0x09, 0x02, 0x05, 0x00, 0x06,
    0x9c, 0x01, 0x06, 0x32, 0x02, 0x03, 0x01, 0x05, 0x06, 0x2f, 0x0f, 0x06, 0x10, 0x08, 0x08, 0x07, 0x06, 0xfe, 0x8f, 0x06, 0x08, 0x06, 0xfe, 0xa2,
    0x01, 0x09, 0x03, 0x02, 0x0a, 0x06, 0x20, 0x0b, 0x00, 0x0c, 0x01, 0x06, 0x00, 0x0d, 0x09, 0x01, 0x08, 0x00, 0x06, 0xd4, 0x05, 0x06, 0x6c, 0x0f,
    0x06, 0x2b, 0x27, 0x06, 0x31, 0x02, 0x03, 0x01, 0x03, 0x06, 0x49, 0x04, 0x06, 0x0e, 0x01, 0x06, 0x14, 0x08, 0x08, 0x07, 0x06, 0xfe, 0x90, 0x06,
    0x08, 0x06, 0xfe, 0x91, 0x06, 0x09, 0x03, 0x02, 0x0a, 0x06, 0x57, 0x0b, 0x00, 0x0c, 0x01, 0x06, 0x00, 0x0d, 0x09, 0x07, 0x08, 0x00, 0x06, 0xfe,
    0x92, 0x06, 0x1a, 0x06, 0x22, 0x01, 0x06, 0x1c, 0x1d, 0x06, 0x2e, 0x02, 0x03, 0x02, 0xde, 0x06, 0xdf, 0x16, 0x09, 0x00, 0x04, 0x70, 0x07, 0x02,
    0x09, 0x05, 0x04, 0x68, 0x02, 0x13, 0x06, 0x17, 0x00, 0x06, 0xfe, 0xa3, 0x01, 0x39, 0x09, 0x03, 0x01, 0x26, 0x06, 0x68, 0x09, 0x03, 0x03, 0x74,
    0x06, 0xfe, 0x51, 0x01, 0x00, 0x06, 0xfe, 0xa3, 0x01, 0x39, 0x09, 0x03, 0x02, 0x26, 0x06, 0x9f, 0x72, 0x06, 0xfe, 0x5b, 0x01, 0x00, 0x06, 0xfe,
    0xa3, 0x01, 0x39, 0x09, 0x03, 0x02, 0x26, 0x06, 0xbd, 0xfe, 0x10, 0x01, 0x07, 0x02, 0x09, 0x03, 0x01, 0x26, 0x06, 0x68, 0x09, 0x03, 0x02, 0x26,
    0x06, 0x9f, 0x72, 0x06, 0xfe, 0x5b, 0x01, 0x18, 0x06, 0xbd, 0x5f, 0x07, 0x01, 0x06, 0xfe, 0x1d, 0x01, 0x08, 0x08, 0x07, 0x06, 0xfe, 0x93, 0x06,
    0x08, 0x06, 0xfe, 0x44, 0x01, 0x09, 0x03, 0x02, 0x0a, 0x06, 0x21, 0x0b, 0x00, 0x0c, 0x01, 0x06, 0x00, 0x0d, 0x09, 0x08, 0x05, 0x00, 0x06, 0xfe,
    0x29, 0x01, 0x27, 0x06, 0x67, 0x02, 0x03, 0x02, 0x01, 0x06, 0x30, 0x03, 0x06, 0x49, 0x08, 0x08, 0x07, 0x06, 0xfe, 0x94, 0x06, 0x08, 0x06, 0xfe,
    0x95, 0x06, 0x09, 0x03, 0x02, 0x0a, 0x06, 0x20, 0x0b, 0x00, 0x0c, 0x01, 0x06, 0x00, 0x0d, 0x09, 0x0a, 0x03, 0x00, 0x06, 0xfe, 0x96, 0x06, 0x01,
    0x06, 0x23, 0x1e, 0x07, 0x02, 0x09, 0x02, 0x05, 0x00, 0x06, 0x9c, 0x01, 0x06, 0x32, 0x02, 0x03, 0x01, 0x05, 0x06, 0x2f, 0x0f, 0x06, 0x10, 0x09,
    0x0a, 0x03, 0x00, 0x06, 0xfe, 0x97, 0x06, 0x01, 0x06, 0x23, 0x1e, 0x07, 0x03, 0x09, 0x03, 0x04, 0x00, 0x06, 0xfe, 0x98, 0x06, 0x02, 0x03, 0x01,
    0x04, 0x06, 0x0e, 0x01, 0x06, 0x80, 0x09, 0x0c, 0x03, 0x00, 0x06, 0xfe, 0x31, 0x02, 0x03, 0x06, 0x11, 0x01, 0x06, 0x7a, 0x09, 0x0c, 0x05, 0x00,
    0x06, 0xfe, 0x32, 0x02, 0x16, 0x09, 0x01, 0x04, 0x00, 0x06, 0xfe, 0x33, 0x02, 0x03, 0x06, 0x11, 0x02, 0x03, 0x01, 0x18, 0x06, 0x1f, 0x0f, 0x06,
    0xe4, 0x03, 0x06, 0x11, 0x01, 0x06, 0x7a, 0x08, 0x08, 0x07, 0x06, 0xfe, 0x99, 0x06, 0x08, 0x06, 0xfe, 0x9a, 0x06, 0x09, 0x03, 0x02, 0x0a, 0x06,
    0x20, 0x0b, 0x00, 0x0c, 0x01, 0x06, 0x00, 0x0d, 0x09, 0x02, 0x07, 0x00, 0x06, 0xfe, 0x9b, 0x06, 0x16, 0x09, 0x04, 0x06, 0x00, 0x06, 0xfe, 0x9c,
    0x06, 0x12, 0x07, 0x01, 0x06, 0xda, 0x04, 0x06, 0x0e, 0x13, 0x06, 0x17, 0x03, 0x06, 0x11, 0x42, 0x02, 0x01, 0x06, 0x32, 0x02, 0x03, 0x01, 0x05,
    0x06, 0x2f, 0x0f, 0x06, 0x10, 0x42, 0x02, 0x08, 0x08, 0x07, 0x06, 0xfe, 0x9d, 0x06, 0x08, 0x06, 0xfe, 0x9e, 0x06, 0x09, 0x03, 0x02, 0x0a, 0x06,
    0x33, 0x0b, 0x00, 0x0c, 0x01, 0x06, 0x00, 0x0d, 0x09, 0x0d, 0x09, 0x00, 0x06, 0xfe, 0x9f, 0x06, 0x16, 0x09, 0x01, 0x05, 0x02, 0x03, 0x0a, 0x18,
    0x06, 0x1f, 0x00, 0x06, 0xfe, 0x34, 0x02, 0x04, 0x06, 0x0e, 0x13, 0x06, 0x2b, 0x05, 0x06, 0x17, 0x03, 0x06, 0x11, 0x01, 0x06, 0xa2, 0x28, 0x06,
    0x34, 0x29, 0x03, 0x04, 0x02, 0x03, 0x04, 0x25, 0x02, 0x08, 0x08, 0x07, 0x06, 0xfe, 0xa0, 0x06, 0x08, 0x06, 0xfe, 0xa1, 0x06, 0x09, 0x03, 0x02,
    0x0a, 0x06, 0x20, 0x0b, 0x00, 0x0c, 0x01, 0x06, 0x09, 0x01, 0x0b, 0x00, 0x06, 0xfe, 0xa2, 0x06, 0x05, 0x06, 0x17, 0x2a, 0x06, 0x17, 0x0f, 0x06,
    0x15, 0x02, 0x03, 0x01, 0x03, 0x06, 0x11, 0x12, 0x07, 0x01, 0x06, 0x44, 0x19, 0x02, 0x42, 0x02, 0xfe, 0x65, 0x01, 0x07, 0x01, 0x06, 0xfe, 0xa4,
    0x01, 0x01, 0x06, 0x14, 0x0d, 0x09, 0x01, 0x07, 0x00, 0x06, 0xfe, 0xa3, 0x06, 0x05, 0x06, 0x15, 0x0f, 0x06, 0xe4, 0x02, 0x03, 0x01, 0x03, 0x06,
    0x11, 0x04, 0x06, 0x0e, 0x01, 0x06, 0x14, 0x08, 0x08, 0x07, 0x06, 0xfe, 0xa4, 0x06, 0x08, 0x06, 0xfe, 0xa5, 0x06, 0x09, 0x03, 0x02, 0x0a, 0x06,
    0x21, 0x0b, 0x00, 0x0c, 0x01, 0x06, 0x00, 0x0d, 0x09, 0x0a, 0x05, 0x00, 0x06, 0xfe, 0xa6, 0x06, 0x01, 0x06, 0x23, 0x1e, 0x07, 0x02, 0x09, 0x08,
    0x08, 0x00, 0x06, 0xfe, 0xa7, 0x06, 0x16, 0x09, 0x01, 0x08, 0x04, 0x06, 0x0e, 0x71, 0x06, 0x7e, 0x00, 0x06, 0xfe, 0xa8, 0x06, 0x13, 0x06, 0x17,
    0x02, 0x03, 0x02, 0x18, 0x06, 0x1f, 0x7c, 0x06, 0x66, 0x12, 0x07, 0x01, 0x06, 0xc7, 0x27, 0x06, 0x67, 0x02, 0x03, 0x06, 0x6b, 0x02, 0x01, 0x06,
    0x30, 0x03, 0x06, 0x49, 0x71, 0x06, 0x7e, 0x09, 0x05, 0x07, 0x00, 0x06, 0xfe, 0xa9, 0x06, 0x16, 0x09, 0x07, 0x05, 0xb8, 0x06, 0x67, 0x00, 0x06,
    0xfe, 0xaa, 0x06, 0x86, 0x06, 0x3e, 0x52, 0x02, 0x13, 0x06, 0x17, 0x01, 0x06, 0x38, 0x29, 0x03, 0x01, 0x28, 0x06, 0x34, 0x25, 0x02, 0x12, 0x07,
    0x01, 0x06, 0xc7, 0x71, 0x06, 0x7e, 0x12, 0x07, 0x01, 0x06, 0xc7, 0x08, 0x08, 0x07, 0x06, 0xfe, 0xab, 0x06, 0x08, 0x06, 0xfe, 0xac, 0x06, 0x09,
    0x03, 0x02, 0x0a, 0x06, 0x21, 0x0b, 0x00, 0x0c, 0x01, 0x06, 0x00, 0x0d, 0x09, 0x05, 0x07, 0x00, 0x06, 0xfe, 0xad, 0x06, 0x16, 0x09, 0x01, 0x08,
    0x04, 0x06, 0x0e, 0x71, 0x06, 0x7e, 0x00, 0x06, 0xfe, 0xae, 0x06, 0x13, 0x06, 0x17, 0x02, 0x03, 0x02, 0x18, 0x06, 0x1f, 0x7c, 0x06, 0x66, 0x12,
    0x07, 0x01, 0x06, 0xf8, 0x01, 0x06, 0x38, 0x29, 0x03, 0x01, 0x28, 0x06, 0x34, 0x25, 0x02, 0x71, 0x06, 0x7e, 0x08, 0x08, 0x07, 0x06, 0xfe, 0xaf,
    0x06, 0x08, 0x06, 0xfe, 0xb0, 0x06, 0x09, 0x03, 0x02, 0x0a, 0x06, 0x33, 0x0b, 0x00, 0x0c, 0x01, 0x06, 0x00, 0x0d, 0x09, 0x07, 0x05, 0x00, 0x06,
    0xfe, 0xb1, 0x06, 0x16, 0x09, 0x00, 0x06, 0x18, 0x06, 0x81, 0x70, 0x07, 0x02, 0x09, 0x01, 0x06, 0x00, 0x06, 0xfe, 0x35, 0x02, 0x04, 0x06, 0x0e,
    0x13, 0x06, 0x5e, 0x03, 0x06, 0x24, 0x02, 0x03, 0x00, 0x18, 0x06, 0x85, 0x09, 0x01, 0x05, 0x02, 0x03, 0x01, 0x18, 0x06, 0x1f, 0x00, 0x06, 0xfe,
    0xb2, 0x06, 0x13, 0x06, 0x5e, 0x04, 0x06, 0x3c, 0x00, 0x06, 0xfe, 0xb3, 0x06, 0x04, 0x06, 0x76, 0x13, 0x06, 0x5e, 0x03, 0x06, 0x24, 0x01, 0x06,
    0x1c, 0x1d, 0x06, 0x2e, 0x02, 0x03, 0x03, 0x08, 0x08, 0x07, 0x06, 0xfe, 0xb4, 0x06, 0x08, 0x06, 0xfe, 0xb5, 0x06, 0x09, 0x03, 0x02, 0x0a, 0x06,
    0x57, 0x0b, 0x00, 0x0c, 0x01, 0x06, 0x00, 0x0d, 0x09, 0x0a, 0x06, 0x00, 0x06, 0xfe, 0xb6, 0x06, 0x01, 0x06, 0x23, 0x1e, 0x07, 0x02, 0x09, 0x01,
    0x07, 0x00, 0x06, 0xfe, 0x4d, 0x01, 0x05, 0x06, 0x10, 0x0f, 0x06, 0x15, 0x02, 0x03, 0x01, 0x19, 0x02, 0x01, 0x06, 0x14, 0x03, 0x06, 0x2d, 0x09,
    0x01, 0x08, 0x00, 0x06, 0xfe, 0x36, 0x02, 0x05, 0x06, 0x15, 0x0f, 0x06, 0x10, 0x02, 0x03, 0x01, 0x03, 0x06, 0x24, 0x04, 0x06, 0x0e, 0x12, 0x07,
    0x01, 0x06, 0x46, 0x01, 0x06, 0x14, 0x40, 0x02, 0x16, 0x09, 0x01, 0x08, 0x02, 0x03, 0x01, 0x18, 0x06, 0x1f, 0x00, 0x06, 0xd5, 0x39, 0x09, 0x03,
    0x03, 0x26, 0x06, 0xad, 0x05, 0x06, 0x17, 0x0f, 0x06, 0x15, 0x03, 0x06, 0x11, 0x25, 0x02, 0x05, 0x06, 0x17, 0x0f, 0x06, 0x15, 0x12, 0x07, 0x01,
    0x06, 0x46, 0x08, 0x08, 0x07, 0x06, 0xfe, 0xb7, 0x06, 0x08, 0x06, 0xfe, 0xb8, 0x06, 0x09, 0x03, 0x02, 0x0a, 0x06, 0x57, 0x0b, 0x03, 0x01, 0x0c,
    0x01, 0x06, 0x00, 0x0d, 0x09, 0x07, 0x08, 0x00, 0x06, 0xfe, 0xb9, 0x06, 0x16, 0x09, 0x01, 0x07, 0x02, 0x03, 0x01, 0x18, 0x06, 0x1f, 0x00, 0x06,
    0xfe, 0x37, 0x02, 0x13, 0x06, 0x3a, 0x03, 0x06, 0x24, 0x04, 0x06, 0x0e, 0xcb, 0x02, 0x01, 0x06, 0x1c, 0x1d, 0x06, 0x35, 0x02, 0x03, 0x01, 0x1b,
    0x07, 0x01, 0x06, 0x4a, 0x1a, 0x06, 0x22, 0x04, 0x06, 0x0e, 0x08, 0x08, 0x07, 0x06, 0xfe, 0xba, 0x06, 0x08, 0x06, 0xfe, 0xbb, 0x06, 0x09, 0x03,
    0x02, 0x0a, 0x06, 0x57, 0x0b, 0x03, 0x01, 0x0c, 0x01, 0x06, 0x00, 0x0d, 0x09, 0x0a, 0x07, 0x00, 0x06, 0xfe, 0xbc, 0x06, 0x01, 0x06, 0xa9, 0x94,
    0x09, 0x01, 0x0a, 0x00, 0x06, 0xfe, 0xbd, 0x06, 0x05, 0x06, 0x3a, 0x65, 0x09, 0x03, 0x02, 0x26, 0x06, 0x3a, 0x6d, 0x06, 0x89, 0x0f, 0x06, 0x15,
    0x03, 0x06, 0x2d, 0x19, 0x02, 0x01, 0x06, 0x14, 0x52, 0x02, 0x16, 0x09, 0x01, 0x05, 0x13, 0x06, 0x3a, 0x04, 0x06, 0x0e, 0x00, 0x06, 0xfe, 0x38,
    0x02, 0x82, 0x02, 0x03, 0x06, 0x24, 0x13, 0x06, 0x3a, 0xaa, 0x09, 0x01, 0x04, 0x02, 0x03, 0x01, 0x18, 0x06, 0x1f, 0x00, 0x06, 0xfe, 0xbe, 0x06,
    0x05, 0x06, 0x88, 0x9e, 0x09, 0x0a, 0x04, 0x00, 0x06, 0xfe, 0x39, 0x02, 0x01, 0x06, 0x23, 0x1e, 0x07, 0x02, 0x09, 0x01, 0x04, 0x00, 0x06, 0xfe,
    0x3a, 0x02, 0x01, 0x06, 0xfe, 0x3b, 0x02, 0xfe, 0x3c, 0x02, 0x02, 0x04, 0x06, 0x0e, 0x09, 0x0d, 0x04, 0x00, 0x06, 0xfe, 0x3d, 0x02, 0x01, 0x06,
    0xfe, 0x66, 0x01, 0x02, 0x03, 0x01, 0x04, 0x06, 0x0e, 0x13, 0x06, 0x3a, 0x52, 0x02, 0x16, 0x09, 0x01, 0x05, 0x13, 0x06, 0x3a, 0x04, 0x06, 0x0e,
    0x00, 0x06, 0xfe, 0x38, 0x02, 0x82, 0x02, 0x03, 0x06, 0x24, 0x08, 0x08, 0x07, 0x06, 0xfe, 0xbf, 0x06, 0x08, 0x06, 0xfe, 0xc0, 0x06, 0x09, 0x03,
    0x02, 0x0a, 0x06, 0x20, 0x0b, 0x00, 0x0c, 0x01, 0x06, 0x09, 0x07, 0x06, 0x00, 0x06, 0xfe, 0xc1, 0x06, 0x19, 0x02, 0x3e, 0x03, 0x04, 0x02, 0x03,
    0x04, 0x01, 0x06, 0x48, 0x05, 0x06, 0x2b, 0x0d, 0x09, 0x01, 0x0a, 0x00, 0x06, 0xfe, 0xc2, 0x06, 0x05, 0x06, 0x15, 0x0f, 0x06, 0x17, 0xfe, 0xfe,
    0x00, 0x03, 0x04, 0xfe, 0xc3, 0x06, 0x06, 0x47, 0x02, 0x03, 0x02, 0x03, 0x06, 0x11, 0x04, 0x06, 0x0e, 0x6b, 0x02, 0x01, 0x06, 0x14, 0x08, 0x08,
    0x07, 0x06, 0xfe, 0xc4, 0x06, 0x08, 0x06, 0xfe, 0xc5, 0x06, 0x09, 0x03, 0x02, 0x0a, 0x06, 0x21, 0x0b, 0x00, 0x0c, 0x01, 0x06, 0x00, 0x0d, 0x09,
    0x07, 0x08, 0x00, 0x06, 0xfe, 0xc6, 0x06, 0x16, 0x09, 0x04, 0x06, 0x00, 0x06, 0xfe, 0xc7, 0x06, 0x12, 0x07, 0x01, 0x06, 0x46, 0x04, 0x06, 0x0e,
    0x13, 0x06, 0x84, 0x03, 0x06, 0x24, 0xfe, 0x65, 0x01, 0x07, 0x01, 0x06, 0xfe, 0xc8, 0x06, 0x03, 0x06, 0x11, 0x04, 0x06, 0x0e, 0x01, 0x06, 0x1c,
    0x1d, 0x06, 0x2e, 0x02, 0x03, 0x01, 0x1a, 0x06, 0x22, 0x08, 0x08, 0x07, 0x06, 0xfe, 0xc9, 0x06, 0x08, 0x06, 0xfe, 0xca, 0x06, 0x09, 0x03, 0x02,
    0x0a, 0x06, 0x33, 0x0b, 0x00, 0x0c, 0x01, 0x06, 0x00, 0x0d, 0x09, 0x0b, 0x07, 0x00, 0x06, 0xfe, 0xcb, 0x06, 0x0f, 0x06, 0xa8, 0x03, 0x06, 0x24,
    0x01, 0x06, 0xba, 0xbb, 0x06, 0xfe, 0x3e, 0x02, 0x25, 0x02, 0x02, 0x03, 0x01, 0x08, 0x08, 0x07, 0x06, 0xfe, 0xcc, 0x06, 0x08, 0x06, 0xfe, 0xcd,
    0x06, 0x09, 0x03, 0x02, 0x0a, 0x06, 0x20, 0x0b, 0x00, 0x0c, 0x01, 0x06, 0x00, 0x0d, 0x09, 0x04, 0x05, 0x00, 0x06, 0xfe, 0x3f, 0x02, 0x01, 0x06,
    0x53, 0x58, 0x09, 0x04, 0x05, 0x00, 0x06, 0xc9, 0x05, 0x06, 0x2c, 0x02, 0x03, 0x03, 0x04, 0x06, 0x0e, 0x01, 0x06, 0x4c, 0x54, 0x09, 0x03, 0x09,
    0x01, 0x06, 0x51, 0x0f, 0x06, 0x10, 0x55, 0x02, 0x4e, 0x02, 0x02, 0x03, 0x01, 0x19, 0x02, 0x43, 0x03, 0x0b, 0x3f, 0x06, 0x1f, 0x00, 0x06, 0xfe,
    0x3f, 0x02, 0x19, 0x02, 0x08, 0x08, 0x07, 0x06, 0xfe, 0xce, 0x06, 0x08, 0x06, 0xfe, 0xcf, 0x06, 0x09, 0x03, 0x02, 0x0a, 0x06, 0x57, 0x0b, 0x03,
    0x01, 0x0c, 0x01, 0x06, 0x00, 0x0d, 0x09, 0x01, 0x09, 0x00, 0x06, 0xfe, 0xd0, 0x06, 0x16, 0x09, 0x03, 0x05, 0x00, 0x06, 0xdb, 0x39, 0x09, 0x03,
    0x02, 0x26, 0x06, 0x9f, 0x72, 0x06, 0x7b, 0x74, 0x06, 0x7a, 0x03, 0x06, 0x11, 0x25, 0x02, 0x05, 0x06, 0x6c, 0x0f, 0x06, 0x2b, 0x27, 0x06, 0x31,
    0x02, 0x03, 0x01, 0x03, 0x06, 0x49, 0x04, 0x06, 0x0e, 0x01, 0x06, 0x14, 0x08, 0x08, 0x07, 0x06, 0xfe, 0xd1, 0x06, 0x08, 0x06, 0xfe, 0xd2, 0x06,
    0x09, 0x03, 0x02, 0x0a, 0x06, 0x33, 0x0b, 0x00, 0x0c, 0x01, 0x06, 0x00, 0x0d, 0x09, 0x07, 0x07, 0x00, 0x06, 0xfe, 0xd3, 0x06, 0x16, 0x09, 0x02,
    0x06, 0x3d, 0x06, 0x3b, 0x18, 0x06, 0x8b, 0x13, 0x06, 0x17, 0x04, 0x06, 0x0e, 0x03, 0x06, 0x11, 0x00, 0x06, 0xfe, 0xd4, 0x06, 0x01, 0x06, 0x1c,
    0x1d, 0x06, 0x35, 0x02, 0x03, 0x01, 0x1b, 0x07, 0x01, 0x06, 0x62, 0x04, 0x06, 0x0e, 0x08, 0x08, 0x07, 0x06, 0xfe, 0xd5, 0x06, 0x08, 0x06, 0xfe,
    0xd6, 0x06, 0x09, 0x03, 0x02, 0x0a, 0x06, 0x20, 0x0b, 0x00, 0x0c, 0x01, 0x06, 0x09, 0x07, 0x06, 0x00, 0x06, 0xb1, 0x19, 0x02, 0x3e, 0x03, 0x02,
    0x02, 0x03, 0x02, 0x01, 0x06, 0x48, 0x05, 0x06, 0x2b, 0x0d, 0x09, 0x04, 0x06, 0x00, 0x06, 0xfe, 0x40, 0x02, 0x01, 0x06, 0x53, 0x58, 0x09, 0x04,
    0x05, 0x00, 0x06, 0xfe, 0xdf, 0x01, 0x05, 0x06, 0x2c, 0x02, 0x03, 0x07, 0x04, 0x06, 0x0e, 0x01, 0x06, 0x4c, 0x54, 0x09, 0x03, 0x08, 0x01, 0x06,
    0x51, 0x0f, 0x06, 0x10, 0x55, 0x02, 0x4e, 0x02, 0x02, 0x03, 0x01, 0x19, 0x02, 0x12, 0x07, 0x01, 0x06, 0x44, 0x00, 0x06, 0xfe, 0x40, 0x02, 0x19,
    0x02, 0x12, 0x07, 0x01, 0x06, 0x44, 0x08, 0x08, 0x07, 0x06, 0xfe, 0xd7, 0x06, 0x08, 0x06, 0xfe, 0xd8, 0x06, 0x09, 0x03, 0x02, 0x0a, 0x06, 0x41,
    0x0b, 0x03, 0x01, 0x0c, 0x01, 0x06, 0x09, 0x07, 0x05, 0x00, 0x06, 0xee, 0x3e, 0x03, 0x01, 0x02, 0x03, 0x01, 0x01, 0x06, 0x48, 0x05, 0x06, 0x2b,
    0x0d, 0x09, 0x0a, 0x03, 0x00, 0x06, 0xfe, 0xd9, 0x06, 0x01, 0x06, 0x23, 0x1e, 0x07, 0x03, 0x09, 0x03, 0x05, 0x00, 0x06, 0xfe, 0xda, 0x06, 0x02,
    0x03, 0x01, 0x03, 0x06, 0x11, 0x04, 0x06, 0x0e, 0x01, 0x06, 0x80, 0x09, 0x0c, 0x03, 0x00, 0x06, 0xfe, 0x31, 0x02, 0x03, 0x06, 0x11, 0x01, 0x06,
    0x7a, 0x09, 0x0c, 0x05, 0x00, 0x06, 0xfe, 0x32, 0x02, 0x16, 0x09, 0x01, 0x04, 0x00, 0x06, 0xfe, 0x33, 0x02, 0x03, 0x06, 0x11, 0x02, 0x03, 0x01,
    0x18, 0x06, 0x1f, 0x0f, 0x06, 0xe4, 0x03, 0x06, 0x11, 0x01, 0x06, 0x7a, 0x08, 0x08, 0x07, 0x06, 0xfe, 0xdb, 0x06, 0x08, 0x06, 0xfe, 0xdc, 0x06,
    0x09, 0x03, 0x02, 0x0a, 0x06, 0x20, 0x0b, 0x00, 0x0c, 0x01, 0x06, 0x00, 0x0d, 0x09, 0x0a, 0x04, 0x00, 0x06, 0xfe, 0xdd, 0x06, 0x01, 0x06, 0x23,
    0x1e, 0x07, 0x02, 0x09, 0x03, 0x07, 0x00, 0x06, 0xfe, 0xde, 0x06, 0x05, 0x06, 0x15, 0x71, 0x06, 0x7e, 0x02, 0x03, 0x02, 0x03, 0x06, 0x24, 0x04,
    0x06, 0x0e, 0x01, 0x06, 0x80, 0x09, 0x0a, 0x03, 0x00, 0x06, 0xfe, 0xdf, 0x06, 0x01, 0x06, 0x23, 0x1e, 0x07, 0x02, 0x09, 0x03, 0x06, 0x00, 0x06,
    0xfe, 0xe0, 0x06, 0x02, 0x03, 0x01, 0x01, 0x06, 0x80, 0x04, 0x06, 0x3c, 0xe9, 0x06, 0x3c, 0x05, 0x06, 0xf2, 0x09, 0x01, 0x07, 0x00, 0x06, 0xfe,
    0xe1, 0x06, 0x0f, 0x06, 0x10, 0x04, 0x06, 0x0e, 0x01, 0x06, 0x14, 0x05, 0x06, 0xf2, 0x03, 0x06, 0x2d, 0x02, 0x03, 0x01, 0x40, 0x02, 0x08, 0x08,
    0x07, 0x06, 0xfe, 0xe2, 0x06, 0x08, 0x06, 0xfe, 0xe3, 0x06, 0x09, 0x03, 0x02, 0x0a, 0x06, 0x21, 0x0b, 0x00, 0x0c, 0x01, 0x06, 0x00, 0x0d, 0x09,
    0x05, 0x06, 0x00, 0x06, 0xfe, 0xe4, 0x06, 0x16, 0x09, 0x02, 0x06, 0x00, 0x06, 0xfe, 0xe5, 0x06, 0x04, 0x06, 0x0e, 0x13, 0x06, 0x5e, 0x03, 0x06,
    0x24, 0x18, 0x06, 0xc4, 0x7f, 0x06, 0x3c, 0x01, 0x06, 0x38, 0x29, 0x03, 0x01, 0x28, 0x06, 0x34, 0x25, 0x02, 0x08, 0x08, 0x07, 0x06, 0xfe, 0xe6,
    0x06, 0x08, 0x06, 0xfe, 0xe7, 0x06, 0x09, 0x03, 0x02, 0x0a, 0x06, 0x37, 0x0b, 0x00, 0x0c, 0x01, 0x06, 0x00, 0x0d, 0x09, 0x01, 0x0a, 0x00, 0x06,
    0xfe, 0xe8, 0x06, 0x16, 0x09, 0x01, 0x08, 0x04, 0x06, 0x0e, 0x71, 0x06, 0x7e, 0x00, 0x06, 0xfe, 0xe9, 0x06, 0x13, 0x06, 0x17, 0x02, 0x03, 0x02,
    0x18, 0x06, 0x1f, 0x7c, 0x06, 0x66, 0x69, 0x07, 0x03, 0x06, 0xfe, 0x04, 0x01, 0x06, 0xfe, 0x41, 0x02, 0x06, 0xfe, 0xa4, 0x01, 0x05, 0x06, 0x3a,
    0x65, 0x09, 0x03, 0x02, 0x26, 0x06, 0x3a, 0x6d, 0x06, 0x89, 0x0f, 0x06, 0x10, 0x02, 0x03, 0x01, 0x04, 0x06, 0x0e, 0x01, 0x06, 0x14, 0x03, 0x06,
    0x2d, 0x71, 0x06, 0x7e, 0x08, 0x08, 0x07, 0x06, 0xfe, 0xea, 0x06, 0x08, 0x06, 0xfe, 0xeb, 0x06, 0x09, 0x03, 0x02, 0x0a, 0x06, 0x41, 0x0b, 0x03,
    0x01, 0x0c, 0x01, 0x06, 0x09, 0x07, 0x05, 0x00, 0x06, 0xa1, 0x3e, 0x03, 0x02, 0x02, 0x03, 0x02, 0x01, 0x06, 0x48, 0x05, 0x06, 0x2b, 0x0d, 0x09,
    0x01, 0x0a, 0x00, 0x06, 0xfe, 0xec, 0x06, 0x05, 0x06, 0x15, 0x0f, 0x06, 0x10, 0x43, 0x03, 0x03, 0x3f, 0x06, 0x47, 0x02, 0x03, 0x01, 0x03, 0x06,
    0x24, 0x04, 0x06, 0x0e, 0x12, 0x07, 0x01, 0x06, 0x5c, 0x01, 0x06, 0x14, 0x08, 0x08, 0x07, 0x06, 0xfe, 0xed, 0x06, 0x08, 0x06, 0xfe, 0xee, 0x06,
    0x09, 0x03, 0x02, 0x0a, 0x06, 0x21, 0x0b, 0x00, 0x0c, 0x01, 0x06, 0x09, 0x01, 0x07, 0x00, 0x06, 0x5b, 0x05, 0x06, 0x10, 0x2a, 0x06, 0x10, 0x0f,
    0x06, 0x15, 0x02, 0x03, 0x01, 0x19, 0x02, 0x01, 0x06, 0x14, 0x0d, 0x09, 0x04, 0x04, 0x00, 0x06, 0xfe, 0x79, 0x01, 0x01, 0x06, 0x53, 0x58, 0x09,
    0x04, 0x05, 0x00, 0x06, 0xc9, 0x05, 0x06, 0x2c, 0x02, 0x03, 0x03, 0x04, 0x06, 0x0e, 0x01, 0x06, 0x4c, 0x54, 0x09, 0x03, 0x07, 0x01, 0x06, 0x51,
    0x55, 0x02, 0x00, 0x06, 0xe3, 0x0f, 0x06, 0x2c, 0x96, 0x06, 0x97, 0x99, 0x02, 0x4e, 0x01, 0x08, 0x08, 0x07, 0x06, 0xfe, 0xef, 0x06, 0x08, 0x06,
    0xfe, 0xf0, 0x06, 0x09, 0x03, 0x02, 0x0a, 0x06, 0x20, 0x0b, 0x00, 0x0c, 0x01, 0x06, 0x00, 0x0d, 0x09, 0x0c, 0x07, 0x00, 0x06, 0xfe, 0xf1, 0x06,
    0x05, 0x06, 0x17, 0x03, 0x06, 0x11, 0x04, 0x06, 0x0e, 0x19, 0x02, 0x98, 0x02, 0x01, 0x06, 0x7a, 0x08, 0x08, 0x07, 0x06, 0xfe, 0xf2, 0x06, 0x08,
    0x06, 0xfe, 0xf3, 0x06, 0x09, 0x03, 0x02, 0x0a, 0x06, 0x33, 0x0b, 0x00, 0x0c, 0x01, 0x06, 0x00, 0x0d, 0x09, 0x07, 0x0b, 0x00, 0x06, 0xfe, 0xf4,
    0x06, 0x01, 0x06, 0x1c, 0x1d, 0x06, 0x2e, 0x02, 0x03, 0x01, 0x59, 0x02, 0x5d, 0x03, 0x01, 0x63, 0x06, 0x66, 0x12, 0x07, 0x01, 0x06, 0x93, 0x13,
    0x06, 0x17, 0x04, 0x06, 0x0e, 0x42, 0x02, 0x08, 0x08, 0x07, 0x06, 0xfe, 0xf5, 0x06, 0x08, 0x06, 0xfe, 0xf6, 0x06, 0x09, 0x03, 0x02, 0x0a, 0x06,
    0x20, 0x0b, 0x00, 0x0c, 0x01, 0x06, 0x00, 0x0d, 0x09, 0x07, 0x07, 0x00, 0x06, 0xfe, 0xf7, 0x06, 0x16, 0x09, 0x03, 0x06, 0x74, 0x06, 0x75, 0x04,
    0x06, 0x0e, 0x79, 0x02, 0x00, 0x06, 0xfe, 0xf8, 0x06, 0x39, 0x09, 0x03, 0x04, 0x26, 0x06, 0x75, 0x72, 0x06, 0x7b, 0x13, 0x06, 0x17, 0xfe, 0x2d,
    0x01, 0x09, 0x03, 0x02, 0x18, 0x06, 0xc4, 0xfe, 0x2e, 0x01, 0x06, 0xfe, 0x2f, 0x01, 0x12, 0x07, 0x01, 0x06, 0xa6, 0x01, 0x06, 0x1c, 0x1d, 0x06,
    0x2e, 0x02, 0x03, 0x02, 0x1a, 0x06, 0x22, 0x79, 0x02, 0x08, 0x08, 0x07, 0x06, 0xfe, 0xf9, 0x06, 0x08, 0x06, 0xfe, 0xfa, 0x06, 0x09, 0x03, 0x02,
    0x0a, 0x06, 0x20, 0x0b, 0x00, 0x0c, 0x01, 0x06, 0x09, 0x07, 0x06, 0x00, 0x06, 0xa0, 0x19, 0x02, 0x3e, 0x03, 0x01, 0x02, 0x03, 0x01, 0x01, 0x06,
    0x48, 0x05, 0x06, 0x2b, 0x0d, 0x09, 0x07, 0x09, 0x00, 0x06, 0xfe, 0xfb, 0x06, 0x16, 0x09, 0x03, 0x06, 0x74, 0x06, 0x75, 0x04, 0x06, 0x0e, 0x79,
    0x02, 0x00, 0x06, 0xfe, 0xfc, 0x06, 0x39, 0x09, 0x03, 0x04, 0x26, 0x06, 0x75, 0x72, 0x06, 0x7b, 0x13, 0x06, 0x17, 0xfe, 0x2d, 0x01, 0x09, 0x03,
    0x02, 0x18, 0x06, 0xc4, 0xfe, 0x2e, 0x01, 0x06, 0xfe, 0x2f, 0x01, 0x12, 0x07, 0x01, 0x06, 0x93, 0x01, 0x06, 0x1c, 0x1d, 0x06, 0x35, 0x02, 0x03,
    0x02, 0x1b, 0x07, 0x01, 0x06, 0x4f, 0x1a, 0x06, 0x22, 0x04, 0x06, 0x0e, 0x79, 0x02, 0x08, 0x08, 0x07, 0x06, 0xfe, 0xfd, 0x06, 0x08, 0x06, 0xfe,
    0x42, 0x02, 0x09, 0x03, 0x02, 0x0a, 0x06, 0x20, 0x0b, 0x00, 0x0c, 0x01, 0x06, 0x00, 0x0d, 0x09, 0x04, 0x04, 0x00, 0x06, 0xfe, 0x43, 0x01, 0x01,
    0x06, 0x53, 0x58, 0x09, 0x04, 0x05, 0x00, 0x06, 0xca, 0x05, 0x06, 0x2c, 0x02, 0x03, 0x02, 0x04, 0x06, 0x0e, 0x01, 0x06, 0x4c, 0x54, 0x09, 0x03,
    0x07, 0x01, 0x06, 0x51, 0x55, 0x02, 0x00, 0x06, 0xe3, 0x0f, 0x06, 0x2c, 0x96, 0x06, 0x97, 0x99, 0x02, 0x4e, 0x01, 0x08, 0x08, 0x07, 0x06, 0xfe,
    0xfe, 0x06, 0x08, 0x06, 0xfe, 0xff, 0x06, 0x09, 0x03, 0x02, 0x0a, 0x06, 0x21, 0x0b, 0x00, 0x0c, 0x01, 0x06, 0x00, 0x0d, 0x09, 0x05, 0x06, 0x00,
    0x06, 0xfe, 0x00, 0x07, 0x16, 0x09, 0x01, 0x07, 0x02, 0x03, 0x03, 0x18, 0x06, 0x1f, 0x00, 0x06, 0xfe, 0x01, 0x07, 0x03, 0x06, 0x24, 0x13, 0x06,
    0x15, 0x04, 0x06, 0x0e, 0x12, 0x07, 0x01, 0x06, 0xbc, 0x01, 0x06, 0x38, 0x29, 0x03, 0x01, 0x28, 0x06, 0x34, 0x25, 0x02, 0x08, 0x08, 0x07, 0x06,
    0xfe, 0x02, 0x07, 0x08, 0x06, 0xfe, 0x03, 0x07, 0x09, 0x03, 0x02, 0x0a, 0x06, 0x21, 0x0b, 0x00, 0x0c, 0x01, 0x06, 0x00, 0x0d, 0x09, 0x06, 0x07,
    0x00, 0x06, 0xfe, 0x04, 0x07, 0x16, 0x09, 0x00, 0x05, 0x18, 0x06, 0x81, 0x70, 0x07, 0x02, 0x09, 0x05, 0x06, 0x68, 0x02, 0x00, 0x06, 0xfe, 0x05,
    0x07, 0x39, 0x09, 0x03, 0x02, 0x26, 0x06, 0x68, 0x13, 0x06, 0x17, 0x13, 0x06, 0x17, 0x69, 0x07, 0x01, 0x06, 0xfe, 0x05, 0x01, 0x04, 0x06, 0x0e,
    0x09, 0x05, 0x08, 0x68, 0x02, 0x00, 0x06, 0xfe, 0x06, 0x07, 0x39, 0x09, 0x03, 0x02, 0x26, 0x06, 0x68, 0x13, 0x06, 0x17, 0x13, 0x06, 0x17, 0xfe,
    0x07, 0x07, 0x06, 0xfe, 0x05, 0x01, 0xfe, 0x08, 0x07, 0x06, 0x8b, 0xfe, 0x09, 0x07, 0x06, 0x06, 0x69, 0x07, 0x01, 0x06, 0xfe, 0xa5, 0x01, 0x00,
    0x06, 0xfe, 0x0a, 0x07, 0x04, 0x06, 0x0e, 0x13, 0x06, 0x17, 0x01, 0x06, 0x8a, 0x1b, 0x07, 0x01, 0x06, 0x87, 0x28, 0x06, 0xa3, 0x25, 0x02, 0x29,
    0x03, 0x03, 0x08, 0x08, 0x07, 0x06, 0xfe, 0x0b, 0x07, 0x08, 0x06, 0xfe, 0x0c, 0x07, 0x09, 0x03, 0x02, 0x0a, 0x06, 0x21, 0x0b, 0x00, 0x0c, 0x01,
    0x06, 0x00, 0x0d, 0x09, 0x05, 0x07, 0x00, 0x06, 0xfe, 0x0d, 0x07, 0x16, 0x09, 0x05, 0x07, 0x68, 0x02, 0x00, 0x06, 0xfe, 0x0e, 0x07, 0x39, 0x09,
    0x03, 0x02, 0x26, 0x06, 0x68, 0x13, 0x06, 0x17, 0x13, 0x06, 0x17, 0xfe, 0x0f, 0x07, 0x07, 0x03, 0x09, 0x03, 0x02, 0x3d, 0x06, 0x95, 0xbe, 0x06,
    0xfe, 0x1f, 0x01, 0x09, 0x03, 0x02, 0x3d, 0x06, 0x78, 0xbe, 0x06, 0xfe, 0x20, 0x01, 0x09, 0x03, 0x02, 0x3d, 0x06, 0x3b, 0xbe, 0x06, 0xfe, 0x67,
    0x01, 0x69, 0x07, 0x03, 0x06, 0xfe, 0x1f, 0x01, 0x06, 0xfe, 0x20, 0x01, 0x06, 0xfe, 0x67, 0x01, 0x04, 0x06, 0x0e, 0x01, 0x06, 0x38, 0x29, 0x03,
    0x02, 0x28, 0x06, 0x34, 0x25, 0x02, 0x4b, 0x06, 0xfe, 0x10, 0x07, 0x08, 0x08, 0x07, 0x06, 0xfe, 0x11, 0x07, 0x08, 0x06, 0xfe, 0x12, 0x07, 0x09,
    0x03, 0x02, 0x0a, 0x06, 0x20, 0x0b, 0x00, 0x0c, 0x01, 0x06, 0x00, 0x0d, 0x09, 0x01, 0x08, 0x00, 0x06, 0xfe, 0x13, 0x07, 0x16, 0x09, 0x01, 0x06,
    0x02, 0x03, 0x02, 0x18, 0x06, 0x1f, 0x00, 0x06, 0xfe, 0x14, 0x07, 0x13, 0x06, 0x10, 0x04, 0x06, 0x3c, 0x7f, 0x06, 0x0e, 0x05, 0x06, 0x15, 0x0f,
    0x06, 0x10, 0x02, 0x03, 0x01, 0x03, 0x06, 0x24, 0x04, 0x06, 0x0e, 0x01, 0x06, 0x14, 0x08, 0x08, 0x07, 0x06, 0xfe, 0x15, 0x07, 0x08, 0x06, 0xfe,
    0x16, 0x07, 0x09, 0x03, 0x02, 0x0a, 0x06, 0x20, 0x0b, 0x00, 0x0c, 0x01, 0x06, 0x00, 0x0d, 0x09, 0x0a, 0x03, 0x00, 0x06, 0xfe, 0x17, 0x07, 0x01,
    0x06, 0x23, 0x1e, 0x07, 0x02, 0x09, 0x01, 0x09, 0x00, 0x06, 0xfe, 0x18, 0x07, 0x05, 0x06, 0x10, 0x0f, 0x06, 0x15, 0x02, 0x03, 0x01, 0x03, 0x06,
    0x24, 0x19, 0x02, 0x01, 0x06, 0x14, 0x04, 0x06, 0x3c, 0xe9, 0x06, 0x3c, 0x09, 0x0a, 0x05, 0x00, 0x06, 0xfe, 0x19, 0x07, 0x01, 0x06, 0xfe, 0x00,
    0x01, 0xfe, 0x01, 0x01, 0x09, 0x0e, 0x02, 0x00, 0x06, 0xfe, 0x0c, 0x01, 0x01, 0x06, 0xfe, 0xa6, 0x01, 0xfe, 0x02, 0x01, 0x09, 0x09, 0x06, 0x00,
    0x06, 0xfe, 0xa7, 0x01, 0x1a, 0x06, 0x22, 0x01, 0x06, 0xb2, 0xb3, 0x06, 0x33, 0xb4, 0x06, 0xc2, 0xb5, 0x09, 0x05, 0x04, 0x00, 0x06, 0xa5, 0x01,
    0x06, 0x38, 0x29, 0x03, 0x01, 0x28, 0x06, 0x34, 0xfe, 0x39, 0x01, 0x02, 0x08, 0x08, 0x07, 0x06, 0xfe, 0x1a, 0x07, 0x08, 0x06, 0xfe, 0x1b, 0x07,
    0x09, 0x03, 0x02, 0x0a, 0x06, 0x21, 0x0b, 0x00, 0x0c, 0x01, 0x06, 0x09, 0x07, 0x06, 0x00, 0x06, 0xb1, 0x19, 0x02, 0x3e, 0x03, 0x02, 0x02, 0x03,
    0x02, 0x01, 0x06, 0x48, 0x05, 0x06, 0x2b, 0x0d, 0x09, 0x0d, 0x09, 0x00, 0x06, 0xfe, 0x1c, 0x07, 0x1a, 0x06, 0x22, 0x03, 0x06, 0x11, 0x01, 0x06,
    0xe6, 0xb0, 0x06, 0x4a, 0x6a, 0x02, 0x25, 0x02, 0x1b, 0x07, 0x01, 0x06, 0x4a, 0x02, 0x03, 0x01, 0x08, 0x08, 0x07, 0x06, 0xfe, 0x1d, 0x07, 0x08,
    0x06, 0xfe, 0x1e, 0x07, 0x09, 0x03, 0x02, 0x0a, 0x06, 0x37, 0x0b, 0x00, 0x0c, 0x01, 0x06, 0x00, 0x0d, 0x09, 0x01, 0x08, 0x00, 0x06, 0xfe, 0x1f,
    0x07, 0x05, 0x06, 0x3a, 0x65, 0x09, 0x03, 0x02, 0x26, 0x06, 0x3a, 0x6d, 0x06, 0x89, 0x0f, 0x06, 0x10, 0x02, 0x03, 0x01, 0x03, 0x06, 0x24, 0x04,
    0x06, 0x0e, 0x01, 0x06, 0x14, 0x08, 0x08, 0x07, 0x06, 0xfe, 0x20, 0x07, 0x08, 0x06, 0xfe, 0x21, 0x07, 0x09, 0x03, 0x02, 0x0a, 0x06, 0x41, 0x0b,
    0x03, 0x01, 0x0c, 0x01, 0x06, 0x09, 0x04, 0x06, 0x00, 0x06, 0xfe, 0xfd, 0x01, 0x05, 0x06, 0x10, 0x2a, 0x06, 0x10, 0x02, 0x03, 0x01, 0x03, 0x06,
    0x24, 0x01, 0x06, 0x4e, 0x0d, 0x09, 0x0a, 0x03, 0x00, 0x06, 0xfe, 0x22, 0x07, 0x01, 0x06, 0x23, 0x1e, 0x07, 0x02, 0x09, 0x01, 0x09, 0x00, 0x06,
    0xfe, 0x23, 0x07, 0x05, 0x06, 0x10, 0x0f, 0x06, 0x15, 0x02, 0x03, 0x01, 0x19, 0x02, 0x01, 0x06, 0x14, 0x03, 0x06, 0x2d, 0x04, 0x06, 0x3c, 0xe9,
    0x06, 0x3c, 0x09, 0x0a, 0x05, 0x00, 0x06, 0xfe, 0x24, 0x07, 0x01, 0x06, 0xfe, 0x00, 0x01, 0xfe, 0x01, 0x01, 0x09, 0x0e, 0x02, 0x00, 0x06, 0xfe,
    0x0c, 0x01, 0x01, 0x06, 0xfe, 0xa6, 0x01, 0xfe, 0x02, 0x01, 0x09, 0x07, 0x05, 0x00, 0x06, 0xfe, 0x43, 0x02, 0x1a, 0x06, 0x22, 0x01, 0x06, 0x1c,
    0x1d, 0x06, 0x2e, 0x02, 0x03, 0x04, 0xfe, 0x39, 0x01, 0x02, 0x08, 0x08, 0x07, 0x06, 0xfe, 0x25, 0x07, 0x08, 0x06, 0xfe, 0x26, 0x07, 0x09, 0x03,
    0x02, 0x0a, 0x06, 0x37, 0x0b, 0x00, 0x0c, 0x01, 0x06, 0x00, 0x0d, 0x09, 0x01, 0x09, 0x00, 0x06, 0xfe, 0x27, 0x07, 0x16, 0x09, 0x01, 0x06, 0x02,
    0x03, 0x01, 0x18, 0x06, 0x1f, 0x00, 0x06, 0xfe, 0x37, 0x02, 0x13, 0x06, 0x3a, 0x03, 0x06, 0x24, 0x04, 0x06, 0x0e, 0x05, 0x06, 0x6c, 0x0f, 0x06,
    0x2b, 0x27, 0x06, 0x31, 0x02, 0x03, 0x01, 0x03, 0x06, 0x49, 0x04, 0x06, 0x0e, 0x01, 0x06, 0x14, 0x08, 0x08, 0x07, 0x06, 0xfe, 0x28, 0x07, 0x08,
    0x06, 0xfe, 0x29, 0x07, 0x09, 0x03, 0x02, 0x0a, 0x06, 0x21, 0x0b, 0x00, 0x0c, 0x01, 0x06, 0x00, 0x0d, 0x09, 0x03, 0x04, 0x00, 0x06, 0xfe, 0x2a,
    0x07, 0x01, 0x06, 0xfe, 0x21, 0x01, 0xfe, 0x22, 0x01, 0x07, 0x02, 0x06, 0xfe, 0x23, 0x01, 0x06, 0xfe, 0x24, 0x01, 0xfe, 0x25, 0x01, 0x07, 0x01,
    0x09, 0x04, 0x04, 0x00, 0x06, 0xfe, 0x2b, 0x07, 0x01, 0x06, 0x53, 0x58, 0x09, 0x04, 0x04, 0x00, 0x06, 0xfe, 0x2c, 0x07, 0x05, 0x06, 0x2c, 0x02,
    0x03, 0x02, 0x01, 0x06, 0x4c, 0x54, 0x09, 0x03, 0x07, 0x01, 0x06, 0x51, 0x55, 0x02, 0x00, 0x06, 0xe3, 0x0f, 0x06, 0x2c, 0x96, 0x06, 0x97, 0x99,
    0x02, 0x4e, 0x01, 0x08, 0x08, 0x07, 0x06, 0xfe, 0x2d, 0x07, 0x08, 0x06, 0xfe, 0x2e, 0x07, 0x09, 0x03, 0x02, 0x0a, 0x06, 0x33, 0x0b, 0x00, 0x0c,
    0x01, 0x06, 0x00, 0x0d, 0x09, 0x07, 0x05, 0x00, 0x06, 0xfe, 0x2f, 0x07, 0x16, 0x09, 0x01, 0x07, 0x02, 0x03, 0x03, 0x18, 0x06, 0x1f, 0x00, 0x06,
    0xfe, 0x30, 0x07, 0x13, 0x06, 0x5e, 0x04, 0x06, 0x76, 0xcd, 0x06, 0x76, 0x60, 0x06, 0x61, 0x01, 0x06, 0x1c, 0x1d, 0x06, 0x2e, 0x02, 0x03, 0x03,
    0x08, 0x08, 0x07, 0x06, 0xfe, 0x31, 0x07, 0x08, 0x06, 0xfe, 0x32, 0x07, 0x09, 0x03, 0x02, 0x0a, 0x06, 0x37, 0x0b, 0x00, 0x0c, 0x01, 0x06, 0x00,
    0x0d, 0x09, 0x0b, 0x09, 0x00, 0x06, 0xfe, 0x33, 0x07, 0x16, 0x09, 0x02, 0x0b, 0x00, 0x06, 0xfe, 0x34, 0x07, 0x04, 0x06, 0x0e, 0x64, 0x06, 0x8c,
    0x60, 0x06, 0x61, 0x7f, 0x06, 0x3c, 0x13, 0x06, 0x84, 0x86, 0x06, 0x8c, 0x18, 0x06, 0x85, 0x6f, 0x06, 0x8f, 0xf7, 0x06, 0x8f, 0xcd, 0x06, 0x76,
    0x03, 0x06, 0x24, 0x04, 0x06, 0x76, 0x01, 0x06, 0xba, 0xbb, 0x06, 0xfe, 0x3e, 0x02, 0x0f, 0x06, 0xa8, 0x02, 0x03, 0x01, 0x1a, 0x06, 0x22, 0x08,
    0x08, 0x07, 0x06, 0xfe, 0x35, 0x07, 0x08, 0x06, 0xfe, 0xd5, 0x01, 0x09, 0x03, 0x02, 0x0a, 0x06, 0x37, 0x0b, 0x00, 0x0c, 0x01, 0x06, 0x00, 0x0d,
    0x09, 0x0a, 0x03, 0x00, 0x06, 0xfe, 0x2a, 0x01, 0x01, 0x06, 0x23, 0x1e, 0x07, 0x02, 0x09, 0x02, 0x05, 0x00, 0x06, 0x9a, 0x02, 0x03, 0x02, 0x01,
    0x06, 0x32, 0x05, 0x06, 0x2f, 0x0f, 0x06, 0x10, 0x09, 0x01, 0x06, 0x00, 0x06, 0xab, 0x05, 0x06, 0x10, 0x0f, 0x06, 0x15, 0x02, 0x03, 0x02, 0x01,
    0x06, 0x14, 0x03, 0x06, 0x2d, 0x08, 0x08, 0x07, 0x06, 0xfe, 0x36, 0x07, 0x08, 0x06, 0xfe, 0x37, 0x07, 0x09, 0x03, 0x02, 0x0a, 0x06, 0x41, 0x0b,
    0x03, 0x01, 0x0c, 0x01, 0x06, 0x09, 0x08, 0x05, 0x00, 0x06, 0xb9, 0x27, 0x06, 0x31, 0x03, 0x06, 0x11, 0x6e, 0x02, 0x01, 0x06, 0x30, 0x0d, 0x09,
    0x0a, 0x04, 0x00, 0x06, 0xfb, 0x01, 0x06, 0x23, 0x1e, 0x07, 0x02, 0x09, 0x02, 0x05, 0x00, 0x06, 0xa4, 0x02, 0x03, 0x01, 0x01, 0x06, 0x32, 0x05,
    0x06, 0x2f, 0x0f, 0x06, 0x10, 0x09, 0x01, 0x06, 0x00, 0x06, 0x77, 0x05, 0x06, 0x10, 0x0f, 0x06, 0x15, 0x02, 0x03, 0x01, 0x01, 0x06, 0x14, 0x03,
    0x06, 0x2d, 0x5f, 0x07, 0x01, 0x06, 0xbf, 0x08, 0x08, 0x07, 0x06, 0xfe, 0x38, 0x07, 0x08, 0x06, 0xfe, 0x44, 0x02, 0x09, 0x03, 0x02, 0x0a, 0x06,
    0x21, 0x0b, 0x00, 0x0c, 0x01, 0x06, 0x00, 0x0d, 0x09, 0x08, 0x08, 0x00, 0x06, 0xfe, 0x45, 0x02, 0x05, 0x06, 0x17, 0x27, 0x06, 0x67, 0x02, 0x03,
    0x01, 0x03, 0x06, 0x11, 0x04, 0x06, 0x0e, 0x6b, 0x02, 0x01, 0x06, 0x30, 0x08, 0x08, 0x07, 0x06, 0xfe, 0x39, 0x07, 0x08, 0x06, 0xfe, 0x3a, 0x07,
    0x09, 0x03, 0x02, 0x0a, 0x06, 0x33, 0x0b, 0x00, 0x0c, 0x01, 0x06, 0x00, 0x0d, 0x09, 0x07, 0x0a, 0x00, 0x06, 0xfe, 0x3b, 0x07, 0x01, 0x06, 0x1c,
    0x1d, 0x06, 0x2e, 0x02, 0x03, 0x01, 0x59, 0x02, 0x5d, 0x03, 0x01, 0x63, 0x06, 0x66, 0xb8, 0x06, 0x31, 0x13, 0x06, 0x17, 0x04, 0x06, 0x3c, 0x08,
    0x08, 0x07, 0x06, 0xfe, 0x3c, 0x07, 0x08, 0x06, 0xfe, 0x3d, 0x07, 0x09, 0x03, 0x02, 0x0a, 0x06, 0x20, 0x0b, 0x00, 0x0c, 0x01, 0x06, 0x09, 0x08,
    0x06, 0x00, 0x06, 0xd3, 0x27, 0x06, 0x31, 0x03, 0x06, 0x11, 0x19, 0x02, 0x6e, 0x02, 0x01, 0x06, 0x30, 0x0d, 0x09, 0x01, 0x09, 0x00, 0x06, 0xfe,
    0x3e, 0x07, 0x05, 0x06, 0x15, 0x0f, 0x06, 0x10, 0x02, 0x03, 0x01, 0x03, 0x06, 0x11, 0x04, 0x06, 0x0e, 0x12, 0x07, 0x01, 0x06, 0x50, 0x01, 0x06,
    0x14, 0x5f, 0x07, 0x01, 0x06, 0xbf, 0x08, 0x08, 0x07, 0x06, 0xfe, 0x3f, 0x07, 0x08, 0x06, 0xfe, 0x40, 0x07, 0x09, 0x03, 0x02, 0x0a, 0x06, 0x20,
    0x0b, 0x00, 0x0c, 0x01, 0x06, 0x00, 0x0d, 0x09, 0x08, 0x07, 0x00, 0x06, 0xfe, 0x41, 0x07, 0x05, 0x06, 0x17, 0x27, 0x06, 0x67, 0x03, 0x06, 0x11,
    0x04, 0x06, 0x0e, 0x01, 0x06, 0x30, 0x52, 0x02, 0x08, 0x08, 0x07, 0x06, 0xfe, 0x42, 0x07, 0x08, 0x06, 0xfe, 0x43, 0x07, 0x09, 0x03, 0x02, 0x0a,
    0x06, 0x21, 0x0b, 0x00, 0x0c, 0x01, 0x06, 0x09, 0x01, 0x07, 0x00, 0x06, 0x5b, 0x05, 0x06, 0x10, 0x2a, 0x06, 0x10, 0x0f, 0x06, 0x15, 0x02, 0x03,
    0x01, 0x19, 0x02, 0x01, 0x06, 0x14, 0x0d, 0x09, 0x07, 0x0a, 0x00, 0x06, 0xfe, 0x44, 0x07, 0x01, 0x06, 0x1c, 0x1d, 0x06, 0x2e, 0x02, 0x03, 0x02,
    0x59, 0x02, 0x5d, 0x03, 0x01, 0x63, 0x06, 0x91, 0x13, 0x06, 0xa8, 0x04, 0x06, 0x0e, 0x1a, 0x06, 0x22, 0x08, 0x08, 0x07, 0x06, 0xfe, 0x45, 0x07,
    0x08, 0x06, 0xfe, 0x46, 0x07, 0x09, 0x03, 0x02, 0x0a, 0x06, 0x21, 0x0b, 0x00, 0x0c, 0x01, 0x06, 0x09, 0x01, 0x07, 0x00, 0x06, 0xdc, 0x05, 0x06,
    0x10, 0x2a, 0x06, 0x10, 0x0f, 0x06, 0x15, 0x02, 0x03, 0x02, 0x19, 0x02, 0x01, 0x06, 0x14, 0x0d, 0x09, 0x04, 0x04, 0x00, 0x06, 0xfe, 0x47, 0x07,
    0x01, 0x06, 0x53, 0x58, 0x09, 0x04, 0x05, 0x00, 0x06, 0xc9, 0x05, 0x06, 0x2c, 0x02, 0x03, 0x03, 0x04, 0x06, 0x0e, 0x01, 0x06, 0x4c, 0x54, 0x09,
    0x03, 0x06, 0x01, 0x06, 0x51, 0x55, 0x02, 0x00, 0x06, 0xfe, 0x48, 0x07, 0x4e, 0x01, 0x0f, 0x06, 0x2c, 0x02, 0x03, 0x01, 0x08, 0x08, 0x07, 0x06,
    0xfe, 0x49, 0x07, 0x08, 0x06, 0xfe, 0x4a, 0x07, 0x09, 0x03, 0x02, 0x0a, 0x06, 0x37, 0x0b, 0x00, 0x0c, 0x01, 0x06, 0x00, 0x0d, 0x09, 0x01, 0x0b,
    0x00, 0x06, 0xfe, 0x4b, 0x07, 0x16, 0x09, 0x02, 0x05, 0x00, 0x06, 0xfe, 0xff, 0x00, 0x7f, 0x06, 0x3c, 0x18, 0x06, 0x8b, 0x64, 0x06, 0x8c, 0x60,
    0x06, 0x61, 0x05, 0x06, 0x3a, 0x65, 0x09, 0x03, 0x02, 0x26, 0x06, 0x3a, 0x6d, 0x06, 0x89, 0x0f, 0x06, 0x10, 0x19, 0x02, 0x01, 0x06, 0x14, 0x25,
    0x02, 0x03, 0x06, 0x2d, 0x02, 0x03, 0x01, 0xc1, 0x09, 0x02, 0x05, 0x00, 0x06, 0xfe, 0x4c, 0x07, 0x04, 0x06, 0x0e, 0x25, 0x02, 0x02, 0x03, 0x01,
    0x18, 0x06, 0x1f, 0x08, 0x08, 0x07, 0x06, 0xfe, 0x4d, 0x07, 0x08, 0x06, 0xfe, 0x4e, 0x07, 0x09, 0x03, 0x02, 0x0a, 0x06, 0x20, 0x0b, 0x00, 0x0c,
    0x01, 0x06, 0x09, 0x01, 0x07, 0x00, 0x06, 0x5b, 0x05, 0x06, 0x10, 0x2a, 0x06, 0x10, 0x0f, 0x06, 0x15, 0x02, 0x03, 0x01, 0x19, 0x02, 0x01, 0x06,
    0x14, 0x0d, 0x09, 0x04, 0x05, 0x00, 0x06, 0xfe, 0x46, 0x02, 0x01, 0x06, 0x53, 0x58, 0x09, 0x04, 0x05, 0x00, 0x06, 0xdd, 0x05, 0x06, 0x2c, 0x02,
    0x03, 0x04, 0x04, 0x06, 0x0e, 0x01, 0x06, 0x4c, 0x54, 0x09, 0x03, 0x08, 0x01, 0x06, 0x51, 0x0f, 0x06, 0x10, 0x55, 0x02, 0x4e, 0x02, 0x02, 0x03,
    0x01, 0x03, 0x06, 0x11, 0x19, 0x02, 0x00, 0x06, 0xfe, 0x46, 0x02, 0x19, 0x02, 0x08, 0x08, 0x07, 0x06, 0xfe, 0x4f, 0x07, 0x08, 0x06, 0xfe, 0x50,
    0x07, 0x09, 0x03, 0x02, 0x0a, 0x06, 0x37, 0x0b, 0x00, 0x0c, 0x01, 0x06, 0x00, 0x0d, 0x09, 0x02, 0x06, 0x00, 0x06, 0xfe, 0x51, 0x07, 0x16, 0x09,
    0x01, 0x04, 0x13, 0x06, 0x3a, 0x04, 0x06, 0x0e, 0x00, 0x06, 0xfe, 0x52, 0x07, 0x82, 0x02, 0x01, 0x06, 0x32, 0x02, 0x03, 0x01, 0x05, 0x06, 0x2f,
    0x0f, 0x06, 0x10, 0x08, 0x08, 0x07, 0x06, 0xfe, 0x53, 0x07, 0x08, 0x06, 0xfe, 0x54, 0x07, 0x09, 0x03, 0x02, 0x0a, 0x06, 0x41, 0x0b, 0x03, 0x01,
    0x0c, 0x01, 0x06, 0x09, 0x07, 0x05, 0x00, 0x06, 0xee, 0x3e, 0x03, 0x01, 0x02, 0x03, 0x01, 0x01, 0x06, 0x48, 0x05, 0x06, 0x2b, 0x0d, 0x09, 0x03,
    0x04, 0x00, 0x06, 0xfe, 0x47, 0x02, 0x01, 0x06, 0xfe, 0x21, 0x01, 0xfe, 0x22, 0x01, 0x07, 0x02, 0x06, 0xfe, 0x23, 0x01, 0x06, 0xfe, 0x24, 0x01,
    0xfe, 0x25, 0x01, 0x07, 0x01, 0x09, 0x0a, 0x04, 0x00, 0x06, 0xfe, 0x48, 0x02, 0x01, 0x06, 0x23, 0x1e, 0x07, 0x02, 0x09, 0x01, 0x06, 0x00, 0x06,
    0xfe, 0x49, 0x02, 0x05, 0x06, 0x15, 0x0f, 0x06, 0x9d, 0x02, 0x03, 0x01, 0x03, 0x06, 0x24, 0x01, 0x06, 0x14, 0x09, 0x02, 0x05, 0x00, 0x06, 0xfe,
    0x4a, 0x02, 0x02, 0x03, 0x01, 0x01, 0x06, 0x32, 0x05, 0x06, 0x2f, 0x0f, 0x06, 0x10, 0x40, 0x02, 0x08, 0x08, 0x07, 0x06, 0xfe, 0x55, 0x07, 0x08,
    0x06, 0xfe, 0x56, 0x07, 0x09, 0x03, 0x02, 0x0a, 0x06, 0x41, 0x0b, 0x00, 0x0c, 0x01, 0x06, 0x09, 0x01, 0x07, 0x00, 0x06, 0xc8, 0x05, 0x06, 0x17,
    0x2a, 0x06, 0x17, 0x0f, 0x06, 0x15, 0x03, 0x06, 0x11, 0x6e, 0x02, 0x01, 0x06, 0x14, 0x0d, 0x09, 0x0a, 0x04, 0x00, 0x06, 0xfe, 0x57, 0x07, 0x01,
    0x06, 0x23, 0x1e, 0x07, 0x02, 0x09, 0x01, 0x07, 0x00, 0x06, 0xfe, 0x09, 0x01, 0x05, 0x06, 0x15, 0x0f, 0x06, 0x10, 0x02, 0x03, 0x01, 0x03, 0x06,
    0x24, 0x04, 0x06, 0x0e, 0x01, 0x06, 0x14, 0x09, 0x08, 0x06, 0x00, 0x06, 0xfe, 0x58, 0x07, 0x16, 0x09, 0x02, 0x06, 0x00, 0x06, 0xfe, 0x59, 0x07,
    0x12, 0x07, 0x01, 0x06, 0x46, 0x03, 0x06, 0x24, 0x02, 0x03, 0x06, 0x18, 0x06, 0x1f, 0x64, 0x06, 0x8c, 0x27, 0x06, 0x67, 0x02, 0x03, 0x04, 0x01,
    0x06, 0x30, 0x03, 0x06, 0x49, 0x12, 0x07, 0x01, 0x06, 0x46, 0x08, 0x08, 0x07, 0x06, 0xfe, 0x5a, 0x07, 0x08, 0x06, 0xfe, 0x5b, 0x07, 0x09, 0x03,
    0x02, 0x0a, 0x06, 0x20, 0x0b, 0x00, 0x0c, 0x01, 0x06, 0x09, 0x01, 0x07, 0x00, 0x06, 0x5b, 0x05, 0x06, 0x10, 0x2a, 0x06, 0x10, 0x0f, 0x06, 0x15,
    0x02, 0x03, 0x01, 0x19, 0x02, 0x01, 0x06, 0x14, 0x0d, 0x09, 0x04, 0x06, 0x00, 0x06, 0xfe, 0x4b, 0x02, 0x01, 0x06, 0x53, 0x58, 0x09, 0x04, 0x05,
    0x00, 0x06, 0xfe, 0x4c, 0x02, 0x05, 0x06, 0x2c, 0x02, 0x03, 0x06, 0x04, 0x06, 0x0e, 0x01, 0x06, 0x4c, 0x54, 0x09, 0x03, 0x09, 0x01, 0x06, 0x51,
    0x0f, 0x06, 0x10, 0x55, 0x02, 0x4e, 0x02, 0x02, 0x03, 0x01, 0x03, 0x06, 0x11, 0x19, 0x02, 0x12, 0x07, 0x01, 0x06, 0x46, 0x00, 0x06, 0xfe, 0x4b,
    0x02, 0x19, 0x02, 0x12, 0x07, 0x01, 0x06, 0x46, 0x08, 0x08, 0x07, 0x06, 0xfe, 0x5c, 0x07, 0x08, 0x06, 0xfe, 0x44, 0x02, 0x09, 0x03, 0x02, 0x0a,
    0x06, 0x20, 0x0b, 0x00, 0x0c, 0x01, 0x06, 0x00, 0x0d, 0x09, 0x08, 0x08, 0x00, 0x06, 0xfe, 0x45, 0x02, 0x05, 0x06, 0x17, 0x27, 0x06, 0x67, 0x02,
    0x03, 0x01, 0x03, 0x06, 0x11, 0x04, 0x06, 0x0e, 0x6b, 0x02, 0x01, 0x06, 0x30, 0x08, 0x08, 0x07, 0x06, 0xfe, 0x5d, 0x07, 0x08, 0x06, 0xfe, 0x5e,
    0x07, 0x09, 0x03, 0x02, 0x0a, 0x06, 0x21, 0x0b, 0x00, 0x0c, 0x01, 0x06, 0x09, 0x01, 0x07, 0x00, 0x06, 0x5b, 0x05, 0x06, 0x10, 0x2a, 0x06, 0x10,
    0x0f, 0x06, 0x15, 0x02, 0x03, 0x01, 0x19, 0x02, 0x01, 0x06, 0x14, 0x0d, 0x09, 0x0a, 0x05, 0x00, 0x06, 0xfe, 0x5f, 0x07, 0x01, 0x06, 0x23, 0x1e,
    0x07, 0x02, 0x09, 0x0d, 0x05, 0x00, 0x06, 0xec, 0x02, 0x03, 0x01, 0x01, 0x06, 0xed, 0x8d, 0x02, 0x04, 0x06, 0x0e, 0x09, 0x07, 0x0a, 0x00, 0x06,
    0xfe, 0x60, 0x07, 0x1a, 0x06, 0x22, 0x02, 0x03, 0x01, 0x03, 0x06, 0x11, 0x04, 0x06, 0x0e, 0x42, 0x02, 0x12, 0x07, 0x01, 0x06, 0x36, 0x73, 0x03,
    0x01, 0x01, 0x06, 0x1c, 0x1d, 0x06, 0x35, 0x42, 0x02, 0x12, 0x07, 0x01, 0x06, 0x36, 0x08, 0x08, 0x07, 0x06, 0xfe, 0x61, 0x07, 0x08, 0x06, 0xfe,
    0x62, 0x07, 0x09, 0x03, 0x02, 0x0a, 0x06, 0x20, 0x0b, 0x00, 0x0c, 0x01, 0x06, 0x00, 0x0d, 0x09, 0x0a, 0x05, 0x00, 0x06, 0xfe, 0x63, 0x07, 0x01,
    0x06, 0x23, 0x1e, 0x07, 0x02, 0x09, 0x03, 0x09, 0x00, 0x06, 0xfe, 0x64, 0x07, 0x05, 0x06, 0x15, 0x43, 0x03, 0x04, 0x3f, 0x06, 0x47, 0x02, 0x03,
    0x01, 0x03, 0x06, 0x11, 0x04, 0x06, 0x0e, 0x12, 0x07, 0x01, 0x06, 0x36, 0x01, 0x06, 0x80, 0x09, 0x09, 0x07, 0x00, 0x06, 0xfe, 0x65, 0x07, 0x01,
    0x06, 0xfe, 0x48, 0x01, 0x04, 0x06, 0xfe, 0x66, 0x07, 0xfe, 0x49, 0x01, 0x06, 0x20, 0xfe, 0x4a, 0x01, 0x06, 0xfe, 0x82, 0x01, 0x02, 0x03, 0x01,
    0x12, 0x07, 0x01, 0x06, 0x36, 0x5f, 0x07, 0x01, 0x06, 0xfe, 0xe3, 0x01, 0x12, 0x07, 0x01, 0x06, 0x36, 0x08, 0x08, 0x07, 0x06, 0xfe, 0x67, 0x07,
    0x08, 0x06, 0xfe, 0x68, 0x07, 0x09, 0x03, 0x02, 0x0a, 0x06, 0x41, 0x0b, 0x03, 0x01, 0x0c, 0x01, 0x06, 0x09, 0x0a, 0x03, 0x00, 0x06, 0xfe, 0x9c,
    0x01, 0x01, 0x06, 0x92, 0x1e, 0x07, 0x02, 0x09, 0x08, 0x05, 0x00, 0x06, 0xe2, 0x27, 0x06, 0x31, 0x03, 0x06, 0x11, 0x6e, 0x02, 0x01, 0x06, 0x30,
    0x09, 0x01, 0x06, 0x00, 0x06, 0x77, 0x05, 0x06, 0x10, 0x2a, 0x06, 0x10, 0x0f, 0x06, 0x15, 0x02, 0x03, 0x01, 0x01, 0x06, 0x14, 0x0d, 0x09, 0x01,
    0x08, 0x00, 0x06, 0xfe, 0x0d, 0x01, 0x05, 0x06, 0x15, 0x0f, 0x06, 0x10, 0x02, 0x03, 0x01, 0x03, 0x06, 0x24, 0x04, 0x06, 0x0e, 0x12, 0x07, 0x01,
    0x06, 0x36, 0x01, 0x06, 0x14, 0x08, 0x08, 0x07, 0x06, 0xfe, 0x69, 0x07, 0x08, 0x06, 0xfe, 0x6a, 0x07, 0x09, 0x03, 0x02, 0x0a, 0x06, 0x20, 0x0b,
    0x00, 0x0c, 0x01, 0x06, 0x00, 0x0d, 0x09, 0x08, 0x06, 0x00, 0x06, 0xb9, 0x27, 0x06, 0x31, 0x03, 0x06, 0x11, 0x01, 0x06, 0x30, 0x02, 0x03, 0x01,
    0x5f, 0x07, 0x01, 0x06, 0xbf, 0x08, 0x08, 0x07, 0x06, 0xfe, 0x6b, 0x07, 0x08, 0x06, 0xfe, 0x6c, 0x07, 0x09, 0x03, 0x02, 0x0a, 0x06, 0x21, 0x0b,
    0x00, 0x0c, 0x01, 0x06, 0x00, 0x0d, 0x09, 0x03, 0x04, 0x00, 0x06, 0xfe, 0x6d, 0x07, 0x01, 0x06, 0xfe, 0x21, 0x01, 0xfe, 0x22, 0x01, 0x07, 0x02,
    0x06, 0xfe, 0x23, 0x01, 0x06, 0xfe, 0x24, 0x01, 0xfe, 0x25, 0x01, 0x07, 0x01, 0x09, 0x01, 0x08, 0x00, 0x06, 0xfe, 0x6e, 0x07, 0x05, 0x06, 0x15,
    0x0f, 0x06, 0x9d, 0x96, 0x06, 0x97, 0x02, 0x03, 0x02, 0x03, 0x06, 0x11, 0x6b, 0x02, 0x01, 0x06, 0x14, 0x08, 0x08, 0x07, 0x06, 0xfe, 0x6f, 0x07,
    0x08, 0x06, 0xfe, 0x70, 0x07, 0x09, 0x03, 0x02, 0x0a, 0x06, 0x20, 0x0b, 0x00, 0x0c, 0x01, 0x06, 0x00, 0x0d, 0x09, 0x0a, 0x04, 0x00, 0x06, 0xfe,
    0x71, 0x07, 0x01, 0x06, 0x23, 0x1e, 0x07, 0x03, 0x09, 0x03, 0x09, 0x00, 0x06, 0xfe, 0x72, 0x07, 0x05, 0x06, 0x17, 0x02, 0x03, 0x01, 0x03, 0x06,
    0x11, 0x04, 0x06, 0x3c, 0x42, 0x02, 0x69, 0x07, 0x01, 0x06, 0xfe, 0x68, 0x01, 0xd7, 0x09, 0x03, 0x02, 0x00, 0x06, 0xfe, 0x68, 0x01, 0xd8, 0x06,
    0xbe, 0x01, 0x06, 0x80, 0x09, 0x07, 0x06, 0x00, 0x06, 0xfe, 0x73, 0x07, 0x16, 0x09, 0x01, 0x06, 0x00, 0x06, 0xfe, 0x74, 0x07, 0x03, 0x06, 0x11,
    0x18, 0x06, 0x85, 0x64, 0x06, 0xfe, 0x33, 0x01, 0x25, 0x02, 0x02, 0x03, 0x01, 0x01, 0x06, 0x1c, 0x1d, 0x06, 0x2e, 0x02, 0x03, 0x01, 0x1a, 0x06,
    0x22, 0x09, 0x07, 0x07, 0x00, 0x06, 0xfe, 0x75, 0x07, 0x16, 0x09, 0x01, 0x05, 0x00, 0x06, 0xfe, 0x76, 0x07, 0x03, 0x06, 0x11, 0x64, 0x06, 0xfe,
    0x33, 0x01, 0x18, 0x06, 0x85, 0x02, 0x03, 0x01, 0x01, 0x06, 0x1c, 0x1d, 0x06, 0x2e, 0x02, 0x03, 0x01, 0x98, 0x02, 0x6a, 0x02, 0x6a, 0x02, 0x08,
    0x08, 0x07, 0x06, 0xfe, 0x77, 0x07, 0x08, 0x06, 0xfe, 0x78, 0x07, 0x09, 0x03, 0x02, 0x0a, 0x06, 0x20, 0x0b, 0x00, 0x0c, 0x01, 0x06, 0x09, 0x01,
    0x07, 0x00, 0x06, 0x5b, 0x05, 0x06, 0x10, 0x2a, 0x06, 0x10, 0x0f, 0x06, 0x15, 0x02, 0x03, 0x01, 0x19, 0x02, 0x01, 0x06, 0x14, 0x0d, 0x09, 0x04,
    0x06, 0x00, 0x06, 0xfe, 0x4d, 0x02, 0x01, 0x06, 0x53, 0x58, 0x09, 0x04, 0x05, 0x00, 0x06, 0xdd, 0x05, 0x06, 0x2c, 0x02, 0x03, 0x04, 0x04, 0x06,
    0x0e, 0x01, 0x06, 0x4c, 0x54, 0x09, 0x03, 0x08, 0x01, 0x06, 0x51, 0x0f, 0x06, 0x10, 0x55, 0x02, 0x4e, 0x02, 0x02, 0x03, 0x01, 0x19, 0x02, 0x12,
    0x07, 0x01, 0x06, 0x36, 0x00, 0x06, 0xfe, 0x4d, 0x02, 0x19, 0x02, 0x12, 0x07, 0x01, 0x06, 0x36, 0x08, 0x08, 0x07, 0x06, 0xfe, 0x79, 0x07, 0x08,
    0x06, 0xfe, 0x7a, 0x07, 0x09, 0x03, 0x02, 0x0a, 0x06, 0x21, 0x0b, 0x00, 0x0c, 0x01, 0x06, 0x00, 0x0d, 0x09, 0x0a, 0x04, 0x00, 0x06, 0xfe, 0x4e,
    0x02, 0x01, 0x06, 0x23, 0x1e, 0x07, 0x02, 0x09, 0x0a, 0x09, 0x01, 0x06, 0x23, 0x1e, 0x07, 0x02, 0x09, 0x04, 0x0a, 0x00, 0x06, 0xfe, 0x4f, 0x02,
    0x05, 0x06, 0x2c, 0x02, 0x03, 0x01, 0x04, 0x06, 0x0e, 0x01, 0x06, 0x4c, 0x59, 0x02, 0x5d, 0x03, 0x01, 0x63, 0x06, 0x66, 0x12, 0x07, 0x01, 0x06,
    0x36, 0x13, 0x06, 0x17, 0x09, 0x04, 0x09, 0x00, 0x06, 0xfe, 0x7b, 0x07, 0x01, 0x06, 0x53, 0x54, 0x09, 0x03, 0x07, 0x01, 0x06, 0x51, 0x55, 0x02,
    0x00, 0x06, 0xfe, 0x7c, 0x07, 0x4e, 0x01, 0x0f, 0x06, 0x2c, 0x02, 0x03, 0x01, 0x6b, 0x02, 0x59, 0x02, 0x5d, 0x03, 0x01, 0x63, 0x06, 0x66, 0x12,
    0x07, 0x01, 0x06, 0x36, 0x13, 0x06, 0x17, 0x04, 0x06, 0x0e, 0x59, 0x02, 0x5d, 0x03, 0x01, 0x63, 0x06, 0x66, 0x12, 0x07, 0x01, 0x06, 0x36, 0x13,
    0x06, 0x17, 0x04, 0x06, 0x0e, 0x00, 0x06, 0xfe, 0x4e, 0x02, 0x09, 0x04, 0x07, 0x00, 0x06, 0xfe, 0x7d, 0x07, 0x05, 0x06, 0x2c, 0x02, 0x03, 0x01,
    0x03, 0x06, 0x24, 0x04, 0x06, 0x0e, 0x01, 0x06, 0x4e, 0x25, 0x02, 0x12, 0x07, 0x01, 0x06, 0x36, 0x08, 0x08, 0x07, 0x06, 0xfe, 0x7e, 0x07, 0x08,
    0x06, 0xfe, 0x7f, 0x07, 0x09, 0x03, 0x02, 0x0a, 0x06, 0x41, 0x0b, 0x03, 0x01, 0x0c, 0x01, 0x06, 0x09, 0x0a, 0x03, 0x00, 0x06, 0xfe, 0xe9, 0x01,
    0x01, 0x06, 0x92, 0x1e, 0x07, 0x02, 0x09, 0x08, 0x05, 0x00, 0x06, 0xfe, 0xea, 0x01, 0x27, 0x06, 0x31, 0x03, 0x06, 0x11, 0x6e, 0x02, 0x01, 0x06,
    0x30, 0x09, 0x01, 0x06, 0x00, 0x06, 0x77, 0x05, 0x06, 0x10, 0x2a, 0x06, 0x10, 0x0f, 0x06, 0x15, 0x02, 0x03, 0x01, 0x01, 0x06, 0x14, 0x0d, 0x09,
    0x0a, 0x06, 0x00, 0x06, 0xfe, 0x3b, 0x01, 0x01, 0x06, 0x23, 0x1e, 0x07, 0x04, 0x09, 0x03, 0x09, 0x01, 0x06, 0x80, 0xfe, 0x38, 0x01, 0x07, 0x02,
    0x06, 0x24, 0x06, 0x11, 0x02, 0x03, 0x01, 0x52, 0x01, 0x43, 0x03, 0x0a, 0x3f, 0x06, 0x1f, 0x42, 0x02, 0x4b, 0x06, 0x3b, 0x00, 0x06, 0xfe, 0x3b,
    0x01, 0x09, 0x04, 0x0a, 0x01, 0x06, 0x4e, 0x05, 0x06, 0x2c, 0x02, 0x03, 0x01, 0x98, 0x02, 0x52, 0x01, 0x43, 0x03, 0x0a, 0x3f, 0x06, 0x1f, 0x42,
    0x02, 0x4b, 0x06, 0x3b, 0x00, 0x06, 0xfe, 0x3b, 0x01, 0x09, 0x01, 0x08, 0x01, 0x06, 0x14, 0x05, 0x06, 0xf6, 0x0f, 0x06, 0x10, 0x02, 0x03, 0x01,
    0x52, 0x01, 0x42, 0x02, 0x4b, 0x06, 0x3b, 0x00, 0x06, 0xfe, 0x3b, 0x01, 0x09, 0x01, 0x07, 0x01, 0x06, 0x14, 0x05, 0x06, 0xfe, 0x28, 0x02, 0x0f,
    0x06, 0x15, 0x52, 0x02, 0x42, 0x02, 0x4b, 0x06, 0x3b, 0x00, 0x06, 0xfe, 0x3b, 0x01, 0x4b, 0x06, 0x3b, 0x42, 0x02, 0x52, 0x02, 0x08, 0x08, 0x07,
    0x06, 0xfe, 0x80, 0x07, 0x08, 0x06, 0xfe, 0x81, 0x07, 0x09, 0x03, 0x02, 0x0a, 0x06, 0xc0, 0x0b, 0x00, 0x0c, 0x01, 0x06, 0x09, 0x08, 0x06, 0x00,
    0x06, 0xd3, 0x27, 0x06, 0x31, 0x03, 0x06, 0x11, 0x19, 0x02, 0x6e, 0x02, 0x01, 0x06, 0x30, 0x0d, 0x09, 0x08, 0x0b, 0x00, 0x06, 0xfe, 0x82, 0x07,
    0x16, 0x09, 0x04, 0x06, 0x00, 0x06, 0xfe, 0x83, 0x07, 0x12, 0x07, 0x01, 0x06, 0xfe, 0x26, 0x01, 0x04, 0x06, 0x0e, 0x13, 0x06, 0x17, 0x03, 0x06,
    0x11, 0xd6, 0x02, 0x05, 0x06, 0x17, 0x27, 0x06, 0x31, 0x02, 0x03, 0x01, 0x03, 0x06, 0x11, 0x04, 0x06, 0x3c, 0x01, 0x06, 0x30, 0x6a, 0x02, 0xae,
    0x03, 0x03, 0xac, 0x06, 0x47, 0x08, 0x08, 0x07, 0x06, 0xfe, 0x84, 0x07, 0x08, 0x06, 0xfe, 0x85, 0x07, 0x09, 0x03, 0x02, 0x0a, 0x06, 0x33, 0x0b,
    0x00, 0x0c, 0x01, 0x06, 0x00, 0x0d, 0x09, 0x07, 0x0b, 0x00, 0x06, 0xfe, 0x86, 0x07, 0x01, 0x06, 0x1c, 0x1d, 0x06, 0x35, 0x02, 0x03, 0x01, 0x1b,
    0x07, 0x01, 0x06, 0x56, 0x59, 0x02, 0x5d, 0x03, 0x01, 0x63, 0x06, 0x66, 0xb8, 0x06, 0x31, 0x13, 0x06, 0x17, 0x04, 0x06, 0x3c, 0x08, 0x08, 0x07,
    0x06, 0xfe, 0x87, 0x07, 0x08, 0x06, 0xfe, 0x88, 0x07, 0x09, 0x03, 0x02, 0x0a, 0x06, 0x20, 0x0b, 0x00, 0x0c, 0x01, 0x06, 0x09, 0x08, 0x06, 0x00,
    0x06, 0xd3, 0x27, 0x06, 0x31, 0x03, 0x06, 0x11, 0x19, 0x02, 0x6e, 0x02, 0x01, 0x06, 0x30, 0x0d, 0x09, 0x08, 0x0b, 0x00, 0x06, 0xfe, 0x89, 0x07,
    0x27, 0x06, 0x67, 0x02, 0x03, 0x01, 0x01, 0x06, 0x30, 0x03, 0x06, 0x49, 0x59, 0x02, 0x5d, 0x03, 0x01, 0x63, 0x06, 0x66, 0x12, 0x07, 0x01, 0x06,
    0xf9, 0x13, 0x06, 0x17, 0x04, 0x06, 0x0e, 0x08, 0x08, 0x07, 0x06, 0xfe, 0x8a, 0x07, 0x08, 0x06, 0xfe, 0x8b, 0x07, 0x09, 0x03, 0x02, 0x0a, 0x06,
    0x20, 0x0b, 0x00, 0x0c, 0x01, 0x06, 0x00, 0x0d, 0x09, 0x0a, 0x0a, 0x00, 0x06, 0xfe, 0x8c, 0x07, 0x01, 0x06, 0xef, 0xf0, 0x09, 0x09, 0x07, 0x00,
    0x06, 0xfe, 0x8d, 0x07, 0x01, 0x06, 0xb2, 0xb3, 0x06, 0x33, 0xb4, 0x06, 0xfe, 0x8e, 0x07, 0x4b, 0x06, 0x3b, 0xb5, 0x09, 0x05, 0x04, 0x00, 0x06,
    0xfe, 0x8f, 0x07, 0x01, 0x06, 0x38, 0x29, 0x03, 0x02, 0x28, 0x06, 0x34, 0x13, 0x06, 0x5e, 0x16, 0x09, 0x01, 0x09, 0x02, 0x03, 0x01, 0x18, 0x06,
    0x1f, 0x00, 0x06, 0xfe, 0x90, 0x07, 0x13, 0x06, 0x5e, 0x04, 0x06, 0x0e, 0x12, 0x07, 0x01, 0x06, 0x50, 0x3d, 0x06, 0x3b, 0x4b, 0x06, 0x3b, 0x83,
    0x06, 0xf5, 0xfe, 0x0f, 0x01, 0x09, 0x01, 0x07, 0x02, 0x03, 0x02, 0x18, 0x06, 0x1f, 0x00, 0x06, 0xfe, 0x91, 0x07, 0x13, 0x06, 0x5e, 0x12, 0x07,
    0x01, 0x06, 0x50, 0x04, 0x06, 0x0e, 0x3d, 0x06, 0x3b, 0x94, 0x09, 0x09, 0x08, 0x00, 0x06, 0xfe, 0xa7, 0x01, 0x1a, 0x06, 0x22, 0x01, 0x06, 0xb2,
    0xb3, 0x06, 0x33, 0xb4, 0x06, 0xc2, 0x4b, 0x06, 0x3b, 0xb5, 0x09, 0x05, 0x04, 0x00, 0x06, 0xa5, 0x01, 0x06, 0x38, 0x29, 0x03, 0x01, 0x28, 0x06,
    0x34, 0x13, 0x06, 0x5e, 0x5f, 0x07, 0x01, 0x06, 0xfe, 0x50, 0x02, 0xc1, 0x09, 0x05, 0x05, 0x68, 0x02, 0x00, 0x06, 0xfe, 0x50, 0x02, 0x39, 0x09,
    0x03, 0x03, 0x26, 0x06, 0x68, 0x13, 0x06, 0x17, 0x3d, 0x06, 0x3b, 0x13, 0x06, 0x17, 0x3d, 0x06, 0x3b, 0x4b, 0x06, 0x3b, 0x3d, 0x06, 0x3b, 0x08,
    0x08, 0x07, 0x06, 0xfe, 0x92, 0x07, 0x08, 0x06, 0xfe, 0x93, 0x07, 0x09, 0x03, 0x02, 0x0a, 0x06, 0x20, 0x0b, 0x00, 0x0c, 0x01, 0x06, 0x00, 0x0d,
    0x09, 0x02, 0x06, 0x00, 0x06, 0xfe, 0x94, 0x07, 0x16, 0x09, 0x01, 0x04, 0x00, 0x06, 0xfe, 0x85, 0x01, 0x04, 0x06, 0x0e, 0x13, 0x06, 0x5e, 0x03,
    0x06, 0x24, 0x01, 0x06, 0x32, 0x02, 0x03, 0x01, 0x05, 0x06, 0x2f, 0x0f, 0x06, 0x10, 0x08, 0x08, 0x07, 0x06, 0xfe, 0x95, 0x07, 0x08, 0x06, 0xfe,
    0x96, 0x07, 0x09, 0x03, 0x02, 0x0a, 0x06, 0x20, 0x0b, 0x00, 0x0c, 0x01, 0x06, 0x00, 0x0d, 0x09, 0x0a, 0x04, 0x00, 0x06, 0xfe, 0x97, 0x07, 0x01,
    0x06, 0x23, 0x1e, 0x07, 0x02, 0x09, 0x01, 0x09, 0x00, 0x06, 0xfe, 0x98, 0x07, 0x05, 0x06, 0x15, 0x0f, 0x06, 0x2c, 0x02, 0x03, 0x01, 0x03, 0x06,
    0x24, 0x04, 0x06, 0x0e, 0x12, 0x07, 0x01, 0x06, 0x50, 0x6b, 0x02, 0x01, 0x06, 0x14, 0x09, 0x02, 0x07, 0x00, 0x06, 0xfe, 0x99, 0x07, 0x16, 0x09,
    0x07, 0x02, 0xb8, 0x06, 0x31, 0x00, 0x06, 0xfe, 0x51, 0x02, 0x01, 0x06, 0x32, 0x02, 0x03, 0x01, 0x05, 0x06, 0x2f, 0x0f, 0x06, 0x10, 0x12, 0x07,
    0x01, 0x06, 0x50, 0x12, 0x07, 0x01, 0x06, 0x50, 0x08, 0x08, 0x07, 0x06, 0xfe, 0x9a, 0x07, 0x08, 0x06, 0xfe, 0x9b, 0x07, 0x09, 0x03, 0x02, 0x0a,
    0x06, 0x41, 0x0b, 0x03, 0x01, 0x0c, 0x01, 0x06, 0x09, 0x01, 0x06, 0x00, 0x06, 0xfe, 0x9c, 0x07, 0x05, 0x06, 0x10, 0x2a, 0x06, 0x10, 0x0f, 0x06,
    0x15, 0x02, 0x03, 0x03, 0x01, 0x06, 0x14, 0x0d, 0x09, 0x0a, 0x05, 0x00, 0x06, 0xfe, 0x9d, 0x07, 0x01, 0x06, 0x23, 0x1e, 0x07, 0x02, 0x09, 0x01,
    0x09, 0x00, 0x06, 0xfe, 0x9e, 0x07, 0x16, 0x09, 0x04, 0x06, 0x00, 0x06, 0xfe, 0x9f, 0x07, 0x12, 0x07, 0x01, 0x06, 0xea, 0x04, 0x06, 0x0e, 0x13,
    0x06, 0x17, 0x03, 0x06, 0x11, 0x42, 0x02, 0x05, 0x06, 0x15, 0x0f, 0x06, 0x10, 0x02, 0x03, 0x01, 0x03, 0x06, 0x24, 0x04, 0x06, 0x0e, 0x12, 0x07,
    0x01, 0x06, 0x50, 0x01, 0x06, 0x14, 0x09, 0x0d, 0x0d, 0x00, 0x06, 0xfe, 0xa0, 0x07, 0x59, 0x02, 0x5d, 0x03, 0x01, 0x63, 0x06, 0x84, 0x05, 0x06,
    0x10, 0x0f, 0x06, 0x15, 0x02, 0x03, 0x01, 0x01, 0x06, 0xa2, 0x03, 0x06, 0x2d, 0x65, 0x09, 0x03, 0x02, 0x26, 0x06, 0x59, 0x6d, 0x06, 0xfe, 0x90,
    0x01, 0x28, 0x06, 0xc3, 0x42, 0x02, 0x12, 0x07, 0x02, 0x06, 0xea, 0x06, 0x50, 0x42, 0x02, 0x12, 0x07, 0x02, 0x06, 0xea, 0x06, 0x50, 0x08, 0x08,
    0x07, 0x06, 0xfe, 0xa1, 0x07, 0x08, 0x06, 0xfe, 0xa2, 0x07, 0x09, 0x03, 0x02, 0x0a, 0x06, 0x20, 0x0b, 0x00, 0x0c, 0x01, 0x06, 0x09, 0x08, 0x08,
    0x00, 0x06, 0xfe, 0xa3, 0x07, 0x27, 0x06, 0x31, 0x02, 0x03, 0x03, 0x03, 0x06, 0x11, 0x19, 0x02, 0x6b, 0x02, 0x99, 0x02, 0x01, 0x06, 0x30, 0x0d,
    0x09, 0x02, 0x09, 0x00, 0x06, 0xfe, 0xa4, 0x07, 0x02, 0x03, 0x01, 0x01, 0x06, 0x32, 0x05, 0x06, 0x2f, 0x0f, 0x06, 0x10, 0x59, 0x02, 0x5d, 0x03,
    0x01, 0x63, 0x06, 0x66, 0xb8, 0x06, 0x31, 0x08, 0x08, 0x07, 0x06, 0xfe, 0xa5, 0x07, 0x08, 0x06, 0xfe, 0xa6, 0x07, 0x09, 0x03, 0x02, 0x0a, 0x06,
    0x20, 0x0b, 0x00, 0x0c, 0x01, 0x06, 0x00, 0x0d, 0x09, 0x08, 0x0a, 0x00, 0x06, 0xfe, 0xa7, 0x07, 0x05, 0x06, 0x17, 0x27, 0x06, 0x31, 0x02, 0x03,
    0x01, 0x03, 0x06, 0x11, 0x04, 0x06, 0x3c, 0x01, 0x06, 0x30, 0x6a, 0x02, 0xae, 0x03, 0x01, 0xac, 0x06, 0x47, 0x08, 0x08, 0x07, 0x06, 0xfe, 0xa8,
    0x07, 0x08, 0x06, 0xfe, 0xa9, 0x07, 0x09, 0x03, 0x02, 0x0a, 0x06, 0x20, 0x0b, 0x00, 0x0c, 0x01, 0x06, 0x00, 0x0d, 0x09, 0x0b, 0x06, 0x00, 0x06,
    0xfe, 0xaa, 0x07, 0x01, 0x06, 0xba, 0xbb, 0x06, 0xfe, 0xab, 0x07, 0x04, 0x06, 0x76, 0x1a, 0x06, 0x8f, 0x03, 0x06, 0x11, 0x08, 0x08, 0x07, 0x06,
    0xfe, 0xac, 0x07, 0x08, 0x06, 0xfe, 0xad, 0x07, 0x09, 0x03, 0x02, 0x0a, 0x06, 0x21, 0x0b, 0x00, 0x0c, 0x01, 0x06, 0x09, 0x01, 0x07, 0x00, 0x06,
    0x5b, 0x05, 0x06, 0x10, 0x2a, 0x06, 0x10, 0x0f, 0x06, 0x15, 0x02, 0x03, 0x01, 0x19, 0x02, 0x01, 0x06, 0x14, 0x0d, 0x09, 0x07, 0x08, 0x00, 0x06,
    0xfe, 0xae, 0x07, 0x1a, 0x06, 0x22, 0x03, 0x06, 0x11, 0x04, 0x06, 0x0e, 0x42, 0x02, 0x01, 0x06, 0x1c, 0x1d, 0x06, 0x2e, 0x02, 0x03, 0x01, 0x08,
    0x08, 0x07, 0x06, 0xfe, 0xaf, 0x07, 0x08, 0x06, 0xfe, 0xb0, 0x07, 0x09, 0x03, 0x02, 0x0a, 0x06, 0x20, 0x0b, 0x00, 0x0c, 0x01, 0x06, 0x00, 0x0d,
    0x09, 0x08, 0x0b, 0x00, 0x06, 0xfe, 0xb1, 0x07, 0x16, 0x09, 0x01, 0x08, 0x04, 0x06, 0x0e, 0x71, 0x06, 0x7e, 0x00, 0x06, 0xfe, 0x52, 0x02, 0x13,
    0x06, 0x17, 0x02, 0x03, 0x02, 0x18, 0x06, 0x1f, 0x7c, 0x06, 0x66, 0x12, 0x07, 0x01, 0x06, 0xfe, 0x26, 0x01, 0x05, 0x06, 0x17, 0x43, 0x03, 0x04,
    0x3f, 0x06, 0x47, 0x27, 0x06, 0x31, 0x02, 0x03, 0x01, 0x03, 0x06, 0x11, 0x04, 0x06, 0x3c, 0x01, 0x06, 0x30, 0x71, 0x06, 0x7e, 0x08, 0x08, 0x07,
    0x06, 0xfe, 0xb2, 0x07, 0x08, 0x06, 0xfe, 0xb3, 0x07, 0x09, 0x03, 0x02, 0x0a, 0x06, 0x20, 0x0b, 0x00, 0x0c, 0x01, 0x06, 0x00, 0x0d, 0x09, 0x08,
    0x09, 0x00, 0x06, 0xfe, 0xb4, 0x07, 0x05, 0x06, 0x17, 0x27, 0x06, 0x67, 0x02, 0x03, 0x01, 0x03, 0x06, 0x11, 0x04, 0x06, 0x0e, 0x12, 0x07, 0x01,
    0x06, 0xf9, 0x6b, 0x02, 0x01, 0x06, 0x30, 0x08, 0x08, 0x07, 0x06, 0xfe, 0xb5, 0x07, 0x08, 0x06, 0xfe, 0xb6, 0x07, 0x09, 0x03, 0x02, 0x0a, 0x06,
    0x41, 0x0b, 0x03, 0x01, 0x0c, 0x01, 0x06, 0x09, 0x07, 0x05, 0x00, 0x06, 0xa1, 0x3e, 0x03, 0x02, 0x02, 0x03, 0x02, 0x01, 0x06, 0x48, 0x05, 0x06,
    0x2b, 0x0d, 0x09, 0x0a, 0x05, 0x00, 0x06, 0xfe, 0xb7, 0x07, 0x01, 0x06, 0xa9, 0x94, 0x09, 0x04, 0x07, 0x00, 0x06, 0xfe, 0xb8, 0x07, 0x05, 0x06,
    0x10, 0x02, 0x03, 0x01, 0x04, 0x06, 0x0e, 0x01, 0x06, 0x4e, 0xfe, 0x53, 0x02, 0x02, 0xfe, 0x54, 0x02, 0x06, 0x3c, 0xaa, 0x09, 0x01, 0x03, 0x00,
    0x06, 0xfe, 0xb9, 0x07, 0x13, 0x06, 0x3a, 0x03, 0x06, 0x24, 0x9e, 0x09, 0x09, 0x08, 0x00, 0x06, 0xfe, 0xba, 0x07, 0x1a, 0x06, 0x22, 0x03, 0x06,
    0x11, 0x01, 0x06, 0xb2, 0xb3, 0x06, 0x33, 0xb4, 0x06, 0xc2, 0xb5, 0x09, 0x05, 0x04, 0x00, 0x06, 0xa5, 0x01, 0x06, 0x38, 0x29, 0x03, 0x01, 0x28,
    0x06, 0x34, 0x25, 0x02, 0x08, 0x08, 0x07, 0x06, 0xfe, 0xbb, 0x07, 0x08, 0x06, 0xfe, 0xbc, 0x07, 0x09, 0x03, 0x02, 0x0a, 0x06, 0x33, 0x0b, 0x00,
    0x0c, 0x01, 0x06, 0x00, 0x0d, 0x09, 0x0d, 0x0a, 0x00, 0x06, 0xfe, 0xbd, 0x07, 0x16, 0x09, 0x04, 0x05, 0x00, 0x06, 0xfe, 0xbe, 0x07, 0x12, 0x07,
    0x01, 0x06, 0xea, 0x04, 0x06, 0x0e, 0x13, 0x06, 0x5e, 0x03, 0x06, 0x24, 0x05, 0x06, 0x10, 0x03, 0x06, 0x11, 0x01, 0x06, 0xa2, 0x28, 0x06, 0xc3,
    0x13, 0x06, 0x10, 0x29, 0x03, 0x02, 0x02, 0x03, 0x02, 0x25, 0x02, 0x08, 0x08, 0x07, 0x06, 0xfe, 0xbf, 0x07, 0x08, 0x06, 0xfe, 0xc0, 0x07, 0x09,
    0x03, 0x02, 0x0a, 0x06, 0xc0, 0x0b, 0x00, 0x0c, 0x01, 0x06, 0x09, 0x08, 0x07, 0x00, 0x06, 0xfe, 0xc1, 0x07, 0x27, 0x06, 0x31, 0x02, 0x03, 0x01,
    0x03, 0x06, 0x11, 0x12, 0x07, 0x01, 0x06, 0xfe, 0x26, 0x01, 0x19, 0x02, 0x01, 0x06, 0x30, 0x0d, 0x09, 0x08, 0x0c, 0x00, 0x06, 0xfe, 0x55, 0x02,
    0x05, 0x06, 0x17, 0x27, 0x06, 0x31, 0xb8, 0x06, 0x67, 0x02, 0x03, 0x01, 0x03, 0x06, 0x11, 0x01, 0x06, 0x30, 0x04, 0x06, 0x3c, 0xe9, 0x06, 0x3c,
    0x5f, 0x07, 0x01, 0x06, 0xfe, 0x56, 0x02, 0xc1, 0x09, 0x01, 0x03, 0x13, 0x06, 0x17, 0x3d, 0x06, 0x3b, 0x00, 0x06, 0xfe, 0x56, 0x02, 0x4b, 0x06,
    0x3b, 0x08, 0x08, 0x07, 0x06, 0xfe, 0xc2, 0x07, 0x08, 0x06, 0xfe, 0xc3, 0x07, 0x09, 0x03, 0x02, 0x0a, 0x06, 0x57, 0x0b, 0x03, 0x01, 0x0c, 0x01,
    0x06, 0x00, 0x0d, 0x09, 0x02, 0x06, 0x00, 0x06, 0xfe, 0xc4, 0x07, 0x16, 0x09, 0x07, 0x09, 0x00, 0x06, 0xfe, 0xc5, 0x07, 0x39, 0x09, 0x03, 0x03,
    0x26, 0x06, 0x27, 0xfe, 0xa8, 0x01, 0x06, 0x67, 0xfe, 0xa9, 0x01, 0x06, 0x31, 0x04, 0x06, 0x3c, 0x13, 0x06, 0x17, 0x03, 0x06, 0x11, 0x18, 0x06,
    0x47, 0x64, 0x06, 0x06, 0x43, 0x03, 0x04, 0x3f, 0x06, 0x47, 0x01, 0x06, 0x32, 0x02, 0x03, 0x01, 0x05, 0x06, 0x2f, 0x0f, 0x06, 0x10, 0x08, 0x08,
    0x07, 0x06, 0xfe, 0xc6, 0x07, 0x08, 0x06, 0xfe, 0xc7, 0x07, 0x09, 0x03, 0x02, 0x0a, 0x06, 0x20, 0x0b, 0x00, 0x0c, 0x01, 0x06, 0x09, 0x01, 0x07,
    0x00, 0x06, 0x5b, 0x05, 0x06, 0x10, 0x2a, 0x06, 0x10, 0x0f, 0x06, 0x15, 0x02, 0x03, 0x01, 0x19, 0x02, 0x01, 0x06, 0x14, 0x0d, 0x09, 0x04, 0x06,
    0x00, 0x06, 0xfe, 0x57, 0x02, 0x01, 0x06, 0x53, 0x58, 0x09, 0x04, 0x05, 0x00, 0x06, 0xdd, 0x05, 0x06, 0x2c, 0x02, 0x03, 0x04, 0x04, 0x06, 0x0e,
    0x01, 0x06, 0x4c, 0x54, 0x09, 0x03, 0x08, 0x01, 0x06, 0x51, 0x0f, 0x06, 0x10, 0x55, 0x02, 0x4e, 0x02, 0x02, 0x03, 0x01, 0x19, 0x02, 0x12, 0x07,
    0x01, 0x06, 0xea, 0x00, 0x06, 0xfe, 0x57, 0x02, 0x19, 0x02, 0x12, 0x07, 0x01, 0x06, 0xea, 0x08, 0x08, 0x07, 0x06, 0xfe, 0xc8, 0x07, 0x08, 0x06,
    0xfe, 0xc9, 0x07, 0x09, 0x03, 0x02, 0x0a, 0x06, 0x20, 0x0b, 0x00, 0x0c, 0x01, 0x06, 0x09, 0x08, 0x06, 0x00, 0x06, 0xd3, 0x27, 0x06, 0x31, 0x03,
    0x06, 0x11, 0x19, 0x02, 0x6e, 0x02, 0x01, 0x06, 0x30, 0x0d, 0x09, 0x0a, 0x04, 0x00, 0x06, 0xfe, 0xca, 0x07, 0x01, 0x06, 0x23, 0x1e, 0x07, 0x02,
    0x09, 0x02, 0x06, 0x00, 0x06, 0xfe, 0x4c, 0x01, 0x02, 0x03, 0x01, 0x01, 0x06, 0x32, 0x05, 0x06, 0x2f, 0x0f, 0x06, 0x10, 0x12, 0x07, 0x01, 0x06,
    0xf9, 0x09, 0x01, 0x08, 0x00, 0x06, 0x77, 0x05, 0x06, 0x10, 0x0f, 0x06, 0x15, 0x02, 0x03, 0x01, 0x01, 0x06, 0x14, 0x03, 0x06, 0x2d, 0x16, 0x09,
    0x05, 0x07, 0x68, 0x02, 0x00, 0x06, 0xfe, 0xcb, 0x07, 0x39, 0x09, 0x03, 0x03, 0x26, 0x06, 0x68, 0x13, 0x06, 0x17, 0x75, 0x02, 0x13, 0x06, 0x17,
    0x12, 0x07, 0x01, 0x06, 0xf9, 0x79, 0x02, 0x03, 0x06, 0x11, 0x1a, 0x06, 0xfe, 0xcc, 0x07, 0x12, 0x07, 0x01, 0x06, 0xf9, 0x08, 0x08, 0x07, 0x06,
    0xfe, 0xcd, 0x07, 0x08, 0x06, 0xfe, 0xce, 0x07, 0x09, 0x03, 0x02, 0x0a, 0x06, 0x20, 0x0b, 0x00, 0x0c, 0x01, 0x06, 0x00, 0x0d, 0x09, 0x01, 0x0c,
    0x00, 0x06, 0xfe, 0xcf, 0x07, 0x05, 0x06, 0x15, 0x0f, 0x06, 0xf3, 0x43, 0x03, 0x02, 0x3f, 0x06, 0x47, 0x27, 0x06, 0x31, 0x02, 0x03, 0x01, 0x03,
    0x06, 0x11, 0x04, 0x06, 0x76, 0x98, 0x02, 0x01, 0x06, 0x14, 0x5f, 0x07, 0x01, 0x06, 0xfe, 0xaa, 0x01, 0x08, 0x08, 0x07, 0x06, 0xfe, 0xd0, 0x07,
    0x08, 0x06, 0xfe, 0xd1, 0x07, 0x09, 0x03, 0x02, 0x0a, 0x06, 0x21, 0x0b, 0x00, 0x0c, 0x01, 0x06, 0x00, 0x0d, 0x09, 0x02, 0x06, 0x00, 0x06, 0xfe,
    0xd2, 0x07, 0x16, 0x09, 0x02, 0x08, 0x00, 0x06, 0xfe, 0x58, 0x02, 0x04, 0x06, 0x0e, 0x13, 0x06, 0x17, 0x03, 0x06, 0x11, 0x7f, 0x06, 0x3c, 0x18,
    0x06, 0xc4, 0x64, 0x06, 0x06, 0x60, 0x06, 0x61, 0x01, 0x06, 0x32, 0x02, 0x03, 0x01, 0x05, 0x06, 0x2f, 0x0f, 0x06, 0x10, 0x08, 0x08, 0x07, 0x06,
    0xfe, 0xd3, 0x07, 0x08, 0x06, 0xfe, 0xd4, 0x07, 0x09, 0x03, 0x02, 0x0a, 0x06, 0x20, 0x0b, 0x00, 0x0c, 0x01, 0x06, 0x00, 0x0d, 0x09, 0x08, 0x06,
    0x00, 0x06, 0xfe, 0xd5, 0x07, 0x16, 0x09, 0x02, 0x08, 0x00, 0x06, 0xfe, 0x19, 0x01, 0x04, 0x06, 0x0e, 0x13, 0x06, 0x5e, 0x03, 0x06, 0x24, 0x02,
    0x03, 0x06, 0x18, 0x06, 0x1f, 0x64, 0x06, 0x8c, 0x60, 0x06, 0x61, 0x27, 0x06, 0x67, 0x02, 0x03, 0x02, 0x01, 0x06, 0x30, 0x03, 0x06, 0x49, 0x08,
    0x08, 0x07, 0x06, 0xfe, 0xd6, 0x07, 0x08, 0x06, 0xfe, 0xd7, 0x07, 0x09, 0x03, 0x02, 0x0a, 0x06, 0x20, 0x0b, 0x00, 0x0c, 0x01, 0x06, 0x00, 0x0d,
    0x09, 0x04, 0x06, 0x00, 0x06, 0xfe, 0x59, 0x02, 0x01, 0x06, 0x53, 0x16, 0x09, 0x02, 0x08, 0x00, 0x06, 0xfe, 0x5a, 0x02, 0x04, 0x06, 0x0e, 0x13,
    0x06, 0x5e, 0x03, 0x06, 0x24, 0x02, 0x03, 0x03, 0x18, 0x06, 0x1f, 0x64, 0x06, 0x8c, 0x60, 0x06, 0x61, 0x58, 0x09, 0x04, 0x05, 0x00, 0x06, 0x8e,
    0x05, 0x06, 0x2c, 0x02, 0x03, 0x05, 0x04, 0x06, 0x0e, 0x01, 0x06, 0x4c, 0x54, 0x09, 0x03, 0x09, 0x01, 0x06, 0x51, 0x0f, 0x06, 0x10, 0x55, 0x02,
    0x4e, 0x02, 0x02, 0x03, 0x01, 0x03, 0x06, 0x11, 0x19, 0x02, 0x12, 0x07, 0x01, 0x06, 0x50, 0x00, 0x06, 0xfe, 0x59, 0x02, 0x12, 0x07, 0x01, 0x06,
    0x50, 0x08, 0x08, 0x07, 0x06, 0xfe, 0xd8, 0x07, 0x08, 0x06, 0xfe, 0xd9, 0x07, 0x09, 0x03, 0x02, 0x0a, 0x06, 0x20, 0x0b, 0x00, 0x0c, 0x01, 0x06,
    0x00, 0x0d, 0x09, 0x09, 0x07, 0x00, 0x06, 0xfe, 0xda, 0x07, 0x16, 0x09, 0x00, 0x07, 0x18, 0x06, 0x81, 0x70, 0x07, 0x02, 0x09, 0x01, 0x05, 0x02,
    0x03, 0x01, 0x18, 0x06, 0x1f, 0x00, 0x06, 0xfe, 0xdb, 0x07, 0x13, 0x06, 0x5e, 0x04, 0x06, 0x0e, 0x09, 0x02, 0x06, 0x00, 0x06, 0xfe, 0xdc, 0x07,
    0x18, 0x06, 0x47, 0x64, 0x06, 0x8c, 0x60, 0x06, 0x61, 0x43, 0x03, 0x01, 0x02, 0x03, 0x01, 0x00, 0x06, 0xfe, 0xdd, 0x07, 0x04, 0x06, 0x0e, 0x13,
    0x06, 0x5e, 0x03, 0x06, 0x24, 0x60, 0x06, 0x61, 0x01, 0x06, 0xb2, 0xb3, 0x06, 0x33, 0xb4, 0x06, 0xc2, 0x1a, 0x06, 0x22, 0xb5, 0x09, 0x05, 0x04,
    0x00, 0x06, 0xa5, 0x01, 0x06, 0x38, 0x29, 0x03, 0x01, 0x28, 0x06, 0x34, 0x08, 0x08, 0x07, 0x06, 0xfe, 0xde, 0x07, 0x08, 0x06, 0xfe, 0xdf, 0x07,
    0x09, 0x03, 0x02, 0x0a, 0x06, 0x33, 0x0b, 0x00, 0x0c, 0x01, 0x06, 0x00, 0x0d, 0x09, 0x0d, 0x0b, 0x00, 0x06, 0xfe, 0xe0, 0x07, 0x16, 0x09, 0x02,
    0x08, 0x00, 0x06, 0xfe, 0x16, 0x02, 0x04, 0x06, 0x0e, 0x13, 0x06, 0x5e, 0x03, 0x06, 0x24, 0x02, 0x03, 0x06, 0x18, 0x06, 0x1f, 0x64, 0x06, 0x8c,
    0x60, 0x06, 0x61, 0x1a, 0x06, 0x5a, 0x40, 0x02, 0x05, 0x06, 0x17, 0x03, 0x06, 0x11, 0x01, 0x06, 0xa2, 0x28, 0x06, 0x34, 0x29, 0x03, 0x03, 0x02,
    0x03, 0x03, 0x25, 0x02, 0x08, 0x08, 0x07, 0x06, 0xfe, 0xe1, 0x07, 0x08, 0x06, 0xfe, 0xe2, 0x07, 0x09, 0x03, 0x02, 0x0a, 0x06, 0x20, 0x0b, 0x00,
    0x0c, 0x01, 0x06, 0x00, 0x0d, 0x09, 0x08, 0x09, 0x00, 0x06, 0xfe, 0x55, 0x02, 0x05, 0x06, 0x17, 0x27, 0x06, 0x31, 0xb8, 0x06, 0x67, 0x02, 0x03,
    0x01, 0x03, 0x06, 0x11, 0x01, 0x06, 0x30, 0x04, 0x06, 0x3c, 0xe9, 0x06, 0x3c, 0x08, 0x08, 0x07, 0x06, 0xfe, 0xe3, 0x07, 0x08, 0x06, 0xfe, 0xe4,
    0x07, 0x09, 0x03, 0x02, 0x0a, 0x06, 0x20, 0x0b, 0x00, 0x0c, 0x01, 0x06, 0x00, 0x0d, 0x09, 0x02, 0x06, 0x00, 0x06, 0xfe, 0xe5, 0x07, 0x16, 0x09,
    0x02, 0x08, 0x00, 0x06, 0xfe, 0x5a, 0x02, 0x04, 0x06, 0x0e, 0x13, 0x06, 0x5e, 0x03, 0x06, 0x24, 0x02, 0x03, 0x03, 0x18, 0x06, 0x1f, 0x64, 0x06,
    0x8c, 0x60, 0x06, 0x61, 0x01, 0x06, 0x32, 0x02, 0x03, 0x01, 0x05, 0x06, 0x2f, 0x0f, 0x06, 0x10, 0x08, 0x08, 0x07, 0x06, 0xfe, 0xe6, 0x07, 0x08,
    0x06, 0xfe, 0xe7, 0x07, 0x09, 0x03, 0x02, 0x0a, 0x06, 0x21, 0x0b, 0x00, 0x0c, 0x01, 0x06, 0x00, 0x0d, 0x09, 0x05, 0x07, 0x00, 0x06, 0xfe, 0xe8,
    0x07, 0x16, 0x09, 0x04, 0x09, 0x00, 0x06, 0xfe, 0xe9, 0x07, 0x12, 0x07, 0x01, 0x06, 0x50, 0x04, 0x06, 0x0e, 0x03, 0x06, 0x11, 0x02, 0x03, 0x09,
    0x18, 0x06, 0x1f, 0xae, 0x03, 0x09, 0xac, 0x06, 0x1f, 0x3d, 0x06, 0x3b, 0x01, 0x06, 0x38, 0x29, 0x03, 0x02, 0x28, 0x06, 0x34, 0x25, 0x02, 0x3d,
    0x06, 0x3b, 0x08, 0x08, 0x07, 0x06, 0xfe, 0xea, 0x07, 0x08, 0x06, 0xfe, 0xeb, 0x07, 0x09, 0x03, 0x02, 0x0a, 0x06, 0x37, 0x0b, 0x00, 0x0c, 0x01,
    0x06, 0x00, 0x0d, 0x09, 0x01, 0x09, 0x00, 0x06, 0xfe, 0xec, 0x07, 0x16, 0x09, 0x02, 0x05, 0x00, 0x06, 0xfe, 0xed, 0x07, 0x04, 0x06, 0x0e, 0x86,
    0x06, 0x3e, 0x18, 0x06, 0xc4, 0x7f, 0x06, 0x3c, 0x05, 0x06, 0x6c, 0x0f, 0x06, 0x2b, 0x27, 0x06, 0x31, 0x02, 0x03, 0x01, 0x03, 0x06, 0x49, 0x04,
    0x06, 0x0e, 0x01, 0x06, 0x14, 0x08, 0x08, 0x07, 0x06, 0xfe, 0xee, 0x07, 0x08, 0x06, 0xfe, 0xef, 0x07, 0x09, 0x03, 0x02, 0x0a, 0x06, 0x21, 0x0b,
    0x00, 0x0c, 0x01, 0x06, 0x00, 0x0d, 0x09, 0x03, 0x05, 0x00, 0x06, 0xfe, 0xf0, 0x07, 0x01, 0x06, 0xfe, 0x21, 0x01, 0xfe, 0x22, 0x01, 0x07, 0x02,
    0x06, 0xfe, 0x23, 0x01, 0x06, 0xfe, 0x24, 0x01, 0xfe, 0x25, 0x01, 0x07, 0x01, 0x09, 0x0a, 0x03, 0x00, 0x06, 0xfe, 0xf1, 0x07, 0x01, 0x06, 0x23,
    0x1e, 0x07, 0x02, 0x09, 0x04, 0x04, 0x00, 0x06, 0xfe, 0xf2, 0x07, 0x05, 0x06, 0x2c, 0x02, 0x03, 0x01, 0x01, 0x06, 0x4c, 0x09, 0x01, 0x07, 0x00,
    0x06, 0xfe, 0xf3, 0x07, 0x0f, 0x06, 0x15, 0x19, 0x02, 0x01, 0x06, 0x14, 0x05, 0x06, 0xf6, 0x03, 0x06, 0x2d, 0x02, 0x03, 0x01, 0x19, 0x02, 0x08,
    0x08, 0x07, 0x06, 0xfe, 0xf4, 0x07, 0x08, 0x06, 0xfe, 0xf5, 0x07, 0x09, 0x03, 0x02, 0x0a, 0x06, 0x37, 0x0b, 0x00, 0x0c, 0x01, 0x06, 0x00, 0x0d,
    0x09, 0x02, 0x06, 0x00, 0x06, 0xfe, 0xf6, 0x07, 0x16, 0x09, 0x02, 0x05, 0x00, 0x06, 0xfe, 0xff, 0x00, 0x7f, 0x06, 0x3c, 0x18, 0x06, 0x8b, 0x64,
    0x06, 0x8c, 0x60, 0x06, 0x61, 0x01, 0x06, 0x32, 0x02, 0x03, 0x01, 0x05, 0x06, 0x2f, 0x0f, 0x06, 0x10, 0x08, 0x08, 0x07, 0x06, 0xfe, 0xf7, 0x07,
    0x08, 0x06, 0xfe, 0xf8, 0x07, 0x09, 0x03, 0x02, 0x0a, 0x06, 0x20, 0x0b, 0x00, 0x0c, 0x01, 0x06, 0x09, 0x07, 0x06, 0x00, 0x06, 0xb1, 0x19, 0x02,
    0x3e, 0x03, 0x02, 0x02, 0x03, 0x02, 0x01, 0x06, 0x48, 0x05, 0x06, 0x2b, 0x0d, 0x09, 0x0a, 0x06, 0x00, 0x06, 0xfe, 0xf9, 0x07, 0x01, 0x06, 0xa9,
    0x94, 0x09, 0x01, 0x0a, 0x00, 0x06, 0xfe, 0xfa, 0x07, 0x05, 0x06, 0x10, 0x0f, 0x06, 0x17, 0x43, 0x03, 0x04, 0x3f, 0x06, 0x47, 0x02, 0x03, 0x01,
    0x03, 0x06, 0x11, 0x04, 0x06, 0x0e, 0x12, 0x07, 0x01, 0x06, 0x36, 0x01, 0x06, 0x14, 0xaa, 0x09, 0x05, 0x06, 0x68, 0x02, 0x00, 0x06, 0xfe, 0xfb,
    0x07, 0x39, 0x09, 0x03, 0x02, 0x26, 0x06, 0x68, 0x13, 0x06, 0x17, 0x13, 0x06, 0x17, 0x03, 0x06, 0x11, 0x83, 0x06, 0x90, 0x9e, 0x09, 0x08, 0x07,
    0x00, 0x06, 0xb9, 0x27, 0x06, 0x31, 0x03, 0x06, 0x11, 0x01, 0x06, 0x30, 0x02, 0x03, 0x01, 0x25, 0x02, 0x6e, 0x02, 0x12, 0x07, 0x01, 0x06, 0x36,
    0x08, 0x08, 0x07, 0x06, 0xfe, 0xfc, 0x07, 0x08, 0x06, 0xfe, 0xfd, 0x07, 0x09, 0x03, 0x02, 0x0a, 0x06, 0x41, 0x0b, 0x03, 0x01, 0x0c, 0x01, 0x06,
    0x09, 0x01, 0x06, 0x00, 0x06, 0x77, 0x05, 0x06, 0x10, 0x2a, 0x06, 0x10, 0x0f, 0x06, 0x15, 0x02, 0x03, 0x01, 0x01, 0x06, 0x14, 0x0d, 0x09, 0x08,
    0x06, 0x00, 0x06, 0xfe, 0xfe, 0x07, 0x27, 0x06, 0x67, 0x02, 0x03, 0x01, 0x03, 0x06, 0x11, 0x12, 0x07, 0x01, 0x06, 0x36, 0x01, 0x06, 0x30, 0x08,
    0x08, 0x07, 0x06, 0xfe, 0xff, 0x07, 0x08, 0x06, 0xfe, 0x00, 0x08, 0x09, 0x03, 0x02, 0x0a, 0x06, 0x21, 0x0b, 0x00, 0x0c, 0x01, 0x06, 0x00, 0x0d,
    0x09, 0x0a, 0x04, 0x00, 0x06, 0xfe, 0x01, 0x08, 0x16, 0x09, 0x02, 0x08, 0x00, 0x06, 0xfe, 0x58, 0x02, 0x04, 0x06, 0x0e, 0x13, 0x06, 0x17, 0x03,
    0x06, 0x11, 0x7f, 0x06, 0x3c, 0x18, 0x06, 0xc4, 0x64, 0x06, 0x06, 0x60, 0x06, 0x61, 0x01, 0x06, 0x23, 0x1e, 0x07, 0x02, 0x09, 0x02, 0x05, 0x00,
    0x06, 0x9a, 0x02, 0x03, 0x02, 0x01, 0x06, 0x32, 0x05, 0x06, 0x2f, 0x0f, 0x06, 0x10, 0x09, 0x01, 0x07, 0x00, 0x06, 0xfe, 0x02, 0x08, 0x05, 0x06,
    0x10, 0x0f, 0x06, 0x2c, 0x02, 0x03, 0x01, 0x04, 0x06, 0x0e, 0x01, 0x06, 0x14, 0x03, 0x06, 0x2d, 0x08, 0x08, 0x07, 0x06, 0xfe, 0x03, 0x08, 0x08,
    0x06, 0xfe, 0x04, 0x08, 0x09, 0x03, 0x02, 0x0a, 0x06, 0x33, 0x0b, 0x00, 0x0c, 0x01, 0x06, 0x00, 0x0d, 0x09, 0x05, 0x07, 0x00, 0x06, 0xa5, 0x16,
    0x09, 0x02, 0x08, 0x00, 0x06, 0xfe, 0x05, 0x08, 0x04, 0x06, 0x3c, 0x13, 0x06, 0x5e, 0x03, 0x06, 0x24, 0x02, 0x03, 0x06, 0x18, 0x06, 0x1f, 0x64,
    0x06, 0x8c, 0x60, 0x06, 0x61, 0x1a, 0x06, 0x5a, 0x40, 0x02, 0x01, 0x06, 0x38, 0x29, 0x03, 0x01, 0x28, 0x06, 0x34, 0x08, 0x08, 0x07, 0x06, 0xfe,
    0x06, 0x08, 0x08, 0x06, 0xfe, 0x07, 0x08, 0x09, 0x03, 0x02, 0x0a, 0x06, 0x20, 0x0b, 0x00, 0x0c, 0x01, 0x06, 0x00, 0x0d, 0x09, 0x01, 0x09, 0x00,
    0x06, 0xfe, 0x08, 0x08, 0x16, 0x09, 0x00, 0x07, 0x18, 0x06, 0x81, 0x70, 0x07, 0x02, 0x09, 0x04, 0x06, 0x00, 0x06, 0xfe, 0x09, 0x08, 0x12, 0x07,
    0x01, 0x06, 0x44, 0x04, 0x06, 0x0e, 0x13, 0x06, 0x17, 0x03, 0x06, 0x11, 0xd6, 0x02, 0x09, 0x01, 0x05, 0x02, 0x03, 0x07, 0x18, 0x06, 0x1f, 0x00,
    0x06, 0xfe, 0x50, 0x01, 0x04, 0x06, 0x0e, 0x13, 0x06, 0x2b, 0x00, 0x06, 0xfe, 0x0a, 0x08, 0x04, 0x06, 0x0e, 0x13, 0x06, 0x17, 0x03, 0x06, 0x11,
    0x12, 0x07, 0x01, 0x06, 0x44, 0x05, 0x06, 0x6c, 0x0f, 0x06, 0x2b, 0x27, 0x06, 0x31, 0x02, 0x03, 0x01, 0x03, 0x06, 0x49, 0x04, 0x06, 0x0e, 0x01,
    0x06, 0x14, 0x08, 0x08, 0x07, 0x06, 0xfe, 0x0b, 0x08, 0x08, 0x06, 0xfe, 0x0c, 0x08, 0x09, 0x03, 0x02, 0x0a, 0x06, 0x20, 0x0b, 0x00, 0x0c, 0x01,
    0x06, 0x09, 0x08, 0x06, 0x00, 0x06, 0xd3, 0x27, 0x06, 0x31, 0x03, 0x06, 0x11, 0x19, 0x02, 0x6e, 0x02, 0x01, 0x06, 0x30, 0x0d, 0x09, 0x04, 0x06,
    0x00, 0x06, 0xfe, 0x5b, 0x02, 0x01, 0x06, 0x53, 0x58, 0x09, 0x04, 0x05, 0x00, 0x06, 0xdd, 0x05, 0x06, 0x2c, 0x02, 0x03, 0x04, 0x04, 0x06, 0x0e,
    0x01, 0x06, 0x4c, 0x54, 0x09, 0x03, 0x0a, 0x01, 0x06, 0x51, 0x0f, 0x06, 0x10, 0x55, 0x02, 0x4e, 0x02, 0x02, 0x03, 0x01, 0x03, 0x06, 0x24, 0x19,
    0x02, 0x12, 0x07, 0x01, 0x06, 0x44, 0x3f, 0x06, 0x1f, 0x00, 0x06, 0xfe, 0x5b, 0x02, 0x19, 0x02, 0x12, 0x07, 0x01, 0x06, 0x44, 0x08, 0x08, 0x07,
    0x06, 0xfe, 0x0d, 0x08, 0x08, 0x06, 0xfe, 0x0e, 0x08, 0x09, 0x03, 0x02, 0x0a, 0x06, 0x20, 0x0b, 0x00, 0x0c, 0x01, 0x06, 0x00, 0x0d, 0x09, 0x0a,
    0x06, 0x00, 0x06, 0xfe, 0x0f, 0x08, 0x01, 0x06, 0x23, 0x1e, 0x07, 0x02, 0x09, 0x02, 0x08, 0x00, 0x06, 0x9a, 0x02, 0x03, 0x02, 0x3d, 0x06, 0x78,
    0xfe, 0x12, 0x01, 0x06, 0x95, 0x01, 0x06, 0x32, 0x05, 0x06, 0x2f, 0x0f, 0x06, 0x10, 0x4b, 0x06, 0xfe, 0x3c, 0x01, 0x09, 0x01, 0x07, 0x00, 0x06,
    0xab, 0x05, 0x06, 0x10, 0x0f, 0x06, 0x15, 0x02, 0x03, 0x02, 0x01, 0x06, 0x14, 0x03, 0x06, 0x2d, 0x4b, 0x06, 0xfe, 0x3c, 0x01, 0x5f, 0x07, 0x01,
    0x06, 0xfe, 0x5c, 0x02, 0xc1, 0x09, 0x05, 0x05, 0x68, 0x02, 0x00, 0x06, 0xfe, 0x5c, 0x02, 0x39, 0x09, 0x03, 0x03, 0x26, 0x06, 0x68, 0x13, 0x06,
    0x17, 0x3d, 0x06, 0x78, 0x13, 0x06, 0x17, 0x4b, 0x06, 0xfe, 0x3c, 0x01, 0x4b, 0x06, 0xfe, 0x3c, 0x01, 0x08, 0x08, 0x07, 0x06, 0xfe, 0x10, 0x08,
    0x08, 0x06, 0xfe, 0x11, 0x08, 0x09, 0x03, 0x02, 0x0a, 0x06, 0x33, 0x0b, 0x00, 0x0c, 0x01, 0x06, 0x00, 0x0d, 0x09, 0x07, 0x06, 0x00, 0x06, 0xa7,
    0x3d, 0x06, 0x3b, 0x01, 0x06, 0x1c, 0x1d, 0x06, 0x2e, 0x02, 0x03, 0x02, 0x4b, 0x06, 0x3b, 0x08, 0x08, 0x07, 0x06, 0xfe, 0x12, 0x08, 0x08, 0x06,
    0xfe, 0x13, 0x08, 0x09, 0x03, 0x02, 0x0a, 0x06, 0x37, 0x0b, 0x00, 0x0c, 0x01, 0x06, 0x00, 0x0d, 0x09, 0x01, 0x0a, 0x00, 0x06, 0xfe, 0x14, 0x08,
    0x16, 0x09, 0x01, 0x08, 0x04, 0x06, 0x0e, 0x71, 0x06, 0x7e, 0x00, 0x06, 0xfe, 0x15, 0x08, 0x13, 0x06, 0x3a, 0x02, 0x03, 0x03, 0x18, 0x06, 0x1f,
    0x7c, 0x06, 0x91, 0x12, 0x07, 0x01, 0x06, 0x44, 0x05, 0x06, 0x3a, 0x65, 0x09, 0x03, 0x02, 0x26, 0x06, 0x3a, 0x6d, 0x06, 0x89, 0x0f, 0x06, 0x10,
    0x02, 0x03, 0x01, 0x03, 0x06, 0x24, 0x04, 0x06, 0x0e, 0x12, 0x07, 0x01, 0x06, 0x44, 0x01, 0x06, 0x14, 0x08, 0x08, 0x07, 0x06, 0xfe, 0x16, 0x08,
    0x08, 0x06, 0xfe, 0x17, 0x08, 0x09, 0x03, 0x02, 0x0a, 0x06, 0x57, 0x0b, 0x03, 0x01, 0x0c, 0x01, 0x06, 0x00, 0x0d, 0x09, 0x01, 0x0b, 0x00, 0x06,
    0xfe, 0x18, 0x08, 0x16, 0x09, 0x03, 0x05, 0x00, 0x06, 0xdb, 0x39, 0x09, 0x03, 0x02, 0x26, 0x06, 0x9f, 0x72, 0x06, 0x7b, 0x74, 0x06, 0x7a, 0x03,
    0x06, 0x11, 0x25, 0x02, 0x05, 0x06, 0x15, 0x0f, 0x06, 0x10, 0x43, 0x03, 0x03, 0x3f, 0x06, 0x47, 0x02, 0x03, 0x01, 0x03, 0x06, 0x24, 0x04, 0x06,
    0x0e, 0x12, 0x07, 0x01, 0x06, 0x44, 0x01, 0x06, 0x14, 0x08, 0x08, 0x07, 0x06, 0xfe, 0x19, 0x08, 0x08, 0x06, 0xfe, 0x1a, 0x08, 0x09, 0x03, 0x02,
    0x0a, 0x06, 0x33, 0x0b, 0x00, 0x0c, 0x01, 0x06, 0x00, 0x0d, 0x09, 0x07, 0x07, 0x00, 0x06, 0xfe, 0x34, 0x01, 0x16, 0x09, 0x02, 0x08, 0x00, 0x06,
    0xfe, 0x1b, 0x08, 0x04, 0x06, 0x0e, 0x13, 0x06, 0x17, 0x03, 0x06, 0x11, 0x7f, 0x06, 0x3c, 0x18, 0x06, 0xc4, 0x64, 0x06, 0x06, 0x60, 0x06, 0x61,
    0x1a, 0x06, 0x5a, 0x40, 0x02, 0x01, 0x06, 0x1c, 0x1d, 0x06, 0x2e, 0x02, 0x03, 0x03, 0x08, 0x08, 0x07, 0x06, 0xfe, 0x1c, 0x08, 0x08, 0x06, 0xfe,
    0x1d, 0x08, 0x09, 0x03, 0x02, 0x0a, 0x06, 0x41, 0x0b, 0x03, 0x01, 0x0c, 0x01, 0x06, 0x09, 0x0a, 0x03, 0x00, 0x06, 0xfe, 0x1e, 0x08, 0x01, 0x06,
    0x92, 0x1e, 0x07, 0x02, 0x09, 0x07, 0x05, 0x00, 0x06, 0xee, 0x3e, 0x03, 0x01, 0x02, 0x03, 0x01, 0x01, 0x06, 0x48, 0x05, 0x06, 0x2b, 0x09, 0x08,
    0x05, 0x00, 0x06, 0xb9, 0x27, 0x06, 0x31, 0x03, 0x06, 0x11, 0x6e, 0x02, 0x01, 0x06, 0x30, 0x0d, 0x09, 0x01, 0x08, 0x00, 0x06, 0xd4, 0x05, 0x06,
    0x6c, 0x0f, 0x06, 0x2b, 0x27, 0x06, 0x31, 0x02, 0x03, 0x01, 0x03, 0x06, 0x49, 0x04, 0x06, 0x0e, 0x01, 0x06, 0x14, 0x08, 0x08, 0x07, 0x06, 0xfe,
    0x1f, 0x08, 0x08, 0x06, 0xfe, 0x20, 0x08, 0x09, 0x03, 0x02, 0x0a, 0x06, 0x33, 0x0b, 0x00, 0x0c, 0x01, 0x06, 0x00, 0x0d, 0x09, 0x07, 0x09, 0x00,
    0x06, 0xfe, 0x27, 0x01, 0x16, 0x09, 0x02, 0x05, 0x00, 0x06, 0xfe, 0xab, 0x01, 0x04, 0x06, 0x0e, 0x86, 0x06, 0x3e, 0x18, 0x06, 0x8b, 0x7f, 0x06,
    0x3c, 0x1a, 0x06, 0x5a, 0x40, 0x02, 0x01, 0x06, 0x1c, 0x1d, 0x06, 0x35, 0x02, 0x03, 0x01, 0x1b, 0x07, 0x01, 0x06, 0x56, 0x04, 0x06, 0x0e, 0x08,
    0x08, 0x07, 0x06, 0xfe, 0x21, 0x08, 0x08, 0x06, 0xfe, 0x22, 0x08, 0x09, 0x03, 0x02, 0x0a, 0x06, 0x21, 0x0b, 0x00, 0x0c, 0x01, 0x06, 0x00, 0x0d,
    0x09, 0x0a, 0x05, 0x00, 0x06, 0xfe, 0xac, 0x01, 0x01, 0x06, 0x23, 0x1e, 0x07, 0x03, 0x09, 0x03, 0x07, 0x01, 0x06, 0x80, 0x02, 0x03, 0x01, 0x03,
    0x06, 0x11, 0x69, 0x07, 0x03, 0x06, 0xfe, 0x04, 0x01, 0x06, 0xfe, 0x41, 0x02, 0x06, 0xfe, 0xa4, 0x01, 0x12, 0x07, 0x01, 0x06, 0x44, 0x1a, 0x06,
    0x22, 0x00, 0x06, 0xfe, 0xac, 0x01, 0x09, 0x03, 0x07, 0x01, 0x06, 0x80, 0x02, 0x03, 0x01, 0x03, 0x06, 0x11, 0xfe, 0x23, 0x08, 0x02, 0x12, 0x07,
    0x01, 0x06, 0x44, 0x1a, 0x06, 0x22, 0x00, 0x06, 0xfe, 0xac, 0x01, 0x09, 0x07, 0x05, 0x00, 0x06, 0xc6, 0x01, 0x06, 0x1c, 0x1d, 0x06, 0x2e, 0x02,
    0x03, 0x01, 0x1a, 0x06, 0x22, 0x1a, 0x06, 0x22, 0x12, 0x07, 0x01, 0x06, 0x44, 0x08, 0x08, 0x07, 0x06, 0xfe, 0x24, 0x08, 0x08, 0x06, 0xfe, 0x25,
    0x08, 0x09, 0x03, 0x02, 0x0a, 0x06, 0x21, 0x0b, 0x00, 0x0c, 0x01, 0x06, 0x00, 0x0d, 0x09, 0x0d, 0x04, 0x00, 0x06, 0xfe, 0x26, 0x08, 0x01, 0x06,
    0xfe, 0x5d, 0x02, 0xfe, 0x5e, 0x02, 0x06, 0xfe, 0x27, 0x08, 0x1a, 0x06, 0x22, 0x08, 0x08, 0x07, 0x06, 0xfe, 0x28, 0x08, 0x08, 0x06, 0xfe, 0x29,
    0x08, 0x09, 0x03, 0x02, 0x0a, 0x06, 0x21, 0x0b, 0x00, 0x0c, 0x01, 0x06, 0x00, 0x0d, 0x09, 0x0d, 0x09, 0x00, 0x06, 0xfe, 0x2a, 0x08, 0x1a, 0x06,
    0x22, 0x02, 0x03, 0x03, 0x03, 0x06, 0x11, 0x04, 0x06, 0x0e, 0x3d, 0x06, 0x3b, 0x12, 0x07, 0x01, 0x06, 0x44, 0x01, 0x06, 0xfe, 0x2b, 0x08, 0x6a,
    0x02, 0x08, 0x08, 0x07, 0x06, 0xfe, 0x2c, 0x08, 0x08, 0x06, 0xfe, 0x2d, 0x08, 0x09, 0x03, 0x02, 0x0a, 0x06, 0x37, 0x0b, 0x00, 0x0c, 0x01, 0x06,
    0x00, 0x0d, 0x09, 0x05, 0x07, 0x00, 0x06, 0xfe, 0x2e, 0x08, 0x16, 0x09, 0x06, 0x07, 0x6f, 0x06, 0x8f, 0x16, 0x09, 0x03, 0x03, 0x00, 0x06, 0xfe,
    0x5f, 0x02, 0x12, 0x07, 0x01, 0x06, 0x44, 0x3d, 0x06, 0x3b, 0x00, 0x06, 0xfe, 0x5f, 0x02, 0x39, 0x09, 0x03, 0x02, 0x26, 0x06, 0x6f, 0xd2, 0x06,
    0xeb, 0x03, 0x06, 0x11, 0x12, 0x07, 0x01, 0x06, 0x44, 0x3d, 0x06, 0x3b, 0x01, 0x06, 0x38, 0x29, 0x03, 0x01, 0x28, 0x06, 0x34, 0x25, 0x02, 0x3d,
    0x06, 0x3b, 0x08, 0x08, 0x07, 0x06, 0xfe, 0x2f, 0x08, 0x08, 0x06, 0xfe, 0x30, 0x08, 0x09, 0x03, 0x02, 0x0a, 0x06, 0x37, 0x0b, 0x00, 0x0c, 0x01,
    0x06, 0x00, 0x0d, 0x09, 0x05, 0x06, 0x00, 0x06, 0xfe, 0x31, 0x08, 0x16, 0x09, 0x01, 0x08, 0x04, 0x06, 0x0e, 0x71, 0x06, 0x7e, 0x00, 0x06, 0xfe,
    0x32, 0x08, 0x13, 0x06, 0x3a, 0x02, 0x03, 0x05, 0x18, 0x06, 0x1f, 0x7c, 0x06, 0x91, 0x12, 0x07, 0x01, 0x06, 0x44, 0x01, 0x06, 0x38, 0x29, 0x03,
    0x01, 0x28, 0x06, 0x34, 0x25, 0x02, 0x08, 0x08, 0x07, 0x06, 0xfe, 0x33, 0x08, 0x08, 0x06, 0xfe, 0x34, 0x08, 0x09, 0x03, 0x02, 0x0a, 0x06, 0x37,
    0x0b, 0x00, 0x0c, 0x01, 0x06, 0x00, 0x0d, 0x09, 0x0a, 0x04, 0x00, 0x06, 0xfe, 0x35, 0x08, 0x16, 0x09, 0x01, 0x05, 0x02, 0x03, 0x0b, 0x18, 0x06,
    0x1f, 0x00, 0x06, 0xfe, 0x7f, 0x01, 0x04, 0x06, 0x0e, 0x13, 0x06, 0x2b, 0x01, 0x06, 0x23, 0x1e, 0x07, 0x02, 0x09, 0x02, 0x05, 0x00, 0x06, 0x9a,
    0x02, 0x03, 0x02, 0x01, 0x06, 0x32, 0x05, 0x06, 0x2f, 0x0f, 0x06, 0x10, 0x09, 0x01, 0x06, 0x00, 0x06, 0x77, 0x05, 0x06, 0x10, 0x0f, 0x06, 0x15,
    0x02, 0x03, 0x01, 0x01, 0x06, 0x14, 0x03, 0x06, 0x2d, 0x08, 0x08, 0x07, 0x06, 0xfe, 0x36, 0x08, 0x08, 0x06, 0xfe, 0x37, 0x08, 0x09, 0x03, 0x02,
    0x0a, 0x06, 0x37, 0x0b, 0x00, 0x0c, 0x01, 0x06, 0x00, 0x0d, 0x09, 0x0c, 0x0a, 0x00, 0x06, 0xfe, 0x38, 0x08, 0x16, 0x09, 0x04, 0x06, 0x00, 0x06,
    0xfe, 0x60, 0x02, 0x12, 0x07, 0x01, 0x06, 0x44, 0x04, 0x06, 0x0e, 0x13, 0x06, 0x17, 0x03, 0x06, 0x11, 0xd6, 0x02, 0x05, 0x06, 0x17, 0x03, 0x06,
    0x11, 0x04, 0x06, 0x0e, 0x19, 0x02, 0x01, 0x06, 0x7a, 0x98, 0x02, 0x5f, 0x07, 0x01, 0x06, 0xfe, 0x61, 0x02, 0x42, 0x02, 0x08, 0x08, 0x07, 0x06,
    0xfe, 0x39, 0x08, 0x08, 0x06, 0xfe, 0x3a, 0x08, 0x09, 0x03, 0x02, 0x0a, 0x06, 0x21, 0x0b, 0x00, 0x0c, 0x01, 0x06, 0x00, 0x0d, 0x09, 0x05, 0x06,
    0x00, 0x06, 0xfe, 0x3b, 0x08, 0x16, 0x09, 0x07, 0x02, 0x00, 0x06, 0xfe, 0x3c, 0x08, 0xb8, 0x06, 0x67, 0x01, 0x06, 0x38, 0x29, 0x03, 0x01, 0x28,
    0x06, 0x34, 0x25, 0x02, 0x08, 0x08, 0x07, 0x06, 0xfe, 0x3d, 0x08, 0x08, 0x06, 0xfe, 0x3e, 0x08, 0x09, 0x03, 0x02, 0x0a, 0x06, 0x20, 0x0b, 0x00,
    0x0c, 0x01, 0x06, 0x09, 0x01, 0x07, 0x00, 0x06, 0x5b, 0x05, 0x06, 0x10, 0x2a, 0x06, 0x10, 0x0f, 0x06, 0x15, 0x02, 0x03, 0x01, 0x19, 0x02, 0x01,
    0x06, 0x14, 0x0d, 0x09, 0x01, 0x0a, 0x00, 0x06, 0xfe, 0x3f, 0x08, 0x16, 0x09, 0x02, 0x07, 0x00, 0x06, 0xfe, 0x40, 0x08, 0x04, 0x06, 0x0e, 0x13,
    0x06, 0x17, 0x03, 0x06, 0x11, 0x64, 0x06, 0x06, 0x42, 0x02, 0x43, 0x03, 0x0b, 0x05, 0x06, 0x15, 0x0f, 0x06, 0x10, 0x02, 0x03, 0x01, 0x03, 0x06,
    0x24, 0x04, 0x06, 0x0e, 0x12, 0x07, 0x01, 0x06, 0x36, 0x01, 0x06, 0x14, 0x42, 0x02, 0x08, 0x08, 0x07, 0x06, 0xfe, 0x41, 0x08, 0x08, 0x06, 0xfe,
    0x42, 0x08, 0x09, 0x03, 0x02, 0x0a, 0x06, 0x33, 0x0b, 0x00, 0x0c, 0x01, 0x06, 0x00, 0x0d, 0x09, 0x07, 0x07, 0x00, 0x06, 0xa7, 0x16, 0x09, 0x01,
    0x06, 0x02, 0x03, 0x02, 0x18, 0x06, 0x1f, 0x00, 0x06, 0xfe, 0x43, 0x08, 0x03, 0x06, 0x24, 0x04, 0x06, 0x0e, 0x13, 0x06, 0x84, 0x1a, 0x06, 0x5a,
    0x40, 0x02, 0x01, 0x06, 0x1c, 0x1d, 0x06, 0x2e, 0x02, 0x03, 0x02, 0x08, 0x08, 0x07, 0x06, 0xfe, 0x44, 0x08, 0x08, 0x06, 0xfe, 0x45, 0x08, 0x09,
    0x03, 0x02, 0x0a, 0x06, 0x20, 0x0b, 0x00, 0x0c, 0x01, 0x06, 0x00, 0x0d, 0x09, 0x01, 0x08, 0x00, 0x06, 0xfe, 0x46, 0x08, 0x0f, 0x06, 0x7d, 0x02,
    0x03, 0x02, 0x03, 0x06, 0x11, 0x04, 0x06, 0x0e, 0x19, 0x02, 0x01, 0x06, 0xb6, 0xcc, 0x03, 0x02, 0x08, 0x08, 0x07, 0x06, 0xfe, 0x47, 0x08, 0x08,
    0x06, 0xfe, 0x48, 0x08, 0x09, 0x03, 0x02, 0x0a, 0x06, 0x33, 0x0b, 0x00, 0x0c, 0x01, 0x06, 0x00, 0x0d, 0x09, 0x05, 0x08, 0x00, 0x06, 0xa5, 0x16,
    0x09, 0x01, 0x05, 0x02, 0x03, 0x02, 0x18, 0x06, 0x1f, 0x00, 0x06, 0xfe, 0x49, 0x08, 0x03, 0x06, 0x49, 0x13, 0x06, 0x7d, 0x1a, 0x06, 0x5a, 0x40,
    0x02, 0x01, 0x06, 0x38, 0x29, 0x03, 0x01, 0x28, 0x06, 0x34, 0x5f, 0x07, 0x01, 0x06, 0xfe, 0x62, 0x02, 0x08, 0x08, 0x07, 0x06, 0xfe, 0x4a, 0x08,
    0x08, 0x06, 0xfe, 0x4b, 0x08, 0x09, 0x03, 0x02, 0x0a, 0x06, 0x41, 0x0b, 0x00, 0x0c, 0x01, 0x06, 0x09, 0x0a, 0x03, 0x00, 0x06, 0xfe, 0x4c, 0x08,
    0x01, 0x06, 0x92, 0x1e, 0x07, 0x02, 0x09, 0x07, 0x05, 0x00, 0x06, 0xa1, 0x3e, 0x03, 0x02, 0x02, 0x03, 0x02, 0x01, 0x06, 0x48, 0x05, 0x06, 0x2b,
    0x09, 0x01, 0x05, 0x00, 0x06, 0xfe, 0x63, 0x02, 0x05, 0x06, 0x10, 0x2a, 0x06, 0x10, 0x0f, 0x06, 0x15, 0x01, 0x06, 0x14, 0x0d, 0x09, 0x0a, 0x05,
    0x00, 0x06, 0xfe, 0x4d, 0x08, 0x01, 0x06, 0x23, 0x1e, 0x07, 0x02, 0x09, 0x02, 0x06, 0x00, 0x06, 0xa4, 0x02, 0x03, 0x01, 0x01, 0x06, 0x32, 0x05,
    0x06, 0x2f, 0x0f, 0x06, 0x10, 0x12, 0x07, 0x01, 0x06, 0x36, 0x09, 0x07, 0x09, 0x00, 0x06, 0xfe, 0x4e, 0x08, 0x1a, 0x06, 0x22, 0x02, 0x03, 0x01,
    0x03, 0x06, 0x11, 0x04, 0x06, 0x0e, 0x12, 0x07, 0x01, 0x06, 0x36, 0x73, 0x03, 0x01, 0x01, 0x06, 0x1c, 0x1d, 0x06, 0x2e, 0xc1, 0x09, 0x02, 0x07,
    0x00, 0x06, 0xfe, 0x64, 0x02, 0x13, 0x06, 0x10, 0xfe, 0x0e, 0x01, 0x02, 0x25, 0x02, 0x02, 0x03, 0x01, 0x18, 0x06, 0x1f, 0x04, 0x06, 0x0e, 0x12,
    0x07, 0x01, 0x06, 0x36, 0x08, 0x08, 0x07, 0x06, 0xfe, 0x4f, 0x08, 0x08, 0x06, 0xfe, 0x50, 0x08, 0x09, 0x03, 0x02, 0x0a, 0x06, 0x33, 0x0b, 0x00,
    0x0c, 0x01, 0x06, 0x00, 0x0d, 0x09, 0x07, 0x07, 0x00, 0x06, 0xa7, 0x16, 0x09, 0x06, 0x05, 0x6f, 0x06, 0x8f, 0x16, 0x09, 0x03, 0x01, 0x00, 0x06,
    0xfe, 0x65, 0x02, 0x00, 0x06, 0xfe, 0x65, 0x02, 0x39, 0x09, 0x03, 0x02, 0x26, 0x06, 0x6f, 0xd2, 0x06, 0xfe, 0x51, 0x08, 0x03, 0x06, 0x11, 0x1a,
    0x06, 0x5a, 0x40, 0x02, 0x01, 0x06, 0x1c, 0x1d, 0x06, 0x2e, 0x02, 0x03, 0x02, 0x08, 0x08, 0x07, 0x06, 0xfe, 0x52, 0x08, 0x08, 0x06, 0xfe, 0x53,
    0x08, 0x09, 0x03, 0x02, 0x0a, 0x06, 0x21, 0x0b, 0x00, 0x0c, 0x01, 0x06, 0x00, 0x0d, 0x09, 0x0a, 0x03, 0x00, 0x06, 0xfe, 0x54, 0x08, 0x01, 0x06,
    0x23, 0x1e, 0x07, 0x04, 0x09, 0x04, 0x05, 0x00, 0x06, 0xfe, 0x66, 0x02, 0x05, 0x06, 0x2c, 0x02, 0x03, 0x01, 0x04, 0x06, 0x0e, 0x01, 0x06, 0x4e,
    0x09, 0x01, 0x08, 0x00, 0x06, 0xfe, 0x55, 0x08, 0x05, 0x06, 0x3a, 0x65, 0x09, 0x03, 0x02, 0x26, 0x06, 0x3a, 0x6d, 0x06, 0x89, 0x01, 0x06, 0x14,
    0x0f, 0x06, 0x10, 0x03, 0x06, 0x2d, 0x02, 0x03, 0x01, 0x16, 0x09, 0x02, 0x07, 0x00, 0x06, 0xfe, 0x67, 0x02, 0x13, 0x06, 0x3a, 0x03, 0x06, 0x11,
    0x18, 0x06, 0x47, 0x64, 0x06, 0x06, 0x43, 0x03, 0x09, 0x3f, 0x06, 0x47, 0x09, 0x0c, 0x06, 0x00, 0x06, 0xfe, 0x9f, 0x01, 0x03, 0x06, 0x11, 0x01,
    0x06, 0x7a, 0x04, 0x00, 0x42, 0x02, 0x16, 0x09, 0x02, 0x07, 0x00, 0x06, 0xfe, 0x67, 0x02, 0x13, 0x06, 0x3a, 0x03, 0x06, 0x11, 0x18, 0x06, 0x47,
    0x64, 0x06, 0x06, 0x43, 0x03, 0x09, 0x3f, 0x06, 0x47, 0x09, 0x01, 0x08, 0x00, 0x06, 0xfe, 0x56, 0x08, 0x16, 0x09, 0x11, 0x02, 0x00, 0x06, 0xfe,
    0x57, 0x08, 0x13, 0x06, 0x3a, 0x05, 0x06, 0x3a, 0x65, 0x09, 0x03, 0x02, 0x26, 0x06, 0x3a, 0x6d, 0x06, 0x89, 0x0f, 0x06, 0x15, 0x01, 0x06, 0x14,
    0x03, 0x06, 0x2d, 0x02, 0x03, 0x01, 0x08, 0x08, 0x07, 0x06, 0xfe, 0x58, 0x08, 0x08, 0x06, 0xfe, 0x59, 0x08, 0x09, 0x03, 0x02, 0x0a, 0x06, 0x57,
    0x0b, 0x03, 0x01, 0x0c, 0x01, 0x06, 0x00, 0x0d, 0x09, 0x02, 0x06, 0x00, 0x06, 0xfe, 0x5a, 0x08, 0x16, 0x09, 0x05, 0x07, 0x68, 0x02, 0x00, 0x06,
    0xfe, 0x5b, 0x08, 0x39, 0x09, 0x03, 0x02, 0x26, 0x06, 0x68, 0x13, 0x06, 0x17, 0x13, 0x06, 0x17, 0x04, 0x06, 0x0e, 0x43, 0x03, 0x0a, 0x03, 0x06,
    0x11, 0x01, 0x06, 0x32, 0x02, 0x03, 0x01, 0x05, 0x06, 0x2f, 0x0f, 0x06, 0x10, 0x08, 0x08, 0x07, 0x06, 0xfe, 0x5c, 0x08, 0x08, 0x06, 0xfe, 0x5d,
    0x08, 0x09, 0x03, 0x02, 0x0a, 0x06, 0x41, 0x0b, 0x00, 0x0c, 0x01, 0x06, 0x09, 0x08, 0x05, 0x00, 0x06, 0xb9, 0x27, 0x06, 0x31, 0x03, 0x06, 0x11,
    0x6e, 0x02, 0x01, 0x06, 0x30, 0x0d, 0x09, 0x08, 0x05, 0x00, 0x06, 0xfe, 0xf8, 0x01, 0x27, 0x06, 0x67, 0x02, 0x03, 0x01, 0x01, 0x06, 0x30, 0x03,
    0x06, 0x49, 0x08, 0x08, 0x07, 0x06, 0xfe, 0x5e, 0x08, 0x08, 0x06, 0xfe, 0x5f, 0x08, 0x09, 0x03, 0x02, 0x0a, 0x06, 0x33, 0x0b, 0x00, 0x0c, 0x01,
    0x06, 0x00, 0x0d, 0x09, 0x07, 0x0a, 0x00, 0x06, 0xfe, 0x60, 0x08, 0x16, 0x09, 0x06, 0x07, 0x00, 0x06, 0xfe, 0x61, 0x08, 0x6f, 0x06, 0xfe, 0x3d,
    0x01, 0x04, 0x06, 0x0e, 0x60, 0x06, 0x61, 0x1b, 0x07, 0x06, 0x06, 0x4f, 0x06, 0x45, 0x06, 0x62, 0x06, 0x4a, 0x06, 0x4d, 0x06, 0x56, 0x02, 0x03,
    0x01, 0x13, 0x06, 0x84, 0x1a, 0x06, 0x5a, 0x40, 0x02, 0x01, 0x06, 0x1c, 0x1d, 0x06, 0x35, 0xb0, 0x06, 0x52, 0x02, 0x03, 0x01, 0x1b, 0x07, 0x06,
    0x06, 0x4f, 0x06, 0x45, 0x06, 0x62, 0x06, 0x4a, 0x06, 0x4d, 0x06, 0x56, 0x04, 0x06, 0x0e, 0x08, 0x08, 0x07, 0x06, 0xfe, 0x62, 0x08, 0x08, 0x06,
    0xfe, 0x63, 0x08, 0x09, 0x03, 0x02, 0x0a, 0x06, 0x33, 0x0b, 0x00, 0x0c, 0x01, 0x06, 0x00, 0x0d, 0x09, 0x0d, 0x0c, 0x00, 0x06, 0xfe, 0xad, 0x01,
    0x16, 0x09, 0x07, 0x03, 0xb8, 0x06, 0x31, 0x00, 0x06, 0xfe, 0x64, 0x08, 0x12, 0x07, 0x01, 0x06, 0x36, 0x1a, 0x06, 0x5a, 0x40, 0x02, 0x05, 0x06,
    0x10, 0x03, 0x06, 0x11, 0x01, 0x06, 0xa2, 0x28, 0x06, 0xc3, 0x13, 0x06, 0x10, 0x29, 0x03, 0x02, 0x02, 0x03, 0x02, 0x25, 0x02, 0x08, 0x08, 0x07,
    0x06, 0xfe, 0x65, 0x08, 0x08, 0x06, 0xfe, 0x66, 0x08, 0x09, 0x03, 0x02, 0x0a, 0x06, 0x20, 0x0b, 0x00, 0x0c, 0x01, 0x06, 0x00, 0x0d, 0x09, 0x08,
    0x07, 0x00, 0x06, 0xfe, 0x67, 0x08, 0x05, 0x06, 0x17, 0x27, 0x06, 0x67, 0x02, 0x03, 0x02, 0x03, 0x06, 0x11, 0x04, 0x06, 0x0e, 0x01, 0x06, 0x30,
    0x08, 0x08, 0x07, 0x06, 0xfe, 0x68, 0x08, 0x08, 0x06, 0xfe, 0x69, 0x08, 0x09, 0x03, 0x02, 0x0a, 0x06, 0x21, 0x0b, 0x00, 0x0c, 0x01, 0x06, 0x00,
    0x0d, 0x09, 0x0a, 0x05, 0x00, 0x06, 0xfe, 0x6a, 0x08, 0x16, 0x09, 0x01, 0x0c, 0x02, 0x03, 0x01, 0x18, 0x06, 0x1f, 0x00, 0x06, 0xfe, 0x6b, 0x08,
    0x39, 0x09, 0x03, 0x03, 0x26, 0x06, 0xad, 0x05, 0x06, 0x84, 0x0f, 0x06, 0x15, 0x04, 0x06, 0x0e, 0x03, 0x06, 0x11, 0x82, 0x02, 0x83, 0x06, 0x90,
    0x6f, 0x06, 0x8f, 0xf7, 0x06, 0x8f, 0x05, 0x06, 0x84, 0x0f, 0x06, 0x15, 0x01, 0x06, 0x23, 0x1e, 0x07, 0x02, 0x09, 0x02, 0x05, 0x00, 0x06, 0xa4,
    0x02, 0x03, 0x01, 0x01, 0x06, 0x32, 0x05, 0x06, 0x2f, 0x0f, 0x06, 0x10, 0x09, 0x07, 0x06, 0x00, 0x06, 0xfe, 0x6c, 0x08, 0x1a, 0x06, 0x22, 0x01,
    0x06, 0x1c, 0x1d, 0x06, 0x35, 0x02, 0x03, 0x03, 0x1b, 0x07, 0x03, 0x06, 0x62, 0x06, 0x4d, 0x06, 0x56, 0x1b, 0x07, 0x03, 0x06, 0x62, 0x06, 0x4d,
    0x06, 0x56, 0x08, 0x08, 0x07, 0x06, 0xfe, 0x6d, 0x08, 0x08, 0x06, 0xfe, 0x6e, 0x08, 0x09, 0x03, 0x02, 0x0a, 0x06, 0x20, 0x0b, 0x00, 0x0c, 0x01,
    0x06, 0x00, 0x0d, 0x09, 0x0a, 0x05, 0x00, 0x06, 0xfe, 0x6f, 0x08, 0x01, 0x06, 0x8d, 0x9b, 0x07, 0x02, 0x09, 0x08, 0x05, 0x00, 0x06, 0xfe, 0x70,
    0x08, 0x27, 0x06, 0x67, 0x02, 0x03, 0x01, 0x01, 0x06, 0x30, 0x03, 0x06, 0x49, 0x09, 0x01, 0x0a, 0x00, 0x06, 0xfe, 0x71, 0x08, 0x05, 0x06, 0x15,
    0x0f, 0x06, 0x2c, 0x96, 0x06, 0x97, 0x02, 0x03, 0x02, 0x03, 0x06, 0x24, 0x04, 0x06, 0x0e, 0x12, 0x07, 0x01, 0x06, 0x36, 0x6b, 0x02, 0x01, 0x06,
    0x14, 0x02, 0x03, 0x01, 0x12, 0x07, 0x01, 0x06, 0x36, 0x08, 0x08, 0x07, 0x06, 0xfe, 0x72, 0x08, 0x08, 0x06, 0xfe, 0x73, 0x08, 0x09, 0x03, 0x02,
    0x0a, 0x06, 0x33, 0x0b, 0x00, 0x0c, 0x01, 0x06, 0x00, 0x0d, 0x09, 0x07, 0x09, 0x00, 0x06, 0xfe, 0x74, 0x08, 0x01, 0x06, 0x1c, 0x1d, 0x06, 0x2e,
    0x02, 0x03, 0x01, 0x59, 0x02, 0x5d, 0x03, 0x01, 0x63, 0x06, 0x91, 0x03, 0x06, 0x49, 0x13, 0x06, 0x7d, 0x08, 0x08, 0x07, 0x06, 0xfe, 0x75, 0x08,
    0x08, 0x06, 0xfe, 0x76, 0x08, 0x09, 0x03, 0x02, 0x0a, 0x06, 0x41, 0x0b, 0x03, 0x01, 0x0c, 0x01, 0x06, 0x09, 0x01, 0x07, 0x00, 0x06, 0xfe, 0x77,
    0x08, 0x0f, 0x06, 0x7d, 0x02, 0x03, 0x01, 0x03, 0x06, 0x49, 0x04, 0x06, 0x0e, 0x05, 0x06, 0x2b, 0x01, 0x06, 0xb6, 0x0d, 0x09, 0x01, 0x09, 0x00,
    0x06, 0xfe, 0x0d, 0x01, 0x05, 0x06, 0x15, 0x0f, 0x06, 0x10, 0x02, 0x03, 0x01, 0x03, 0x06, 0x24, 0x04, 0x06, 0x0e, 0x12, 0x07, 0x01, 0x06, 0x36,
    0x01, 0x06, 0x14, 0x5f, 0x07, 0x01, 0x06, 0xfe, 0x62, 0x02, 0x08, 0x08, 0x07, 0x06, 0xfe, 0x78, 0x08, 0x08, 0x06, 0xfe, 0x79, 0x08, 0x09, 0x03,
    0x02, 0x0a, 0x06, 0x57, 0x0b, 0x03, 0x01, 0x0c, 0x01, 0x06, 0x00, 0x0d, 0x09, 0x01, 0x0a, 0x00, 0x06, 0xfe, 0x7a, 0x08, 0x16, 0x09, 0x05, 0x08,
    0x68, 0x02, 0x00, 0x06, 0xfe, 0x7b, 0x08, 0x39, 0x09, 0x03, 0x02, 0x26, 0x06, 0x68, 0x13, 0x06, 0x17, 0x13, 0x06, 0x17, 0x42, 0x02, 0x04, 0x06,
    0x0e, 0x43, 0x03, 0x0b, 0x03, 0x06, 0x11, 0x05, 0x06, 0x6c, 0x0f, 0x06, 0x2b, 0x27, 0x06, 0x31, 0x02, 0x03, 0x01, 0x03, 0x06, 0x49, 0x04, 0x06,
    0x0e, 0x01, 0x06, 0x14, 0x42, 0x02, 0x08, 0x08, 0x07, 0x06, 0xfe, 0x7c, 0x08, 0x08, 0x06, 0xfe, 0x7d, 0x08, 0x09, 0x03, 0x02, 0x0a, 0x06, 0x37,
    0x0b, 0x00, 0x0c, 0x01, 0x06, 0x00, 0x0d, 0x09, 0x01, 0x09, 0x00, 0x06, 0xfe, 0x7e, 0x08, 0x05, 0x06, 0x3a, 0x65, 0x09, 0x03, 0x02, 0x26, 0x06,
    0x3a, 0x6d, 0x06, 0x89, 0x0f, 0x06, 0x10, 0x02, 0x03, 0x01, 0x03, 0x06, 0x11, 0x04, 0x06, 0x0e, 0x12, 0x07, 0x01, 0x06, 0x36, 0x01, 0x06, 0x14,
    0x08, 0x08, 0x07, 0x06, 0xfe, 0x7f, 0x08, 0x08, 0x06, 0xfe, 0x80, 0x08, 0x09, 0x03, 0x02, 0x0a, 0x06, 0x20, 0x0b, 0x00, 0x0c, 0x01, 0x06, 0x09,
    0x07, 0x06, 0x00, 0x06, 0xb1, 0x19, 0x02, 0x3e, 0x03, 0x02, 0x02, 0x03, 0x02, 0x01, 0x06, 0x48, 0x05, 0x06, 0x2b, 0x0d, 0x09, 0x01, 0x0a, 0x00,
    0x06, 0xfe, 0x81, 0x08, 0x05, 0x06, 0x10, 0x0f, 0x06, 0x17, 0x43, 0x03, 0x04, 0x3f, 0x06, 0x47, 0x02, 0x03, 0x01, 0x03, 0x06, 0x11, 0x69, 0x07,
    0x01, 0x06, 0xfe, 0xae, 0x01, 0xd7, 0x09, 0x03, 0x02, 0x00, 0x06, 0xfe, 0xae, 0x01, 0xd8, 0x06, 0xbe, 0x01, 0x06, 0x14, 0x08, 0x08, 0x07, 0x06,
    0xfe, 0x82, 0x08, 0x08, 0x06, 0xfe, 0x83, 0x08, 0x09, 0x03, 0x02, 0x0a, 0x06, 0x20, 0x0b, 0x00, 0x0c, 0x01, 0x06, 0x00, 0x0d, 0x09, 0x0a, 0x04,
    0x00, 0x06, 0xfe, 0x84, 0x08, 0x16, 0x09, 0x03, 0x06, 0x74, 0x06, 0x75, 0x04, 0x06, 0x0e, 0x79, 0x02, 0x00, 0x06, 0xfe, 0x85, 0x08, 0x39, 0x09,
    0x03, 0x04, 0x26, 0x06, 0x75, 0x72, 0x06, 0x7b, 0x13, 0x06, 0x17, 0xfe, 0x69, 0x01, 0x06, 0xfe, 0x06, 0x01, 0x69, 0x07, 0x01, 0x06, 0xfe, 0x06,
    0x01, 0x01, 0x06, 0x23, 0x1e, 0x07, 0x02, 0x09, 0x02, 0x05, 0x00, 0x06, 0x9a, 0x02, 0x03, 0x02, 0x01, 0x06, 0x32, 0x05, 0x06, 0x2f, 0x0f, 0x06,
    0x10, 0x09, 0x01, 0x06, 0x00, 0x06, 0x77, 0x05, 0x06, 0x10, 0x0f, 0x06, 0x15, 0x02, 0x03, 0x01, 0x01, 0x06, 0x14, 0x03, 0x06, 0x2d, 0x08, 0x08,
    0x07, 0x06, 0xfe, 0x86, 0x08, 0x08, 0x06, 0xfe, 0x87, 0x08, 0x09, 0x03, 0x02, 0x0a, 0x06, 0x20, 0x0b, 0x00, 0x0c, 0x01, 0x06, 0x09, 0x07, 0x06,
    0x00, 0x06, 0xb1, 0x19, 0x02, 0x3e, 0x03, 0x02, 0x02, 0x03, 0x02, 0x01, 0x06, 0x48, 0x05, 0x06, 0x2b, 0x0d, 0x09, 0x01, 0x0a, 0x00, 0x06, 0xfe,
    0x88, 0x08, 0x05, 0x06, 0x10, 0x0f, 0x06, 0x17, 0x43, 0x03, 0x04, 0x3f, 0x06, 0x47, 0x02, 0x03, 0x01, 0x03, 0x06, 0x11, 0x69, 0x07, 0x01, 0x06,
    0xfe, 0x68, 0x02, 0xd7, 0x09, 0x03, 0x02, 0x00, 0x06, 0xfe, 0x68, 0x02, 0xd8, 0x06, 0xbe, 0x01, 0x06, 0x14, 0x08, 0x08, 0x07, 0x06, 0xfe, 0x89,
    0x08, 0x08, 0x06, 0xfe, 0x8a, 0x08, 0x09, 0x03, 0x02, 0x0a, 0x06, 0x20, 0x0b, 0x00, 0x0c, 0x01, 0x06, 0x00, 0x0d, 0x09, 0x04, 0x05, 0x00, 0x06,
    0xfe, 0x69, 0x02, 0x01, 0x06, 0x53, 0x58, 0x09, 0x04, 0x05, 0x00, 0x06, 0xca, 0x05, 0x06, 0x2c, 0x02, 0x03, 0x02, 0x04, 0x06, 0x0e, 0x01, 0x06,
    0x4c, 0x54, 0x09, 0x03, 0x09, 0x01, 0x06, 0x51, 0x0f, 0x06, 0x10, 0x55, 0x02, 0x4e, 0x02, 0x02, 0x03, 0x01, 0x03, 0x06, 0x11, 0x19, 0x02, 0x69,
    0x07, 0x01, 0x06, 0xfe, 0x6a, 0x02, 0x00, 0x06, 0xfe, 0x69, 0x02, 0x19, 0x02, 0x08, 0x08, 0x07, 0x06, 0xfe, 0x8b, 0x08, 0x08, 0x06, 0xfe, 0x8c,
    0x08, 0x09, 0x03, 0x02, 0x0a, 0x06, 0x20, 0x0b, 0x00, 0x0c, 0x01, 0x06, 0x09, 0x07, 0x06, 0x00, 0x06, 0xb1, 0x19, 0x02, 0x3e, 0x03, 0x02, 0x02,
    0x03, 0x02, 0x01, 0x06, 0x48, 0x05, 0x06, 0x2b, 0x0d, 0x09, 0x01, 0x0a, 0x00, 0x06, 0xfe, 0x8d, 0x08, 0x05, 0x06, 0x10, 0x0f, 0x06, 0x17, 0x43,
    0x03, 0x04, 0x3f, 0x06, 0x47, 0x02, 0x03, 0x01, 0x03, 0x06, 0x11, 0x69, 0x07, 0x01, 0x06, 0xfe, 0x6b, 0x02, 0xd7, 0x09, 0x03, 0x02, 0x00, 0x06,
    0xfe, 0x6b, 0x02, 0xd8, 0x06, 0xbe, 0x01, 0x06, 0x14, 0x08, 0x08, 0x07, 0x06, 0xfe, 0x8e, 0x08, 0x08, 0x06, 0xfe, 0x8f, 0x08, 0x09, 0x03, 0x02,
    0x0a, 0x06, 0x20, 0x0b, 0x00, 0x0c, 0x01, 0x06, 0x00, 0x0d, 0x09, 0x04, 0x05, 0x00, 0x06, 0xfe, 0x6c, 0x02, 0x01, 0x06, 0x53, 0x58, 0x09, 0x04,
    0x05, 0x00, 0x06, 0xca, 0x05, 0x06, 0x2c, 0x02, 0x03, 0x02, 0x04, 0x06, 0x0e, 0x01, 0x06, 0x4c, 0x54, 0x09, 0x03, 0x09, 0x01, 0x06, 0x51, 0x0f,
    0x06, 0x10, 0x55, 0x02, 0x4e, 0x02, 0x02, 0x03, 0x01, 0x03, 0x06, 0x11, 0x19, 0x02, 0x69, 0x07, 0x01, 0x06, 0xfe, 0x90, 0x08, 0x00, 0x06, 0xfe,
    0x6c, 0x02, 0x19, 0x02, 0x08, 0x08, 0x07, 0x06, 0xfe, 0x91, 0x08, 0x08, 0x06, 0xfe, 0x92, 0x08, 0x09, 0x03, 0x02, 0x0a, 0x06, 0x20, 0x0b, 0x00,
    0x0c, 0x01, 0x06, 0x00, 0x0d, 0x09, 0x0a, 0x04, 0x00, 0x06, 0xfe, 0x93, 0x08, 0x16, 0x09, 0x03, 0x06, 0x74, 0x06, 0x75, 0x04, 0x06, 0x0e, 0x79,
    0x02, 0x00, 0x06, 0xfe, 0x94, 0x08, 0x39, 0x09, 0x03, 0x04, 0x26, 0x06, 0x75, 0x72, 0x06, 0x7b, 0x13, 0x06, 0x17, 0xfe, 0x69, 0x01, 0x06, 0xfe,
    0x37, 0x01, 0x69, 0x07, 0x01, 0x06, 0xfe, 0x37, 0x01, 0x01, 0x06, 0x23, 0x1e, 0x07, 0x02, 0x09, 0x02, 0x05, 0x00, 0x06, 0x9a, 0x02, 0x03, 0x02,
    0x01, 0x06, 0x32, 0x05, 0x06, 0x2f, 0x0f, 0x06, 0x10, 0x09, 0x01, 0x06, 0x00, 0x06, 0xab, 0x05, 0x06, 0x10, 0x0f, 0x06, 0x15, 0x02, 0x03, 0x02,
    0x01, 0x06, 0x14, 0x03, 0x06, 0x2d, 0x08, 0x08, 0x07, 0x06, 0xfe, 0x95, 0x08, 0x08, 0x06, 0xfe, 0x96, 0x08, 0x09, 0x03, 0x02, 0x0a, 0x06, 0x20,
    0x0b, 0x00, 0x0c, 0x01, 0x06, 0x00, 0x0d, 0x09, 0x0a, 0x04, 0x00, 0x06, 0xfe, 0x97, 0x08, 0x16, 0x09, 0x03, 0x06, 0x74, 0x06, 0x75, 0x04, 0x06,
    0x0e, 0x79, 0x02, 0x00, 0x06, 0xfe, 0x98, 0x08, 0x39, 0x09, 0x03, 0x04, 0x26, 0x06, 0x75, 0x72, 0x06, 0x7b, 0x13, 0x06, 0x17, 0xfe, 0x69, 0x01,
    0x06, 0xfe, 0x6d, 0x02, 0x69, 0x07, 0x01, 0x06, 0xfe, 0x6d, 0x02, 0x01, 0x06, 0x23, 0x1e, 0x07, 0x02, 0x09, 0x02, 0x05, 0x00, 0x06, 0x9a, 0x02,
    0x03, 0x02, 0x01, 0x06, 0x32, 0x05, 0x06, 0x2f, 0x0f, 0x06, 0x10, 0x09, 0x01, 0x06, 0x00, 0x06, 0xab, 0x05, 0x06, 0x10, 0x0f, 0x06, 0x15, 0x02,
    0x03, 0x02, 0x01, 0x06, 0x14, 0x03, 0x06, 0x2d, 0x08, 0x08, 0x07, 0x06, 0xfe, 0x99, 0x08, 0x08, 0x06, 0xfe, 0x9a, 0x08, 0x09, 0x03, 0x02, 0x0a,
    0x06, 0x20, 0x0b, 0x00, 0x0c, 0x01, 0x06, 0x00, 0x0d, 0x09, 0x04, 0x05, 0x00, 0x06, 0xfe, 0x6e, 0x02, 0x01, 0x06, 0x53, 0x58, 0x09, 0x04, 0x05,
    0x00, 0x06, 0xca, 0x05, 0x06, 0x2c, 0x02, 0x03, 0x02, 0x04, 0x06, 0x0e, 0x01, 0x06, 0x4c, 0x54, 0x09, 0x03, 0x09, 0x01, 0x06, 0x51, 0x0f, 0x06,
    0x10, 0x55, 0x02, 0x4e, 0x02, 0x02, 0x03, 0x01, 0x03, 0x06, 0x11, 0x19, 0x02, 0x69, 0x07, 0x01, 0x06, 0xfe, 0x6f, 0x02, 0x00, 0x06, 0xfe, 0x6e,
    0x02, 0x19, 0x02, 0x08, 0x08, 0x07, 0x06, 0xfe, 0x9b, 0x08, 0x08, 0x06, 0xfe, 0x9c, 0x08, 0x09, 0x03, 0x02, 0x0a, 0x06, 0x20, 0x0b, 0x00, 0x0c,
    0x01, 0x06, 0x00, 0x0d, 0x09, 0x0a, 0x04, 0x00, 0x06, 0xfe, 0x9d, 0x08, 0x16, 0x09, 0x03, 0x06, 0x74, 0x06, 0x75, 0x04, 0x06, 0x0e, 0x79, 0x02,
    0x00, 0x06, 0xfe, 0x9e, 0x08, 0x39, 0x09, 0x03, 0x04, 0x26, 0x06, 0x75, 0x72, 0x06, 0x7b, 0x13, 0x06, 0x17, 0xfe, 0x69, 0x01, 0x06, 0xfe, 0x70,
    0x02, 0x69, 0x07, 0x01, 0x06, 0xfe, 0x70, 0x02, 0x01, 0x06, 0x23, 0x1e, 0x07, 0x02, 0x09, 0x02, 0x05, 0x00, 0x06, 0x9a, 0x02, 0x03, 0x02, 0x01,
    0x06, 0x32, 0x05, 0x06, 0x2f, 0x0f, 0x06, 0x10, 0x09, 0x01, 0x06, 0x00, 0x06, 0x77, 0x05, 0x06, 0x10, 0x0f, 0x06, 0x15, 0x02, 0x03, 0x01, 0x01,
    0x06, 0x14, 0x03, 0x06, 0x2d, 0x08, 0x08, 0x07, 0x06, 0xfe, 0x9f, 0x08, 0x08, 0x06, 0xfe, 0xa0, 0x08, 0x09, 0x03, 0x02, 0x0a, 0x06, 0x20, 0x0b,
    0x00, 0x0c, 0x01, 0x06, 0x09, 0x07, 0x06, 0x00, 0x06, 0xb1, 0x19, 0x02, 0x3e, 0x03, 0x02, 0x02, 0x03, 0x02, 0x01, 0x06, 0x48, 0x05, 0x06, 0x2b,
    0x0d, 0x09, 0x01, 0x0a, 0x00, 0x06, 0xfe, 0xa1, 0x08, 0x05, 0x06, 0x10, 0x0f, 0x06, 0x17, 0x43, 0x03, 0x04, 0x3f, 0x06, 0x47, 0x02, 0x03, 0x01,
    0x03, 0x06, 0x11, 0x69, 0x07, 0x01, 0x06, 0xfe, 0x68, 0x01, 0xd7, 0x09, 0x03, 0x02, 0x00, 0x06, 0xfe, 0x68, 0x01, 0xd8, 0x06, 0xbe, 0x01, 0x06,
    0x14, 0x08, 0x08, 0x07, 0x06, 0xfe, 0xa2, 0x08, 0x08, 0x06, 0xfe, 0xa3, 0x08, 0x09, 0x03, 0x02, 0x0a, 0x06, 0x20, 0x0b, 0x00, 0x0c, 0x01, 0x06,
    0x00, 0x0d, 0x09, 0x04, 0x05, 0x00, 0x06, 0xfe, 0x71, 0x02, 0x01, 0x06, 0x53, 0x58, 0x09, 0x04, 0x05, 0x00, 0x06, 0xca, 0x05, 0x06, 0x2c, 0x02,
    0x03, 0x02, 0x04, 0x06, 0x0e, 0x01, 0x06, 0x4c, 0x54, 0x09, 0x03, 0x09, 0x01, 0x06, 0x51, 0x0f, 0x06, 0x10, 0x55, 0x02, 0x4e, 0x02, 0x02, 0x03,
    0x01, 0x03, 0x06, 0x11, 0x19, 0x02, 0x69, 0x07, 0x01, 0x06, 0xfe, 0xa4, 0x08, 0x00, 0x06, 0xfe, 0x71, 0x02, 0x19, 0x02, 0x08, 0x08, 0x07, 0x06,
    0xfe, 0xa5, 0x08, 0x08, 0x06, 0xfe, 0xa6, 0x08, 0x09, 0x03, 0x02, 0x0a, 0x06, 0x20, 0x0b, 0x00, 0x0c, 0x01, 0x06, 0x09, 0x01, 0x07, 0x00, 0x06,
    0x5b, 0x05, 0x06, 0x10, 0x2a, 0x06, 0x10, 0x0f, 0x06, 0x15, 0x02, 0x03, 0x01, 0x19, 0x02, 0x01, 0x06, 0x14, 0x0d, 0x09, 0x04, 0x04, 0x00, 0x06,
    0xfe, 0xa7, 0x08, 0x01, 0x06, 0x53, 0x58, 0x09, 0x04, 0x05, 0x00, 0x06, 0xca, 0x05, 0x06, 0x2c, 0x02, 0x03, 0x02, 0x04, 0x06, 0x0e, 0x01, 0x06,
    0x4c, 0x54, 0x09, 0x03, 0x05, 0x01, 0x06, 0x51, 0x55, 0x02, 0x00, 0x06, 0xfe, 0x0b, 0x01, 0x0f, 0x06, 0x10, 0x02, 0x03, 0x01, 0x08, 0x08, 0x07,
    0x06, 0xfe, 0xa8, 0x08, 0x08, 0x06, 0xfe, 0x4c, 0x01, 0x09, 0x03, 0x02, 0x0a, 0x06, 0x20, 0x0b, 0x00, 0x0c, 0x01, 0x06, 0x00, 0x0d, 0x09, 0x02,
    0x05, 0x00, 0x06, 0x9c, 0x01, 0x06, 0x32, 0x02, 0x03, 0x01, 0x05, 0x06, 0x2f, 0x0f, 0x06, 0x10, 0x08, 0x08, 0x07, 0x06, 0xfe, 0xa9, 0x08, 0x08,
    0x06, 0xfe, 0xaa, 0x08, 0x09, 0x03, 0x02, 0x0a, 0x06, 0x33, 0x0b, 0x00, 0x0c, 0x01, 0x06, 0x00, 0x0d, 0x09, 0x07, 0x0c, 0x00, 0x06, 0xfe, 0xab,
    0x08, 0x01, 0x06, 0x1c, 0x1d, 0x06, 0x35, 0x02, 0x03, 0x01, 0x1b, 0x07, 0x01, 0x06, 0x4d, 0x59, 0x02, 0x5d, 0x03, 0x01, 0x63, 0x06, 0x66, 0x12,
    0x07, 0x01, 0x06, 0xfe, 0x6a, 0x01, 0x13, 0x06, 0x17, 0x04, 0x06, 0x0e, 0x42, 0x02, 0x08, 0x08, 0x07, 0x06, 0xfe, 0xac, 0x08, 0x08, 0x06, 0xfe,
    0xad, 0x08, 0x09, 0x03, 0x02, 0x0a, 0x06, 0x41, 0x0b, 0x03, 0x01, 0x0c, 0x01, 0x06, 0x09, 0x01, 0x06, 0x00, 0x06, 0x77, 0x05, 0x06, 0x10, 0x2a,
    0x06, 0x10, 0x0f, 0x06, 0x15, 0x02, 0x03, 0x01, 0x01, 0x06, 0x14, 0x0d, 0x09, 0x0a, 0x05, 0x00, 0x06, 0xfe, 0xae, 0x08, 0x01, 0x06, 0xa9, 0x94,
    0x09, 0x08, 0x05, 0x00, 0x06, 0xfe, 0xaf, 0x08, 0x27, 0x06, 0x67, 0x02, 0x03, 0x01, 0x03, 0x06, 0x11, 0x01, 0x06, 0x30, 0xaa, 0x09, 0x01, 0x04,
    0x00, 0x06, 0xfe, 0xb0, 0x08, 0x04, 0x06, 0x3c, 0x13, 0x06, 0x17, 0x03, 0x06, 0x11, 0x9e, 0x09, 0x01, 0x07, 0x00, 0x06, 0xfe, 0x09, 0x01, 0x05,
    0x06, 0x15, 0x0f, 0x06, 0x10, 0x02, 0x03, 0x01, 0x03, 0x06, 0x24, 0x04, 0x06, 0x0e, 0x01, 0x06, 0x14, 0x08, 0x08, 0x07, 0x06, 0xfe, 0xb1, 0x08,
    0x08, 0x06, 0xfe, 0xb2, 0x08, 0x09, 0x03, 0x02, 0x0a, 0x06, 0x20, 0x0b, 0x00, 0x0c, 0x01, 0x06, 0x09, 0x0a, 0x04, 0x00, 0x06, 0xfe, 0x1a, 0x01,
    0x19, 0x02, 0x01, 0x06, 0x92, 0x1e, 0x07, 0x02, 0x09, 0x08, 0x06, 0x00, 0x06, 0xe2, 0x27, 0x06, 0x31, 0x03, 0x06, 0x11, 0x6e, 0x02, 0x19, 0x02,
    0x01, 0x06, 0x30, 0x09, 0x01, 0x07, 0x00, 0x06, 0x5b, 0x05, 0x06, 0x10, 0x2a, 0x06, 0x10, 0x0f, 0x06, 0x15, 0x02, 0x03, 0x01, 0x19, 0x02, 0x01,
    0x06, 0x14, 0x0d, 0x09, 0x04, 0x04, 0x00, 0x06, 0xfe, 0xb3, 0x08, 0x01, 0x06, 0x53, 0x58, 0x09, 0x04, 0x05, 0x00, 0x06, 0xc9, 0x05, 0x06, 0x2c,
    0x02, 0x03, 0x03, 0x04, 0x06, 0x0e, 0x01, 0x06, 0x4c, 0x54, 0x09, 0x03, 0x05, 0x01, 0x06, 0x51, 0x55, 0x02, 0x00, 0x06, 0xfe, 0xb4, 0x08, 0x0f,
    0x06, 0x10, 0x02, 0x03, 0x01, 0x08, 0x08, 0x07, 0x06, 0xfe, 0xb5, 0x08, 0x08, 0x06, 0xfe, 0xb6, 0x08, 0x09, 0x03, 0x02, 0x0a, 0x06, 0x20, 0x0b,
    0x00, 0x0c, 0x01, 0x06, 0x09, 0x08, 0x06, 0x00, 0x06, 0xd3, 0x27, 0x06, 0x31, 0x03, 0x06, 0x11, 0x19, 0x02, 0x6e, 0x02, 0x01, 0x06, 0x30, 0x0d,
    0x09, 0x08, 0x09, 0x00, 0x06, 0xfe, 0x72, 0x02, 0x05, 0x06, 0x17, 0x43, 0x03, 0x09, 0x3f, 0x06, 0x47, 0x27, 0x06, 0x31, 0x02, 0x03, 0x01, 0x03,
    0x06, 0x11, 0x04, 0x06, 0x3c, 0x01, 0x06, 0x30, 0x08, 0x08, 0x07, 0x06, 0xfe, 0xb7, 0x08, 0x08, 0x06, 0xfe, 0xb8, 0x08, 0x09, 0x03, 0x02, 0x0a,
    0x06, 0x33, 0x0b, 0x00, 0x0c, 0x01, 0x06, 0x00, 0x0d, 0x09, 0x07, 0x08, 0x00, 0x06, 0xfe, 0x73, 0x02, 0x16, 0x09, 0x07, 0x02, 0xb8, 0x06, 0x31,
    0x00, 0x06, 0xfe, 0xb9, 0x08, 0x1a, 0x06, 0x5a, 0x40, 0x02, 0x01, 0x06, 0x1c, 0x1d, 0x06, 0x35, 0x02, 0x03, 0x01, 0x1b, 0x07, 0x01, 0x06, 0x4d,
    0x08, 0x08, 0x07, 0x06, 0xfe, 0xba, 0x08, 0x08, 0x06, 0xfe, 0xbb, 0x08, 0x09, 0x03, 0x02, 0x0a, 0x06, 0x57, 0x0b, 0x00, 0x0c, 0x01, 0x06, 0x00,
    0x0d, 0x09, 0x08, 0x0b, 0x00, 0x06, 0xfe, 0xbc, 0x08, 0x16, 0x09, 0x03, 0x05, 0x00, 0x06, 0xdb, 0x39, 0x09, 0x03, 0x02, 0x26, 0x06, 0x9f, 0x72,
    0x06, 0x7b, 0x74, 0x06, 0x7a, 0x03, 0x06, 0x11, 0x25, 0x02, 0x05, 0x06, 0x17, 0x27, 0x06, 0x31, 0x02, 0x03, 0x01, 0x03, 0x06, 0x11, 0x04, 0x06,
    0x3c, 0x01, 0x06, 0x30, 0x6a, 0x02, 0xae, 0x03, 0x02, 0xac, 0x06, 0x47, 0x08, 0x08, 0x07, 0x06, 0xfe, 0xbd, 0x08, 0x08, 0x06, 0xfe, 0xbe, 0x08,
    0x09, 0x03, 0x02, 0x0a, 0x06, 0x57, 0x0b, 0x03, 0x01, 0x0c, 0x01, 0x06, 0x00, 0x0d, 0x09, 0x08, 0x06, 0x00, 0x06, 0xfe, 0x74, 0x02, 0x16, 0x09,
    0x03, 0x05, 0x00, 0x06, 0xdb, 0x39, 0x09, 0x03, 0x02, 0x26, 0x06, 0x9f, 0x72, 0x06, 0x7b, 0x74, 0x06, 0x7a, 0x03, 0x06, 0x11, 0x25, 0x02, 0x27,
    0x06, 0x67, 0x02, 0x03, 0x02, 0x01, 0x06, 0x30, 0x03, 0x06, 0x49, 0x08, 0x08, 0x07, 0x06, 0xfe, 0xbf, 0x08, 0x08, 0x06, 0xfe, 0xc0, 0x08, 0x09,
    0x03, 0x02, 0x0a, 0x06, 0x41, 0x0b, 0x03, 0x01, 0x0c, 0x01, 0x06, 0x09, 0x01, 0x04, 0x00, 0x06, 0xfe, 0xc1, 0x08, 0x0f, 0x06, 0x6c, 0x02, 0x03,
    0x02, 0x01, 0x06, 0x14, 0x0d, 0x09, 0x01, 0x07, 0x00, 0x06, 0xfe, 0xc2, 0x08, 0x05, 0x06, 0x15, 0x0f, 0x06, 0x10, 0x02, 0x03, 0x01, 0x03, 0x06,
    0x24, 0x04, 0x06, 0x0e, 0x01, 0x06, 0x14, 0x08, 0x08, 0x07, 0x06, 0xfe, 0xc3, 0x08, 0x08, 0x06, 0xfe, 0xc4, 0x08, 0x09, 0x03, 0x02, 0x0a, 0x06,
    0x21, 0x0b, 0x00, 0x0c, 0x01, 0x06, 0x09, 0x07, 0x06, 0x00, 0x06, 0xa0, 0x19, 0x02, 0x3e, 0x03, 0x01, 0x02, 0x03, 0x01, 0x01, 0x06, 0x48, 0x05,
    0x06, 0x2b, 0x0d, 0x09, 0x01, 0x08, 0x00, 0x06, 0xd4, 0x05, 0x06, 0x6c, 0x0f, 0x06, 0x2b, 0x27, 0x06, 0x31, 0x02, 0x03, 0x01, 0x03, 0x06, 0x49,
    0x04, 0x06, 0x0e, 0x01, 0x06, 0x14, 0x08, 0x08, 0x07, 0x06, 0xfe, 0xc5, 0x08, 0x08, 0x06, 0xfe, 0xc6, 0x08, 0x09, 0x03, 0x02, 0x0a, 0x06, 0x21,
    0x0b, 0x00, 0x0c, 0x01, 0x06, 0x00, 0x0d, 0x09, 0x05, 0x07, 0x00, 0x06, 0xfe, 0xc7, 0x08, 0x16, 0x09, 0x00, 0x08, 0x18, 0x06, 0x81, 0x70, 0x07,
    0x02, 0x09, 0x01, 0x08, 0x02, 0x03, 0x03, 0x18, 0x06, 0x1f, 0x00, 0x06, 0xfe, 0xc8, 0x08, 0x7c, 0x06, 0x66, 0x03, 0x06, 0x11, 0x13, 0x06, 0x17,
    0x04, 0x06, 0x0e, 0x12, 0x07, 0x01, 0x06, 0x5c, 0x09, 0x01, 0x05, 0x00, 0x06, 0xfe, 0xc9, 0x08, 0xfe, 0x6b, 0x01, 0x07, 0x01, 0x06, 0xfe, 0xaf,
    0x01, 0x04, 0x06, 0x0e, 0x13, 0x06, 0x15, 0x03, 0x06, 0x24, 0x00, 0x06, 0xfe, 0xca, 0x08, 0x04, 0x06, 0x0e, 0x13, 0x06, 0x15, 0x03, 0x06, 0x24,
    0x12, 0x07, 0x01, 0x06, 0x5c, 0xfe, 0x6b, 0x01, 0x07, 0x01, 0x06, 0xfe, 0xaf, 0x01, 0x01, 0x06, 0x38, 0x29, 0x03, 0x01, 0x28, 0x06, 0x34, 0x25,
    0x02, 0xfe, 0x6b, 0x01, 0x07, 0x01, 0x06, 0xfe, 0xaf, 0x01, 0x08, 0x08, 0x07, 0x06, 0xfe, 0xcb, 0x08, 0x08, 0x06, 0xfe, 0xcc, 0x08, 0x09, 0x03,
    0x02, 0x0a, 0x06, 0x57, 0x0b, 0x03, 0x02, 0x0c, 0x01, 0x06, 0x00, 0x0d, 0x09, 0x0a, 0x09, 0x00, 0x06, 0xfe, 0xcd, 0x08, 0x01, 0x06, 0xfe, 0x00,
    0x01, 0x40, 0x02, 0xde, 0x06, 0xdf, 0x16, 0x09, 0x05, 0x08, 0x68, 0x02, 0x00, 0x06, 0xfe, 0xce, 0x08, 0x39, 0x09, 0x03, 0x02, 0x26, 0x06, 0x68,
    0x13, 0x06, 0x17, 0x13, 0x06, 0x17, 0x42, 0x02, 0x12, 0x07, 0x01, 0x06, 0xbc, 0x04, 0x06, 0x0e, 0x03, 0x06, 0x11, 0x42, 0x02, 0x12, 0x07, 0x01,
    0x06, 0xbc, 0xfe, 0x01, 0x01, 0x09, 0x07, 0x05, 0x00, 0x06, 0xfe, 0xfa, 0x01, 0x01, 0x06, 0x48, 0x3e, 0x03, 0x01, 0x02, 0x03, 0x01, 0x13, 0x06,
    0x17, 0xfe, 0x02, 0x01, 0x09, 0x08, 0x07, 0x00, 0x06, 0xfe, 0x29, 0x01, 0x27, 0x06, 0x67, 0x02, 0x03, 0x02, 0x01, 0x06, 0x30, 0x03, 0x06, 0x49,
    0x42, 0x02, 0x13, 0x06, 0x17, 0x08, 0x08, 0x07, 0x06, 0xfe, 0xcf, 0x08, 0x08, 0x06, 0xfe, 0xd0, 0x08, 0x09, 0x03, 0x02, 0x0a, 0x06, 0x21, 0x0b,
    0x00, 0x0c, 0x01, 0x06, 0x09, 0x07, 0x06, 0x00, 0x06, 0xb1, 0x19, 0x02, 0x3e, 0x03, 0x02, 0x02, 0x03, 0x02, 0x01, 0x06, 0x48, 0x05, 0x06, 0x2b,
    0x0d, 0x09, 0x0a, 0x06, 0x00, 0x06, 0xfe, 0xb0, 0x01, 0x1a, 0x06, 0x22, 0x01, 0x06, 0x23, 0x1e, 0x07, 0x02, 0x09, 0x07, 0x06, 0x01, 0x06, 0x1c,
    0x1d, 0x06, 0x2e, 0x02, 0x03, 0x01, 0x03, 0x06, 0x2d, 0x1a, 0x06, 0x22, 0x00, 0x06, 0xfe, 0xb0, 0x01, 0x09, 0x07, 0x07, 0x01, 0x06, 0x1c, 0x1d,
    0x06, 0x35, 0x1b, 0x07, 0x01, 0x06, 0x4a, 0x02, 0x03, 0x01, 0x03, 0x06, 0x2d, 0x1a, 0x06, 0x22, 0x00, 0x06, 0xfe, 0xb0, 0x01, 0x1b, 0x07, 0x01,
    0x06, 0x4a, 0x02, 0x03, 0x02, 0x08, 0x08, 0x07, 0x06, 0xfe, 0xd1, 0x08, 0x08, 0x06, 0xfe, 0xd2, 0x08, 0x09, 0x03, 0x02, 0x0a, 0x06, 0x41, 0x0b,
    0x03, 0x01, 0x0c, 0x01, 0x06, 0x09, 0x04, 0x07, 0x00, 0x06, 0xfe, 0xd3, 0x08, 0x05, 0x06, 0x10, 0x2a, 0x06, 0x10, 0x02, 0x03, 0x01, 0x03, 0x06,
    0x11, 0x69, 0x07, 0x01, 0x06, 0xfe, 0xa5, 0x01, 0x01, 0x06, 0x4e, 0x0d, 0x09, 0x01, 0x07, 0x00, 0x06, 0xfe, 0x06, 0x02, 0x05, 0x06, 0x3a, 0x65,
    0x09, 0x03, 0x02, 0x26, 0x06, 0x3a, 0x6d, 0x06, 0x89, 0x0f, 0x06, 0x7d, 0x03, 0x06, 0x11, 0x01, 0x06, 0x14, 0x02, 0x03, 0x01, 0x08, 0x08, 0x07,
    0x06, 0xfe, 0xd4, 0x08, 0x08, 0x06, 0xfe, 0xd5, 0x08, 0x09, 0x03, 0x02, 0x0a, 0x06, 0x21, 0x0b, 0x00, 0x0c, 0x01, 0x06, 0x00, 0x0d, 0x09, 0x0a,
    0x05, 0x00, 0x06, 0xfe, 0xd6, 0x08, 0x01, 0x06, 0x23, 0x1e, 0x07, 0x02, 0x09, 0x0d, 0x0c, 0x00, 0x06, 0xfe, 0xd7, 0x08, 0x01, 0x06, 0xa2, 0x28,
    0x06, 0x34, 0x29, 0x03, 0x04, 0x02, 0x03, 0x04, 0x25, 0x02, 0x59, 0x02, 0x5d, 0x03, 0x01, 0x63, 0x06, 0x91, 0x03, 0x06, 0x11, 0x13, 0x06, 0x7d,
    0x1a, 0x06, 0x22, 0x09, 0x07, 0x0d, 0x00, 0x06, 0xfe, 0xd8, 0x08, 0x02, 0x03, 0x03, 0x03, 0x06, 0x11, 0x6b, 0x02, 0x01, 0x06, 0x1c, 0x1d, 0x06,
    0x35, 0x1b, 0x07, 0x01, 0x06, 0x4d, 0xfe, 0x1c, 0x01, 0x03, 0x03, 0x59, 0x02, 0x5d, 0x03, 0x01, 0x63, 0x06, 0x91, 0x13, 0x06, 0x7d, 0x1a, 0x06,
    0x22, 0x1a, 0x06, 0x22, 0x1b, 0x07, 0x01, 0x06, 0x4d, 0x08, 0x08, 0x07, 0x06, 0xfe, 0xd9, 0x08, 0x08, 0x06, 0xfe, 0xda, 0x08, 0x09, 0x03, 0x02,
    0x0a, 0x06, 0x20, 0x0b, 0x00, 0x0c, 0x01, 0x06, 0x00, 0x0d, 0x09, 0x0a, 0x04, 0x00, 0x06, 0xfe, 0xdb, 0x08, 0x01, 0x06, 0x23, 0x1e, 0x07, 0x02,
    0x09, 0x01, 0x07, 0x00, 0x06, 0xfe, 0xdc, 0x08, 0x05, 0x06, 0x10, 0x0f, 0x06, 0x15, 0x03, 0x06, 0x11, 0x12, 0x07, 0x01, 0x06, 0x93, 0x01, 0x06,
    0x14, 0x99, 0x02, 0x09, 0x02, 0x06, 0x00, 0x06, 0xfe, 0xdd, 0x08, 0x65, 0x09, 0x03, 0x05, 0x26, 0x06, 0x65, 0x6d, 0x06, 0xf4, 0xc5, 0x06, 0xce,
    0xfe, 0x52, 0x01, 0x06, 0x34, 0xfe, 0x53, 0x01, 0x03, 0x01, 0x01, 0x06, 0x32, 0x05, 0x06, 0x2f, 0x0f, 0x06, 0x10, 0x12, 0x07, 0x01, 0x06, 0x93,
    0x12, 0x07, 0x01, 0x06, 0x93, 0x08, 0x08, 0x07, 0x06, 0xfe, 0xde, 0x08, 0x08, 0x06, 0xfe, 0xdf, 0x08, 0x09, 0x03, 0x02, 0x0a, 0x06, 0x57, 0x0b,
    0x03, 0x02, 0x0c, 0x01, 0x06, 0x00, 0x0d, 0x09, 0x0a, 0x08, 0x00, 0x06, 0xfe, 0xb1, 0x01, 0x1a, 0x06, 0x22, 0x01, 0x06, 0x23, 0x1e, 0x07, 0x02,
    0x09, 0x07, 0x06, 0x01, 0x06, 0x1c, 0x1d, 0x06, 0x2e, 0x02, 0x03, 0x01, 0x03, 0x06, 0x2d, 0x1a, 0x06, 0x22, 0x00, 0x06, 0xfe, 0xb1, 0x01, 0x09,
    0x07, 0x07, 0x01, 0x06, 0x1c, 0x1d, 0x06, 0x35, 0x1b, 0x07, 0x01, 0x06, 0x4f, 0x02, 0x03, 0x01, 0x03, 0x06, 0x2d, 0x1a, 0x06, 0x22, 0x00, 0x06,
    0xfe, 0xb1, 0x01, 0x1b, 0x07, 0x01, 0x06, 0x4f, 0x02, 0x03, 0x02, 0xde, 0x06, 0xdf, 0x16, 0x09, 0x01, 0x06, 0x02, 0x03, 0x01, 0x18, 0x06, 0x1f,
    0x00, 0x06, 0xfe, 0xe0, 0x08, 0x13, 0x06, 0x15, 0x04, 0x06, 0x0e, 0x05, 0x06, 0x88, 0x08, 0x08, 0x07, 0x06, 0xfe, 0xe1, 0x08, 0x08, 0x06, 0xfe,
    0xe2, 0x08, 0x09, 0x03, 0x02, 0x0a, 0x06, 0x20, 0x0b, 0x00, 0x0c, 0x01, 0x06, 0x09, 0x0a, 0x04, 0x00, 0x06, 0xfe, 0xe3, 0x08, 0x19, 0x02, 0x01,
    0x06, 0x92, 0x1e, 0x07, 0x02, 0x09, 0x07, 0x06, 0x00, 0x06, 0xee, 0x3e, 0x03, 0x01, 0x02, 0x03, 0x01, 0x19, 0x02, 0x01, 0x06, 0x48, 0x05, 0x06,
    0x2b, 0x09, 0x01, 0x07, 0x00, 0x06, 0x5b, 0x05, 0x06, 0x10, 0x2a, 0x06, 0x10, 0x0f, 0x06, 0x15, 0x02, 0x03, 0x01, 0x19, 0x02, 0x01, 0x06, 0x14,
    0x0d, 0x09, 0x0a, 0x04, 0x00, 0x06, 0xfe, 0xe4, 0x08, 0x01, 0x06, 0x23, 0x1e, 0x07, 0x02, 0x09, 0x01, 0x07, 0x00, 0x06, 0xe8, 0x05, 0x06, 0x2c,
    0x02, 0x03, 0x03, 0x0f, 0x06, 0x15, 0x04, 0x06, 0x0e, 0x01, 0x06, 0x14, 0x03, 0x06, 0x2d, 0x09, 0x01, 0x08, 0x00, 0x06, 0xfe, 0xe5, 0x08, 0x05,
    0x06, 0x15, 0x0f, 0x06, 0x10, 0x02, 0x03, 0x01, 0x03, 0x06, 0x24, 0x04, 0x06, 0x0e, 0x12, 0x07, 0x01, 0x06, 0xbc, 0x01, 0x06, 0x14, 0x12, 0x07,
    0x01, 0x06, 0xbc, 0x08, 0x08, 0x07, 0x06, 0xfe, 0xe6, 0x08, 0x08, 0x06, 0xfe, 0xe7, 0x08, 0x09, 0x03, 0x02, 0x0a, 0x06, 0x21, 0x0b, 0x00, 0x0c,
    0x01, 0x06, 0x00, 0x0d, 0x09, 0x0a, 0x04, 0x00, 0x06, 0xfe, 0xe8, 0x08, 0x01, 0x06, 0x23, 0x1e, 0x07, 0x04, 0x09, 0x03, 0x03, 0x00, 0x06, 0xfe,
    0xe9, 0x08, 0x02, 0x03, 0x01, 0x01, 0x06, 0xfe, 0xea, 0x08, 0x09, 0x04, 0x05, 0x00, 0x06, 0xfe, 0x66, 0x02, 0x05, 0x06, 0x2c, 0x02, 0x03, 0x01,
    0x04, 0x06, 0x0e, 0x01, 0x06, 0x4e, 0x09, 0x01, 0x08, 0x00, 0x06, 0xfe, 0xeb, 0x08, 0x16, 0x09, 0x00, 0x04, 0x18, 0x06, 0x81, 0x70, 0x07, 0x02,
    0x09, 0x01, 0x04, 0x00, 0x06, 0xfe, 0xec, 0x08, 0x13, 0x06, 0x3a, 0x03, 0x06, 0x11, 0x04, 0x06, 0x0e, 0x09, 0x02, 0x04, 0x00, 0x06, 0xfe, 0xed,
    0x08, 0x18, 0x06, 0x1f, 0x64, 0x06, 0x06, 0x13, 0x06, 0x3a, 0x00, 0x06, 0xfe, 0xee, 0x08, 0x03, 0x06, 0x11, 0x05, 0x06, 0x3a, 0x65, 0x09, 0x03,
    0x02, 0x26, 0x06, 0x3a, 0x6d, 0x06, 0x89, 0x0f, 0x06, 0x10, 0x01, 0x06, 0x14, 0x03, 0x06, 0x2d, 0x02, 0x03, 0x01, 0x09, 0x07, 0x06, 0x00, 0x06,
    0xfe, 0xef, 0x08, 0x16, 0x09, 0x02, 0x04, 0x00, 0x06, 0xfe, 0xf0, 0x08, 0x18, 0x06, 0x47, 0x02, 0x03, 0x01, 0x04, 0x06, 0x0e, 0x01, 0x06, 0x1c,
    0x1d, 0x06, 0x2e, 0x02, 0x03, 0x02, 0x1a, 0x06, 0x22, 0x5f, 0x07, 0x01, 0x06, 0xfe, 0xf1, 0x08, 0x08, 0x08, 0x07, 0x06, 0xfe, 0xf2, 0x08, 0x08,
    0x06, 0xfe, 0xf3, 0x08, 0x09, 0x03, 0x02, 0x0a, 0x06, 0x21, 0x0b, 0x00, 0x0c, 0x01, 0x06, 0x00, 0x0d, 0x09, 0x0a, 0x08, 0x00, 0x06, 0xfe, 0xf4,
    0x08, 0x01, 0x06, 0x23, 0x1e, 0x07, 0x02, 0x09, 0x0c, 0x08, 0x00, 0x06, 0xfe, 0xf5, 0x08, 0x05, 0x06, 0x17, 0x03, 0x06, 0x11, 0x04, 0x06, 0x0e,
    0x42, 0x02, 0x12, 0x07, 0x01, 0x06, 0x93, 0x19, 0x02, 0x01, 0x06, 0x7a, 0x09, 0x0a, 0x08, 0x00, 0x06, 0xfe, 0xb2, 0x01, 0x1a, 0x06, 0x22, 0x01,
    0x06, 0x23, 0x1e, 0x07, 0x02, 0x09, 0x07, 0x06, 0x01, 0x06, 0x1c, 0x1d, 0x06, 0x2e, 0x02, 0x03, 0x01, 0x03, 0x06, 0x2d, 0x1a, 0x06, 0x22, 0x00,
    0x06, 0xfe, 0xb2, 0x01, 0x09, 0x07, 0x07, 0x01, 0x06, 0x1c, 0x1d, 0x06, 0x35, 0x1b, 0x07, 0x01, 0x06, 0x4f, 0x02, 0x03, 0x01, 0x03, 0x06, 0x2d,
    0x1a, 0x06, 0x22, 0x00, 0x06, 0xfe, 0xb2, 0x01, 0x1b, 0x07, 0x01, 0x06, 0x4f, 0x02, 0x03, 0x02, 0x42, 0x02, 0x12, 0x07, 0x01, 0x06, 0x93, 0x40,
    0x02, 0x5f, 0x07, 0x01, 0x06, 0xfc, 0x42, 0x02, 0x12, 0x07, 0x01, 0x06, 0x93, 0x1b, 0x07, 0x01, 0x06, 0x4f, 0x08, 0x08, 0x07, 0x06, 0xfe, 0xf6,
    0x08, 0x08, 0x06, 0xfe, 0xf7, 0x08, 0x09, 0x03, 0x02, 0x0a, 0x06, 0x20, 0x0b, 0x00, 0x0c, 0x01, 0x06, 0x09, 0x0a, 0x04, 0x00, 0x06, 0xfe, 0xf8,
    0x08, 0x19, 0x02, 0x01, 0x06, 0x92, 0x1e, 0x07, 0x02, 0x09, 0x07, 0x06, 0x00, 0x06, 0xa1, 0x3e, 0x03, 0x02, 0x02, 0x03, 0x02, 0x19, 0x02, 0x01,
    0x06, 0x48, 0x05, 0x06, 0x2b, 0x09, 0x01, 0x07, 0x00, 0x06, 0x5b, 0x05, 0x06, 0x10, 0x2a, 0x06, 0x10, 0x0f, 0x06, 0x15, 0x02, 0x03, 0x01, 0x19,
    0x02, 0x01, 0x06, 0x14, 0x0d, 0x09, 0x01, 0x08, 0x00, 0x06, 0xfe, 0xb3, 0x01, 0x05, 0x06, 0x15, 0x0f, 0x06, 0x10, 0x02, 0x03, 0x01, 0x04, 0x06,
    0x0e, 0x12, 0x07, 0x01, 0x06, 0x5c, 0x01, 0x06, 0x14, 0x03, 0x06, 0x2d, 0x08, 0x08, 0x07, 0x06, 0xfe, 0xf9, 0x08, 0x08, 0x06, 0xfe, 0xfa, 0x08,
    0x09, 0x03, 0x02, 0x0a, 0x06, 0x33, 0x0b, 0x00, 0x0c, 0x01, 0x06, 0x00, 0x0d, 0x09, 0x07, 0x09, 0x00, 0x06, 0xfe, 0x27, 0x01, 0x16, 0x09, 0x00,
    0x06, 0x18, 0x06, 0x81, 0x70, 0x07, 0x02, 0x09, 0x01, 0x06, 0x00, 0x06, 0xfe, 0xfb, 0x08, 0x04, 0x06, 0x0e, 0x13, 0x06, 0x17, 0x03, 0x06, 0x11,
    0x02, 0x03, 0x02, 0x18, 0x06, 0x85, 0x09, 0x01, 0x07, 0x02, 0x03, 0x03, 0x18, 0x06, 0x1f, 0x00, 0x06, 0xfe, 0xfc, 0x08, 0x7c, 0x06, 0x66, 0x03,
    0x06, 0x11, 0x13, 0x06, 0x17, 0x04, 0x06, 0x3c, 0x00, 0x06, 0xfe, 0xfd, 0x08, 0x04, 0x06, 0x76, 0x13, 0x06, 0x17, 0x03, 0x06, 0x11, 0x1a, 0x06,
    0x5a, 0x40, 0x02, 0x01, 0x06, 0x1c, 0x1d, 0x06, 0x35, 0x02, 0x03, 0x01, 0x1b, 0x07, 0x01, 0x06, 0x56, 0x04, 0x06, 0x0e, 0x08, 0x08, 0x07, 0x06,
    0xfe, 0xfe, 0x08, 0x08, 0x06, 0xfe, 0xff, 0x08, 0x09, 0x03, 0x02, 0x0a, 0x06, 0x20, 0x0b, 0x00, 0x0c, 0x01, 0x06, 0x00, 0x0d, 0x09, 0x08, 0x0a,
    0x00, 0x06, 0xfe, 0x00, 0x09, 0x05, 0x06, 0x17, 0x27, 0x06, 0x31, 0x03, 0x06, 0x11, 0x04, 0x06, 0x76, 0x01, 0x06, 0x30, 0x6a, 0x02, 0x52, 0x02,
    0xae, 0x03, 0x03, 0xac, 0x06, 0x47, 0x08, 0x08, 0x07, 0x06, 0xfe, 0x01, 0x09, 0x08, 0x06, 0xfe, 0x02, 0x09, 0x09, 0x03, 0x02, 0x0a, 0x06, 0x33,
    0x0b, 0x00, 0x0c, 0x01, 0x06, 0x00, 0x0d, 0x09, 0x0b, 0x06, 0x00, 0x06, 0xfe, 0x03, 0x09, 0x01, 0x06, 0xba, 0xbb, 0x06, 0xfe, 0x1a, 0x02, 0x04,
    0x06, 0x3c, 0x03, 0x06, 0x11, 0x16, 0x09, 0x06, 0x03, 0xaf, 0x06, 0xfe, 0x63, 0x01, 0x00, 0x06, 0xfe, 0x04, 0x09, 0x39, 0x09, 0x03, 0x02, 0x26,
    0x06, 0x6f, 0xaf, 0x06, 0xfe, 0x63, 0x01, 0x08, 0x08, 0x07, 0x06, 0xfe, 0x05, 0x09, 0x08, 0x06, 0xfe, 0x06, 0x09, 0x09, 0x03, 0x02, 0x0a, 0x06,
    0x57, 0x0b, 0x03, 0x02, 0x0c, 0x01, 0x06, 0x00, 0x0d, 0x09, 0x07, 0x08, 0x00, 0x06, 0xfe, 0x07, 0x09, 0x1a, 0x06, 0x22, 0x01, 0x06, 0x1c, 0x1d,
    0x06, 0x2e, 0x02, 0x03, 0x02, 0xde, 0x06, 0xdf, 0x16, 0x09, 0x05, 0x09, 0x68, 0x02, 0x00, 0x06, 0xfe, 0x08, 0x09, 0x39, 0x09, 0x03, 0x03, 0x26,
    0x06, 0x68, 0x13, 0x06, 0x17, 0x3d, 0x06, 0x3b, 0x13, 0x06, 0x17, 0x12, 0x07, 0x01, 0x06, 0x5c, 0x04, 0x06, 0x0e, 0x03, 0x06, 0x11, 0x3d, 0x06,
    0x3b, 0x4b, 0x06, 0x3b, 0x4b, 0x06, 0x3b, 0x08, 0x08, 0x07, 0x06, 0xfe, 0x09, 0x09, 0x08, 0x06, 0xfe, 0x0a, 0x09, 0x09, 0x03, 0x02, 0x0a, 0x06,
    0x21, 0x0b, 0x00, 0x0c, 0x01, 0x06, 0x00, 0x0d, 0x09, 0x0a, 0x04, 0x00, 0x06, 0xfe, 0x0b, 0x09, 0x16, 0x09, 0x08, 0x04, 0x02, 0x03, 0x08, 0x18,
    0x06, 0x1f, 0x00, 0x06, 0xfe, 0x0c, 0x09, 0x05, 0x06, 0xf2, 0x01, 0x06, 0x23, 0x1e, 0x07, 0x02, 0x09, 0x02, 0x05, 0x00, 0x06, 0x9a, 0x02, 0x03,
    0x02, 0x01, 0x06, 0x32, 0x05, 0x06, 0x2f, 0x0f, 0x06, 0x10, 0x09, 0x01, 0x06, 0x00, 0x06, 0x77, 0x05, 0x06, 0x10, 0x0f, 0x06, 0x15, 0x02, 0x03,
    0x01, 0x01, 0x06, 0x14, 0x03, 0x06, 0x2d, 0x08, 0x08, 0x07, 0x06, 0xfe, 0x0d, 0x09, 0x08, 0x06, 0xfe, 0x0e, 0x09, 0x09, 0x03, 0x02, 0x0a, 0x06,
    0xc0, 0x0b, 0x00, 0x0c, 0x01, 0x06, 0x00, 0x0d, 0x09, 0x08, 0x0a, 0x00, 0x06, 0xfe, 0x0f, 0x09, 0x16, 0x09, 0x02, 0x09, 0x00, 0x06, 0xfe, 0x10,
    0x09, 0x04, 0x06, 0x0e, 0x13, 0x06, 0x17, 0x03, 0x06, 0x11, 0x02, 0x03, 0x0a, 0x18, 0x06, 0x1f, 0x64, 0x06, 0x06, 0x43, 0x03, 0x0a, 0x3f, 0x06,
    0x1f, 0x05, 0x06, 0x17, 0x43, 0x03, 0x04, 0x3f, 0x06, 0x47, 0x27, 0x06, 0x31, 0x02, 0x03, 0x01, 0x03, 0x06, 0x11, 0x04, 0x06, 0x3c, 0x01, 0x06,
    0x30, 0x08, 0x08, 0x07, 0x06, 0xfe, 0x11, 0x09, 0x08, 0x06, 0xfe, 0x12, 0x09, 0x09, 0x03, 0x02, 0x0a, 0x06, 0x20, 0x0b, 0x00, 0x0c, 0x01, 0x06,
    0x00, 0x0d, 0x09, 0x0a, 0x07, 0x00, 0x06, 0xfe, 0x13, 0x09, 0x01, 0x06, 0xa9, 0x94, 0x09, 0x01, 0x09, 0x00, 0x06, 0xfe, 0x14, 0x09, 0x05, 0x06,
    0x15, 0x0f, 0x06, 0x7d, 0x03, 0x06, 0x11, 0x04, 0x06, 0x2f, 0x98, 0x02, 0x01, 0x06, 0x14, 0xb7, 0x02, 0x52, 0x02, 0xaa, 0x09, 0x01, 0x07, 0x02,
    0x03, 0x14, 0x18, 0x06, 0x1f, 0x00, 0x06, 0xfe, 0x15, 0x09, 0x04, 0x06, 0x76, 0xcd, 0x06, 0x76, 0x60, 0x06, 0x61, 0x05, 0x06, 0x88, 0x9e, 0x09,
    0x0a, 0x03, 0x00, 0x06, 0xfe, 0x16, 0x09, 0x01, 0x06, 0x23, 0x1e, 0x07, 0x02, 0x09, 0x01, 0x07, 0x00, 0x06, 0xfe, 0x17, 0x09, 0x05, 0x06, 0x15,
    0x02, 0x03, 0x01, 0x03, 0x06, 0x24, 0x04, 0x06, 0x0e, 0x01, 0x06, 0x14, 0x0f, 0x06, 0x10, 0x09, 0x07, 0x05, 0x00, 0x06, 0xa7, 0x1a, 0x06, 0x22,
    0x01, 0x06, 0x1c, 0x1d, 0x06, 0x2e, 0x02, 0x03, 0x02, 0xb7, 0x02, 0x52, 0x02, 0x08, 0x08, 0x07, 0x06, 0xfe, 0x18, 0x09, 0x08, 0x06, 0xfe, 0x42,
    0x02, 0x09, 0x03, 0x02, 0x0a, 0x06, 0x21, 0x0b, 0x00, 0x0c, 0x01, 0x06, 0x00, 0x0d, 0x09, 0x04, 0x04, 0x00, 0x06, 0xfe, 0x43, 0x01, 0x01, 0x06,
    0x53, 0x58, 0x09, 0x04, 0x05, 0x00, 0x06, 0xca, 0x05, 0x06, 0x2c, 0x02, 0x03, 0x02, 0x04, 0x06, 0x0e, 0x01, 0x06, 0x4c, 0x54, 0x09, 0x03, 0x07,
    0x01, 0x06, 0x51, 0x55, 0x02, 0x00, 0x06, 0xe3, 0x0f, 0x06, 0x2c, 0x96, 0x06, 0x97, 0x99, 0x02, 0x4e, 0x01, 0x08, 0x08, 0x07, 0x06, 0xfe, 0x19,
    0x09, 0x08, 0x06, 0xfe, 0x1a, 0x09, 0x09, 0x03, 0x02, 0x0a, 0x06, 0x37, 0x0b, 0x00, 0x0c, 0x01, 0x06, 0x00, 0x0d, 0x09, 0x02, 0x06, 0x00, 0x06,
    0xfe, 0x1b, 0x09, 0x16, 0x09, 0x02, 0x07, 0x00, 0x06, 0xfe, 0x1c, 0x09, 0x04, 0x06, 0x0e, 0x13, 0x06, 0x17, 0x03, 0x06, 0x11, 0x7f, 0x06, 0x0e,
    0x18, 0x06, 0x8b, 0x64, 0x06, 0x06, 0x01, 0x06, 0x32, 0x02, 0x03, 0x01, 0x05, 0x06, 0x2f, 0x0f, 0x06, 0x10, 0x08, 0x08, 0x07, 0x06, 0xfe, 0x1d,
    0x09, 0x08, 0x06, 0xfe, 0x1e, 0x09, 0x09, 0x03, 0x02, 0x0a, 0x06, 0x20, 0x0b, 0x00, 0x0c, 0x01, 0x06, 0x00, 0x0d, 0x09, 0x0c, 0x0a, 0x00, 0x06,
    0xfe, 0x1f, 0x09, 0x16, 0x09, 0x04, 0x06, 0x00, 0x06, 0xfe, 0x20, 0x09, 0x12, 0x07, 0x01, 0x06, 0x93, 0x04, 0x06, 0x0e, 0x13, 0x06, 0x17, 0x03,
    0x06, 0x11, 0xd6, 0x02, 0x05, 0x06, 0x17, 0x02, 0x03, 0x01, 0x03, 0x06, 0x11, 0x04, 0x06, 0x3c, 0x3d, 0x06, 0xfe, 0x6c, 0x01, 0x01, 0x06, 0x7a,
    0x0f, 0x06, 0xfe, 0x6c, 0x01, 0xe5, 0x06, 0x80, 0x08, 0x08, 0x07, 0x06, 0xfe, 0x21, 0x09, 0x08, 0x06, 0xfe, 0x22, 0x09, 0x09, 0x03, 0x02, 0x0a,
    0x06, 0x33, 0x0b, 0x00, 0x0c, 0x01, 0x06, 0x00, 0x0d, 0x09, 0x07, 0x09, 0x00, 0x06, 0xfe, 0x58, 0x01, 0x16, 0x09, 0x02, 0x07, 0x00, 0x06, 0xfe,
    0x23, 0x09, 0x04, 0x06, 0x3c, 0x03, 0x06, 0x11, 0x7f, 0x06, 0x3c, 0x18, 0x06, 0x8b, 0x64, 0x06, 0x06, 0x3d, 0x06, 0xfe, 0x6c, 0x01, 0x1a, 0x06,
    0x5a, 0x40, 0x02, 0x01, 0x06, 0x1c, 0x1d, 0x06, 0x35, 0x02, 0x03, 0x01, 0x1b, 0x07, 0x01, 0x06, 0x4f, 0x04, 0x06, 0x3c, 0x08, 0x08, 0x07, 0x06,
    0xfe, 0x24, 0x09, 0x08, 0x06, 0xfe, 0x25, 0x09, 0x09, 0x03, 0x02, 0x0a, 0x06, 0x33, 0x0b, 0x00, 0x0c, 0x01, 0x06, 0x00, 0x0d, 0x09, 0x07, 0x08,
    0x00, 0x06, 0xfe, 0x26, 0x09, 0x16, 0x09, 0x01, 0x06, 0x00, 0x06, 0xfe, 0x75, 0x02, 0x04, 0x06, 0x0e, 0x13, 0x06, 0x17, 0x03, 0x06, 0x11, 0x82,
    0x02, 0x42, 0x02, 0x1a, 0x06, 0x5a, 0x40, 0x02, 0x01, 0x06, 0x1c, 0xfe, 0x6d, 0x01, 0x06, 0xfe, 0x6e, 0x01, 0x1d, 0x06, 0x2e, 0x02, 0x03, 0x03,
    0x08, 0x08, 0x07, 0x06, 0xfe, 0x27, 0x09, 0x08, 0x06, 0xfe, 0x28, 0x09, 0x09, 0x03, 0x02, 0x0a, 0x06, 0x20, 0x0b, 0x00, 0x0c, 0x01, 0x06, 0x00,
    0x0d, 0x09, 0x07, 0x0b, 0x00, 0x06, 0xfe, 0x29, 0x09, 0x1a, 0x06, 0x22, 0x02, 0x03, 0x01, 0x03, 0x06, 0x11, 0x04, 0x06, 0x0e, 0x42, 0x02, 0x73,
    0x03, 0x01, 0x01, 0x06, 0x1c, 0x1d, 0x06, 0x35, 0x1b, 0x07, 0x01, 0x06, 0x56, 0xfe, 0x3a, 0x01, 0x02, 0x08, 0x08, 0x07, 0x06, 0xfe, 0x2a, 0x09,
    0x08, 0x06, 0xfe, 0x2b, 0x09, 0x09, 0x03, 0x02, 0x0a, 0x06, 0x20, 0x0b, 0x00, 0x0c, 0x01, 0x06, 0x00, 0x0d, 0x09, 0x04, 0x06, 0x00, 0x06, 0xfe,
    0x76, 0x02, 0x01, 0x06, 0x53, 0x58, 0x09, 0x04, 0x05, 0x00, 0x06, 0xca, 0x05, 0x06, 0x2c, 0x02, 0x03, 0x02, 0x04, 0x06, 0x0e, 0x01, 0x06, 0x4c,
    0x54, 0x09, 0x03, 0x09, 0x01, 0x06, 0x51, 0x0f, 0x06, 0x10, 0x55, 0x02, 0x4e, 0x02, 0x02, 0x03, 0x01, 0x19, 0x02, 0x12, 0x07, 0x02, 0x06, 0x50,
    0x06, 0x50, 0xfe, 0x2c, 0x09, 0x07, 0x02, 0x09, 0x03, 0x01, 0xf1, 0x06, 0xfe, 0x91, 0x01, 0x09, 0x03, 0x02, 0xf1, 0x06, 0xfe, 0x2d, 0x09, 0xfe,
    0x31, 0x01, 0x07, 0x01, 0x06, 0x33, 0x00, 0x06, 0xfe, 0x76, 0x02, 0x19, 0x02, 0x12, 0x07, 0x01, 0x06, 0x50, 0x08, 0x08, 0x07, 0x06, 0xfe, 0x2e,
    0x09, 0x08, 0x06, 0xfe, 0x2f, 0x09, 0x09, 0x03, 0x02, 0x0a, 0x06, 0x20, 0x0b, 0x00, 0x0c, 0x01, 0x06, 0x09, 0x01, 0x07, 0x00, 0x06, 0x5b, 0x05,
    0x06, 0x10, 0x2a, 0x06, 0x10, 0x0f, 0x06, 0x15, 0x02, 0x03, 0x01, 0x19, 0x02, 0x01, 0x06, 0x14, 0x0d, 0x09, 0x04, 0x06, 0x00, 0x06, 0xfe, 0x77,
    0x02, 0x01, 0x06, 0x53, 0x58, 0x09, 0x04, 0x05, 0x00, 0x06, 0x8e, 0x05, 0x06, 0x2c, 0x02, 0x03, 0x05, 0x04, 0x06, 0x0e, 0x01, 0x06, 0x4c, 0x54,
    0x09, 0x03, 0x09, 0x01, 0x06, 0x51, 0x0f, 0x06, 0x10, 0x55, 0x02, 0x4e, 0x02, 0x02, 0x03, 0x01, 0x03, 0x06, 0x11, 0x19, 0x02, 0x12, 0x07, 0x01,
    0x06, 0x50, 0x00, 0x06, 0xfe, 0x77, 0x02, 0x19, 0x02, 0x12, 0x07, 0x01, 0x06, 0x50, 0x08, 0x08, 0x07, 0x06, 0xfe, 0x30, 0x09, 0x08, 0x06, 0xfe,
    0x31, 0x09, 0x09, 0x03, 0x02, 0x0a, 0x06, 0x20, 0x0b, 0x00, 0x0c, 0x01, 0x06, 0x09, 0x01, 0x07, 0x00, 0x06, 0xdc, 0x05, 0x06, 0x10, 0x2a, 0x06,
    0x10, 0x0f, 0x06, 0x15, 0x02, 0x03, 0x02, 0x19, 0x02, 0x01, 0x06, 0x14, 0x0d, 0x09, 0x0a, 0x09, 0x00, 0x06, 0xfe, 0xb4, 0x01, 0x05, 0x06, 0x15,
    0x0f, 0x06, 0x10, 0x02, 0x03, 0x01, 0x04, 0x06, 0x0e, 0x6b, 0x02, 0x01, 0x06, 0x23, 0x1b, 0x07, 0x01, 0x06, 0x62, 0x1e, 0x07, 0x02, 0x09, 0x01,
    0x09, 0x00, 0x06, 0xfe, 0xb4, 0x01, 0x01, 0x06, 0x14, 0x05, 0x06, 0x15, 0x0f, 0x06, 0x10, 0x03, 0x06, 0x11, 0x02, 0x03, 0x01, 0x6b, 0x02, 0x04,
    0x06, 0x0e, 0x1b, 0x07, 0x01, 0x06, 0x62, 0x09, 0x01, 0x09, 0x00, 0x06, 0xfe, 0xb4, 0x01, 0x01, 0x06, 0x14, 0x05, 0x06, 0x15, 0x0f, 0x06, 0x10,
    0x03, 0x06, 0x24, 0x02, 0x03, 0x01, 0x6b, 0x02, 0x04, 0x06, 0x0e, 0x1b, 0x07, 0x01, 0x06, 0x62, 0x08, 0x08, 0x07, 0x06, 0xfe, 0x32, 0x09, 0x08,
    0x06, 0xfe, 0x33, 0x09, 0x09, 0x03, 0x02, 0x0a, 0x06, 0x41, 0x0b, 0x03, 0x01, 0x0c, 0x01, 0x06, 0x09, 0x08, 0x05, 0x00, 0x06, 0xb9, 0x27, 0x06,
    0x31, 0x03, 0x06, 0x11, 0x6e, 0x02, 0x01, 0x06, 0x30, 0x0d, 0x09, 0x08, 0x08, 0x00, 0x06, 0xfe, 0x34, 0x09, 0x05, 0x06, 0x17, 0x27, 0x06, 0x67,
    0x02, 0x03, 0x01, 0x03, 0x06, 0x11, 0x04, 0x06, 0x0e, 0x42, 0x02, 0x01, 0x06, 0x30, 0x08, 0x08, 0x07, 0x06, 0xfe, 0x35, 0x09, 0x08, 0x06, 0xfe,
    0x36, 0x09, 0x09, 0x03, 0x02, 0x0a, 0x06, 0x33, 0x0b, 0x00, 0x0c, 0x01, 0x06, 0x00, 0x0d, 0x09, 0x05, 0x08, 0x00, 0x06, 0xa5, 0x16, 0x09, 0x01,
    0x0c, 0x00, 0x06, 0xfe, 0x37, 0x09, 0x04, 0x06, 0x0e, 0x13, 0x06, 0x17, 0x03, 0x06, 0x11, 0x02, 0x03, 0x02, 0xae, 0x03, 0x02, 0xac, 0x06, 0xfe,
    0x19, 0x02, 0x3d, 0x06, 0x78, 0xfe, 0x12, 0x01, 0x06, 0x95, 0x4b, 0x06, 0x3b, 0x6a, 0x02, 0x18, 0x06, 0x85, 0x1a, 0x06, 0x5a, 0x40, 0x02, 0x01,
    0x06, 0x38, 0x29, 0x03, 0x01, 0x28, 0x06, 0x34, 0x4b, 0x06, 0x3b, 0x08, 0x08, 0x07, 0x06, 0xfe, 0x38, 0x09, 0x08, 0x06, 0xfe, 0x39, 0x09, 0x09,
    0x03, 0x02, 0x0a, 0x06, 0x20, 0x0b, 0x00, 0x0c, 0x01, 0x06, 0x00, 0x0d, 0x09, 0x08, 0x0b, 0x00, 0x06, 0xfe, 0x3a, 0x09, 0x16, 0x09, 0x05, 0x05,
    0x68, 0x02, 0x00, 0x06, 0xfe, 0x6f, 0x01, 0x39, 0x09, 0x03, 0x03, 0x26, 0x06, 0x68, 0x13, 0x06, 0x17, 0xfa, 0x06, 0x15, 0x13, 0x06, 0x17, 0xfa,
    0x06, 0x15, 0x43, 0x03, 0x0d, 0x3f, 0x06, 0x1f, 0x27, 0x06, 0x31, 0x02, 0x03, 0x01, 0x03, 0x06, 0x11, 0x04, 0x06, 0x3c, 0x3d, 0x06, 0x78, 0xfe,
    0x12, 0x01, 0x06, 0x95, 0x01, 0x06, 0x30, 0x08, 0x08, 0x07, 0x06, 0xfe, 0x3b, 0x09, 0x08, 0x06, 0xfe, 0x3c, 0x09, 0x09, 0x03, 0x02, 0x0a, 0x06,
    0x41, 0x0b, 0x03, 0x01, 0x0c, 0x01, 0x06, 0x09, 0x0a, 0x03, 0x00, 0x06, 0xfd, 0x01, 0x06, 0x92, 0x1e, 0x07, 0x02, 0x09, 0x07, 0x05, 0x00, 0x06,
    0xa1, 0x3e, 0x03, 0x02, 0x02, 0x03, 0x02, 0x01, 0x06, 0x48, 0x05, 0x06, 0x2b, 0x09, 0x01, 0x06, 0x00, 0x06, 0x77, 0x05, 0x06, 0x10, 0x2a, 0x06,
    0x10, 0x0f, 0x06, 0x15, 0x02, 0x03, 0x01, 0x01, 0x06, 0x14, 0x0d, 0x09, 0x0a, 0x06, 0x00, 0x06, 0xfe, 0xeb, 0x01, 0x01, 0x06, 0x23, 0x1e, 0x07,
    0x02, 0x09, 0x01, 0x09, 0x00, 0x06, 0xfe, 0xec, 0x01, 0x05, 0x06, 0x17, 0x0f, 0x06, 0x15, 0x02, 0x03, 0x01, 0x03, 0x06, 0x11, 0x04, 0x06, 0x0e,
    0x42, 0x02, 0x12, 0x07, 0x01, 0x06, 0x46, 0x01, 0x06, 0x14, 0x09, 0x01, 0x0b, 0x00, 0x06, 0xfe, 0xed, 0x01, 0x05, 0x06, 0x15, 0x0f, 0x06, 0xe4,
    0x02, 0x03, 0x01, 0x03, 0x06, 0x11, 0x04, 0x06, 0x0e, 0x12, 0x07, 0x01, 0x06, 0x46, 0x01, 0x06, 0x14, 0xfe, 0x88, 0x01, 0x06, 0xfe, 0x89, 0x01,
    0xfe, 0xee, 0x01, 0x03, 0x02, 0x3f, 0x06, 0x85, 0x40, 0x02, 0x42, 0x02, 0x12, 0x07, 0x01, 0x06, 0x46, 0x08, 0x08, 0x07, 0x06, 0xfe, 0x3d, 0x09,
    0x08, 0x06, 0xfe, 0x3e, 0x09, 0x09, 0x03, 0x02, 0x0a, 0x06, 0x20, 0x0b, 0x00, 0x0c, 0x01, 0x06, 0x00, 0x0d, 0x09, 0x04, 0x06, 0x00, 0x06, 0xfe,
    0x78, 0x02, 0x01, 0x06, 0x53, 0x58, 0x09, 0x04, 0x05, 0x00, 0x06, 0xca, 0x05, 0x06, 0x2c, 0x02, 0x03, 0x02, 0x04, 0x06, 0x0e, 0x01, 0x06, 0x4c,
    0x54, 0x09, 0x03, 0x0a, 0x01, 0x06, 0x51, 0x0f, 0x06, 0x10, 0x55, 0x02, 0x4e, 0x02, 0x02, 0x03, 0x01, 0x03, 0x06, 0x11, 0x1b, 0x07, 0x03, 0x06,
    0x45, 0x06, 0x4a, 0x06, 0x4d, 0xfe, 0x00, 0x02, 0x02, 0x19, 0x02, 0x00, 0x06, 0xfe, 0x78, 0x02, 0x19, 0x02, 0x1b, 0x07, 0x03, 0x06, 0x45, 0x06,
    0x4a, 0x06, 0x4d, 0x08, 0x08, 0x07, 0x06, 0xfe, 0x3f, 0x09, 0x08, 0x06, 0xfe, 0x40, 0x09, 0x09, 0x03, 0x02, 0x0a, 0x06, 0x20, 0x0b, 0x00, 0x0c,
    0x01, 0x06, 0x00, 0x0d, 0x09, 0x0a, 0x03, 0x00, 0x06, 0xfe, 0x41, 0x09, 0x01, 0x06, 0x23, 0x1e, 0x07, 0x02, 0x09, 0x02, 0x05, 0x00, 0x06, 0xfe,
    0x5e, 0x01, 0x02, 0x03, 0x02, 0x01, 0x06, 0x32, 0x05, 0x06, 0x2f, 0x0f, 0x06, 0x10, 0x09, 0x07, 0x06, 0x00, 0x06, 0xfe, 0x42, 0x09, 0x16, 0x09,
    0x05, 0x05, 0x68, 0x02, 0x00, 0x06, 0xfe, 0x6f, 0x01, 0x39, 0x09, 0x03, 0x03, 0x26, 0x06, 0x68, 0x13, 0x06, 0x17, 0xfa, 0x06, 0x15, 0x13, 0x06,
    0x17, 0xfa, 0x06, 0x15, 0x01, 0x06, 0x1c, 0x1d, 0x06, 0x2e, 0x02, 0x03, 0x03, 0x1a, 0x06, 0x22, 0x08, 0x08, 0x07, 0x06, 0xfe, 0x43, 0x09, 0x08,
    0x06, 0xfe, 0x44, 0x09, 0x09, 0x03, 0x02, 0x0a, 0x06, 0x21, 0x0b, 0x00, 0x0c, 0x01, 0x06, 0x09, 0x0a, 0x03, 0x00, 0x06, 0xfe, 0x45, 0x09, 0x01,
    0x06, 0xfe, 0x5a, 0x01, 0x1e, 0x07, 0x02, 0x09, 0x07, 0x05, 0x00, 0x06, 0xfe, 0x46, 0x09, 0x3e, 0x03, 0x02, 0x02, 0x03, 0x02, 0x01, 0x06, 0x48,
    0x05, 0x06, 0x2b, 0x09, 0x01, 0x07, 0x00, 0x06, 0xdc, 0x05, 0x06, 0x10, 0x2a, 0x06, 0x10, 0x0f, 0x06, 0x15, 0x02, 0x03, 0x02, 0x19, 0x02, 0x01,
    0x06, 0x14, 0x0d, 0x09, 0x09, 0x0d, 0x00, 0x06, 0xfe, 0x47, 0x09, 0x16, 0x09, 0x00, 0x06, 0x18, 0x06, 0x81, 0x70, 0x07, 0x02, 0x09, 0x01, 0x05,
    0x00, 0x06, 0xfe, 0x48, 0x09, 0x04, 0x06, 0x0e, 0x13, 0x06, 0x5e, 0x03, 0x06, 0x24, 0x82, 0x02, 0x09, 0x01, 0x05, 0x02, 0x03, 0x02, 0x18, 0x06,
    0x1f, 0x00, 0x06, 0xfe, 0x49, 0x09, 0x13, 0x06, 0x5e, 0x04, 0x06, 0x3c, 0x00, 0x06, 0xfe, 0x4a, 0x09, 0x04, 0x06, 0x76, 0x13, 0x06, 0x5e, 0x03,
    0x06, 0x24, 0x05, 0x06, 0x17, 0x02, 0x03, 0x02, 0x03, 0x06, 0x11, 0x04, 0x06, 0x0e, 0x12, 0x07, 0x01, 0x06, 0x46, 0x01, 0x06, 0xb2, 0xb3, 0x06,
    0x33, 0xb4, 0x06, 0xc2, 0x6b, 0x02, 0x1a, 0x06, 0x22, 0xb5, 0x09, 0x05, 0x04, 0x00, 0x06, 0xa5, 0x01, 0x06, 0x38, 0x29, 0x03, 0x01, 0x28, 0x06,
    0x34, 0x08, 0x08, 0x07, 0x06, 0xfe, 0x4b, 0x09, 0x08, 0x06, 0xfe, 0x4c, 0x09, 0x09, 0x03, 0x02, 0x0a, 0x06, 0x41, 0x0b, 0x00, 0x0c, 0x01, 0x06,
    0x09, 0x0a, 0x03, 0x00, 0x06, 0xfe, 0x9d, 0x01, 0x01, 0x06, 0x92, 0x1e, 0x07, 0x02, 0x09, 0x07, 0x05, 0x00, 0x06, 0xa1, 0x3e, 0x03, 0x02, 0x02,
    0x03, 0x02, 0x01, 0x06, 0x48, 0x05, 0x06, 0x2b, 0x09, 0x01, 0x07, 0x00, 0x06, 0xc8, 0x05, 0x06, 0x17, 0x2a, 0x06, 0x17, 0x0f, 0x06, 0x15, 0x03,
    0x06, 0x11, 0x6e, 0x02, 0x01, 0x06, 0x14, 0x0d, 0x09, 0x01, 0x0a, 0x00, 0x06, 0xfe, 0x4d, 0x09, 0x05, 0x06, 0x15, 0x0f, 0x06, 0xe4, 0x43, 0x03,
    0x11, 0x3f, 0x06, 0x47, 0x02, 0x03, 0x01, 0x03, 0x06, 0x11, 0x04, 0x06, 0x0e, 0x12, 0x07, 0x01, 0x06, 0x46, 0x01, 0x06, 0x14, 0x08, 0x08, 0x07,
    0x06, 0xfe, 0x4e, 0x09, 0x08, 0x06, 0xfe, 0x79, 0x02, 0x09, 0x03, 0x02, 0x0a, 0x06, 0x20, 0x0b, 0x00, 0x0c, 0x01, 0x06, 0x00, 0x0d, 0x09, 0x08,
    0x09, 0x00, 0x06, 0xfe, 0x70, 0x01, 0x05, 0x06, 0x17, 0x43, 0x03, 0x02, 0x3f, 0x06, 0x47, 0x27, 0x06, 0x31, 0x02, 0x03, 0x01, 0x03, 0x06, 0x11,
    0x04, 0x06, 0x3c, 0x01, 0x06, 0x30, 0x08, 0x08, 0x07, 0x06, 0xfe, 0x4f, 0x09, 0x08, 0x06, 0xfe, 0x50, 0x09, 0x09, 0x03, 0x02, 0x0a, 0x06, 0x33,
    0x0b, 0x00, 0x0c, 0x01, 0x06, 0x00, 0x0d, 0x09, 0x07, 0x07, 0x00, 0x06, 0xa7, 0x16, 0x09, 0x01, 0x06, 0x00, 0x06, 0xfe, 0x75, 0x02, 0x04, 0x06,
    0x0e, 0x13, 0x06, 0x17, 0x03, 0x06, 0x11, 0x82, 0x02, 0x42, 0x02, 0x1a, 0x06, 0x5a, 0x40, 0x02, 0x01, 0x06, 0x1c, 0x1d, 0x06, 0x2e, 0x02, 0x03,
    0x02, 0x08, 0x08, 0x07, 0x06, 0xfe, 0x51, 0x09, 0x08, 0x06, 0xfe, 0x52, 0x09, 0x09, 0x03, 0x02, 0x0a, 0x06, 0x20, 0x0b, 0x00, 0x0c, 0x01, 0x06,
    0x00, 0x0d, 0x09, 0x0a, 0x05, 0x00, 0x06, 0xfe, 0x53, 0x09, 0x01, 0x06, 0x23, 0x1e, 0x07, 0x02, 0x09, 0x08, 0x09, 0x00, 0x06, 0xfe, 0x54, 0x09,
    0x05, 0x06, 0x17, 0x27, 0x06, 0x67, 0x02, 0x03, 0x01, 0x03, 0x06, 0x11, 0x04, 0x06, 0x0e, 0x12, 0x07, 0x01, 0x06, 0x93, 0x19, 0x02, 0x01, 0x06,
    0x30, 0x09, 0x01, 0x08, 0x00, 0x06, 0xfe, 0x55, 0x09, 0x05, 0x06, 0x15, 0x0f, 0x06, 0x10, 0x02, 0x03, 0x01, 0x03, 0x06, 0x24, 0x04, 0x06, 0x0e,
    0x12, 0x07, 0x01, 0x06, 0x93, 0x01, 0x06, 0x14, 0x40, 0x02, 0x12, 0x07, 0x01, 0x06, 0x93, 0x08, 0x08, 0x07, 0x06, 0xfe, 0x56, 0x09, 0x08, 0x06,
    0xfe, 0x57, 0x09, 0x09, 0x03, 0x02, 0x0a, 0x06, 0x21, 0x0b, 0x00, 0x0c, 0x01, 0x06, 0x09, 0x01, 0x07, 0x00, 0x06, 0x5b, 0x05, 0x06, 0x10, 0x2a,
    0x06, 0x10, 0x0f, 0x06, 0x15, 0x02, 0x03, 0x01, 0x19, 0x02, 0x01, 0x06, 0x14, 0x0d, 0x09, 0x07, 0x0a, 0x00, 0x06, 0xfe, 0x58, 0x09, 0x1a, 0x06,
    0x22, 0x02, 0x03, 0x01, 0x03, 0x06, 0x11, 0x04, 0x06, 0x0e, 0x12, 0x07, 0x01, 0x06, 0x93, 0x73, 0x03, 0x01, 0x01, 0x06, 0x1c, 0x1d, 0x06, 0x35,
    0x1b, 0x07, 0x01, 0x06, 0x4f, 0x08, 0x08, 0x07, 0x06, 0xfe, 0x59, 0x09, 0x08, 0x06, 0xfe, 0x5a, 0x09, 0x09, 0x03, 0x02, 0x0a, 0x06, 0xc0, 0x0b,
    0x00, 0x0c, 0x01, 0x06, 0x00, 0x0d, 0x09, 0x08, 0x09, 0x00, 0x06, 0xfe, 0x72, 0x02, 0x05, 0x06, 0x17, 0x43, 0x03, 0x09, 0x3f, 0x06, 0x47, 0x27,
    0x06, 0x31, 0x02, 0x03, 0x01, 0x03, 0x06, 0x11, 0x04, 0x06, 0x3c, 0x01, 0x06, 0x30, 0x08, 0x08, 0x07, 0x06, 0xfe, 0x5b, 0x09, 0x08, 0x06, 0xfe,
    0x5c, 0x09, 0x09, 0x03, 0x02, 0x0a, 0x06, 0x21, 0x0b, 0x00, 0x0c, 0x01, 0x06, 0x09, 0x01, 0x07, 0x00, 0x06, 0x5b, 0x05, 0x06, 0x10, 0x2a, 0x06,
    0x10, 0x0f, 0x06, 0x15, 0x02, 0x03, 0x01, 0x19, 0x02, 0x01, 0x06, 0x14, 0x0d, 0x09, 0x0a, 0x06, 0x00, 0x06, 0xfe, 0x5d, 0x09, 0x01, 0x06, 0xa9,
    0x1a, 0x06, 0x22, 0x94, 0x09, 0x07, 0x05, 0x00, 0x06, 0xc6, 0x01, 0x06, 0x1c, 0x1d, 0x06, 0x2e, 0x02, 0x03, 0x01, 0x1a, 0x06, 0x22, 0xaa, 0x09,
    0x01, 0x05, 0x00, 0x06, 0xfe, 0x5e, 0x09, 0x03, 0x06, 0x11, 0x04, 0x06, 0x0e, 0x69, 0x07, 0x01, 0x06, 0xfe, 0x71, 0x01, 0x05, 0x06, 0x88, 0x9e,
    0x09, 0x07, 0x06, 0x00, 0x06, 0xfe, 0x5f, 0x09, 0x01, 0x06, 0x1c, 0x1d, 0x06, 0x2e, 0x02, 0x03, 0x01, 0x1a, 0x06, 0x22, 0x69, 0x07, 0x01, 0x06,
    0xfe, 0x71, 0x01, 0x08, 0x08, 0x07, 0x06, 0xfe, 0x60, 0x09, 0x08, 0x06, 0xfe, 0x61, 0x09, 0x09, 0x03, 0x02, 0x0a, 0x06, 0x57, 0x0b, 0x03, 0x01,
    0x0c, 0x01, 0x06, 0x00, 0x0d, 0x09, 0x08, 0x0a, 0x00, 0x06, 0xfe, 0x62, 0x09, 0x16, 0x09, 0x05, 0x07, 0x68, 0x02, 0x00, 0x06, 0xfe, 0x63, 0x09,
    0x39, 0x09, 0x03, 0x02, 0x26, 0x06, 0x68, 0x13, 0x06, 0x17, 0x13, 0x06, 0x17, 0x12, 0x07, 0x01, 0x06, 0xe7, 0x04, 0x06, 0x0e, 0x03, 0x06, 0x11,
    0x05, 0x06, 0x17, 0x27, 0x06, 0x31, 0xb8, 0x06, 0x67, 0x02, 0x03, 0x01, 0x03, 0x06, 0x11, 0x01, 0x06, 0x30, 0x04, 0x06, 0x3c, 0xe9, 0x06, 0x3c,
    0x08, 0x08, 0x07, 0x06, 0xfe, 0x64, 0x09, 0x08, 0x06, 0xfe, 0x65, 0x09, 0x09, 0x03, 0x02, 0x0a, 0x06, 0x20, 0x0b, 0x00, 0x0c, 0x01, 0x06, 0x00,
    0x0d, 0x09, 0x0a, 0x04, 0x00, 0x06, 0xfe, 0x66, 0x09, 0x01, 0x06, 0x23, 0x1e, 0x07, 0x02, 0x09, 0x08, 0x06, 0x00, 0x06, 0xb9, 0x27, 0x06, 0x31,
    0x03, 0x06, 0x11, 0x01, 0x06, 0x30, 0x02, 0x03, 0x01, 0x12, 0x07, 0x01, 0x06, 0x5c, 0x09, 0x01, 0x0a, 0x00, 0x06, 0xfe, 0x67, 0x09, 0x05, 0x06,
    0x15, 0x0f, 0x06, 0x10, 0x43, 0x03, 0x04, 0x3f, 0x06, 0x47, 0x02, 0x03, 0x01, 0x03, 0x06, 0x24, 0x04, 0x06, 0x0e, 0x12, 0x07, 0x01, 0x06, 0x5c,
    0x01, 0x06, 0x14, 0x12, 0x07, 0x01, 0x06, 0x5c, 0x08, 0x08, 0x07, 0x06, 0xfe, 0x68, 0x09, 0x08, 0x06, 0xfe, 0x69, 0x09, 0x09, 0x03, 0x02, 0x0a,
    0x06, 0x21, 0x0b, 0x00, 0x0c, 0x01, 0x06, 0x00, 0x0d, 0x09, 0x08, 0x06, 0x00, 0x06, 0xfe, 0x6a, 0x09, 0x16, 0x09, 0x06, 0x03, 0x00, 0x06, 0xfe,
    0x6b, 0x09, 0x6f, 0x06, 0xfe, 0x3d, 0x01, 0x04, 0x06, 0x0e, 0x27, 0x06, 0x67, 0x03, 0x06, 0x11, 0x01, 0x06, 0x30, 0x02, 0x03, 0x01, 0x08, 0x08,
    0x07, 0x06, 0xfe, 0x6c, 0x09, 0x08, 0x06, 0xfe, 0x6d, 0x09, 0x09, 0x03, 0x02, 0x0a, 0x06, 0x41, 0x0b, 0x03, 0x01, 0x0c, 0x01, 0x06, 0x09, 0x07,
    0x05, 0x00, 0x06, 0xa1, 0x3e, 0x03, 0x02, 0x02, 0x03, 0x02, 0x01, 0x06, 0x48, 0x05, 0x06, 0x2b, 0x0d, 0x09, 0x0c, 0x05, 0x00, 0x06, 0xfe, 0x6e,
    0x09, 0x03, 0x06, 0x11, 0x01, 0x06, 0x7a, 0x04, 0x00, 0x42, 0x02, 0x08, 0x08, 0x07, 0x06, 0xfe, 0x6f, 0x09, 0x08, 0x06, 0xfe, 0x70, 0x09, 0x09,
    0x03, 0x02, 0x0a, 0x06, 0x21, 0x0b, 0x00, 0x0c, 0x01, 0x06, 0x00, 0x0d, 0x09, 0x0a, 0x05, 0x00, 0x06, 0xfe, 0x71, 0x09, 0x16, 0x09, 0x01, 0x05,
    0x02, 0x03, 0x02, 0x18, 0x06, 0x1f, 0x00, 0x06, 0xfe, 0x3e, 0x01, 0x13, 0x06, 0x5e, 0x04, 0x06, 0x0e, 0x01, 0x06, 0x23, 0x1e, 0x07, 0x02, 0x09,
    0x05, 0x05, 0x00, 0x06, 0xfe, 0x72, 0x09, 0x01, 0x06, 0x38, 0x29, 0x03, 0x05, 0x28, 0x06, 0x34, 0x25, 0x02, 0x09, 0x06, 0x06, 0x00, 0x06, 0xfe,
    0x73, 0x09, 0x01, 0x06, 0x8a, 0x1b, 0x07, 0x04, 0x06, 0x87, 0x06, 0x45, 0x06, 0x62, 0x06, 0x56, 0x28, 0x06, 0xd9, 0x02, 0x03, 0x03, 0x29, 0x03,
    0x03, 0x1b, 0x07, 0x04, 0x06, 0x45, 0x06, 0x62, 0x06, 0x56, 0x06, 0x87, 0x08, 0x08, 0x07, 0x06, 0xfe, 0x74, 0x09, 0x08, 0x06, 0xfe, 0x75, 0x09,
    0x09, 0x03, 0x02, 0x0a, 0x06, 0x21, 0x0b, 0x00, 0x0c, 0x01, 0x06, 0x00, 0x0d, 0x09, 0x07, 0x0a, 0x00, 0x06, 0xc6, 0x01, 0x06, 0x1c, 0x1d, 0x06,
    0x2e, 0x02, 0x03, 0x01, 0x03, 0x06, 0x11, 0xfe, 0x13, 0x01, 0x06, 0xfe, 0x72, 0x01, 0x04, 0x06, 0x0e, 0x52, 0x02, 0x12, 0x07, 0x01, 0x06, 0x44,
    0x1a, 0x06, 0x22, 0x08, 0x08, 0x07, 0x06, 0xfe, 0x76, 0x09, 0x08, 0x06, 0xfe, 0x77, 0x09, 0x09, 0x03, 0x02, 0x0a, 0x06, 0x20, 0x0b, 0x00, 0x0c,
    0x01, 0x06, 0x00, 0x0d, 0x09, 0x0a, 0x09, 0x00, 0x06, 0xfe, 0x78, 0x09, 0x01, 0x06, 0x23, 0x1e, 0x07, 0x02, 0x09, 0x02, 0x0a, 0x00, 0x06, 0x9c,
    0x02, 0x03, 0x01, 0x01, 0x06, 0x32, 0x05, 0x06, 0x2f, 0x0f, 0x06, 0x10, 0x59, 0x02, 0x5d, 0x03, 0x01, 0x63, 0x06, 0x15, 0x03, 0x06, 0x11, 0x12,
    0x07, 0x01, 0x06, 0x44, 0x09, 0x07, 0x0d, 0x00, 0x06, 0xfe, 0x36, 0x01, 0x1a, 0x06, 0x22, 0x59, 0x02, 0x5d, 0x03, 0x01, 0x63, 0x06, 0x15, 0x03,
    0x06, 0x11, 0x83, 0x06, 0x90, 0x82, 0x02, 0x01, 0x06, 0x1c, 0x1d, 0x06, 0x2e, 0x02, 0x03, 0x02, 0x65, 0x09, 0x03, 0x02, 0x26, 0x06, 0x59, 0x6d,
    0x06, 0xfe, 0x90, 0x01, 0x12, 0x07, 0x01, 0x06, 0x44, 0x59, 0x02, 0x5d, 0x03, 0x01, 0x63, 0x06, 0x15, 0x03, 0x06, 0x11, 0x12, 0x07, 0x01, 0x06,
    0x44, 0x16, 0x09, 0x03, 0x05, 0x74, 0x06, 0x75, 0x04, 0x06, 0x0e, 0x79, 0x02, 0x00, 0x06, 0xfe, 0x81, 0x01, 0x39, 0x09, 0x03, 0x03, 0x26, 0x06,
    0x75, 0x72, 0x06, 0x7b, 0x13, 0x06, 0x17, 0x08, 0x08, 0x07, 0x06, 0xfe, 0x79, 0x09, 0x08, 0x06, 0xfe, 0x7a, 0x09, 0x09, 0x03, 0x02, 0x0a, 0x06,
    0x20, 0x0b, 0x00, 0x0c, 0x01, 0x06, 0x09, 0x01, 0x07, 0x00, 0x06, 0x5b, 0x05, 0x06, 0x10, 0x2a, 0x06, 0x10, 0x0f, 0x06, 0x15, 0x02, 0x03, 0x01,
    0x19, 0x02, 0x01, 0x06, 0x14, 0x0d, 0x09, 0x04, 0x06, 0x00, 0x06, 0xfe, 0x7b, 0x09, 0x01, 0x06, 0x53, 0x58, 0x09, 0x04, 0x05, 0x00, 0x06, 0x8e,
    0x05, 0x06, 0x2c, 0x02, 0x03, 0x05, 0x04, 0x06, 0x0e, 0x01, 0x06, 0x4c, 0x54, 0x09, 0x03, 0x0a, 0x01, 0x06, 0x51, 0x55, 0x02, 0x00, 0x06, 0xfe,
    0x7a, 0x02, 0x0f, 0x06, 0x10, 0x02, 0x03, 0x01, 0x03, 0x06, 0x11, 0x6b, 0x02, 0x12, 0x07, 0x01, 0x06, 0x44, 0x43, 0x03, 0x04, 0x3f, 0x06, 0x47,
    0x9e, 0x09, 0x0a, 0x05, 0x01, 0x06, 0x8d, 0x19, 0x02, 0x00, 0x06, 0xfe, 0x7a, 0x02, 0x9b, 0x07, 0x01, 0x09, 0x01, 0x06, 0x01, 0x06, 0x14, 0x05,
    0x06, 0x10, 0x0f, 0x06, 0x17, 0x03, 0x06, 0x11, 0x02, 0x03, 0x01, 0x00, 0x06, 0xfe, 0x7c, 0x09, 0x12, 0x07, 0x01, 0x06, 0x44, 0x12, 0x07, 0x01,
    0x06, 0x44, 0x08, 0x08, 0x07, 0x06, 0xfe, 0x7d, 0x09, 0x08, 0x06, 0xfe, 0x7e, 0x09, 0x09, 0x03, 0x02, 0x0a, 0x06, 0x41, 0x0b, 0x03, 0x01, 0x0c,
    0x01, 0x06, 0x09, 0x01, 0x07, 0x00, 0x06, 0xfe, 0x7f, 0x09, 0x05, 0x06, 0x10, 0x2a, 0x06, 0x10, 0x0f, 0x06, 0x15, 0x02, 0x03, 0x01, 0x12, 0x07,
    0x01, 0x06, 0x44, 0x01, 0x06, 0x14, 0x0d, 0x09, 0x0a, 0x0b, 0x00, 0x06, 0xfe, 0x80, 0x09, 0x01, 0x06, 0x8d, 0xfe, 0x7b, 0x02, 0x06, 0xfe, 0x81,
    0x09, 0xfe, 0x5a, 0x01, 0x09, 0x01, 0x05, 0x03, 0x06, 0x11, 0x00, 0x06, 0xfe, 0x82, 0x09, 0x82, 0x02, 0x83, 0x06, 0x90, 0x05, 0x06, 0x88, 0xfe,
    0x0f, 0x01, 0x09, 0x01, 0x05, 0x03, 0x06, 0x11, 0x00, 0x06, 0xfe, 0x83, 0x09, 0x82, 0x02, 0x83, 0x06, 0x90, 0x05, 0x06, 0x88, 0xfe, 0x7c, 0x02,
    0x06, 0x99, 0x9b, 0x07, 0x02, 0x09, 0x01, 0x08, 0x00, 0x06, 0xfe, 0xa2, 0x01, 0x05, 0x06, 0x6c, 0x0f, 0x06, 0x2b, 0x27, 0x06, 0x31, 0x02, 0x03,
    0x01, 0x03, 0x06, 0x49, 0x04, 0x06, 0x0e, 0x01, 0x06, 0x14, 0x09, 0x07, 0x0b, 0x00, 0x06, 0xfe, 0x84, 0x09, 0x1a, 0x06, 0x22, 0x02, 0x03, 0x02,
    0x03, 0x06, 0x11, 0x04, 0x06, 0x0e, 0x42, 0x02, 0x12, 0x07, 0x01, 0x06, 0x44, 0x73, 0x03, 0x01, 0x01, 0x06, 0x1c, 0x1d, 0x06, 0x35, 0x1b, 0x07,
    0x01, 0x06, 0x56, 0x02, 0x03, 0x01, 0x42, 0x02, 0x12, 0x07, 0x01, 0x06, 0x44, 0x1b, 0x07, 0x01, 0x06, 0x56, 0x08, 0x08, 0x07, 0x06, 0xfe, 0x85,
    0x09, 0x08, 0x06, 0xfe, 0x86, 0x09, 0x09, 0x03, 0x02, 0x0a, 0x06, 0x37, 0x0b, 0x00, 0x0c, 0x01, 0x06, 0x00, 0x0d, 0x09, 0x05, 0x05, 0x00, 0x06,
    0xfe, 0x87, 0x09, 0x16, 0x09, 0x04, 0x07, 0x00, 0x06, 0xfe, 0x88, 0x09, 0x12, 0x07, 0x01, 0x06, 0x44, 0x04, 0x06, 0x0e, 0x03, 0x06, 0x11, 0x25,
    0x02, 0x6f, 0x06, 0x8f, 0xf7, 0x06, 0x8f, 0x01, 0x06, 0x38, 0x29, 0x03, 0x01, 0x28, 0x06, 0x34, 0x08, 0x08, 0x07, 0x06, 0xfe, 0x89, 0x09, 0x08,
    0x06, 0xfe, 0x8a, 0x09, 0x09, 0x03, 0x02, 0x0a, 0x06, 0x37, 0x0b, 0x00, 0x0c, 0x01, 0x06, 0x00, 0x0d, 0x09, 0x02, 0x07, 0x00, 0x06, 0xfe, 0x8b,
    0x09, 0x16, 0x09, 0x00, 0x05, 0x70, 0x07, 0x02, 0x09, 0x02, 0x08, 0x00, 0x06, 0xfe, 0x8c, 0x09, 0x04, 0x06, 0x0e, 0x13, 0x06, 0x84, 0x03, 0x06,
    0x24, 0x7f, 0x06, 0x0e, 0x18, 0x06, 0x8b, 0x64, 0x06, 0x8c, 0x6a, 0x02, 0x09, 0x01, 0x05, 0x13, 0x06, 0x3a, 0x04, 0x06, 0x0e, 0x00, 0x06, 0xfe,
    0x8d, 0x09, 0x83, 0x06, 0xf5, 0x03, 0x06, 0x24, 0x00, 0x06, 0xfe, 0x8e, 0x09, 0x6a, 0x02, 0x83, 0x06, 0xf5, 0x18, 0x06, 0xbd, 0x01, 0x06, 0x32,
    0x02, 0x03, 0x01, 0x05, 0x06, 0x2f, 0x0f, 0x06, 0x10, 0x6a, 0x02, 0x08, 0x08, 0x07, 0x06, 0xfe, 0x8f, 0x09, 0x08, 0x06, 0xfe, 0x90, 0x09, 0x09,
    0x03, 0x02, 0x0a, 0x06, 0x20, 0x0b, 0x00, 0x0c, 0x01, 0x06, 0x00, 0x0d, 0x09, 0x0a, 0x05, 0x00, 0x06, 0xfe, 0x91, 0x09, 0x16, 0x09, 0x03, 0x05,
    0x74, 0x06, 0x75, 0x04, 0x06, 0x0e, 0x79, 0x02, 0x00, 0x06, 0xfe, 0x81, 0x01, 0x39, 0x09, 0x03, 0x03, 0x26, 0x06, 0x75, 0x72, 0x06, 0x7b, 0x13,
    0x06, 0x17, 0x01, 0x06, 0x23, 0x1e, 0x07, 0x02, 0x09, 0x01, 0x06, 0x00, 0x06, 0xfe, 0x92, 0x09, 0x05, 0x06, 0x15, 0x02, 0x03, 0x01, 0x03, 0x06,
    0x11, 0x12, 0x07, 0x01, 0x06, 0x44, 0x01, 0x06, 0xfe, 0xd3, 0x01, 0x09, 0x01, 0x08, 0x00, 0x06, 0xfe, 0x93, 0x09, 0x0f, 0x06, 0x7d, 0x03, 0x06,
    0x11, 0x01, 0x06, 0x14, 0x25, 0x02, 0x02, 0x03, 0x01, 0x05, 0x06, 0xfe, 0x94, 0x01, 0x12, 0x07, 0x01, 0x06, 0x44, 0x12, 0x07, 0x01, 0x06, 0x44,
    0x08, 0x08, 0x07, 0x06, 0xfe, 0x94, 0x09, 0x08, 0x06, 0xfe, 0x95, 0x09, 0x09, 0x03, 0x02, 0x0a, 0x06, 0x33, 0x0b, 0x00, 0x0c, 0x01, 0x06, 0x00,
    0x0d, 0x09, 0x09, 0x07, 0x00, 0x06, 0xfe, 0x96, 0x09, 0x03, 0x06, 0x11, 0x12, 0x07, 0x01, 0x06, 0x44, 0x01, 0x06, 0xfe, 0x7d, 0x02, 0xfe, 0x7e,
    0x02, 0x06, 0x7d, 0xfe, 0x7f, 0x02, 0x07, 0x01, 0x06, 0x41, 0x52, 0x02, 0x08, 0x08, 0x07, 0x06, 0xfe, 0x97, 0x09, 0x08, 0x06, 0xfe, 0x98, 0x09,
    0x09, 0x03, 0x02, 0x0a, 0x06, 0x33, 0x0b, 0x00, 0x0c, 0x01, 0x06, 0x00, 0x0d, 0x09, 0x0d, 0x0c, 0x00, 0x06, 0xfe, 0x99, 0x09, 0x03, 0x06, 0x11,
    0x01, 0x06, 0xa2, 0x28, 0x06, 0x34, 0x29, 0x03, 0x01, 0x02, 0x03, 0x01, 0x25, 0x02, 0x59, 0x02, 0x5d, 0x03, 0x01, 0x63, 0x06, 0x91, 0x12, 0x07,
    0x01, 0x06, 0x44, 0x13, 0x06, 0x7d, 0x08, 0x08, 0x07, 0x06, 0xfe, 0x9a, 0x09, 0x08, 0x06, 0xfe, 0x9b, 0x09, 0x09, 0x03, 0x02, 0x0a, 0x06, 0x57,
    0x0b, 0x03, 0x01, 0x0c, 0x01, 0x06, 0x00, 0x0d, 0x09, 0x01, 0x09, 0x00, 0x06, 0xfe, 0x9c, 0x09, 0x16, 0x09, 0x00, 0x04, 0x70, 0x07, 0x02, 0x09,
    0x03, 0x04, 0x74, 0x06, 0xfe, 0x32, 0x01, 0x00, 0x06, 0xfe, 0xb5, 0x01, 0x39, 0x09, 0x03, 0x02, 0x26, 0x06, 0xfe, 0x32, 0x01, 0x72, 0x06, 0x7b,
    0x25, 0x02, 0x09, 0x03, 0x04, 0x74, 0x06, 0x7a, 0x00, 0x06, 0xfe, 0xb5, 0x01, 0x39, 0x09, 0x03, 0x02, 0x26, 0x06, 0x9f, 0x72, 0x06, 0x7b, 0x25,
    0x02, 0x00, 0x06, 0xfe, 0xb5, 0x01, 0x39, 0x09, 0x03, 0x02, 0x26, 0x06, 0xbd, 0xfe, 0x10, 0x01, 0x07, 0x02, 0x09, 0x03, 0x02, 0x26, 0x06, 0xfe,
    0x32, 0x01, 0x72, 0x06, 0x7b, 0x09, 0x03, 0x02, 0x26, 0x06, 0x9f, 0x72, 0x06, 0x7b, 0x18, 0x06, 0xbd, 0x05, 0x06, 0x15, 0x0f, 0x06, 0x7d, 0x02,
    0x03, 0x01, 0x03, 0x06, 0x11, 0x04, 0x06, 0x0e, 0x12, 0x07, 0x01, 0x06, 0x44, 0x01, 0x06, 0x14, 0x08, 0x08, 0x07, 0x06, 0xfe, 0x9d, 0x09, 0x08,
    0x06, 0xfe, 0x9e, 0x09, 0x09, 0x03, 0x02, 0x0a, 0x06, 0x37, 0x0b, 0x00, 0x0c, 0x01, 0x06, 0x09, 0x07, 0x06, 0x00, 0x06, 0xfe, 0x30, 0x02, 0x19,
    0x02, 0x3e, 0x03, 0x03, 0x02, 0x03, 0x03, 0x01, 0x06, 0x48, 0x05, 0x06, 0x2b, 0x0d, 0x09, 0x01, 0x08, 0x00, 0x06, 0xfe, 0x80, 0x02, 0x05, 0x06,
    0x15, 0x0f, 0x06, 0x10, 0x02, 0x03, 0x01, 0x03, 0x06, 0x24, 0x04, 0x06, 0x0e, 0x12, 0x07, 0x01, 0x06, 0x44, 0x01, 0x06, 0x14, 0x08, 0x08, 0x07,
    0x06, 0xfe, 0x9f, 0x09, 0x08, 0x06, 0xfe, 0xa0, 0x09, 0x09, 0x03, 0x02, 0x0a, 0x06, 0x37, 0x0b, 0x00, 0x0c, 0x01, 0x06, 0x00, 0x0d, 0x09, 0x05,
    0x0d, 0x00, 0x06, 0xfe, 0xa1, 0x09, 0x01, 0x06, 0x38, 0x29, 0x03, 0x01, 0x28, 0x06, 0x34, 0xfe, 0x1c, 0x01, 0x03, 0x02, 0x59, 0x02, 0x5d, 0x03,
    0x02, 0x63, 0x06, 0x91, 0x03, 0x06, 0x11, 0x12, 0x07, 0x01, 0x06, 0x44, 0x04, 0x06, 0x0e, 0x83, 0x06, 0x90, 0x82, 0x02, 0x08, 0x08, 0x07, 0x06,
    0xfe, 0xa2, 0x09, 0x08, 0x06, 0xfe, 0xa3, 0x09, 0x09, 0x03, 0x02, 0x0a, 0x06, 0xc0, 0x0b, 0x00, 0x0c, 0x01, 0x06, 0x09, 0x08, 0x07, 0x00, 0x06,
    0xfe, 0xa4, 0x09, 0x27, 0x06, 0x31, 0x02, 0x03, 0x01, 0x03, 0x06, 0x11, 0x12, 0x07, 0x01, 0x06, 0x44, 0x19, 0x02, 0x01, 0x06, 0x30, 0x0d, 0x09,
    0x08, 0x09, 0x00, 0x06, 0xfe, 0xa5, 0x09, 0x05, 0x06, 0x17, 0x27, 0x06, 0x31, 0x02, 0x03, 0x01, 0x03, 0x06, 0x11, 0x04, 0x06, 0x3c, 0x01, 0x06,
    0x30, 0x6a, 0x02, 0x5f, 0x07, 0x01, 0x06, 0xbf, 0x08, 0x08, 0x07, 0x06, 0xfe, 0xa6, 0x09, 0x08, 0x06, 0xfe, 0xa7, 0x09, 0x09, 0x03, 0x02, 0x0a,
    0x06, 0x21, 0x0b, 0x00, 0x0c, 0x01, 0x06, 0x00, 0x0d, 0x09, 0x0a, 0x05, 0x00, 0x06, 0xfe, 0x81, 0x02, 0x01, 0x06, 0xfe, 0x00, 0x01, 0xfe, 0x01,
    0x01, 0x09, 0x01, 0x06, 0x01, 0x06, 0x14, 0x05, 0x06, 0x10, 0x0f, 0x06, 0x15, 0x02, 0x03, 0x01, 0x04, 0x06, 0x0e, 0x00, 0x06, 0xfe, 0x81, 0x02,
    0xfe, 0x02, 0x01, 0x09, 0x01, 0x07, 0x00, 0x06, 0xfe, 0xa8, 0x09, 0x0f, 0x06, 0x6c, 0x02, 0x03, 0x01, 0x04, 0x06, 0x0e, 0x01, 0x06, 0x14, 0x05,
    0x06, 0x2b, 0x03, 0x06, 0x49, 0xfe, 0x39, 0x01, 0x02, 0x08, 0x08, 0x07, 0x06, 0xfe, 0xa9, 0x09, 0x08, 0x06, 0xfe, 0xaa, 0x09, 0x09, 0x03, 0x02,
    0x0a, 0x06, 0x37, 0x0b, 0x00, 0x0c, 0x01, 0x06, 0x00, 0x0d, 0x09, 0x0a, 0x04, 0x00, 0x06, 0xfe, 0xab, 0x09, 0x01, 0x06, 0x8d, 0x9b, 0x07, 0x02,
    0x09, 0x02, 0x05, 0x00, 0x06, 0xfe, 0x82, 0x02, 0x02, 0x03, 0x02, 0x01, 0x06, 0x32, 0x05, 0x06, 0x2f, 0x0f, 0x06, 0x10, 0x09, 0x01, 0x08, 0x00,
    0x06, 0xd4, 0x05, 0x06, 0x6c, 0x0f, 0x06, 0x2b, 0x27, 0x06, 0x31, 0x02, 0x03, 0x01, 0x03, 0x06, 0x49, 0x04, 0x06, 0x0e, 0x01, 0x06, 0x14, 0x02,
    0x03, 0x01, 0x08, 0x08, 0x07, 0x06, 0xfe, 0xac, 0x09, 0x08, 0x06, 0xfe, 0xad, 0x09, 0x09, 0x03, 0x02, 0x0a, 0x06, 0x57, 0x0b, 0x03, 0x01, 0x0c,
    0x01, 0x06, 0x00, 0x0d, 0x09, 0x0a, 0x07, 0x00, 0x06, 0xfe, 0xae, 0x09, 0x16, 0x09, 0x03, 0x08, 0x00, 0x06, 0xfe, 0xaf, 0x09, 0x39, 0x09, 0x03,
    0x03, 0x26, 0x06, 0x9f, 0x72, 0x06, 0x7b, 0x3d, 0x06, 0x3b, 0x74, 0x06, 0x7a, 0x04, 0x06, 0x0e, 0x13, 0x06, 0x17, 0x03, 0x06, 0x11, 0x3d, 0x06,
    0x3b, 0xfe, 0xb0, 0x09, 0x06, 0xfe, 0xb1, 0x09, 0x01, 0x06, 0x8d, 0x9b, 0x07, 0x03, 0x09, 0x07, 0x05, 0x00, 0x06, 0xfe, 0x83, 0x02, 0x1a, 0x06,
    0x22, 0x01, 0x06, 0x1c, 0x1d, 0x06, 0x2e, 0x02, 0x03, 0x02, 0x09, 0x08, 0x0a, 0x00, 0x06, 0xfe, 0xb2, 0x09, 0x05, 0x06, 0x17, 0x27, 0x06, 0x31,
    0x02, 0x03, 0x01, 0x03, 0x06, 0x11, 0x04, 0x06, 0x3c, 0x01, 0x06, 0x30, 0x6a, 0x02, 0xae, 0x03, 0x02, 0xac, 0x06, 0x47, 0x09, 0x02, 0x05, 0x00,
    0x06, 0x9c, 0x02, 0x03, 0x01, 0x01, 0x06, 0x32, 0x05, 0x06, 0x2f, 0x0f, 0x06, 0x10, 0x02, 0x03, 0x01, 0x6a, 0x02, 0x3d, 0x06, 0x3b, 0x08, 0x08,
    0x07, 0x06, 0xfe, 0xb3, 0x09, 0x08, 0x06, 0xfe, 0xb4, 0x09, 0x09, 0x03, 0x02, 0x0a, 0x06, 0x21, 0x0b, 0x00, 0x0c, 0x01, 0x06, 0x00, 0x0d, 0x09,
    0x0c, 0x06, 0x00, 0x06, 0xfe, 0x7b, 0x01, 0x03, 0x06, 0x11, 0x19, 0x02, 0x01, 0x06, 0x7a, 0x04, 0x00, 0x42, 0x02, 0x08, 0x08, 0x07, 0x06, 0xfe,
    0xb5, 0x09, 0x08, 0x06, 0xfe, 0xb6, 0x09, 0x09, 0x03, 0x02, 0x0a, 0x06, 0x20, 0x0b, 0x00, 0x0c, 0x01, 0x06, 0x09, 0x01, 0x08, 0x00, 0x06, 0xfe,
    0xb7, 0x09, 0x05, 0x06, 0x10, 0x2a, 0x06, 0x10, 0x0f, 0x06, 0x15, 0x02, 0x03, 0x01, 0x12, 0x07, 0x01, 0x06, 0xf8, 0x19, 0x02, 0x01, 0x06, 0x14,
    0x0d, 0x09, 0x0a, 0x05, 0x00, 0x06, 0xfe, 0xb8, 0x09, 0x01, 0x06, 0xa9, 0x94, 0x09, 0x01, 0x08, 0x00, 0x06, 0xd4, 0x05, 0x06, 0x6c, 0x0f, 0x06,
    0x2b, 0x27, 0x06, 0x31, 0x02, 0x03, 0x01, 0x03, 0x06, 0x49, 0x04, 0x06, 0x0e, 0x01, 0x06, 0x14, 0xaa, 0x09, 0x01, 0x05, 0x03, 0x06, 0x11, 0x00,
    0x06, 0xfe, 0xb9, 0x09, 0x82, 0x02, 0x83, 0x06, 0x90, 0x05, 0x06, 0x88, 0x9e, 0x09, 0x02, 0x05, 0x00, 0x06, 0x9c, 0x02, 0x03, 0x01, 0x01, 0x06,
    0x32, 0x05, 0x06, 0x2f, 0x0f, 0x06, 0x10, 0x08, 0x08, 0x07, 0x06, 0xfe, 0xba, 0x09, 0x08, 0x06, 0xfe, 0xbb, 0x09, 0x09, 0x03, 0x02, 0x0a, 0x06,
    0x20, 0x0b, 0x00, 0x0c, 0x01, 0x06, 0x00, 0x0d, 0x09, 0x0c, 0x0a, 0x00, 0x06, 0xfe, 0xbc, 0x09, 0x16, 0x09, 0x04, 0x06, 0x00, 0x06, 0xfe, 0x2f,
    0x02, 0x12, 0x07, 0x01, 0x06, 0xda, 0x04, 0x06, 0x0e, 0x13, 0x06, 0x17, 0x03, 0x06, 0x11, 0xd6, 0x02, 0x05, 0x06, 0x17, 0x03, 0x06, 0x11, 0x04,
    0x06, 0x0e, 0x19, 0x02, 0x01, 0x06, 0x7a, 0x98, 0x02, 0x5f, 0x07, 0x01, 0x06, 0xfe, 0x84, 0x02, 0x42, 0x02, 0x08, 0x08, 0x07, 0x06, 0xfe, 0xbd,
    0x09, 0x08, 0x06, 0xfe, 0xbe, 0x09, 0x09, 0x03, 0x02, 0x0a, 0x06, 0x20, 0x0b, 0x00, 0x0c, 0x01, 0x06, 0x09, 0x01, 0x07, 0x00, 0x06, 0x5b, 0x05,
    0x06, 0x10, 0x2a, 0x06, 0x10, 0x0f, 0x06, 0x15, 0x02, 0x03, 0x01, 0x19, 0x02, 0x01, 0x06, 0x14, 0x0d, 0x09, 0x01, 0x08, 0x00, 0x06, 0xfe, 0xbf,
    0x09, 0x05, 0x06, 0x15, 0x0f, 0x06, 0x10, 0x02, 0x03, 0x01, 0x04, 0x06, 0x0e, 0x12, 0x07, 0x01, 0x06, 0xc7, 0x01, 0x06, 0x14, 0x03, 0x06, 0x2d,
    0x08, 0x08, 0x07, 0x06, 0xfe, 0xc0, 0x09, 0x08, 0x06, 0xfe, 0xc1, 0x09, 0x09, 0x03, 0x02, 0x0a, 0x06, 0x21, 0x0b, 0x00, 0x0c, 0x01, 0x06, 0x00,
    0x0d, 0x09, 0x08, 0x0c, 0x00, 0x06, 0xfe, 0xc2, 0x09, 0x27, 0x06, 0x67, 0x02, 0x03, 0x01, 0x01, 0x06, 0x30, 0x03, 0x06, 0x49, 0x59, 0x02, 0x5d,
    0x03, 0x01, 0x63, 0x06, 0x66, 0x12, 0x07, 0x01, 0x06, 0xc7, 0x71, 0x06, 0x7e, 0x13, 0x06, 0x17, 0x04, 0x06, 0x0e, 0x08, 0x08, 0x07, 0x06, 0xfe,
    0xc3, 0x09, 0x08, 0x06, 0xfe, 0xc4, 0x09, 0x09, 0x03, 0x02, 0x0a, 0x06, 0x20, 0x0b, 0x00, 0x0c, 0x01, 0x06, 0x09, 0x01, 0x07, 0x00, 0x06, 0x5b,
    0x05, 0x06, 0x10, 0x2a, 0x06, 0x10, 0x0f, 0x06, 0x15, 0x02, 0x03, 0x01, 0x19, 0x02, 0x01, 0x06, 0x14, 0x0d, 0x09, 0x01, 0x08, 0x00, 0x06, 0xfe,
    0xc5, 0x09, 0x05, 0x06, 0x15, 0x0f, 0x06, 0x10, 0x02, 0x03, 0x01, 0x04, 0x06, 0x0e, 0x12, 0x07, 0x01, 0x06, 0xda, 0x01, 0x06, 0x14, 0x03, 0x06,
    0x2d, 0x08, 0x08, 0x07, 0x06, 0xfe, 0xc6, 0x09, 0x08, 0x06, 0xfe, 0xc7, 0x09, 0x09, 0x03, 0x02, 0x0a, 0x06, 0x57, 0x0b, 0x03, 0x01, 0x0c, 0x01,
    0x06, 0x00, 0x0d, 0x09, 0x0a, 0x06, 0x00, 0x06, 0xfe, 0xc8, 0x09, 0x01, 0x06, 0x23, 0x1e, 0x07, 0x02, 0x09, 0x01, 0x08, 0x00, 0x06, 0xfe, 0xc9,
    0x09, 0x05, 0x06, 0x10, 0x0f, 0x06, 0x15, 0x02, 0x03, 0x01, 0x03, 0x06, 0x24, 0x12, 0x07, 0x01, 0x06, 0x44, 0x19, 0x02, 0x01, 0x06, 0x14, 0x09,
    0x0d, 0x04, 0x00, 0x06, 0xfe, 0xca, 0x09, 0x02, 0x03, 0x02, 0x01, 0x06, 0xfe, 0x66, 0x01, 0x12, 0x07, 0x01, 0x06, 0x44, 0x40, 0x02, 0x16, 0x09,
    0x01, 0x04, 0x13, 0x06, 0x3a, 0x04, 0x06, 0x0e, 0x00, 0x06, 0xfe, 0x35, 0x01, 0xcb, 0x02, 0x12, 0x07, 0x01, 0x06, 0x44, 0x08, 0x08, 0x07, 0x06,
    0xfe, 0xcb, 0x09, 0x08, 0x06, 0xfe, 0xcc, 0x09, 0x09, 0x03, 0x02, 0x0a, 0x06, 0x20, 0x0b, 0x00, 0x0c, 0x01, 0x06, 0x09, 0x01, 0x07, 0x00, 0x06,
    0x5b, 0x05, 0x06, 0x10, 0x2a, 0x06, 0x10, 0x0f, 0x06, 0x15, 0x02, 0x03, 0x01, 0x19, 0x02, 0x01, 0x06, 0x14, 0x0d, 0x09, 0x01, 0x08, 0x00, 0x06,
    0xfe, 0xcd, 0x09, 0x05, 0x06, 0x15, 0x0f, 0x06, 0x10, 0x02, 0x03, 0x01, 0x04, 0x06, 0x0e, 0x12, 0x07, 0x01, 0x06, 0xf8, 0x01, 0x06, 0x14, 0x03,
    0x06, 0x2d, 0x08, 0x08, 0x07, 0x06, 0xfe, 0xce, 0x09, 0x08, 0x06, 0xfe, 0xcf, 0x09, 0x09, 0x03, 0x02, 0x0a, 0x06, 0x57, 0x0b, 0x03, 0x01, 0x0c,
    0x01, 0x06, 0x00, 0x0d, 0x09, 0x07, 0x06, 0x00, 0x06, 0xfe, 0xd0, 0x09, 0x16, 0x09, 0x03, 0x08, 0x00, 0x06, 0xfe, 0xd1, 0x09, 0x39, 0x09, 0x03,
    0x03, 0x26, 0x06, 0x9f, 0x72, 0x06, 0x7b, 0x3d, 0x06, 0x3b, 0x74, 0x06, 0x7a, 0x12, 0x07, 0x01, 0x06, 0xda, 0x04, 0x06, 0x0e, 0x13, 0x06, 0x17,
    0x03, 0x06, 0x11, 0x3d, 0x06, 0x3b, 0x01, 0x06, 0x1c, 0x1d, 0x06, 0x2e, 0x02, 0x03, 0x04, 0x1a, 0x06, 0x22, 0x08, 0x08, 0x07, 0x06, 0xfe, 0xd2,
    0x09, 0x08, 0x06, 0xfe, 0xd3, 0x09, 0x09, 0x03, 0x02, 0x0a, 0x06, 0x20, 0x0b, 0x00, 0x0c, 0x01, 0x06, 0x09, 0x01, 0x07, 0x00, 0x06, 0x5b, 0x05,
    0x06, 0x10, 0x2a, 0x06, 0x10, 0x0f, 0x06, 0x15, 0x02, 0x03, 0x01, 0x19, 0x02, 0x01, 0x06, 0x14, 0x0d, 0x09, 0x0a, 0x05, 0x00, 0x06, 0xfe, 0xd4,
    0x09, 0x01, 0x06, 0xa9, 0x94, 0x09, 0x01, 0x09, 0x00, 0x06, 0xfe, 0xd5, 0x09, 0x05, 0x06, 0x15, 0x0f, 0x06, 0x10, 0x43, 0x03, 0x0a, 0x3f, 0x06,
    0x1f, 0x02, 0x03, 0x01, 0x03, 0x06, 0x11, 0x04, 0x06, 0x0e, 0x01, 0x06, 0x14, 0xaa, 0x09, 0x02, 0x06, 0x00, 0x06, 0xfe, 0xd6, 0x09, 0x69, 0x07,
    0x02, 0x06, 0xfe, 0xd7, 0x09, 0x06, 0xfe, 0x85, 0x02, 0x13, 0x06, 0x10, 0x02, 0x03, 0x01, 0x18, 0x06, 0x1f, 0x04, 0x06, 0x0e, 0x9e, 0x09, 0x07,
    0x05, 0x00, 0x06, 0xfe, 0x36, 0x01, 0x1a, 0x06, 0x22, 0x01, 0x06, 0x1c, 0x1d, 0x06, 0x2e, 0x02, 0x03, 0x02, 0x08, 0x08, 0x07, 0x06, 0xfe, 0xd8,
    0x09, 0x08, 0x06, 0xfe, 0xd9, 0x09, 0x09, 0x03, 0x02, 0x0a, 0x06, 0x20, 0x0b, 0x00, 0x0c, 0x01, 0x06, 0x00, 0x0d, 0x09, 0x02, 0x06, 0x00, 0x06,
    0xfe, 0xda, 0x09, 0x16, 0x09, 0x02, 0x0a, 0x00, 0x06, 0xfe, 0xdb, 0x09, 0x12, 0x07, 0x01, 0x06, 0x46, 0x04, 0x06, 0x0e, 0x13, 0x06, 0x17, 0x03,
    0x06, 0x11, 0x02, 0x03, 0x09, 0x18, 0x06, 0x1f, 0x64, 0x06, 0x06, 0x43, 0x03, 0x09, 0x3f, 0x06, 0x1f, 0x01, 0x06, 0x32, 0x02, 0x03, 0x01, 0x05,
    0x06, 0x2f, 0x0f, 0x06, 0x10, 0x08, 0x08, 0x07, 0x06, 0xfe, 0xdc, 0x09, 0x08, 0x06, 0xfe, 0xdd, 0x09, 0x09, 0x03, 0x02, 0x0a, 0x06, 0x20, 0x0b,
    0x00, 0x0c, 0x01, 0x06, 0x00, 0x0d, 0x09, 0x0a, 0x05, 0x00, 0x06, 0xfe, 0xb6, 0x01, 0x01, 0x06, 0x23, 0x1e, 0x07, 0x02, 0x09, 0x03, 0x0a, 0x00,
    0x06, 0xfe, 0xb6, 0x01, 0x01, 0x06, 0x80, 0x05, 0x06, 0x10, 0x02, 0x03, 0x03, 0x6b, 0x02, 0xfe, 0xde, 0x09, 0x02, 0x04, 0x06, 0x76, 0x98, 0x02,
    0xb7, 0x02, 0x79, 0x02, 0x09, 0x02, 0x09, 0x00, 0x06, 0xfe, 0xb6, 0x01, 0x01, 0x06, 0x32, 0x05, 0x06, 0x2f, 0x0f, 0x06, 0x10, 0x02, 0x03, 0x03,
    0x04, 0x06, 0x76, 0x98, 0x02, 0xb7, 0x02, 0x79, 0x02, 0xb7, 0x02, 0x16, 0x09, 0x03, 0x06, 0x74, 0x06, 0x75, 0x04, 0x06, 0x0e, 0x79, 0x02, 0x12,
    0x07, 0x01, 0x06, 0x46, 0x00, 0x06, 0xfe, 0xdf, 0x09, 0x39, 0x09, 0x03, 0x03, 0x26, 0x06, 0x75, 0x72, 0x06, 0x7b, 0x13, 0x06, 0x17, 0x08, 0x08,
    0x07, 0x06, 0xfe, 0xe0, 0x09, 0x08, 0x06, 0xfe, 0xe1, 0x09, 0x09, 0x03, 0x02, 0x0a, 0x06, 0x21, 0x0b, 0x00, 0x0c, 0x01, 0x06, 0x00, 0x0d, 0x09,
    0x04, 0x04, 0x00, 0x06, 0xfe, 0xe2, 0x09, 0x01, 0x06, 0x53, 0x58, 0x09, 0x04, 0x05, 0x00, 0x06, 0xfe, 0xe3, 0x09, 0x05, 0x06, 0x9d, 0x02, 0x03,
    0x03, 0x04, 0x06, 0x0e, 0x01, 0x06, 0x4c, 0x54, 0x09, 0x03, 0x05, 0x01, 0x06, 0x51, 0x55, 0x02, 0x00, 0x06, 0xfe, 0xe4, 0x09, 0x4e, 0x01, 0x0f,
    0x06, 0x15, 0x08, 0x08, 0x07, 0x06, 0xfe, 0xe5, 0x09, 0x08, 0x06, 0xfe, 0xe6, 0x09, 0x09, 0x03, 0x02, 0x0a, 0x06, 0x21, 0x0b, 0x00, 0x0c, 0x01,
    0x06, 0x00, 0x0d, 0x09, 0x0a, 0x05, 0x00, 0x06, 0xfe, 0xe7, 0x09, 0x01, 0x06, 0x23, 0x1e, 0x07, 0x02, 0x09, 0x01, 0x07, 0x00, 0x06, 0xfe, 0xe8,
    0x09, 0x05, 0x06, 0x9d, 0x0f, 0x06, 0x15, 0x02, 0x03, 0x03, 0x04, 0x06, 0x0e, 0x01, 0x06, 0x14, 0x03, 0x06, 0x2d, 0x09, 0x07, 0x07, 0x00, 0x06,
    0xfe, 0xe9, 0x09, 0x16, 0x09, 0x01, 0x06, 0x00, 0x06, 0xfe, 0xb7, 0x01, 0x12, 0x07, 0x01, 0x06, 0x46, 0x03, 0x06, 0x11, 0x02, 0x03, 0x03, 0x18,
    0x06, 0x85, 0x05, 0x06, 0x88, 0x01, 0x06, 0x1c, 0x1d, 0x06, 0x35, 0x02, 0x03, 0x01, 0x1b, 0x07, 0x01, 0x06, 0x4a, 0x1a, 0x06, 0x22, 0x12, 0x07,
    0x01, 0x06, 0x46, 0x1b, 0x07, 0x01, 0x06, 0x4a, 0x08, 0x08, 0x07, 0x06, 0xfe, 0xea, 0x09, 0x08, 0x06, 0xfe, 0xeb, 0x09, 0x09, 0x03, 0x02, 0x0a,
    0x06, 0x20, 0x0b, 0x00, 0x0c, 0x01, 0x06, 0x00, 0x0d, 0x09, 0x04, 0x04, 0x00, 0x06, 0xfe, 0xec, 0x09, 0x01, 0x06, 0x53, 0x58, 0x09, 0x04, 0x05,
    0x00, 0x06, 0xc9, 0x05, 0x06, 0x2c, 0x02, 0x03, 0x03, 0x04, 0x06, 0x0e, 0x01, 0x06, 0x4c, 0x54, 0x09, 0x03, 0x05, 0x01, 0x06, 0x51, 0x55, 0x02,
    0x00, 0x06, 0xfe, 0xed, 0x09, 0x4e, 0x01, 0x0f, 0x06, 0x2c, 0x08, 0x08, 0x07, 0x06, 0xfe, 0xee, 0x09, 0x08, 0x06, 0xfe, 0xef, 0x09, 0x09, 0x03,
    0x02, 0x0a, 0x06, 0x21, 0x0b, 0x00, 0x0c, 0x01, 0x06, 0x00, 0x0d, 0x09, 0x0a, 0x03, 0x00, 0x06, 0xfe, 0xf0, 0x09, 0x01, 0x06, 0x23, 0x1e, 0x07,
    0x02, 0x09, 0x01, 0x08, 0x00, 0x06, 0xfe, 0xf1, 0x09, 0x05, 0x06, 0x9d, 0x0f, 0x06, 0x15, 0x04, 0x06, 0x0e, 0x19, 0x02, 0x01, 0x06, 0x14, 0x03,
    0x06, 0x2d, 0x02, 0x03, 0x01, 0x09, 0x01, 0x07, 0x00, 0x06, 0xfe, 0xf2, 0x09, 0x16, 0x09, 0x01, 0x06, 0x00, 0x06, 0xfe, 0xf3, 0x09, 0x69, 0x07,
    0x02, 0x06, 0xfe, 0xf4, 0x09, 0x06, 0xfe, 0x86, 0x02, 0x05, 0x06, 0x88, 0x02, 0x03, 0x01, 0x18, 0x06, 0x1f, 0x04, 0x06, 0x0e, 0x0f, 0x06, 0x10,
    0x01, 0x06, 0x14, 0x05, 0x06, 0x88, 0x03, 0x06, 0x2d, 0x02, 0x03, 0x01, 0x08, 0x08, 0x07, 0x06, 0xfe, 0xf5, 0x09, 0x08, 0x06, 0xfe, 0xf6, 0x09,
    0x09, 0x03, 0x02, 0x0a, 0x06, 0x33, 0x0b, 0x00, 0x0c, 0x01, 0x06, 0x00, 0x0d, 0x09, 0x07, 0x08, 0x00, 0x06, 0xfe, 0xf7, 0x09, 0x01, 0x06, 0x1c,
    0xfe, 0x6d, 0x01, 0x06, 0xfe, 0x6e, 0x01, 0x1d, 0x06, 0x2e, 0x02, 0x03, 0x01, 0x43, 0x03, 0x04, 0x3f, 0x06, 0x47, 0x3d, 0x06, 0xfe, 0x6c, 0x01,
    0x08, 0x08, 0x07, 0x06, 0xfe, 0xf8, 0x09, 0x08, 0x06, 0xfe, 0xf9, 0x09, 0x09, 0x03, 0x02, 0x0a, 0x06, 0x21, 0x0b, 0x00, 0x0c, 0x01, 0x06, 0x00,
    0x0d, 0x09, 0x06, 0x08, 0x00, 0x06, 0xfe, 0xfa, 0x09, 0x16, 0x09, 0x07, 0x03, 0xb8, 0x06, 0x67, 0x00, 0x06, 0xfe, 0xfb, 0x09, 0x52, 0x02, 0x01,
    0x06, 0x8a, 0x1b, 0x07, 0x01, 0x06, 0x87, 0x28, 0x06, 0xa3, 0x25, 0x02, 0x29, 0x03, 0x01, 0x52, 0x02, 0x08, 0x08, 0x07, 0x06, 0xfe, 0xfc, 0x09,
    0x08, 0x06, 0xfe, 0xfd, 0x09, 0x09, 0x03, 0x02, 0x0a, 0x06, 0x21, 0x0b, 0x00, 0x0c, 0x01, 0x06, 0x00, 0x0d, 0x09, 0x0a, 0x05, 0x00, 0x06, 0xfe,
    0xfe, 0x09, 0x01, 0x06, 0x23, 0x1e, 0x07, 0x02, 0x09, 0x01, 0x07, 0x00, 0x06, 0xfe, 0x87, 0x02, 0x05, 0x06, 0x9d, 0x0f, 0x06, 0x15, 0x02, 0x03,
    0x01, 0x04, 0x06, 0x0e, 0x01, 0x06, 0x14, 0x03, 0x06, 0x2d, 0x09, 0x06, 0x08, 0x00, 0x06, 0xfe, 0xff, 0x09, 0x16, 0x09, 0x04, 0x03, 0x00, 0x06,
    0xfe, 0x00, 0x0a, 0x12, 0x07, 0x01, 0x06, 0x46, 0x03, 0x06, 0x11, 0x01, 0x06, 0x8a, 0x1b, 0x07, 0x01, 0x06, 0x87, 0x28, 0x06, 0xa3, 0x25, 0x02,
    0x12, 0x07, 0x01, 0x06, 0x46, 0x29, 0x03, 0x01, 0x12, 0x07, 0x01, 0x06, 0x46, 0x1b, 0x07, 0x01, 0x06, 0x87, 0x08, 0x08, 0x07, 0x06, 0xfe, 0x01,
    0x0a, 0x08, 0x06, 0xfe, 0x02, 0x0a, 0x09, 0x03, 0x02, 0x0a, 0x06, 0x33, 0x0b, 0x00, 0x0c, 0x01, 0x06, 0x00, 0x0d, 0x09, 0x0e, 0x04, 0x00, 0x06,
    0xfe, 0x03, 0x0a, 0x01, 0x06, 0xfe, 0x04, 0x02, 0xfe, 0x04, 0x0a, 0x06, 0xfe, 0x05, 0x0a, 0xfe, 0x06, 0x0a, 0x06, 0x9d, 0x08, 0x08, 0x07, 0x06,
    0xfe, 0x07, 0x0a, 0x08, 0x06, 0xfe, 0x08, 0x0a, 0x09, 0x03, 0x02, 0x0a, 0x06, 0x37, 0x0b, 0x00, 0x0c, 0x01, 0x06, 0x00, 0x0d, 0x09, 0x05, 0x07,
    0x00, 0x06, 0xfe, 0x09, 0x0a, 0x16, 0x09, 0x01, 0x06, 0x13, 0x06, 0x3a, 0x04, 0x06, 0x0e, 0x00, 0x06, 0xfe, 0x0a, 0x0a, 0x03, 0x06, 0x11, 0x12,
    0x07, 0x01, 0x06, 0x46, 0x1b, 0x07, 0x03, 0x06, 0x45, 0x06, 0x4a, 0x06, 0x4d, 0x01, 0x06, 0x38, 0x29, 0x03, 0x01, 0x28, 0x06, 0x34, 0x25, 0x02,
    0x1b, 0x07, 0x03, 0x06, 0x45, 0x06, 0x4a, 0x06, 0x4d, 0x08, 0x08, 0x07, 0x06, 0xfe, 0x0b, 0x0a, 0x08, 0x06, 0xfe, 0x0c, 0x0a, 0x09, 0x03, 0x02,
    0x0a, 0x06, 0x57, 0x0b, 0x03, 0x01, 0x0c, 0x01, 0x06, 0x00, 0x0d, 0x09, 0x01, 0x09, 0x00, 0x06, 0xfe, 0x0d, 0x0a, 0x16, 0x09, 0x02, 0x06, 0x00,
    0x06, 0xfe, 0x0e, 0x0a, 0x04, 0x06, 0x0e, 0x13, 0x06, 0x2b, 0x86, 0x06, 0x3e, 0x03, 0x06, 0x11, 0x74, 0x06, 0xfe, 0x5f, 0x01, 0x05, 0x06, 0x6c,
    0x0f, 0x06, 0x2b, 0x27, 0x06, 0x31, 0x02, 0x03, 0x01, 0x03, 0x06, 0x49, 0x04, 0x06, 0x0e, 0x01, 0x06, 0x14, 0x08, 0x08, 0x07, 0x06, 0xfe, 0x0f,
    0x0a, 0x08, 0x06, 0xfe, 0x10, 0x0a, 0x09, 0x03, 0x02, 0x0a, 0x06, 0x20, 0x0b, 0x00, 0x0c, 0x01, 0x06, 0x00, 0x0d, 0x09, 0x01, 0x08, 0x00, 0x06,
    0xfe, 0x11, 0x0a, 0x16, 0x09, 0x01, 0x08, 0x02, 0x03, 0x03, 0x18, 0x06, 0x1f, 0x00, 0x06, 0xfe, 0x12, 0x0a, 0x7c, 0x06, 0x66, 0x03, 0x06, 0x11,
    0x13, 0x06, 0x17, 0x04, 0x06, 0x0e, 0x12, 0x07, 0x01, 0x06, 0xfe, 0x13, 0x0a, 0x05, 0x06, 0x15, 0x0f, 0x06, 0x10, 0x02, 0x03, 0x01, 0x04, 0x06,
    0x0e, 0x01, 0x06, 0x14, 0x03, 0x06, 0x2d, 0x08, 0x08, 0x07, 0x06, 0xfe, 0x14, 0x0a, 0x08, 0x06, 0xfe, 0x15, 0x0a, 0x09, 0x03, 0x02, 0x0a, 0x06,
    0x41, 0x0b, 0x03, 0x01, 0x0c, 0x01, 0x06, 0x09, 0x01, 0x06, 0x00, 0x06, 0xfe, 0x57, 0x01, 0x0f, 0x06, 0x7d, 0x02, 0x03, 0x01, 0x03, 0x06, 0x49,
    0x05, 0x06, 0x2b, 0x01, 0x06, 0xb6, 0x0d, 0x09, 0x08, 0x0b, 0x00, 0x06, 0xfe, 0x16, 0x0a, 0x01, 0x06, 0x30, 0x27, 0x06, 0x31, 0x02, 0x03, 0x01,
    0x03, 0x06, 0x11, 0x04, 0x06, 0x3c, 0x6a, 0x02, 0xfe, 0x17, 0x0a, 0x02, 0xfe, 0x18, 0x0a, 0x03, 0x01, 0xac, 0x06, 0x47, 0x05, 0x00, 0x08, 0x08,
    0x07, 0x06, 0xfe, 0x19, 0x0a, 0x08, 0x06, 0xfe, 0x1a, 0x0a, 0x09, 0x03, 0x02, 0x0a, 0x06, 0x20, 0x0b, 0x00, 0x0c, 0x01, 0x06, 0x00, 0x0d, 0x09,
    0x0a, 0x07, 0x00, 0x06, 0xfe, 0x1b, 0x0a, 0x16, 0x09, 0x01, 0x08, 0x04, 0x06, 0x0e, 0x71, 0x06, 0x7e, 0x00, 0x06, 0xfe, 0x1c, 0x0a, 0x13, 0x06,
    0x17, 0x02, 0x03, 0x02, 0x18, 0x06, 0x1f, 0x7c, 0x06, 0x66, 0x12, 0x07, 0x01, 0x06, 0xfe, 0x88, 0x02, 0x01, 0x06, 0x8d, 0x9b, 0x07, 0x02, 0x09,
    0x08, 0x05, 0x00, 0x06, 0xfe, 0x44, 0x01, 0x27, 0x06, 0x67, 0x02, 0x03, 0x02, 0x01, 0x06, 0x30, 0x03, 0x06, 0x49, 0x09, 0x01, 0x09, 0x00, 0x06,
    0xfe, 0x1d, 0x0a, 0x05, 0x06, 0x6c, 0x0f, 0x06, 0x7d, 0x02, 0x03, 0x01, 0x03, 0x06, 0x49, 0x04, 0x06, 0x0e, 0x12, 0x07, 0x01, 0x06, 0x36, 0x01,
    0x06, 0xb6, 0xcc, 0x03, 0x01, 0x02, 0x03, 0x01, 0x71, 0x06, 0x7e, 0x12, 0x07, 0x02, 0x06, 0xfe, 0x88, 0x02, 0x06, 0x36, 0x08, 0x08, 0x07, 0x06,
    0xfe, 0x1e, 0x0a, 0x08, 0x06, 0xfe, 0x1f, 0x0a, 0x09, 0x03, 0x02, 0x0a, 0x06, 0x20, 0x0b, 0x00, 0x0c, 0x01, 0x06, 0x00, 0x0d, 0x09, 0x0a, 0x03,
    0x00, 0x06, 0xfe, 0x20, 0x0a, 0x01, 0x06, 0x23, 0x1e, 0x07, 0x02, 0x09, 0x01, 0x0c, 0x00, 0x06, 0xfe, 0x21, 0x0a, 0x05, 0x06, 0x15, 0x0f, 0x06,
    0x7d, 0x96, 0x06, 0x97, 0x02, 0x03, 0x04, 0x03, 0x06, 0x11, 0x04, 0x06, 0x0e, 0x19, 0x02, 0x6b, 0x02, 0x01, 0x06, 0x14, 0x83, 0x06, 0x90, 0x82,
    0x02, 0x09, 0x08, 0x09, 0x00, 0x06, 0xfe, 0x22, 0x0a, 0x27, 0x06, 0x67, 0x02, 0x03, 0x01, 0x01, 0x06, 0x30, 0x03, 0x06, 0x49, 0x59, 0x02, 0x5d,
    0x03, 0x01, 0x63, 0x06, 0x91, 0xfe, 0x15, 0x01, 0x06, 0xf4, 0x08, 0x08, 0x07, 0x06, 0xfe, 0x23, 0x0a, 0x08, 0x06, 0xfe, 0x24, 0x0a, 0x09, 0x03,
    0x02, 0x0a, 0x06, 0x20, 0x0b, 0x00, 0x0c, 0x01, 0x06, 0x00, 0x0d, 0x09, 0x01, 0x08, 0x00, 0x06, 0xfe, 0x25, 0x0a, 0x05, 0x06, 0x2c, 0x02, 0x03,
    0x07, 0x0f, 0x06, 0x15, 0x04, 0x06, 0x76, 0x98, 0x02, 0x01, 0x06, 0x14, 0x03, 0x06, 0x2d, 0x08, 0x08, 0x07, 0x06, 0xfe, 0x26, 0x0a, 0x08, 0x06,
    0xfe, 0x27, 0x0a, 0x09, 0x03, 0x02, 0x0a, 0x06, 0x41, 0x0b, 0x03, 0x01, 0x0c, 0x01, 0x06, 0x09, 0x01, 0x06, 0x00, 0x06, 0xfe, 0x57, 0x01, 0x0f,
    0x06, 0x7d, 0x02, 0x03, 0x01, 0x03, 0x06, 0x49, 0x05, 0x06, 0x2b, 0x01, 0x06, 0xb6, 0x0d, 0x09, 0x01, 0x0c, 0x00, 0x06, 0xfe, 0x28, 0x0a, 0x05,
    0x06, 0x15, 0x0f, 0x06, 0xf3, 0x43, 0x03, 0x02, 0x3f, 0x06, 0x47, 0x27, 0x06, 0x31, 0x02, 0x03, 0x01, 0x03, 0x06, 0x11, 0x04, 0x06, 0x0e, 0x12,
    0x07, 0x01, 0x06, 0x36, 0x01, 0x06, 0x14, 0x5f, 0x07, 0x01, 0x06, 0xfe, 0xaa, 0x01, 0x08, 0x08, 0x07, 0x06, 0xfe, 0x29, 0x0a, 0x08, 0x06, 0xfe,
    0x2a, 0x0a, 0x09, 0x03, 0x02, 0x0a, 0x06, 0x21, 0x0b, 0x00, 0x0c, 0x01, 0x06, 0x09, 0x08, 0x07, 0x00, 0x06, 0xfe, 0x89, 0x02, 0x27, 0x06, 0x31,
    0x02, 0x03, 0x01, 0x03, 0x06, 0x11, 0x12, 0x07, 0x01, 0x06, 0x36, 0x19, 0x02, 0x01, 0x06, 0x30, 0x0d, 0x09, 0x0a, 0x03, 0x00, 0x06, 0xfe, 0x46,
    0x01, 0x01, 0x06, 0x23, 0x1e, 0x07, 0x02, 0x09, 0x0d, 0x05, 0x00, 0x06, 0xec, 0x02, 0x03, 0x01, 0x01, 0x06, 0xed, 0x8d, 0x02, 0x04, 0x06, 0x0e,
    0x09, 0x07, 0x05, 0x00, 0x06, 0xfe, 0x2b, 0x01, 0x1a, 0x06, 0x22, 0x02, 0x03, 0x01, 0x01, 0x06, 0x1c, 0x1d, 0x06, 0x35, 0x08, 0x08, 0x07, 0x06,
    0xfe, 0x2b, 0x0a, 0x08, 0x06, 0xfe, 0x2c, 0x0a, 0x09, 0x03, 0x02, 0x0a, 0x06, 0x21, 0x0b, 0x00, 0x0c, 0x01, 0x06, 0x00, 0x0d, 0x09, 0x07, 0x09,
    0x00, 0x06, 0xfe, 0x8a, 0x02, 0x1a, 0x06, 0x22, 0x02, 0x03, 0x01, 0x03, 0x06, 0x11, 0x04, 0x06, 0x0e, 0x12, 0x07, 0x01, 0x06, 0x36, 0x73, 0x03,
    0x01, 0x01, 0x06, 0x1c, 0x1d, 0x06, 0x2e, 0x08, 0x08, 0x07, 0x06, 0xfe, 0x2d, 0x0a, 0x08, 0x06, 0xfe, 0x2e, 0x0a, 0x09, 0x03, 0x02, 0x0a, 0x06,
    0x37, 0x0b, 0x00, 0x0c, 0x01, 0x06, 0x00, 0x0d, 0x09, 0x05, 0x07, 0x00, 0x06, 0xfe, 0x2f, 0x0a, 0x16, 0x09, 0x01, 0x07, 0x02, 0x03, 0x03, 0x18,
    0x06, 0x1f, 0x00, 0x06, 0xfe, 0x30, 0x0a, 0x7c, 0x06, 0xfe, 0x56, 0x01, 0x13, 0x06, 0x3a, 0x04, 0x06, 0x0e, 0x1b, 0x07, 0x06, 0x06, 0x4f, 0x06,
    0x45, 0x06, 0x62, 0x06, 0x4a, 0x06, 0x4d, 0x06, 0x56, 0x01, 0x06, 0x38, 0x29, 0x03, 0x01, 0x28, 0x06, 0x34, 0x25, 0x02, 0x1b, 0x07, 0x06, 0x06,
    0x4f, 0x06, 0x45, 0x06, 0x62, 0x06, 0x4a, 0x06, 0x4d, 0x06, 0x56, 0x08, 0x08, 0x07, 0x06, 0xfe, 0x31, 0x0a, 0x08, 0x06, 0xfe, 0x32, 0x0a, 0x09,
    0x03, 0x02, 0x0a, 0x06, 0x21, 0x0b, 0x00, 0x0c, 0x01, 0x06, 0x09, 0x01, 0x09, 0x00, 0x06, 0xfe, 0xe8, 0x01, 0x05, 0x06, 0x10, 0x2a, 0x06, 0x10,
    0x0f, 0x06, 0x15, 0x02, 0x03, 0x02, 0x19, 0x02, 0x6b, 0x02, 0x99, 0x02, 0x01, 0x06, 0x14, 0x0d, 0x09, 0x0a, 0x04, 0x00, 0x06, 0xfe, 0x33, 0x0a,
    0x01, 0x06, 0x23, 0x1e, 0x07, 0x02, 0x09, 0x03, 0x07, 0x00, 0x06, 0xfe, 0x34, 0x0a, 0x05, 0x06, 0x17, 0x65, 0x09, 0x03, 0x03, 0x26, 0x06, 0x65,
    0x6d, 0x06, 0xfe, 0x35, 0x0a, 0xc5, 0x06, 0xce, 0x03, 0x06, 0x11, 0x04, 0x06, 0x0e, 0x12, 0x07, 0x01, 0x06, 0x36, 0x01, 0x06, 0x80, 0x09, 0x07,
    0x05, 0x00, 0x06, 0xfe, 0x36, 0x0a, 0x1a, 0x06, 0x22, 0x01, 0x06, 0x1c, 0x1d, 0x06, 0x2e, 0x02, 0x03, 0x01, 0x12, 0x07, 0x01, 0x06, 0x36, 0x08,
    0x08, 0x07, 0x06, 0xfe, 0x37, 0x0a, 0x08, 0x06, 0xfe, 0x38, 0x0a, 0x09, 0x03, 0x02, 0x0a, 0x06, 0x37, 0x0b, 0x00, 0x0c, 0x01, 0x06, 0x00, 0x0d,
    0x09, 0x05, 0x06, 0x00, 0x06, 0xfe, 0x39, 0x0a, 0x16, 0x09, 0x01, 0x08, 0x02, 0x03, 0x02, 0x18, 0x06, 0x1f, 0x00, 0x06, 0xfe, 0x3a, 0x0a, 0x82,
    0x02, 0x13, 0x06, 0x3a, 0x03, 0x06, 0x11, 0x04, 0x06, 0x0e, 0x83, 0x06, 0x90, 0x01, 0x06, 0x38, 0x29, 0x03, 0x01, 0x28, 0x06, 0x34, 0x25, 0x02,
    0x08, 0x08, 0x07, 0x06, 0xfe, 0x3b, 0x0a, 0x08, 0x06, 0xfe, 0x3c, 0x0a, 0x09, 0x03, 0x02, 0x0a, 0x06, 0x33, 0x0b, 0x00, 0x0c, 0x01, 0x06, 0x00,
    0x0d, 0x09, 0x07, 0x08, 0x00, 0x06, 0xfe, 0x8b, 0x02, 0x16, 0x09, 0x04, 0x05, 0x00, 0x06, 0xfe, 0x3d, 0x0a, 0x12, 0x07, 0x01, 0x06, 0x44, 0x13,
    0x06, 0x7d, 0x03, 0x06, 0x11, 0x25, 0x02, 0x1a, 0x06, 0x5a, 0x40, 0x02, 0x03, 0x06, 0x11, 0x01, 0x06, 0x1c, 0x1d, 0x06, 0x2e, 0x02, 0x03, 0x01,
    0x08, 0x08, 0x07, 0x06, 0xfe, 0x3e, 0x0a, 0x08, 0x06, 0xfe, 0x3f, 0x0a, 0x09, 0x03, 0x02, 0x0a, 0x06, 0x57, 0x0b, 0x00, 0x0c, 0x01, 0x06, 0x00,
    0x0d, 0x09, 0x01, 0x07, 0x00, 0x06, 0xfe, 0x40, 0x0a, 0x16, 0x09, 0x03, 0x05, 0x74, 0x06, 0x75, 0x04, 0x06, 0x0e, 0x79, 0x02, 0x00, 0x06, 0xfe,
    0x41, 0x0a, 0x39, 0x09, 0x03, 0x03, 0x26, 0x06, 0x75, 0x72, 0x06, 0x7b, 0x13, 0x06, 0x15, 0x0f, 0x06, 0x7d, 0x03, 0x06, 0x11, 0x01, 0x06, 0x14,
    0x25, 0x02, 0x02, 0x03, 0x01, 0x08, 0x08, 0x07, 0x06, 0xfe, 0x42, 0x0a, 0x08, 0x06, 0xfe, 0x43, 0x0a, 0x09, 0x03, 0x02, 0x0a, 0x06, 0x33, 0x0b,
    0x00, 0x0c, 0x01, 0x06, 0x00, 0x0d, 0x09, 0x0d, 0x0b, 0x00, 0x06, 0xfe, 0x44, 0x0a, 0x16, 0x09, 0x00, 0x04, 0x18, 0x06, 0x81, 0x70, 0x07, 0x02,
    0x09, 0x01, 0x05, 0x02, 0x03, 0x07, 0x18, 0x06, 0x1f, 0x00, 0x06, 0xfe, 0x45, 0x0a, 0x04, 0x06, 0x0e, 0x13, 0x06, 0x2b, 0x09, 0x02, 0x05, 0x00,
    0x06, 0xfe, 0xab, 0x01, 0x04, 0x06, 0x0e, 0x86, 0x06, 0x3e, 0x18, 0x06, 0x8b, 0x7f, 0x06, 0x3c, 0x00, 0x06, 0xfe, 0x46, 0x0a, 0x04, 0x06, 0x0e,
    0x1a, 0x06, 0x5a, 0x40, 0x02, 0x05, 0x06, 0x17, 0x03, 0x06, 0x11, 0x01, 0x06, 0xa2, 0x28, 0x06, 0x34, 0x29, 0x03, 0x02, 0x02, 0x03, 0x02, 0x25,
    0x02, 0x08, 0x08, 0x07, 0x06, 0xfe, 0x47, 0x0a, 0x08, 0x06, 0xfe, 0x48, 0x0a, 0x09, 0x03, 0x02, 0x0a, 0x06, 0x21, 0x0b, 0x00, 0x0c, 0x01, 0x06,
    0x00, 0x0d, 0x09, 0x0a, 0x06, 0x00, 0x06, 0xfe, 0x49, 0x0a, 0x01, 0x06, 0xa9, 0x94, 0x09, 0x01, 0x0a, 0x00, 0x06, 0xfe, 0x4a, 0x0a, 0x05, 0x06,
    0x15, 0x0f, 0x06, 0x9d, 0x96, 0x06, 0x97, 0x02, 0x03, 0x03, 0x03, 0x06, 0x11, 0x04, 0x06, 0x0e, 0x12, 0x07, 0x01, 0x06, 0x44, 0x19, 0x02, 0x01,
    0x06, 0x14, 0xaa, 0x09, 0x01, 0x07, 0x02, 0x03, 0x01, 0x18, 0x06, 0x1f, 0x00, 0x06, 0xfe, 0x4b, 0x0a, 0x82, 0x02, 0x03, 0x06, 0x11, 0x83, 0x06,
    0x90, 0x05, 0x06, 0x88, 0x9e, 0x09, 0x07, 0x05, 0x00, 0x06, 0xfe, 0x36, 0x01, 0x1a, 0x06, 0x22, 0x01, 0x06, 0x1c, 0x1d, 0x06, 0x2e, 0x02, 0x03,
    0x02, 0x12, 0x07, 0x01, 0x06, 0x44, 0x08, 0x08, 0x07, 0x06, 0xfe, 0x4c, 0x0a, 0x08, 0x06, 0xfe, 0x4d, 0x0a, 0x09, 0x03, 0x02, 0x0a, 0x06, 0x41,
    0x0b, 0x00, 0x0c, 0x01, 0x06, 0x09, 0x08, 0x05, 0x00, 0x06, 0xb9, 0x27, 0x06, 0x31, 0x03, 0x06, 0x11, 0x6e, 0x02, 0x01, 0x06, 0x30, 0x0d, 0x09,
    0x02, 0x05, 0x00, 0x06, 0x9c, 0x01, 0x06, 0x32, 0x02, 0x03, 0x01, 0x05, 0x06, 0x2f, 0x0f, 0x06, 0x10, 0x08, 0x08, 0x07, 0x06, 0xfe, 0x4e, 0x0a,
    0x08, 0x06, 0xfe, 0x4f, 0x0a, 0x09, 0x03, 0x02, 0x0a, 0x06, 0x57, 0x0b, 0x00, 0x0c, 0x01, 0x06, 0x00, 0x0d, 0x09, 0x08, 0x06, 0x00, 0x06, 0xfe,
    0x50, 0x0a, 0x16, 0x09, 0x03, 0x05, 0x00, 0x06, 0xfe, 0x51, 0x0a, 0x39, 0x09, 0x03, 0x02, 0x26, 0x06, 0x9f, 0x72, 0x06, 0x7b, 0x74, 0x06, 0x7a,
    0x03, 0x06, 0x11, 0x25, 0x02, 0x27, 0x06, 0x67, 0x03, 0x06, 0x11, 0x01, 0x06, 0x30, 0x02, 0x03, 0x01, 0x08, 0x08, 0x07, 0x06, 0xfe, 0x52, 0x0a,
    0x08, 0x06, 0xfe, 0x53, 0x0a, 0x09, 0x03, 0x02, 0x0a, 0x06, 0x33, 0x0b, 0x00, 0x0c, 0x01, 0x06, 0x00, 0x0d, 0x09, 0x07, 0x08, 0x00, 0x06, 0xfe,
    0x14, 0x01, 0x3d, 0x06, 0x78, 0xfe, 0x12, 0x01, 0x06, 0x95, 0x01, 0x06, 0x1c, 0x1d, 0x06, 0x35, 0x02, 0x03, 0x01, 0x1b, 0x07, 0x01, 0x06, 0x45,
    0x4b, 0x06, 0xfe, 0x3c, 0x01, 0x08, 0x08, 0x07, 0x06, 0xfe, 0x54, 0x0a, 0x08, 0x06, 0xfe, 0x55, 0x0a, 0x09, 0x03, 0x02, 0x0a, 0x06, 0x21, 0x0b,
    0x00, 0x0c, 0x01, 0x06, 0x00, 0x0d, 0x09, 0x08, 0x0c, 0x00, 0x06, 0xfe, 0x56, 0x0a, 0x05, 0x06, 0x17, 0x27, 0x06, 0x31, 0x02, 0x03, 0x01, 0x03,
    0x06, 0x11, 0x04, 0x06, 0x3c, 0x3d, 0x06, 0x3b, 0x01, 0x06, 0x30, 0x6a, 0x02, 0xae, 0x03, 0x02, 0xac, 0x06, 0x47, 0x4b, 0x06, 0x3b, 0x08, 0x08,
    0x07, 0x06, 0xfe, 0x57, 0x0a, 0x08, 0x06, 0xfe, 0x58, 0x0a, 0x09, 0x03, 0x02, 0x0a, 0x06, 0x41, 0x0b, 0x00, 0x0c, 0x01, 0x06, 0x09, 0x01, 0x07,
    0x00, 0x06, 0xc8, 0x05, 0x06, 0x17, 0x2a, 0x06, 0x17, 0x0f, 0x06, 0x15, 0x03, 0x06, 0x11, 0x6e, 0x02, 0x01, 0x06, 0x14, 0x0d, 0x09, 0x0a, 0x03,
    0x00, 0x06, 0xfe, 0x59, 0x0a, 0x01, 0x06, 0x23, 0x1e, 0x07, 0x02, 0x09, 0x01, 0x07, 0x00, 0x06, 0xfe, 0x5a, 0x0a, 0x0f, 0x06, 0x2f, 0x02, 0x03,
    0x01, 0x04, 0x06, 0x0e, 0x01, 0x06, 0x14, 0x05, 0x06, 0x10, 0x03, 0x06, 0x49, 0x09, 0x01, 0x07, 0x00, 0x06, 0xfe, 0x5b, 0x0a, 0x05, 0x06, 0x15,
    0x0f, 0x06, 0x10, 0x02, 0x03, 0x01, 0x04, 0x06, 0x0e, 0x01, 0x06, 0x14, 0x03, 0x06, 0x2d, 0x08, 0x08, 0x07, 0x06, 0xfe, 0x5c, 0x0a, 0x08, 0x06,
    0xfe, 0x5d, 0x0a, 0x09, 0x03, 0x02, 0x0a, 0x06, 0x20, 0x0b, 0x00, 0x0c, 0x01, 0x06, 0x09, 0x01, 0x06, 0x00, 0x06, 0xfe, 0x5e, 0x0a, 0x05, 0x06,
    0x10, 0x2a, 0x06, 0x10, 0x0f, 0x06, 0x15, 0x19, 0x02, 0x01, 0x06, 0x14, 0x0d, 0x09, 0x02, 0x05, 0x00, 0x06, 0xfe, 0x5f, 0x0a, 0x02, 0x03, 0x06,
    0x01, 0x06, 0x32, 0x05, 0x06, 0x2f, 0x0f, 0x06, 0x10, 0x08, 0x08, 0x07, 0x06, 0xfe, 0x60, 0x0a, 0x08, 0x06, 0xfe, 0x61, 0x0a, 0x09, 0x03, 0x02,
    0x0a, 0x06, 0x37, 0x0b, 0x00, 0x0c, 0x01, 0x06, 0x00, 0x0d, 0x09, 0x01, 0x0a, 0x00, 0x06, 0xfe, 0x62, 0x0a, 0x05, 0x06, 0x3a, 0x65, 0x09, 0x03,
    0x02, 0x26, 0x06, 0x3a, 0x6d, 0x06, 0x89, 0x0f, 0x06, 0x2c, 0x02, 0x03, 0x01, 0x04, 0x06, 0x0e, 0x12, 0x07, 0x01, 0x06, 0x44, 0x19, 0x02, 0x01,
    0x06, 0x14, 0x03, 0x06, 0x2d, 0x08, 0x08, 0x07, 0x06, 0xfe, 0x63, 0x0a, 0x08, 0x06, 0xfe, 0x64, 0x0a, 0x09, 0x03, 0x02, 0x0a, 0x06, 0x37, 0x0b,
    0x00, 0x0c, 0x01, 0x06, 0x00, 0x0d, 0x09, 0x05, 0x06, 0x00, 0x06, 0xfe, 0x65, 0x0a, 0x16, 0x09, 0x01, 0x06, 0x02, 0x03, 0x02, 0x18, 0x06, 0x1f,
    0x00, 0x06, 0xfe, 0x66, 0x0a, 0x04, 0x06, 0x0e, 0x7f, 0x06, 0x3c, 0x13, 0x06, 0x2b, 0x01, 0x06, 0x38, 0x29, 0x03, 0x01, 0x28, 0x06, 0x34, 0x25,
    0x02, 0x08, 0x08, 0x07, 0x06, 0xfe, 0x67, 0x0a, 0x08, 0x06, 0xfe, 0x68, 0x0a, 0x09, 0x03, 0x02, 0x0a, 0x06, 0x37, 0x0b, 0x00, 0x0c, 0x01, 0x06,
    0x00, 0x0d, 0x09, 0x0a, 0x03, 0x00, 0x06, 0xfe, 0x69, 0x0a, 0x01, 0x06, 0x23, 0x1e, 0x07, 0x02, 0x09, 0x02, 0x05, 0x00, 0x06, 0x9c, 0x01, 0x06,
    0x32, 0x02, 0x03, 0x01, 0x05, 0x06, 0x2f, 0x0f, 0x06, 0x10, 0x09, 0x0a, 0x04, 0x00, 0x06, 0xfe, 0x6a, 0x0a, 0x16, 0x09, 0x11, 0x03, 0x00, 0x06,
    0xfe, 0x6b, 0x0a, 0x6f, 0x06, 0x8f, 0xf7, 0x06, 0x8f, 0x01, 0x06, 0x23, 0x1e, 0x07, 0x02, 0x09, 0x02, 0x05, 0x00, 0x06, 0xa4, 0x02, 0x03, 0x01,
    0x01, 0x06, 0x32, 0x05, 0x06, 0x2f, 0x0f, 0x06, 0x10, 0x09, 0x01, 0x06, 0x00, 0x06, 0x77, 0x05, 0x06, 0x10, 0x0f, 0x06, 0x15, 0x02, 0x03, 0x01,
    0x01, 0x06, 0x14, 0x03, 0x06, 0x2d, 0x08, 0x08, 0x07, 0x06, 0xfe, 0x6c, 0x0a, 0x08, 0x06, 0xfe, 0x6d, 0x0a, 0x09, 0x03, 0x02, 0x0a, 0x06, 0x20,
    0x0b, 0x00, 0x0c, 0x01, 0x06, 0x09, 0x01, 0x07, 0x00, 0x06, 0x5b, 0x05, 0x06, 0x10, 0x2a, 0x06, 0x10, 0x0f, 0x06, 0x15, 0x02, 0x03, 0x01, 0x19,
    0x02, 0x01, 0x06, 0x14, 0x0d, 0x09, 0x04, 0x06, 0x00, 0x06, 0xfe, 0x73, 0x01, 0x01, 0x06, 0x53, 0x58, 0x09, 0x04, 0x05, 0x00, 0x06, 0xc9, 0x05,
    0x06, 0x2c, 0x02, 0x03, 0x03, 0x04, 0x06, 0x0e, 0x01, 0x06, 0x4c, 0x54, 0x09, 0x03, 0x08, 0x01, 0x06, 0x51, 0x0f, 0x06, 0x10, 0x55, 0x02, 0x4e,
    0x02, 0x02, 0x03, 0x01, 0x19, 0x02, 0x12, 0x07, 0x01, 0x06, 0x36, 0x00, 0x06, 0xfe, 0x73, 0x01, 0x19, 0x02, 0x12, 0x07, 0x01, 0x06, 0x36, 0x08,
    0x08, 0x07, 0x06, 0xfe, 0x6e, 0x0a, 0x08, 0x06, 0xfe, 0x6f, 0x0a, 0x09, 0x03, 0x02, 0x0a, 0x06, 0x21, 0x0b, 0x00, 0x0c, 0x01, 0x06, 0x00, 0x0d,
    0x09, 0x08, 0x08, 0x00, 0x06, 0xfe, 0x70, 0x0a, 0x05, 0x06, 0x17, 0x27, 0x06, 0x67, 0x02, 0x03, 0x01, 0x03, 0x06, 0x11, 0x04, 0x06, 0x0e, 0x12,
    0x07, 0x01, 0x06, 0x36, 0x01, 0x06, 0x30, 0x08, 0x08, 0x07, 0x06, 0xfe, 0x71, 0x0a, 0x08, 0x06, 0xfe, 0x72, 0x0a, 0x09, 0x03, 0x02, 0x0a, 0x06,
    0x21, 0x0b, 0x00, 0x0c, 0x01, 0x06, 0x00, 0x0d, 0x09, 0x07, 0x0c, 0x00, 0x06, 0xfe, 0x73, 0x0a, 0x1a, 0x06, 0x22, 0x02, 0x03, 0x02, 0x03, 0x06,
    0x11, 0x04, 0x06, 0x0e, 0x12, 0x07, 0x01, 0x06, 0x36, 0x73, 0x03, 0x01, 0x01, 0x06, 0x1c, 0x1d, 0x06, 0x35, 0x1b, 0x07, 0x01, 0x06, 0x45, 0xae,
    0x03, 0x04, 0xac, 0x06, 0x1f, 0x08, 0x08, 0x07, 0x06, 0xfe, 0x74, 0x0a, 0x08, 0x06, 0xfe, 0x75, 0x0a, 0x09, 0x03, 0x02, 0x0a, 0x06, 0x21, 0x0b,
    0x00, 0x0c, 0x01, 0x06, 0x09, 0x08, 0x09, 0x00, 0x06, 0xfe, 0x76, 0x0a, 0x27, 0x06, 0x31, 0x02, 0x03, 0x03, 0x03, 0x06, 0x11, 0x12, 0x07, 0x01,
    0x06, 0x36, 0x19, 0x02, 0x6b, 0x02, 0x99, 0x02, 0x01, 0x06, 0x30, 0x0d, 0x09, 0x05, 0x08, 0x00, 0x06, 0xfe, 0x77, 0x0a, 0x01, 0x06, 0x38, 0x29,
    0x03, 0x01, 0x28, 0x06, 0x34, 0x25, 0x02, 0x59, 0x02, 0x5d, 0x03, 0x01, 0x63, 0x06, 0x66, 0x08, 0x08, 0x07, 0x06, 0xfe, 0x78, 0x0a, 0x08, 0x06,
    0xfe, 0x79, 0x0a, 0x09, 0x03, 0x01, 0x0a, 0x06, 0x20, 0x0b, 0x00, 0x0c, 0x01, 0x06, 0x00, 0x0d, 0x09, 0x01, 0x08, 0x00, 0x06, 0xfe, 0x7a, 0x0a,
    0x16, 0x09, 0x01, 0x05, 0x02, 0x03, 0x02, 0x18, 0x06, 0x1f, 0x00, 0x06, 0xfe, 0x3e, 0x01, 0x13, 0x06, 0x5e, 0x04, 0x06, 0x0e, 0x05, 0x06, 0x15,
    0x0f, 0x06, 0x10, 0x02, 0x03, 0x01, 0x03, 0x06, 0x24, 0x04, 0x06, 0x0e, 0x01, 0x06, 0x14, 0x08, 0x08, 0x07, 0x06, 0xfe, 0x7b, 0x0a, 0x08, 0x06,
    0xfe, 0x7c, 0x0a, 0x09, 0x03, 0x01, 0x0a, 0x06, 0x33, 0x0b, 0x00, 0x0c, 0x01, 0x06, 0x00, 0x0d, 0x09, 0x07, 0x09, 0x00, 0x06, 0xfe, 0x7d, 0x0a,
    0x01, 0x06, 0x1c, 0x1d, 0x06, 0x2e, 0x02, 0x03, 0x01, 0x59, 0x02, 0x5d, 0x03, 0x01, 0x63, 0x06, 0x91, 0x13, 0x06, 0xa8, 0x04, 0x06, 0x0e, 0x08,
    0x08, 0x07, 0x06, 0xfe, 0x7e, 0x0a, 0x08, 0x06, 0xfe, 0x7f, 0x0a, 0x09, 0x03, 0x01, 0x0a, 0x06, 0x20, 0x0b, 0x00, 0x0c, 0x01, 0x06, 0x00, 0x0d,
    0x09, 0x01, 0x0a, 0x00, 0x06, 0xfe, 0x80, 0x0a, 0x05, 0x06, 0x15, 0x0f, 0x06, 0x10, 0x43, 0x03, 0x04, 0x3f, 0x06, 0x47, 0x02, 0x03, 0x01, 0x03,
    0x06, 0x11, 0x04, 0x06, 0x0e, 0x12, 0x07, 0x01, 0x06, 0x50, 0x01, 0x06, 0x14, 0x08, 0x08, 0x07, 0x06, 0xfe, 0x81, 0x0a, 0x08, 0x06, 0xfe, 0x82,
    0x0a, 0x09, 0x03, 0x01, 0x0a, 0x06, 0x21, 0x0b, 0x00, 0x0c, 0x01, 0x06, 0x09, 0x01, 0x07, 0x00, 0x06, 0x5b, 0x05, 0x06, 0x10, 0x2a, 0x06, 0x10,
    0x0f, 0x06, 0x15, 0x02, 0x03, 0x01, 0x19, 0x02, 0x01, 0x06, 0x14, 0x0d, 0x09, 0x0a, 0x04, 0x00, 0x06, 0xfe, 0xe7, 0x01, 0x01, 0x06, 0x23, 0x1e,
    0x07, 0x02, 0x09, 0x03, 0x04, 0x00, 0x06, 0xfe, 0x45, 0x01, 0x02, 0x03, 0x01, 0x01, 0x06, 0x80, 0x1b, 0x07, 0x03, 0x06, 0x4f, 0x06, 0x62, 0x06,
    0x56, 0x09, 0x07, 0x05, 0x00, 0x06, 0xfe, 0x86, 0x01, 0x1a, 0x06, 0x22, 0x02, 0x03, 0x01, 0x01, 0x06, 0x1c, 0x1d, 0x06, 0x35, 0x1b, 0x07, 0x03,
    0x06, 0x4f, 0x06, 0x62, 0x06, 0x56, 0x08, 0x08, 0x07, 0x06, 0xfe, 0x83, 0x0a, 0x08, 0x06, 0xfe, 0x84, 0x0a, 0x09, 0x03, 0x01, 0x0a, 0x06, 0x20,
    0x0b, 0x00, 0x0c, 0x01, 0x06, 0x00, 0x0d, 0x09, 0x04, 0x06, 0x00, 0x06, 0xfe, 0x8c, 0x02, 0x01, 0x06, 0x53, 0x58, 0x09, 0x04, 0x05, 0x00, 0x06,
    0x8e, 0x05, 0x06, 0x2c, 0x02, 0x03, 0x05, 0x04, 0x06, 0x0e, 0x01, 0x06, 0x4c, 0x54, 0x09, 0x03, 0x09, 0x01, 0x06, 0x51, 0x0f, 0x06, 0x10, 0x55,
    0x02, 0x4e, 0x02, 0x02, 0x03, 0x01, 0x03, 0x06, 0x24, 0x19, 0x02, 0x12, 0x07, 0x01, 0x06, 0x50, 0x00, 0x06, 0xfe, 0x8c, 0x02, 0x19, 0x02, 0x12,
    0x07, 0x01, 0x06, 0x50, 0x08, 0x08, 0x07, 0x06, 0xfe, 0x85, 0x0a, 0x08, 0x06, 0xfe, 0x86, 0x0a, 0x09, 0x03, 0x01, 0x0a, 0x06, 0x20, 0x0b, 0x00,
    0x0c, 0x01, 0x06, 0x09, 0x04, 0x07, 0x00, 0x06, 0xfe, 0x87, 0x0a, 0x05, 0x06, 0x10, 0x2a, 0x06, 0x10, 0x02, 0x03, 0x01, 0x03, 0x06, 0x24, 0x19,
    0x02, 0x01, 0x06, 0x4e, 0x0d, 0x09, 0x0a, 0x04, 0x00, 0x06, 0xfe, 0x88, 0x0a, 0x01, 0x06, 0x23, 0x1e, 0x07, 0x02, 0x09, 0x01, 0x07, 0x00, 0x06,
    0xfe, 0x89, 0x0a, 0x05, 0x06, 0xa8, 0x0f, 0x06, 0x10, 0x02, 0x03, 0x01, 0x03, 0x06, 0x24, 0x04, 0x06, 0x0e, 0x01, 0x06, 0x14, 0x09, 0x01, 0x08,
    0x00, 0x06, 0xfe, 0x8a, 0x0a, 0x05, 0x06, 0x3a, 0x65, 0x09, 0x03, 0x02, 0x26, 0x06, 0x3a, 0x6d, 0x06, 0x89, 0x0f, 0x06, 0xa8, 0x03, 0x06, 0x24,
    0x04, 0x06, 0x0e, 0x01, 0x06, 0x14, 0x02, 0x03, 0x01, 0x40, 0x02, 0x08, 0x08, 0x07, 0x06, 0xfe, 0x8b, 0x0a, 0x08, 0x06, 0xfe, 0x8c, 0x0a, 0x09,
    0x03, 0x01, 0x0a, 0x06, 0x20, 0x0b, 0x00, 0x0c, 0x01, 0x06, 0x00, 0x0d, 0x09, 0x0a, 0x03, 0x00, 0x06, 0xfe, 0x8d, 0x0a, 0x01, 0x06, 0x23, 0x1e,
    0x07, 0x02, 0x09, 0x01, 0x07, 0x00, 0x06, 0xfe, 0x8e, 0x01, 0x05, 0x06, 0x2c, 0x02, 0x03, 0x05, 0x0f, 0x06, 0x15, 0x04, 0x06, 0x0e, 0x01, 0x06,
    0x14, 0x03, 0x06, 0x2d, 0x09, 0x02, 0x06, 0x00, 0x06, 0xfe, 0x8e, 0x0a, 0x16, 0x09, 0x01, 0x05, 0x00, 0x06, 0xfe, 0xfc, 0x01, 0x03, 0x06, 0x24,
    0x02, 0x03, 0x01, 0x18, 0x06, 0x1f, 0x05, 0x06, 0x88, 0x01, 0x06, 0x32, 0x02, 0x03, 0x01, 0x05, 0x06, 0x2f, 0x0f, 0x06, 0x10, 0x08, 0x08, 0x07,
    0x06, 0xfe, 0x8f, 0x0a, 0x08, 0x06, 0xfe, 0x90, 0x0a, 0x09, 0x03, 0x01, 0x0a, 0x06, 0x41, 0x0b, 0x03, 0x01, 0x0c, 0x01, 0x06, 0x09, 0x07, 0x05,
    0x00, 0x06, 0xa1, 0x3e, 0x03, 0x02, 0x02, 0x03, 0x02, 0x01, 0x06, 0x48, 0x05, 0x06, 0x2b, 0x0d, 0x09, 0x01, 0x07, 0x00, 0x06, 0xfe, 0x8d, 0x02,
    0x05, 0x06, 0x2c, 0x02, 0x03, 0x0a, 0x0f, 0x06, 0x15, 0x04, 0x06, 0x0e, 0x01, 0x06, 0x14, 0x03, 0x06, 0x2d, 0x08, 0x08, 0x07, 0x06, 0xfe, 0x91,
    0x0a, 0x08, 0x06, 0xfe, 0x92, 0x0a, 0x09, 0x03, 0x01, 0x0a, 0x06, 0x21, 0x0b, 0x00, 0x0c, 0x01, 0x06, 0x00, 0x0d, 0x09, 0x09, 0x07, 0x00, 0x06,
    0xfe, 0x93, 0x0a, 0x16, 0x09, 0x01, 0x06, 0x02, 0x03, 0x19, 0x18, 0x06, 0x1f, 0x00, 0x06, 0xfe, 0x94, 0x0a, 0x13, 0x06, 0x15, 0x04, 0x06, 0x0e,
    0x12, 0x07, 0x01, 0x06, 0x50, 0x01, 0x06, 0xb2, 0xb3, 0x06, 0x33, 0xb4, 0x06, 0xc2, 0x1a, 0x06, 0x22, 0xb5, 0x09, 0x05, 0x04, 0x00, 0x06, 0xa5,
    0x01, 0x06, 0x38, 0x29, 0x03, 0x01, 0x28, 0x06, 0x34, 0x08, 0x08, 0x07, 0x06, 0xfe, 0x95, 0x0a, 0x08, 0x06, 0xfe, 0x96, 0x0a, 0x09, 0x03, 0x01,
    0x0a, 0x06, 0x21, 0x0b, 0x00, 0x0c, 0x01, 0x06, 0x00, 0x0d, 0x09, 0x06, 0x0b, 0x00, 0x06, 0xfe, 0x97, 0x0a, 0x01, 0x06, 0x8a, 0x1b, 0x07, 0x01,
    0x06, 0x87, 0x28, 0x06, 0xa3, 0x25, 0x02, 0x59, 0x02, 0x5d, 0x03, 0x01, 0x63, 0x06, 0x91, 0x13, 0x06, 0xa8, 0x04, 0x06, 0x0e, 0x29, 0x03, 0x02,
    0x08, 0x08, 0x07, 0x06, 0xfe, 0x98, 0x0a, 0x08, 0x06, 0xfe, 0x99, 0x0a, 0x09, 0x03, 0x01, 0x0a, 0x06, 0x41, 0x0b, 0x03, 0x01, 0x0c, 0x01, 0x06,
    0x09, 0x01, 0x06, 0x00, 0x06, 0xab, 0x05, 0x06, 0x10, 0x2a, 0x06, 0x10, 0x0f, 0x06, 0x15, 0x02, 0x03, 0x02, 0x01, 0x06, 0x14, 0x0d, 0x09, 0x01,
    0x0b, 0x00, 0x06, 0xfe, 0x9a, 0x0a, 0x05, 0x06, 0x15, 0x0f, 0x06, 0x10, 0x02, 0x03, 0x01, 0x03, 0x06, 0x24, 0x04, 0x06, 0x0e, 0x01, 0x06, 0x14,
    0x1b, 0x07, 0x01, 0x06, 0x62, 0xfe, 0x9e, 0x01, 0x06, 0x62, 0xfe, 0x61, 0x01, 0x03, 0x03, 0xfe, 0x62, 0x01, 0x06, 0x1f, 0x08, 0x08, 0x07, 0x06,
    0xfe, 0x9b, 0x0a, 0x08, 0x06, 0xfe, 0x9c, 0x0a, 0x09, 0x03, 0x01, 0x0a, 0x06, 0x41, 0x0b, 0x03, 0x01, 0x0c, 0x01, 0x06, 0x09, 0x01, 0x06, 0x00,
    0x06, 0xab, 0x05, 0x06, 0x10, 0x2a, 0x06, 0x10, 0x0f, 0x06, 0x15, 0x02, 0x03, 0x02, 0x01, 0x06, 0x14, 0x0d, 0x09, 0x01, 0x0b, 0x00, 0x06, 0xfe,
    0x9d, 0x0a, 0x05, 0x06, 0x15, 0x0f, 0x06, 0x10, 0x02, 0x03, 0x01, 0x03, 0x06, 0x24, 0x04, 0x06, 0x0e, 0x01, 0x06, 0x14, 0x1b, 0x07, 0x01, 0x06,
    0x4f, 0xfe, 0x9e, 0x01, 0x06, 0x4f, 0xfe, 0x61, 0x01, 0x03, 0x03, 0xfe, 0x62, 0x01, 0x06, 0x1f, 0x08, 0x08, 0x07, 0x06, 0xfe, 0x9e, 0x0a, 0x08,
    0x06, 0xfe, 0x9f, 0x0a, 0x09, 0x03, 0x01, 0x0a, 0x06, 0x20, 0x0b, 0x00, 0x0c, 0x01, 0x06, 0x00, 0x0d, 0x09, 0x0a, 0x05, 0x00, 0x06, 0xfe, 0xa0,
    0x0a, 0x01, 0x06, 0xa9, 0x94, 0x09, 0x04, 0x07, 0x00, 0x06, 0xfe, 0xa1, 0x0a, 0x05, 0x06, 0x10, 0x02, 0x03, 0x03, 0x04, 0x06, 0x3c, 0x01, 0x06,
    0x4e, 0xfe, 0x53, 0x02, 0x02, 0xfe, 0x54, 0x02, 0x06, 0x0e, 0xaa, 0x09, 0x01, 0x04, 0x00, 0x06, 0xfe, 0xa2, 0x0a, 0x13, 0x06, 0x3a, 0x03, 0x06,
    0x24, 0x82, 0x02, 0x9e, 0x09, 0x02, 0x05, 0x00, 0x06, 0x9c, 0x02, 0x03, 0x01, 0x01, 0x06, 0x32, 0x05, 0x06, 0x2f, 0x0f, 0x06, 0x10, 0x08, 0x08,
    0x07, 0x06, 0xfe, 0xa3, 0x0a, 0x08, 0x06, 0xfe, 0xa4, 0x0a, 0x09, 0x03, 0x01, 0x0a, 0x06, 0x41, 0x0b, 0x00, 0x0c, 0x01, 0x06, 0x09, 0x01, 0x07,
    0x00, 0x06, 0xc8, 0x05, 0x06, 0x17, 0x2a, 0x06, 0x17, 0x0f, 0x06, 0x15, 0x03, 0x06, 0x11, 0x6e, 0x02, 0x01, 0x06, 0x14, 0x0d, 0x09, 0x0a, 0x04,
    0x00, 0x06, 0xfe, 0xa5, 0x0a, 0x01, 0x06, 0x23, 0x1e, 0x07, 0x02, 0x09, 0x01, 0x08, 0x00, 0x06, 0xfe, 0x30, 0x01, 0x05, 0x06, 0x15, 0x0f, 0x06,
    0x10, 0x02, 0x03, 0x01, 0x03, 0x06, 0x24, 0x04, 0x06, 0x0e, 0x12, 0x07, 0x01, 0x06, 0x50, 0x01, 0x06, 0x14, 0x09, 0x08, 0x06, 0x00, 0x06, 0xfe,
    0xa6, 0x0a, 0x16, 0x09, 0x02, 0x08, 0x00, 0x06, 0xfe, 0xa7, 0x0a, 0x04, 0x06, 0x0e, 0x13, 0x06, 0x5e, 0x03, 0x06, 0x24, 0x02, 0x03, 0x09, 0x18,
    0x06, 0x1f, 0x64, 0x06, 0x8c, 0x60, 0x06, 0x61, 0x27, 0x06, 0x67, 0x02, 0x03, 0x02, 0x01, 0x06, 0x30, 0x03, 0x06, 0x49, 0x12, 0x07, 0x01, 0x06,
    0x50, 0x08, 0x08, 0x07, 0x06, 0xfe, 0xa8, 0x0a, 0x08, 0x06, 0xfe, 0xa9, 0x0a, 0x09, 0x03, 0x01, 0x0a, 0x06, 0x20, 0x0b, 0x00, 0x0c, 0x01, 0x06,
    0x00, 0x0d, 0x09, 0x03, 0x04, 0x00, 0x06, 0xfe, 0x47, 0x02, 0x01, 0x06, 0xfe, 0x21, 0x01, 0xfe, 0x22, 0x01, 0x07, 0x02, 0x06, 0xfe, 0x23, 0x01,
    0x06, 0xfe, 0x24, 0x01, 0xfe, 0x25, 0x01, 0x07, 0x01, 0x09, 0x0a, 0x04, 0x00, 0x06, 0xfe, 0x48, 0x02, 0x01, 0x06, 0x23, 0x1e, 0x07, 0x02, 0x09,
    0x01, 0x06, 0x00, 0x06, 0xfe, 0x49, 0x02, 0x05, 0x06, 0x15, 0x0f, 0x06, 0x9d, 0x02, 0x03, 0x01, 0x03, 0x06, 0x24, 0x01, 0x06, 0x14, 0x09, 0x02,
    0x05, 0x00, 0x06, 0xfe, 0x4a, 0x02, 0x02, 0x03, 0x01, 0x01, 0x06, 0x32, 0x05, 0x06, 0x2f, 0x0f, 0x06, 0x10, 0x40, 0x02, 0x08, 0x08, 0x07, 0x06,
    0xfe, 0xaa, 0x0a, 0x08, 0x06, 0xfe, 0xab, 0x0a, 0x09, 0x03, 0x01, 0x0a, 0x06, 0x33, 0x0b, 0x00, 0x0c, 0x01, 0x06, 0x00, 0x0d, 0x09, 0x07, 0x09,
    0x00, 0x06, 0xfe, 0xac, 0x0a, 0x16, 0x09, 0x01, 0x09, 0x00, 0x06, 0xfe, 0xb8, 0x01, 0x04, 0x06, 0x76, 0x13, 0x06, 0x17, 0x03, 0x06, 0x11, 0x02,
    0x03, 0x06, 0x60, 0x06, 0x61, 0xcd, 0x06, 0x76, 0x1b, 0x07, 0x02, 0x06, 0x45, 0x06, 0x4a, 0x18, 0x06, 0x85, 0x1a, 0x06, 0x5a, 0x40, 0x02, 0x01,
    0x06, 0x1c, 0x1d, 0x06, 0x35, 0x02, 0x03, 0x02, 0x1b, 0x07, 0x02, 0x06, 0x45, 0x06, 0x4a, 0x04, 0x06, 0x0e, 0x08, 0x08, 0x07, 0x06, 0xfe, 0xad,
    0x0a, 0x08, 0x06, 0xfe, 0xae, 0x0a, 0x09, 0x03, 0x01, 0x0a, 0x06, 0x20, 0x0b, 0x00, 0x0c, 0x01, 0x06, 0x00, 0x0d, 0x09, 0x0a, 0x03, 0x00, 0x06,
    0xfe, 0xaf, 0x0a, 0x01, 0x06, 0x23, 0x1e, 0x07, 0x02, 0x09, 0x01, 0x09, 0x00, 0x06, 0xfe, 0xb0, 0x0a, 0x16, 0x09, 0x02, 0x05, 0x00, 0x06, 0xfe,
    0x24, 0x02, 0x04, 0x06, 0x0e, 0x13, 0x06, 0x15, 0x02, 0x03, 0x08, 0x18, 0x06, 0xc4, 0x05, 0x06, 0x2c, 0x02, 0x03, 0x01, 0x0f, 0x06, 0x15, 0x65,
    0x09, 0x03, 0x03, 0x26, 0x06, 0x65, 0x6d, 0x06, 0xfe, 0x97, 0x01, 0xc5, 0x06, 0xce, 0x04, 0x06, 0x0e, 0x01, 0x06, 0x14, 0x03, 0x06, 0x2d, 0x09,
    0x01, 0x07, 0x00, 0x06, 0xfe, 0x25, 0x02, 0x0f, 0x06, 0x2c, 0x02, 0x03, 0x01, 0x03, 0x06, 0x24, 0x19, 0x02, 0x01, 0x06, 0x14, 0x05, 0x06, 0x10,
    0x08, 0x08, 0x07, 0x06, 0xfe, 0xb1, 0x0a, 0x08, 0x06, 0xfe, 0xb2, 0x0a, 0x09, 0x03, 0x01, 0x0a, 0x06, 0x20, 0x0b, 0x00, 0x0c, 0x01, 0x06, 0x00,
    0x0d, 0x09, 0x0a, 0x04, 0x00, 0x06, 0xfe, 0xb3, 0x0a, 0x16, 0x09, 0x03, 0x05, 0x74, 0x06, 0x75, 0x04, 0x06, 0x0e, 0x79, 0x02, 0x00, 0x06, 0xfe,
    0xb4, 0x0a, 0x39, 0x09, 0x03, 0x03, 0x26, 0x06, 0x75, 0x72, 0x06, 0x7b, 0x13, 0x06, 0x17, 0x01, 0x06, 0x23, 0x1e, 0x07, 0x02, 0x09, 0x02, 0x05,
    0x00, 0x06, 0x9a, 0x02, 0x03, 0x02, 0x01, 0x06, 0x32, 0x05, 0x06, 0x2f, 0x0f, 0x06, 0x10, 0x09, 0x01, 0x06, 0x00, 0x06, 0x77, 0x05, 0x06, 0x10,
    0x0f, 0x06, 0x15, 0x02, 0x03, 0x01, 0x01, 0x06, 0x14, 0x03, 0x06, 0x2d, 0x08, 0x08, 0x07, 0x06, 0xfe, 0xb5, 0x0a, 0x08, 0x06, 0xfe, 0xb6, 0x0a,
    0x09, 0x03, 0x01, 0x0a, 0x06, 0x20, 0x0b, 0x00, 0x0c, 0x01, 0x06, 0x00, 0x0d, 0x09, 0x0a, 0x08, 0x00, 0x06, 0xfe, 0xb7, 0x0a, 0x01, 0x06, 0x8d,
    0xfe, 0x8e, 0x02, 0x06, 0xfe, 0x8f, 0x02, 0xfe, 0x90, 0x02, 0x06, 0xfe, 0xb8, 0x0a, 0x9b, 0x07, 0x02, 0x09, 0x07, 0x08, 0x00, 0x06, 0xfe, 0xb9,
    0x0a, 0x1a, 0x06, 0x22, 0x03, 0x06, 0x11, 0x04, 0x06, 0x3c, 0x01, 0x06, 0x1c, 0x1d, 0x06, 0x2e, 0x52, 0x02, 0xfe, 0x3f, 0x01, 0x07, 0x01, 0x06,
    0xfe, 0xba, 0x0a, 0x09, 0x0e, 0x03, 0x00, 0x06, 0xfe, 0xbb, 0x0a, 0x01, 0x06, 0xfe, 0xa6, 0x01, 0xfe, 0x3f, 0x01, 0x07, 0x01, 0x06, 0xfe, 0x91,
    0x02, 0xfe, 0x92, 0x02, 0x06, 0x3c, 0x5f, 0x07, 0x01, 0x06, 0xfe, 0xbc, 0x0a, 0x52, 0x02, 0x08, 0x08, 0x07, 0x06, 0xfe, 0xbd, 0x0a, 0x08, 0x06,
    0xfe, 0xbe, 0x0a, 0x09, 0x03, 0x01, 0x0a, 0x06, 0x57, 0x0b, 0x03, 0x02, 0x0c, 0x01, 0x06, 0x00, 0x0d, 0x09, 0x02, 0x08, 0x00, 0x06, 0xfe, 0xbf,
    0x0a, 0x16, 0x09, 0x00, 0x06, 0x70, 0x07, 0x02, 0x09, 0x01, 0x04, 0x00, 0x06, 0xfe, 0xc0, 0x0a, 0x04, 0x06, 0x0e, 0x13, 0x06, 0x17, 0x03, 0x06,
    0x11, 0x09, 0x03, 0x06, 0x74, 0x06, 0x75, 0x04, 0x06, 0x0e, 0x79, 0x02, 0x00, 0x06, 0xfe, 0xc1, 0x0a, 0x39, 0x09, 0x03, 0x03, 0x26, 0x06, 0x75,
    0x72, 0x06, 0x7b, 0x13, 0x06, 0x17, 0x42, 0x02, 0x00, 0x06, 0xfe, 0xc2, 0x0a, 0x39, 0x09, 0x03, 0x02, 0x26, 0x06, 0xbd, 0xfe, 0x10, 0x01, 0x07,
    0x01, 0x09, 0x03, 0x03, 0x26, 0x06, 0x75, 0x72, 0x06, 0x7b, 0x13, 0x06, 0x17, 0x42, 0x02, 0x79, 0x02, 0x18, 0x06, 0xbd, 0x01, 0x06, 0x32, 0x02,
    0x03, 0x01, 0x05, 0x06, 0x2f, 0x0f, 0x06, 0x10, 0x42, 0x02, 0x79, 0x02, 0x08, 0x08, 0x07, 0x06, 0xfe, 0xc3, 0x0a, 0x08, 0x06, 0xfe, 0xc4, 0x0a,
    0x09, 0x03, 0x01, 0x0a, 0x06, 0x20, 0x0b, 0x00, 0x0c, 0x01, 0x06, 0x00, 0x0d, 0x09, 0x01, 0x0a, 0x00, 0x06, 0xfe, 0xc5, 0x0a, 0x05, 0x06, 0x15,
    0x0f, 0x06, 0x7d, 0x43, 0x03, 0x09, 0x3f, 0x06, 0x47, 0x02, 0x03, 0x01, 0x03, 0x06, 0x11, 0x04, 0x06, 0x0e, 0x12, 0x07, 0x01, 0x06, 0x36, 0x01,
    0x06, 0x14, 0x08, 0x08, 0x07, 0x06, 0xfe, 0xc6, 0x0a, 0x08, 0x06, 0xfe, 0xc7, 0x0a, 0x09, 0x03, 0x01, 0x0a, 0x06, 0x33, 0x0b, 0x00, 0x0c, 0x01,
    0x06, 0x00, 0x0d, 0x09, 0x09, 0x09, 0x00, 0x06, 0xfe, 0xc8, 0x0a, 0x43, 0x03, 0x09, 0x3f, 0x06, 0x47, 0x03, 0x06, 0x11, 0x12, 0x07, 0x01, 0x06,
    0x36, 0x01, 0x06, 0xfe, 0x7d, 0x02, 0xfe, 0x7e, 0x02, 0x06, 0x7d, 0xfe, 0x7f, 0x02, 0x07, 0x01, 0x06, 0x37, 0x52, 0x02, 0x08, 0x08, 0x07, 0x06,
    0xfe, 0xc9, 0x0a, 0x08, 0x06, 0xfe, 0xca, 0x0a, 0x09, 0x03, 0x01, 0x0a, 0x06, 0x33, 0x0b, 0x00, 0x0c, 0x01, 0x06, 0x00, 0x0d, 0x09, 0x07, 0x09,
    0x00, 0x06, 0xfe, 0xcb, 0x0a, 0x16, 0x09, 0x01, 0x09, 0x00, 0x06, 0xfe, 0xb8, 0x01, 0x04, 0x06, 0x76, 0x13, 0x06, 0x17, 0x03, 0x06, 0x11, 0x02,
    0x03, 0x06, 0x60, 0x06, 0x61, 0xcd, 0x06, 0x76, 0x1b, 0x07, 0x02, 0x06, 0x45, 0x06, 0x4d, 0x18, 0x06, 0x85, 0x1a, 0x06, 0x5a, 0x40, 0x02, 0x01,
    0x06, 0x1c, 0x1d, 0x06, 0x35, 0x02, 0x03, 0x02, 0x1b, 0x07, 0x02, 0x06, 0x45, 0x06, 0x4d, 0x04, 0x06, 0x0e, 0x08, 0x08, 0x07, 0x06, 0xfe, 0xcc,
    0x0a, 0x08, 0x06, 0xfe, 0xcd, 0x0a, 0x09, 0x03, 0x01, 0x0a, 0x06, 0x37, 0x0b, 0x00, 0x0c, 0x01, 0x06, 0x00, 0x0d, 0x09, 0x01, 0x09, 0x00, 0x06,
    0xfe, 0xce, 0x0a, 0x16, 0x09, 0x01, 0x06, 0x02, 0x03, 0x07, 0x18, 0x06, 0x1f, 0x00, 0x06, 0xfe, 0xcf, 0x0a, 0x13, 0x06, 0x3a, 0x04, 0x06, 0x0e,
    0x12, 0x07, 0x01, 0x06, 0x44, 0x05, 0x06, 0x6c, 0x0f, 0x06, 0x2b, 0x27, 0x06, 0x31, 0x02, 0x03, 0x01, 0x03, 0x06, 0x49, 0x04, 0x06, 0x0e, 0x01,
    0x06, 0x14, 0x08, 0x08, 0x07, 0x06, 0xfe, 0xd0, 0x0a, 0x08, 0x06, 0xfe, 0xd1, 0x0a, 0x09, 0x03, 0x01, 0x0a, 0x06, 0x21, 0x0b, 0x00, 0x0c, 0x01,
    0x06, 0x00, 0x0d, 0x09, 0x08, 0x0a, 0x00, 0x06, 0xfe, 0xd2, 0x0a, 0x16, 0x09, 0x01, 0x07, 0x02, 0x03, 0x05, 0x18, 0x06, 0x1f, 0x00, 0x06, 0xfe,
    0xd3, 0x0a, 0x03, 0x06, 0x11, 0x13, 0x06, 0x17, 0x04, 0x06, 0x0e, 0x60, 0x06, 0x61, 0x05, 0x06, 0x17, 0x43, 0x03, 0x02, 0x3f, 0x06, 0x47, 0x27,
    0x06, 0x31, 0x02, 0x03, 0x01, 0x03, 0x06, 0x11, 0x04, 0x06, 0x3c, 0x01, 0x06, 0x30, 0x08, 0x08, 0x07, 0x06, 0xfe, 0xd4, 0x0a, 0x08, 0x06, 0xfe,
    0xd5, 0x0a, 0x09, 0x03, 0x01, 0x0a, 0x06, 0x33, 0x0b, 0x00, 0x0c, 0x01, 0x06, 0x00, 0x0d, 0x09, 0x07, 0x09, 0x00, 0x06, 0xfe, 0xd6, 0x0a, 0x16,
    0x09, 0x01, 0x09, 0x00, 0x06, 0xfe, 0xb8, 0x01, 0x04, 0x06, 0x76, 0x13, 0x06, 0x17, 0x03, 0x06, 0x11, 0x02, 0x03, 0x06, 0x60, 0x06, 0x61, 0xcd,
    0x06, 0x76, 0x1b, 0x07, 0x02, 0x06, 0x45, 0x06, 0x62, 0x18, 0x06, 0x85, 0x1a, 0x06, 0x5a, 0x40, 0x02, 0x01, 0x06, 0x1c, 0x1d, 0x06, 0x35, 0x02,
    0x03, 0x02, 0x1b, 0x07, 0x02, 0x06, 0x45, 0x06, 0x62, 0x04, 0x06, 0x0e, 0x08, 0x08, 0x07, 0x06, 0xfe, 0xd7, 0x0a, 0x08, 0x06, 0xfe, 0xd8, 0x0a,
    0x09, 0x03, 0x01, 0x0a, 0x06, 0x57, 0x0b, 0x03, 0x01, 0x0c, 0x01, 0x06, 0x00, 0x0d, 0x09, 0x07, 0x08, 0x00, 0x06, 0xfe, 0xd9, 0x0a, 0x16, 0x09,
    0x01, 0x0a, 0x02, 0x03, 0x01, 0x18, 0x06, 0x1f, 0x00, 0x06, 0xfe, 0xda, 0x0a, 0x13, 0x06, 0x3a, 0x03, 0x06, 0x24, 0x04, 0x06, 0x0e, 0x7f, 0x06,
    0x0e, 0x12, 0x07, 0x01, 0x06, 0x44, 0xcb, 0x02, 0x83, 0x06, 0xf5, 0x01, 0x06, 0x1c, 0x1d, 0x06, 0x35, 0x02, 0x03, 0x01, 0x1b, 0x07, 0x01, 0x06,
    0x56, 0x1a, 0x06, 0x22, 0x04, 0x06, 0x0e, 0x08, 0x08, 0x07, 0x06, 0xfe, 0xdb, 0x0a, 0x08, 0x06, 0xfe, 0xdc, 0x0a, 0x09, 0x03, 0x01, 0x0a, 0x06,
    0x21, 0x0b, 0x00, 0x0c, 0x01, 0x06, 0x09, 0x01, 0x08, 0x00, 0x06, 0xfe, 0x93, 0x02, 0x05, 0x06, 0x10, 0x2a, 0x06, 0x10, 0x0f, 0x06, 0x15, 0x02,
    0x03, 0x02, 0x19, 0x02, 0xfe, 0x94, 0x02, 0x02, 0x01, 0x06, 0x14, 0x0d, 0x09, 0x0a, 0x06, 0x00, 0x06, 0xfe, 0xb9, 0x01, 0x1a, 0x06, 0x22, 0x01,
    0x06, 0x23, 0x1e, 0x07, 0x02, 0x09, 0x07, 0x06, 0x01, 0x06, 0x1c, 0x1d, 0x06, 0x2e, 0x02, 0x03, 0x02, 0x03, 0x06, 0x2d, 0x1a, 0x06, 0x22, 0x00,
    0x06, 0xfe, 0xb9, 0x01, 0x09, 0x07, 0x07, 0x01, 0x06, 0x1c, 0x1d, 0x06, 0x35, 0x1b, 0x07, 0x01, 0x06, 0x4a, 0x02, 0x03, 0x02, 0x03, 0x06, 0x2d,
    0x1a, 0x06, 0x22, 0x00, 0x06, 0xfe, 0xb9, 0x01, 0x1b, 0x07, 0x01, 0x06, 0x4a, 0x02, 0x03, 0x04, 0x08, 0x08, 0x07, 0x06, 0xfe, 0xdd, 0x0a, 0x08,
    0x06, 0xfe, 0xde, 0x0a, 0x09, 0x03, 0x01, 0x0a, 0x06, 0x21, 0x0b, 0x00, 0x0c, 0x01, 0x06, 0x09, 0x01, 0x08, 0x00, 0x06, 0xfe, 0x93, 0x02, 0x05,
    0x06, 0x10, 0x2a, 0x06, 0x10, 0x0f, 0x06, 0x15, 0x02, 0x03, 0x02, 0x19, 0x02, 0xfe, 0x94, 0x02, 0x02, 0x01, 0x06, 0x14, 0x0d, 0x09, 0x0a, 0x06,
    0x00, 0x06, 0xfe, 0xba, 0x01, 0x1a, 0x06, 0x22, 0x01, 0x06, 0x23, 0x1e, 0x07, 0x02, 0x09, 0x07, 0x06, 0x01, 0x06, 0x1c, 0x1d, 0x06, 0x2e, 0x02,
    0x03, 0x02, 0x03, 0x06, 0x2d, 0x1a, 0x06, 0x22, 0x00, 0x06, 0xfe, 0xba, 0x01, 0x09, 0x07, 0x07, 0x01, 0x06, 0x1c, 0x1d, 0x06, 0x35, 0x1b, 0x07,
    0x01, 0x06, 0x4d, 0x02, 0x03, 0x02, 0x03, 0x06, 0x2d, 0x1a, 0x06, 0x22, 0x00, 0x06, 0xfe, 0xba, 0x01, 0x1b, 0x07, 0x01, 0x06, 0x4d, 0x02, 0x03,
    0x04, 0x08, 0x08, 0x07, 0x06, 0xfe, 0xdf, 0x0a, 0x08, 0x06, 0xfe, 0xe0, 0x0a, 0x09, 0x03, 0x01, 0x0a, 0x06, 0x37, 0x0b, 0x00, 0x0c, 0x01, 0x06,
    0x00, 0x0d, 0x09, 0x02, 0x07, 0x00, 0x06, 0xfe, 0xe1, 0x0a, 0x16, 0x09, 0x01, 0x07, 0x03, 0x06, 0x11, 0x13, 0x06, 0x17, 0x00, 0x06, 0xfe, 0xe2,
    0x0a, 0x6a, 0x02, 0x18, 0x06, 0x8b, 0x02, 0x03, 0x01, 0x04, 0x06, 0x0e, 0x01, 0x06, 0x32, 0x02, 0x03, 0x01, 0x05, 0x06, 0x2f, 0x0f, 0x06, 0x10,
    0x6a, 0x02, 0x08, 0x08, 0x07, 0x06, 0xfe, 0xe3, 0x0a, 0x08, 0x06, 0xfe, 0xe4, 0x0a, 0x09, 0x03, 0x01, 0x0a, 0x06, 0x21, 0x0b, 0x00, 0x0c, 0x01,
    0x06, 0x09, 0x07, 0x06, 0x00, 0x06, 0xa0, 0x19, 0x02, 0x3e, 0x03, 0x01, 0x02, 0x03, 0x01, 0x01, 0x06, 0x48, 0x05, 0x06, 0x2b, 0x0d, 0x09, 0x07,
    0x06, 0x00, 0x06, 0xfe, 0x58, 0x01, 0x1a, 0x06, 0x22, 0x01, 0x06, 0x1c, 0x1d, 0x06, 0x35, 0x02, 0x03, 0x01, 0x1b, 0x07, 0x01, 0x06, 0x4f, 0x08,
    0x08, 0x07, 0x06, 0xfe, 0xe5, 0x0a, 0x08, 0x06, 0xfe, 0xe6, 0x0a, 0x09, 0x03, 0x01, 0x0a, 0x06, 0x20, 0x0b, 0x00, 0x0c, 0x01, 0x06, 0x00, 0x0d,
    0x09, 0x0a, 0x05, 0x00, 0x06, 0xfe, 0xe7, 0x0a, 0x01, 0x06, 0x23, 0x1e, 0x07, 0x02, 0x09, 0x03, 0x08, 0x00, 0x06, 0xfe, 0xe8, 0x0a, 0x05, 0x06,
    0x15, 0x96, 0x06, 0x97, 0x02, 0x03, 0x03, 0x03, 0x06, 0x11, 0x04, 0x06, 0x3c, 0x19, 0x02, 0x01, 0x06, 0x80, 0x09, 0x08, 0x0a, 0x00, 0x06, 0xfe,
    0xe9, 0x0a, 0x05, 0x06, 0xf2, 0x27, 0x06, 0x31, 0x02, 0x03, 0x01, 0x03, 0x06, 0x11, 0x04, 0x06, 0x3c, 0x01, 0x06, 0x30, 0x6a, 0x02, 0xae, 0x03,
    0x03, 0xac, 0x06, 0x47, 0x40, 0x02, 0x6a, 0x02, 0x08, 0x08, 0x07, 0x06, 0xfe, 0xea, 0x0a, 0x08, 0x06, 0xfe, 0xeb, 0x0a, 0x09, 0x03, 0x01, 0x0a,
    0x06, 0x21, 0x0b, 0x00, 0x0c, 0x01, 0x06, 0x00, 0x0d, 0x09, 0x0a, 0x06, 0x00, 0x06, 0xfe, 0xec, 0x0a, 0x01, 0x06, 0x8d, 0xfe, 0x8e, 0x02, 0x06,
    0xfe, 0x8f, 0x02, 0xfe, 0x90, 0x02, 0x06, 0xfe, 0xed, 0x0a, 0x9b, 0x07, 0x03, 0x09, 0x01, 0x08, 0x00, 0x06, 0xfe, 0xee, 0x0a, 0x05, 0x06, 0x10,
    0x0f, 0x06, 0x15, 0x02, 0x03, 0x01, 0x04, 0x06, 0x76, 0x01, 0x06, 0x14, 0x03, 0x06, 0x2d, 0xfe, 0x3f, 0x01, 0x07, 0x03, 0x06, 0xfe, 0xef, 0x0a,
    0x06, 0xfe, 0xf0, 0x0a, 0x06, 0xfe, 0xf1, 0x0a, 0x09, 0x02, 0x07, 0x00, 0x06, 0xfe, 0xf2, 0x0a, 0x02, 0x03, 0x01, 0x04, 0x06, 0x76, 0x01, 0x06,
    0x32, 0x05, 0x06, 0x2f, 0x0f, 0x06, 0x10, 0xfe, 0x3f, 0x01, 0x07, 0x01, 0x06, 0xfe, 0xf3, 0x0a, 0x09, 0x07, 0x08, 0x00, 0x06, 0xfe, 0xf4, 0x0a,
    0x1a, 0x06, 0x22, 0x03, 0x06, 0x11, 0x04, 0x06, 0x76, 0x01, 0x06, 0x1c, 0x1d, 0x06, 0x2e, 0x02, 0x03, 0x01, 0xfe, 0x3f, 0x01, 0x07, 0x01, 0x06,
    0xfe, 0x91, 0x02, 0xfe, 0x92, 0x02, 0x06, 0x3c, 0x08, 0x08, 0x07, 0x06, 0xfe, 0xf5, 0x0a, 0x08, 0x06, 0xfe, 0xbb, 0x01, 0x09, 0x03, 0x01, 0x0a,
    0x06, 0x20, 0x0b, 0x00, 0x0c, 0x01, 0x06, 0x00, 0x0d, 0x09, 0x01, 0x07, 0x00, 0x06, 0xfe, 0x0a, 0x01, 0x05, 0x06, 0x15, 0x0f, 0x06, 0x10, 0x02,
    0x03, 0x01, 0x03, 0x06, 0x11, 0x04, 0x06, 0x0e, 0x01, 0x06, 0x14, 0x08, 0x08, 0x07, 0x06, 0xfe, 0xf6, 0x0a, 0x08, 0x06, 0xfe, 0xf7, 0x0a, 0x09,
    0x03, 0x01, 0x0a, 0x06, 0x21, 0x0b, 0x00, 0x0c, 0x01, 0x06, 0x09, 0x01, 0x09, 0x00, 0x06, 0xfe, 0xf8, 0x0a, 0x05, 0x06, 0x10, 0x2a, 0x06, 0x10,
    0x0f, 0x06, 0x15, 0x02, 0x03, 0x03, 0x19, 0x02, 0x69, 0x07, 0x03, 0x06, 0xfe, 0xae, 0x01, 0x06, 0xfe, 0x04, 0x01, 0x06, 0xfe, 0x95, 0x02, 0x99,
    0x02, 0x01, 0x06, 0x14, 0x0d, 0x09, 0x09, 0x07, 0x00, 0x06, 0xfe, 0xf9, 0x0a, 0x1a, 0x06, 0x22, 0x01, 0x06, 0xb2, 0xb3, 0x06, 0x33, 0xb4, 0x06,
    0xfe, 0xfa, 0x0a, 0x5f, 0x07, 0x01, 0x06, 0xfe, 0x96, 0x02, 0xb5, 0x09, 0x05, 0x04, 0x00, 0x06, 0xfe, 0xfb, 0x0a, 0x01, 0x06, 0x38, 0x29, 0x03,
    0x03, 0x28, 0x06, 0x34, 0x08, 0x08, 0x07, 0x06, 0xfe, 0xfc, 0x0a, 0x08, 0x06, 0xfe, 0xfd, 0x0a, 0x09, 0x03, 0x01, 0x0a, 0x06, 0x37, 0x0b, 0x00,
    0x0c, 0x01, 0x06, 0x00, 0x0d, 0x09, 0x01, 0x0b, 0x00, 0x06, 0xfe, 0x97, 0x02, 0x16, 0x09, 0x02, 0x05, 0x00, 0x06, 0xfe, 0xff, 0x00, 0x7f, 0x06,
    0x3c, 0x18, 0x06, 0x8b, 0x64, 0x06, 0x8c, 0x60, 0x06, 0x61, 0x05, 0x06, 0x3a, 0x65, 0x09, 0x03, 0x02, 0x26, 0x06, 0x3a, 0x6d, 0x06, 0x89, 0x0f,
    0x06, 0x10, 0x02, 0x03, 0x01, 0x04, 0x06, 0x0e, 0x12, 0x07, 0x01, 0x06, 0x36, 0x01, 0x06, 0x14, 0x03, 0x06, 0x2d, 0x5f, 0x07, 0x01, 0x06, 0xfe,
    0x74, 0x01, 0x08, 0x08, 0x07, 0x06, 0xfe, 0xfe, 0x0a, 0x08, 0x06, 0xfe, 0xff, 0x0a, 0x09, 0x03, 0x01, 0x0a, 0x06, 0x21, 0x0b, 0x00, 0x0c, 0x01,
    0x06, 0x00, 0x0d, 0x09, 0x05, 0x0e, 0x00, 0x06, 0xfe, 0x00, 0x0b, 0x01, 0x06, 0x38, 0x29, 0x03, 0x01, 0x28, 0x06, 0x34, 0x25, 0x02, 0x59, 0x02,
    0x63, 0x06, 0x1b, 0xfe, 0x98, 0x02, 0x07, 0x06, 0x06, 0x4f, 0x06, 0x45, 0x06, 0x62, 0x06, 0x4a, 0x06, 0x4d, 0x06, 0x56, 0x12, 0x07, 0x01, 0x06,
    0x36, 0x13, 0x06, 0x17, 0x04, 0x06, 0x0e, 0x5f, 0x07, 0x01, 0x06, 0xfe, 0x07, 0x01, 0x5d, 0x03, 0x01, 0x1b, 0x07, 0x06, 0x06, 0x4f, 0x06, 0x4a,
    0x06, 0x4d, 0x06, 0x45, 0x06, 0x62, 0x06, 0x56, 0x08, 0x08, 0x07, 0x06, 0xfe, 0x01, 0x0b, 0x08, 0x06, 0xfe, 0x02, 0x0b, 0x09, 0x03, 0x01, 0x0a,
    0x06, 0x21, 0x0b, 0x00, 0x0c, 0x01, 0x06, 0x09, 0x07, 0x06, 0x00, 0x06, 0xb1, 0x19, 0x02, 0x3e, 0x03, 0x02, 0x02, 0x03, 0x02, 0x01, 0x06, 0x48,
    0x05, 0x06, 0x2b, 0x0d, 0x09, 0x05, 0x07, 0x00, 0x06, 0xfe, 0x03, 0x0b, 0x16, 0x09, 0x04, 0x05, 0x00, 0x06, 0xfe, 0x99, 0x02, 0x12, 0x07, 0x01,
    0x06, 0x36, 0x04, 0x06, 0x0e, 0x13, 0x06, 0x17, 0x03, 0x06, 0x11, 0x01, 0x06, 0x38, 0x29, 0x03, 0x01, 0x28, 0x06, 0x34, 0x25, 0x02, 0x5f, 0x07,
    0x01, 0x06, 0xfe, 0x07, 0x01, 0x08, 0x08, 0x07, 0x06, 0xfe, 0x04, 0x0b, 0x08, 0x06, 0xfe, 0x05, 0x0b, 0x09, 0x03, 0x01, 0x0a, 0x06, 0x21, 0x0b,
    0x00, 0x0c, 0x01, 0x06, 0x00, 0x0d, 0x09, 0x05, 0x07, 0x00, 0x06, 0xfe, 0x06, 0x0b, 0x16, 0x09, 0x01, 0x05, 0x02, 0x03, 0x03, 0x18, 0x06, 0x1f,
    0x00, 0x06, 0xfe, 0x07, 0x0b, 0x04, 0x06, 0x0e, 0x13, 0x06, 0x84, 0x01, 0x06, 0x38, 0x29, 0x03, 0x02, 0x28, 0x06, 0x34, 0x25, 0x02, 0x5f, 0x07,
    0x01, 0x06, 0xfe, 0x07, 0x01, 0x08, 0x08, 0x07, 0x06, 0xfe, 0x08, 0x0b, 0x08, 0x06, 0xfe, 0x09, 0x0b, 0x09, 0x03, 0x01, 0x0a, 0x06, 0x37, 0x0b,
    0x00, 0x0c, 0x01, 0x06, 0x00, 0x0d, 0x09, 0x01, 0x0a, 0x00, 0x06, 0xfe, 0x9a, 0x02, 0x16, 0x09, 0x02, 0x05, 0x00, 0x06, 0xfe, 0xff, 0x00, 0x7f,
    0x06, 0x3c, 0x18, 0x06, 0x8b, 0x64, 0x06, 0x8c, 0x60, 0x06, 0x61, 0x05, 0x06, 0x6c, 0x0f, 0x06, 0x2b, 0x27, 0x06, 0x31, 0x02, 0x03, 0x01, 0x03,
    0x06, 0x49, 0x04, 0x06, 0x0e, 0x01, 0x06, 0x14, 0x5f, 0x07, 0x01, 0x06, 0xfe, 0x0a, 0x0b, 0x08, 0x08, 0x07, 0x06, 0xfe, 0x0b, 0x0b, 0x08, 0x06,
    0xfe, 0x0c, 0x0b, 0x09, 0x03, 0x01, 0x0a, 0x06, 0x37, 0x0b, 0x00, 0x0c, 0x01, 0x06, 0x00, 0x0d, 0x09, 0x02, 0x07, 0x00, 0x06, 0xfe, 0x9b, 0x02,
    0x16, 0x09, 0x01, 0x04, 0x00, 0x06, 0xfe, 0x9c, 0x02, 0x69, 0x07, 0x02, 0x06, 0xfe, 0x04, 0x01, 0x06, 0xfe, 0x64, 0x01, 0x04, 0x06, 0x0e, 0x13,
    0x06, 0x17, 0x01, 0x06, 0x32, 0x02, 0x03, 0x01, 0x05, 0x06, 0x2f, 0x0f, 0x06, 0x10, 0x5f, 0x07, 0x01, 0x06, 0xfe, 0x74, 0x01, 0x08, 0x08, 0x07,
    0x06, 0xfe, 0x0d, 0x0b, 0x08, 0x06, 0xfe, 0x0e, 0x0b, 0x09, 0x03, 0x01, 0x0a, 0x06, 0x21, 0x0b, 0x00, 0x0c, 0x01, 0x06, 0x00, 0x0d, 0x09, 0x05,
    0x07, 0x00, 0x06, 0xfe, 0x9d, 0x02, 0x16, 0x09, 0x01, 0x05, 0x02, 0x03, 0x0c, 0x18, 0x06, 0x1f, 0x00, 0x06, 0xfe, 0xa1, 0x01, 0x04, 0x06, 0x0e,
    0x13, 0x06, 0x2b, 0x01, 0x06, 0x38, 0x29, 0x03, 0x01, 0x28, 0x06, 0x34, 0x25, 0x02, 0x5f, 0x07, 0x01, 0x06, 0xfe, 0x07, 0x01, 0x08, 0x08, 0x07,
    0x06, 0xfe, 0x0f, 0x0b, 0x08, 0x06, 0xfe, 0x10, 0x0b, 0x09, 0x03, 0x01, 0x0a, 0x06, 0x37, 0x0b, 0x00, 0x0c, 0x01, 0x06, 0x00, 0x0d, 0x09, 0x01,
    0x0a, 0x00, 0x06, 0xfe, 0x11, 0x0b, 0x05, 0x06, 0x3a, 0x65, 0x09, 0x03, 0x02, 0x26, 0x06, 0x3a, 0x6d, 0x06, 0x89, 0x0f, 0x06, 0x10, 0x02, 0x03,
    0x01, 0x03, 0x06, 0x24, 0x04, 0x06, 0x0e, 0x12, 0x07, 0x01, 0x06, 0x5c, 0x01, 0x06, 0x14, 0x5f, 0x07, 0x01, 0x06, 0xfe, 0x74, 0x01, 0x08, 0x08,
    0x07, 0x06, 0xfe, 0x12, 0x0b, 0x08, 0x06, 0xfe, 0x13, 0x0b, 0x09, 0x03, 0x01, 0x0a, 0x06, 0x37, 0x0b, 0x00, 0x0c, 0x01, 0x06, 0x00, 0x0d, 0x09,
    0x05, 0x07, 0x00, 0x06, 0xfe, 0x14, 0x0b, 0x16, 0x09, 0x01, 0x07, 0x02, 0x03, 0x0a, 0x18, 0x06, 0x1f, 0x00, 0x06, 0xfe, 0x15, 0x0b, 0x13, 0x06,
    0x3a, 0x03, 0x06, 0x11, 0x04, 0x06, 0x0e, 0x12, 0x07, 0x01, 0x06, 0x5c, 0x01, 0x06, 0x38, 0x29, 0x03, 0x01, 0x28, 0x06, 0x34, 0x25, 0x02, 0x5f,
    0x07, 0x01, 0x06, 0xfe, 0x07, 0x01, 0x08, 0x08, 0x07, 0x06, 0xfe, 0x16, 0x0b, 0x08, 0x06, 0xfe, 0x17, 0x0b, 0x09, 0x03, 0x01, 0x0a, 0x06, 0x37,
    0x0b, 0x00, 0x0c, 0x01, 0x06, 0x00, 0x0d, 0x09, 0x01, 0x0a, 0x00, 0x06, 0xfe, 0x18, 0x0b, 0x16, 0x09, 0x00, 0x08, 0x18, 0x06, 0x81, 0x70, 0x07,
    0x02, 0x09, 0x02, 0x05, 0x00, 0x06, 0xfe, 0x19, 0x0b, 0x7f, 0x06, 0x3c, 0x18, 0x06, 0x8b, 0x64, 0x06, 0x8c, 0x60, 0x06, 0x61, 0x09, 0x04, 0x05,
    0x00, 0x06, 0xfe, 0xbc, 0x01, 0x12, 0x07, 0x01, 0x06, 0x5c, 0x04, 0x06, 0x0e, 0x13, 0x06, 0x17, 0x03, 0x06, 0x11, 0x00, 0x06, 0xfe, 0x1a, 0x0b,
    0x04, 0x06, 0x0e, 0x13, 0x06, 0x17, 0x03, 0x06, 0x11, 0x60, 0x06, 0x61, 0x12, 0x07, 0x01, 0x06, 0x5c, 0x05, 0x06, 0x6c, 0x0f, 0x06, 0x2b, 0x27,
    0x06, 0x31, 0x02, 0x03, 0x01, 0x03, 0x06, 0x49, 0x04, 0x06, 0x0e, 0x01, 0x06, 0x14, 0x5f, 0x07, 0x01, 0x06, 0xfe, 0x74, 0x01, 0x08, 0x08, 0x07,
    0x06, 0xfe, 0x1b, 0x0b, 0x08, 0x06, 0xfe, 0x1c, 0x0b, 0x09, 0x03, 0x01, 0x0a, 0x06, 0x41, 0x0b, 0x03, 0x01, 0x0c, 0x01, 0x06, 0x09, 0x01, 0x06,
    0x00, 0x06, 0xab, 0x05, 0x06, 0x10, 0x2a, 0x06, 0x10, 0x0f, 0x06, 0x15, 0x02, 0x03, 0x02, 0x01, 0x06, 0x14, 0x0d, 0x09, 0x01, 0x08, 0x00, 0x06,
    0xfe, 0x0d, 0x01, 0x05, 0x06, 0x15, 0x0f, 0x06, 0x10, 0x02, 0x03, 0x01, 0x03, 0x06, 0x24, 0x04, 0x06, 0x0e, 0x12, 0x07, 0x01, 0x06, 0x36, 0x01,
    0x06, 0x14, 0x08, 0x08, 0x07, 0x06, 0xfe, 0x1d, 0x0b, 0x08, 0x06, 0xfe, 0x1e, 0x0b, 0x09, 0x03, 0x01, 0x0a, 0x06, 0x21, 0x0b, 0x00, 0x0c, 0x01,
    0x06, 0x09, 0x07, 0x06, 0x00, 0x06, 0xb1, 0x19, 0x02, 0x3e, 0x03, 0x02, 0x02, 0x03, 0x02, 0x01, 0x06, 0x48, 0x05, 0x06, 0x2b, 0x0d, 0x09, 0x07,
    0x06, 0x00, 0x06, 0xfe, 0x9e, 0x02, 0x1a, 0x06, 0x22, 0x01, 0x06, 0x1c, 0x1d, 0x06, 0x35, 0x02, 0x03, 0x01, 0x1b, 0x07, 0x01, 0x06, 0x4a, 0x08,
    0x08, 0x07, 0x06, 0xfe, 0x1f, 0x0b, 0x08, 0x06, 0xfe, 0x20, 0x0b, 0x09, 0x03, 0x01, 0x0a, 0x06, 0x21, 0x0b, 0x00, 0x0c, 0x01, 0x06, 0x00, 0x0d,
    0x09, 0x05, 0x07, 0x00, 0x06, 0xfe, 0x21, 0x0b, 0x16, 0x09, 0x01, 0x07, 0x00, 0x06, 0xfe, 0x9f, 0x02, 0x04, 0x06, 0x0e, 0x13, 0x06, 0x17, 0x03,
    0x06, 0x11, 0x02, 0x03, 0x0a, 0x18, 0x06, 0x1f, 0x60, 0x06, 0x61, 0x01, 0x06, 0x38, 0x29, 0x03, 0x01, 0x28, 0x06, 0x34, 0x25, 0x02, 0x5f, 0x07,
    0x01, 0x06, 0xfe, 0x07, 0x01, 0x08, 0x08, 0x07, 0x06, 0xfe, 0x22, 0x0b, 0x08, 0x06, 0xfe, 0x23, 0x0b, 0x09, 0x03, 0x01, 0x0a, 0x06, 0x20, 0x0b,
    0x00, 0x0c, 0x01, 0x06, 0x00, 0x0d, 0x09, 0x02, 0x09, 0x00, 0x06, 0xfe, 0x24, 0x0b, 0x02, 0x03, 0x01, 0x01, 0x06, 0x32, 0x05, 0x06, 0x2f, 0x0f,
    0x06, 0x10, 0x59, 0x02, 0x5d, 0x03, 0x06, 0x63, 0x06, 0x91, 0x04, 0x06, 0x0e, 0x08, 0x08, 0x07, 0x06, 0xfe, 0x25, 0x0b, 0x08, 0x06, 0xfe, 0x26,
    0x0b, 0x09, 0x03, 0x01, 0x0a, 0x06, 0x20, 0x0b, 0x00, 0x0c, 0x01, 0x06, 0x00, 0x0d, 0x09, 0x01, 0x0c, 0x00, 0x06, 0xfe, 0x27, 0x0b, 0x05, 0x06,
    0x10, 0x43, 0x03, 0x04, 0x3f, 0x06, 0x47, 0x02, 0x03, 0x01, 0x03, 0x06, 0x11, 0x12, 0x07, 0x01, 0x06, 0x44, 0x19, 0x02, 0x01, 0x06, 0x14, 0x0f,
    0x06, 0x17, 0x5f, 0x07, 0x01, 0x06, 0xfe, 0x28, 0x0b, 0xfe, 0xda, 0x01, 0x02, 0x08, 0x08, 0x07, 0x06, 0xfe, 0x29, 0x0b, 0x08, 0x06, 0xfe, 0x2a,
    0x0b, 0x09, 0x03, 0x01, 0x0a, 0x06, 0x20, 0x0b, 0x00, 0x0c, 0x01, 0x06, 0x00, 0x0d, 0x09, 0x09, 0x06, 0x00, 0x06, 0xfe, 0xa7, 0x01, 0x1a, 0x06,
    0x22, 0x01, 0x06, 0xb2, 0xb3, 0x06, 0x33, 0xb4, 0x06, 0xc2, 0xb5, 0x09, 0x05, 0x04, 0x00, 0x06, 0xa5, 0x01, 0x06, 0x38, 0x29, 0x03, 0x01, 0x28,
    0x06, 0x34, 0x08, 0x08, 0x07, 0x06, 0xfe, 0x2b, 0x0b, 0x08, 0x06, 0xfe, 0x2c, 0x0b, 0x09, 0x03, 0x01, 0x0a, 0x06, 0x20, 0x0b, 0x00, 0x0c, 0x01,
    0x06, 0x09, 0x07, 0x06, 0x00, 0x06, 0xb1, 0x19, 0x02, 0x3e, 0x03, 0x02, 0x02, 0x03, 0x02, 0x01, 0x06, 0x48, 0x05, 0x06, 0x2b, 0x0d, 0x09, 0x01,
    0x08, 0x00, 0x06, 0xfe, 0x2d, 0x0b, 0x05, 0x06, 0x15, 0x0f, 0x06, 0x10, 0x02, 0x03, 0x01, 0x03, 0x06, 0x11, 0x04, 0x06, 0x0e, 0x12, 0x07, 0x01,
    0x06, 0x44, 0x01, 0x06, 0x14, 0x08, 0x08, 0x07, 0x06, 0xfe, 0x2e, 0x0b, 0x08, 0x06, 0xfe, 0x2f, 0x0b, 0x09, 0x03, 0x01, 0x0a, 0x06, 0x20, 0x0b,
    0x00, 0x0c, 0x01, 0x06, 0x09, 0x07, 0x06, 0x00, 0x06, 0xa0, 0x19, 0x02, 0x3e, 0x03, 0x01, 0x02, 0x03, 0x01, 0x01, 0x06, 0x48, 0x05, 0x06, 0x2b,
    0x0d, 0x09, 0x04, 0x05, 0x00, 0x06, 0xfe, 0x30, 0x0b, 0x01, 0x06, 0x53, 0x16, 0x09, 0x01, 0x05, 0x02, 0x03, 0x09, 0x18, 0x06, 0x1f, 0x00, 0x06,
    0xfe, 0xbd, 0x01, 0x04, 0x06, 0x0e, 0x13, 0x06, 0x2b, 0x58, 0x09, 0x04, 0x05, 0x00, 0x06, 0x8e, 0x05, 0x06, 0x2c, 0x02, 0x03, 0x05, 0x04, 0x06,
    0x0e, 0x01, 0x06, 0x4c, 0x54, 0x09, 0x03, 0x05, 0x01, 0x06, 0x51, 0x55, 0x02, 0x00, 0x06, 0xfe, 0x0b, 0x01, 0x0f, 0x06, 0x10, 0x02, 0x03, 0x01,
    0x08, 0x08, 0x07, 0x06, 0xfe, 0x31, 0x0b, 0x08, 0x06, 0xfe, 0x32, 0x0b, 0x09, 0x03, 0x01, 0x0a, 0x06, 0x21, 0x0b, 0x00, 0x0c, 0x01, 0x06, 0x00,
    0x0d, 0x09, 0x05, 0x07, 0x00, 0x06, 0xfe, 0xa0, 0x02, 0x16, 0x09, 0x01, 0x05, 0x02, 0x03, 0x09, 0x18, 0x06, 0x1f, 0x00, 0x06, 0xfe, 0xbd, 0x01,
    0x04, 0x06, 0x0e, 0x13, 0x06, 0x2b, 0x01, 0x06, 0x38, 0x29, 0x03, 0x01, 0x28, 0x06, 0x34, 0x25, 0x02, 0x5f, 0x07, 0x01, 0x06, 0xfe, 0x07, 0x01,
    0x08, 0x08, 0x07, 0x06, 0xfe, 0x33, 0x0b, 0x08, 0x06, 0xfe, 0x34, 0x0b, 0x09, 0x03, 0x01, 0x0a, 0x06, 0x20, 0x0b, 0x00, 0x0c, 0x01, 0x06, 0x09,
    0x01, 0x07, 0x00, 0x06, 0x5b, 0x05, 0x06, 0x10, 0x2a, 0x06, 0x10, 0x0f, 0x06, 0x15, 0x02, 0x03, 0x01, 0x19, 0x02, 0x01, 0x06, 0x14, 0x0d, 0x09,
    0x04, 0x06, 0x00, 0x06, 0xfe, 0xa1, 0x02, 0x01, 0x06, 0x53, 0x58, 0x09, 0x04, 0x05, 0x00, 0x06, 0x8e, 0x05, 0x06, 0x2c, 0x02, 0x03, 0x05, 0x04,
    0x06, 0x0e, 0x01, 0x06, 0x4c, 0x54, 0x09, 0x03, 0x08, 0x01, 0x06, 0x51, 0x0f, 0x06, 0x10, 0x55, 0x02, 0x4e, 0x02, 0x02, 0x03, 0x01, 0x19, 0x02,
    0x12, 0x07, 0x01, 0x06, 0xc7, 0x00, 0x06, 0xfe, 0xa1, 0x02, 0x19, 0x02, 0x12, 0x07, 0x01, 0x06, 0xc7, 0x08, 0x08, 0x07, 0x06, 0xfe, 0x35, 0x0b,
    0x08, 0x06, 0xfe, 0x36, 0x0b, 0x09, 0x03, 0x01, 0x0a, 0x06, 0x20, 0x0b, 0x00, 0x0c, 0x01, 0x06, 0x09, 0x01, 0x07, 0x00, 0x06, 0x5b, 0x05, 0x06,
    0x10, 0x2a, 0x06, 0x10, 0x0f, 0x06, 0x15, 0x02, 0x03, 0x01, 0x19, 0x02, 0x01, 0x06, 0x14, 0x0d, 0x09, 0x04, 0x06, 0x00, 0x06, 0xfe, 0xa2, 0x02,
    0x01, 0x06, 0x53, 0x58, 0x09, 0x04, 0x05, 0x00, 0x06, 0x8e, 0x05, 0x06, 0x2c, 0x02, 0x03, 0x05, 0x04, 0x06, 0x0e, 0x01, 0x06, 0x4c, 0x54, 0x09,
    0x03, 0x08, 0x01, 0x06, 0x51, 0x0f, 0x06, 0x10, 0x55, 0x02, 0x4e, 0x02, 0x02, 0x03, 0x01, 0x19, 0x02, 0x12, 0x07, 0x01, 0x06, 0xf8, 0x00, 0x06,
    0xfe, 0xa2, 0x02, 0x19, 0x02, 0x12, 0x07, 0x01, 0x06, 0xf8, 0x08, 0x08, 0x07, 0x06, 0xfe, 0x37, 0x0b, 0x08, 0x06, 0xfe, 0x38, 0x0b, 0x09, 0x03,
    0x01, 0x0a, 0x06, 0x20, 0x0b, 0x00, 0x0c, 0x01, 0x06, 0x09, 0x01, 0x07, 0x00, 0x06, 0x5b, 0x05, 0x06, 0x10, 0x2a, 0x06, 0x10, 0x0f, 0x06, 0x15,
    0x02, 0x03, 0x01, 0x19, 0x02, 0x01, 0x06, 0x14, 0x0d, 0x09, 0x04, 0x06, 0x00, 0x06, 0xfe, 0xa3, 0x02, 0x01, 0x06, 0x53, 0x58, 0x09, 0x04, 0x05,
    0x00, 0x06, 0x8e, 0x05, 0x06, 0x2c, 0x02, 0x03, 0x05, 0x04, 0x06, 0x0e, 0x01, 0x06, 0x4c, 0x54, 0x09, 0x03, 0x08, 0x01, 0x06, 0x51, 0x0f, 0x06,
    0x10, 0x55, 0x02, 0x4e, 0x02, 0x02, 0x03, 0x01, 0x19, 0x02, 0x12, 0x07, 0x01, 0x06, 0xda, 0x00, 0x06, 0xfe, 0xa3, 0x02, 0x19, 0x02, 0x12, 0x07,
    0x01, 0x06, 0xda, 0x08, 0x08, 0x07, 0x06, 0xfe, 0x39, 0x0b, 0x08, 0x06, 0xfe, 0x3a, 0x0b, 0x09, 0x03, 0x01, 0x0a, 0x06, 0x57, 0x0b, 0x00, 0x0c,
    0x01, 0x06, 0x00, 0x0d, 0x09, 0x02, 0x08, 0x00, 0x06, 0xfe, 0x3b, 0x0b, 0x01, 0x06, 0x32, 0x02, 0x03, 0x01, 0x05, 0x06, 0x2f, 0x0f, 0x06, 0x10,
    0xde, 0x06, 0xdf, 0x16, 0x09, 0x03, 0x05, 0x00, 0x06, 0xfe, 0x3c, 0x0b, 0x39, 0x09, 0x03, 0x02, 0x26, 0x06, 0x9f, 0x72, 0x06, 0xfe, 0x5b, 0x01,
    0x74, 0x06, 0xfe, 0x51, 0x01, 0x03, 0x06, 0x11, 0x25, 0x02, 0x5f, 0x07, 0x01, 0x06, 0xfe, 0x1d, 0x01, 0x08, 0x08, 0x07, 0x06, 0xfe, 0x3d, 0x0b,
    0x08, 0x06, 0xfe, 0x3e, 0x0b, 0x09, 0x03, 0x01, 0x0a, 0x06, 0x37, 0x0b, 0x00, 0x0c, 0x01, 0x06, 0x00, 0x0d, 0x09, 0x01, 0x09, 0x00, 0x06, 0xfe,
    0x3f, 0x0b, 0x05, 0x06, 0x3a, 0x65, 0x09, 0x03, 0x02, 0x26, 0x06, 0x3a, 0x6d, 0x06, 0x89, 0x0f, 0x06, 0x9d, 0x02, 0x03, 0x01, 0x03, 0x06, 0x24,
    0x04, 0x06, 0x0e, 0x6b, 0x02, 0x01, 0x06, 0x14, 0x08, 0x08, 0x07, 0x06, 0xfe, 0x40, 0x0b, 0x08, 0x06, 0xfe, 0x41, 0x0b, 0x09, 0x03, 0x01, 0x0a,
    0x06, 0x37, 0x0b, 0x00, 0x0c, 0x01, 0x06, 0x00, 0x0d, 0x09, 0x05, 0x06, 0x00, 0x06, 0xfe, 0x42, 0x0b, 0x16, 0x09, 0x01, 0x05, 0x00, 0x06, 0xfe,
    0x43, 0x0b, 0x04, 0x06, 0x0e, 0x13, 0x06, 0x2f, 0x6f, 0x06, 0x8f, 0xf7, 0x06, 0x8f, 0x01, 0x06, 0x38, 0x29, 0x03, 0x02, 0x28, 0x06, 0x34, 0x25,
    0x02, 0x08, 0x08, 0x07, 0x06, 0xfe, 0x44, 0x0b, 0x08, 0x06, 0xfe, 0x45, 0x0b, 0x09, 0x03, 0x01, 0x0a, 0x06, 0x21, 0x0b, 0x00, 0x0c, 0x01, 0x06,
    0x00, 0x0d, 0x09, 0x07, 0x09, 0x00, 0x06, 0xfe, 0x46, 0x0b, 0x16, 0x09, 0x01, 0x05, 0x02, 0x03, 0x02, 0x18, 0x06, 0x1f, 0x00, 0x06, 0xfe, 0x3e,
    0x01, 0x13, 0x06, 0x5e, 0x04, 0x06, 0x0e, 0x02, 0x03, 0x02, 0x03, 0x06, 0x11, 0x04, 0x06, 0x0e, 0x73, 0x03, 0x01, 0x01, 0x06, 0x1c, 0x1d, 0x06,
    0x2e, 0x1a, 0x06, 0x22, 0x08, 0x08, 0x07, 0x06, 0xfe, 0x47, 0x0b, 0x08, 0x06, 0xfe, 0x48, 0x0b, 0x09, 0x03, 0x01, 0x0a, 0x06, 0x57, 0x0b, 0x03,
    0x01, 0x0c, 0x01, 0x06, 0x00, 0x0d, 0x09, 0x07, 0x08, 0x00, 0x06, 0xfe, 0x49, 0x0b, 0x16, 0x09, 0x01, 0x07, 0x13, 0x06, 0x3a, 0x04, 0x06, 0x0e,
    0x00, 0x06, 0xfe, 0xbe, 0x01, 0x82, 0x02, 0x83, 0x06, 0x90, 0x1b, 0x07, 0x01, 0x06, 0x56, 0xcb, 0x02, 0x01, 0x06, 0x1c, 0x1d, 0x06, 0x35, 0x02,
    0x03, 0x01, 0x1b, 0x07, 0x01, 0x06, 0x56, 0x1a, 0x06, 0x22, 0x04, 0x06, 0x0e, 0x08, 0x08, 0x07, 0x06, 0xfe, 0x4a, 0x0b, 0x08, 0x06, 0xfe, 0x4b,
    0x0b, 0x09, 0x03, 0x01, 0x0a, 0x06, 0x57, 0x0b, 0x03, 0x01, 0x0c, 0x01, 0x06, 0x00, 0x0d, 0x09, 0x07, 0x08, 0x00, 0x06, 0xfe, 0x4c, 0x0b, 0x16,
    0x09, 0x01, 0x07, 0x13, 0x06, 0x3a, 0x04, 0x06, 0x0e, 0x00, 0x06, 0xfe, 0xbe, 0x01, 0x82, 0x02, 0x83, 0x06, 0x90, 0x1b, 0x07, 0x01, 0x06, 0x45,
    0xcb, 0x02, 0x01, 0x06, 0x1c, 0x1d, 0x06, 0x35, 0x02, 0x03, 0x01, 0x1b, 0x07, 0x01, 0x06, 0x45, 0x1a, 0x06, 0x22, 0x04, 0x06, 0x0e, 0x08, 0x08,
    0x07, 0x06, 0xfe, 0x4d, 0x0b, 0x08, 0x06, 0xfe, 0x4e, 0x0b, 0x09, 0x03, 0x01, 0x0a, 0x06, 0x57, 0x0b, 0x03, 0x01, 0x0c, 0x01, 0x06, 0x00, 0x0d,
    0x09, 0x07, 0x08, 0x00, 0x06, 0xfe, 0x4f, 0x0b, 0x16, 0x09, 0x01, 0x07, 0x13, 0x06, 0x3a, 0x04, 0x06, 0x0e, 0x00, 0x06, 0xfe, 0xbe, 0x01, 0x82,
    0x02, 0x83, 0x06, 0x90, 0x1b, 0x07, 0x01, 0x06, 0x62, 0xcb, 0x02, 0x01, 0x06, 0x1c, 0x1d, 0x06, 0x35, 0x02, 0x03, 0x01, 0x1b, 0x07, 0x01, 0x06,
    0x62, 0x1a, 0x06, 0x22, 0x04, 0x06, 0x0e, 0x08, 0x08, 0x07, 0x06, 0xfe, 0x50, 0x0b, 0x08, 0x06, 0xfe, 0x51, 0x0b, 0x09, 0x03, 0x01, 0x0a, 0x06,
    0x57, 0x0b, 0x00, 0x0c, 0x01, 0x06, 0x00, 0x0d, 0x09, 0x04, 0x05, 0x00, 0x06, 0xfe, 0xa4, 0x02, 0x01, 0x06, 0x53, 0x16, 0x09, 0x01, 0x08, 0x02,
    0x03, 0x01, 0x18, 0x06, 0x1f, 0x00, 0x06, 0xd5, 0x39, 0x09, 0x03, 0x03, 0x26, 0x06, 0xad, 0x05, 0x06, 0x17, 0x0f, 0x06, 0x15, 0x03, 0x06, 0x11,
    0x25, 0x02, 0x05, 0x06, 0x17, 0x0f, 0x06, 0x15, 0x58, 0x09, 0x04, 0x05, 0x00, 0x06, 0x8e, 0x05, 0x06, 0x2c, 0x02, 0x03, 0x05, 0x04, 0x06, 0x0e,
    0x01, 0x06, 0x4c, 0x54, 0x09, 0x03, 0x08, 0x01, 0x06, 0x51, 0x0f, 0x06, 0x10, 0x55, 0x02, 0x4e, 0x02, 0x02, 0x03, 0x01, 0x03, 0x06, 0x11, 0x19,
    0x02, 0x00, 0x06, 0xfe, 0xa4, 0x02, 0x08, 0x08, 0x07, 0x06, 0xfe, 0x52, 0x0b, 0x08, 0x06, 0xfe, 0x53, 0x0b, 0x09, 0x03, 0x01, 0x0a, 0x06, 0x57,
    0x0b, 0x00, 0x0c, 0x01, 0x06, 0x00, 0x0d, 0x09, 0x04, 0x05, 0x00, 0x06, 0xfe, 0xa5, 0x02, 0x01, 0x06, 0x53, 0x16, 0x09, 0x01, 0x08, 0x02, 0x03,
    0x01, 0x18, 0x06, 0x1f, 0x00, 0x06, 0xd5, 0x39, 0x09, 0x03, 0x03, 0x26, 0x06, 0xad, 0x05, 0x06, 0x17, 0x0f, 0x06, 0x15, 0x03, 0x06, 0x11, 0x25,
    0x02, 0x05, 0x06, 0x17, 0x0f, 0x06, 0x15, 0x58, 0x09, 0x04, 0x05, 0x00, 0x06, 0x8e, 0x05, 0x06, 0x2c, 0x02, 0x03, 0x05, 0x04, 0x06, 0x0e, 0x01,
    0x06, 0x4c, 0x54, 0x09, 0x03, 0x08, 0x01, 0x06, 0x51, 0x0f, 0x06, 0x10, 0x55, 0x02, 0x4e, 0x02, 0x02, 0x03, 0x01, 0x03, 0x06, 0x24, 0x19, 0x02,
    0x00, 0x06, 0xfe, 0xa5, 0x02, 0x08, 0x08, 0x07, 0x06, 0xfe, 0x54, 0x0b, 0x08, 0x06, 0xfe, 0x55, 0x0b, 0x09, 0x03, 0x01, 0x0a, 0x06, 0x20, 0x0b,
    0x00, 0x0c, 0x01, 0x06, 0x00, 0x0d, 0x09, 0x0a, 0x03, 0x00, 0x06, 0xfe, 0x56, 0x0b, 0x01, 0x06, 0x23, 0x1e, 0x07, 0x02, 0x09, 0x02, 0x05, 0x00,
    0x06, 0x9c, 0x01, 0x06, 0x32, 0x02, 0x03, 0x01, 0x05, 0x06, 0x2f, 0x0f, 0x06, 0x10, 0x09, 0x0b, 0x06, 0x00, 0x06, 0xfe, 0x57, 0x0b, 0x1a, 0x06,
    0x22, 0x01, 0x06, 0xba, 0xbb, 0x06, 0xfe, 0x29, 0x02, 0x04, 0x06, 0x0e, 0x02, 0x03, 0x01, 0x08, 0x08, 0x07, 0x06, 0xfe, 0x58, 0x0b, 0x08, 0x06,
    0xfe, 0x59, 0x0b, 0x09, 0x03, 0x01, 0x0a, 0x06, 0x57, 0x0b, 0x00, 0x0c, 0x01, 0x06, 0x00, 0x0d, 0x09, 0x0a, 0x04, 0x00, 0x06, 0xfe, 0x5a, 0x0b,
    0x16, 0x09, 0x01, 0x08, 0x02, 0x03, 0x01, 0x18, 0x06, 0x1f, 0x00, 0x06, 0xd5, 0x39, 0x09, 0x03, 0x03, 0x26, 0x06, 0xad, 0x05, 0x06, 0x17, 0x0f,
    0x06, 0x15, 0x03, 0x06, 0x11, 0x25, 0x02, 0x05, 0x06, 0x17, 0x0f, 0x06, 0x15, 0x01, 0x06, 0x23, 0x1e, 0x07, 0x02, 0x09, 0x02, 0x05, 0x00, 0x06,
    0x9a, 0x02, 0x03, 0x02, 0x01, 0x06, 0x32, 0x05, 0x06, 0x2f, 0x0f, 0x06, 0x10, 0x09, 0x01, 0x06, 0x00, 0x06, 0x77, 0x05, 0x06, 0x10, 0x0f, 0x06,
    0x15, 0x02, 0x03, 0x01, 0x01, 0x06, 0x14, 0x03, 0x06, 0x2d, 0x08, 0x08, 0x07, 0x06, 0xfe, 0x5b, 0x0b, 0x08, 0x06, 0xfe, 0x5c, 0x0b, 0x09, 0x03,
    0x01, 0x0a, 0x06, 0x20, 0x0b, 0x00, 0x0c, 0x01, 0x06, 0x00, 0x0d, 0x09, 0x02, 0x06, 0x00, 0x06, 0xfe, 0x5d, 0x0b, 0x16, 0x09, 0x01, 0x05, 0x02,
    0x03, 0x0a, 0x18, 0x06, 0x1f, 0x00, 0x06, 0xfe, 0x5e, 0x0b, 0x13, 0x06, 0x15, 0x04, 0x06, 0x0e, 0x01, 0x06, 0x32, 0x02, 0x03, 0x01, 0x05, 0x06,
    0x2f, 0x0f, 0x06, 0x10, 0x08, 0x08, 0x07, 0x06, 0xfe, 0x5f, 0x0b, 0x08, 0x06, 0xfe, 0x60, 0x0b, 0x09, 0x03, 0x01, 0x0a, 0x06, 0x20, 0x0b, 0x00,
    0x0c, 0x01, 0x06, 0x09, 0x07, 0x06, 0x00, 0x06, 0xb1, 0x19, 0x02, 0x3e, 0x03, 0x02, 0x02, 0x03, 0x02, 0x01, 0x06, 0x48, 0x05, 0x06, 0x2b, 0x0d,
    0x09, 0x0a, 0x04, 0x00, 0x06, 0xfe, 0x61, 0x0b, 0x01, 0x06, 0x23, 0x1e, 0x07, 0x02, 0x09, 0x01, 0x07, 0x00, 0x06, 0xfe, 0x62, 0x0b, 0x05, 0x06,
    0x15, 0x0f, 0x06, 0x84, 0x02, 0x03, 0x01, 0x03, 0x06, 0x24, 0x04, 0x06, 0x0e, 0x01, 0x06, 0x14, 0x09, 0x0b, 0x04, 0x00, 0x06, 0xfe, 0xa6, 0x02,
    0x02, 0x03, 0x01, 0x03, 0x06, 0x24, 0x01, 0x06, 0xfe, 0xa7, 0x02, 0x16, 0x09, 0x06, 0x04, 0xaf, 0x06, 0xe0, 0x00, 0x06, 0xfe, 0x63, 0x0b, 0x39,
    0x09, 0x03, 0x03, 0x26, 0x06, 0x6f, 0xaf, 0x06, 0xe0, 0xd0, 0x06, 0x0e, 0xd0, 0x06, 0x0e, 0x08, 0x08, 0x07, 0x06, 0xfe, 0x64, 0x0b, 0x08, 0x06,
    0xfe, 0x65, 0x0b, 0x09, 0x03, 0x01, 0x0a, 0x06, 0x21, 0x0b, 0x00, 0x0c, 0x01, 0x06, 0x00, 0x0d, 0x09, 0x0a, 0x07, 0x00, 0x06, 0xfe, 0x66, 0x0b,
    0x16, 0x09, 0x04, 0x05, 0x00, 0x06, 0xfe, 0xbc, 0x01, 0x12, 0x07, 0x01, 0x06, 0x5c, 0x04, 0x06, 0x0e, 0x13, 0x06, 0x17, 0x03, 0x06, 0x11, 0x01,
    0x06, 0x8d, 0x9b, 0x07, 0x03, 0x09, 0x0a, 0x03, 0x00, 0x06, 0xfe, 0x67, 0x0b, 0x01, 0x06, 0x23, 0x1e, 0x07, 0x02, 0x09, 0x06, 0x07, 0x00, 0x06,
    0xfe, 0x68, 0x0b, 0x01, 0x06, 0x8a, 0x1b, 0x07, 0x01, 0x06, 0x4f, 0x28, 0x06, 0xd9, 0x25, 0x02, 0x02, 0x03, 0x02, 0x29, 0x03, 0x02, 0x09, 0x06,
    0x07, 0x00, 0x06, 0xfe, 0xbf, 0x01, 0x01, 0x06, 0x8a, 0x1b, 0x07, 0x01, 0x06, 0x87, 0x28, 0x06, 0xd9, 0x25, 0x02, 0x02, 0x03, 0x01, 0x29, 0x03,
    0x01, 0x09, 0x0a, 0x03, 0x00, 0x06, 0xfe, 0x69, 0x0b, 0x01, 0x06, 0x23, 0x1e, 0x07, 0x02, 0x09, 0x06, 0x07, 0x00, 0x06, 0xfe, 0x6a, 0x0b, 0x01,
    0x06, 0x8a, 0x1b, 0x07, 0x01, 0x06, 0x4a, 0x28, 0x06, 0xd9, 0x25, 0x02, 0x02, 0x03, 0x02, 0x29, 0x03, 0x02, 0x09, 0x06, 0x07, 0x00, 0x06, 0xfe,
    0xbf, 0x01, 0x01, 0x06, 0x8a, 0x1b, 0x07, 0x01, 0x06, 0x87, 0x28, 0x06, 0xd9, 0x25, 0x02, 0x02, 0x03, 0x01, 0x29, 0x03, 0x01, 0x09, 0x0a, 0x03,
    0x00, 0x06, 0xfe, 0x6b, 0x0b, 0x01, 0x06, 0x23, 0x1e, 0x07, 0x02, 0x09, 0x06, 0x07, 0x00, 0x06, 0xfe, 0x6c, 0x0b, 0x01, 0x06, 0x8a, 0x1b, 0x07,
    0x01, 0x06, 0x4d, 0x28, 0x06, 0xd9, 0x25, 0x02, 0x02, 0x03, 0x02, 0x29, 0x03, 0x02, 0x09, 0x06, 0x07, 0x00, 0x06, 0xfe, 0xbf, 0x01, 0x01, 0x06,
    0x8a, 0x1b, 0x07, 0x01, 0x06, 0x87, 0x28, 0x06, 0xd9, 0x25, 0x02, 0x02, 0x03, 0x01, 0x29, 0x03, 0x01, 0x02, 0x03, 0x01, 0x19, 0x02, 0x1b, 0x07,
    0x04, 0x06, 0x4f, 0x06, 0x87, 0x06, 0x4a, 0x06, 0x4d, 0x08, 0x08, 0x07, 0x06, 0xfe, 0x6d, 0x0b, 0x08, 0x06, 0xfe, 0x6e, 0x0b, 0x09, 0x03, 0x01,
    0x0a, 0x06, 0x21, 0x0b, 0x00, 0x0c, 0x01, 0x06, 0x00, 0x0d, 0x09, 0x05, 0x0c, 0x00, 0x06, 0xfe, 0x6f, 0x0b, 0x01, 0x06, 0x38, 0x29, 0x03, 0x02,
    0x28, 0x06, 0x34, 0x25, 0x02, 0x59, 0x02, 0x5d, 0x03, 0x01, 0x63, 0x06, 0x66, 0x12, 0x07, 0x01, 0x06, 0x5c, 0x71, 0x06, 0x7e, 0x13, 0x06, 0x17,
    0x04, 0x06, 0x0e, 0x08, 0x08, 0x07, 0x06, 0xfe, 0x70, 0x0b, 0x08, 0x06, 0xfe, 0x71, 0x0b, 0x09, 0x03, 0x01, 0x0a, 0x06, 0x21, 0x0b, 0x00, 0x0c,
    0x01, 0x06, 0x00, 0x0d, 0x09, 0x06, 0x09, 0x00, 0x06, 0xfe, 0x72, 0x0b, 0x16, 0x09, 0x01, 0x0a, 0x02, 0x03, 0x02, 0x18, 0x06, 0x1f, 0x00, 0x06,
    0xfe, 0xc0, 0x01, 0x7c, 0x06, 0x66, 0x03, 0x06, 0x11, 0x13, 0x06, 0x17, 0x04, 0x06, 0x0e, 0x12, 0x07, 0x01, 0x06, 0x5c, 0x79, 0x02, 0xfe, 0x4f,
    0x01, 0x03, 0x02, 0x01, 0x06, 0x8a, 0x1b, 0x07, 0x01, 0x06, 0x4a, 0x28, 0x06, 0xa3, 0x25, 0x02, 0x02, 0x03, 0x01, 0x29, 0x03, 0x01, 0x79, 0x02,
    0x08, 0x08, 0x07, 0x06, 0xfe, 0x73, 0x0b, 0x08, 0x06, 0xfe, 0x74, 0x0b, 0x09, 0x03, 0x01, 0x0a, 0x06, 0x21, 0x0b, 0x00, 0x0c, 0x01, 0x06, 0x00,
    0x0d, 0x09, 0x06, 0x09, 0x00, 0x06, 0xfe, 0x75, 0x0b, 0x16, 0x09, 0x01, 0x0a, 0x02, 0x03, 0x02, 0x18, 0x06, 0x1f, 0x00, 0x06, 0xfe, 0xc0, 0x01,
    0x7c, 0x06, 0x66, 0x03, 0x06, 0x11, 0x13, 0x06, 0x17, 0x04, 0x06, 0x0e, 0x12, 0x07, 0x01, 0x06, 0x5c, 0x79, 0x02, 0xfe, 0x4f, 0x01, 0x03, 0x02,
    0x01, 0x06, 0x8a, 0x1b, 0x07, 0x01, 0x06, 0x4d, 0x28, 0x06, 0xa3, 0x25, 0x02, 0x02, 0x03, 0x01, 0x29, 0x03, 0x01, 0x79, 0x02, 0x08, 0x08, 0x07,
    0x06, 0xfe, 0x76, 0x0b, 0x08, 0x06, 0xfe, 0x77, 0x0b, 0x09, 0x03, 0x01, 0x0a, 0x06, 0x21, 0x0b, 0x00, 0x0c, 0x01, 0x06, 0x00, 0x0d, 0x09, 0x06,
    0x09, 0x00, 0x06, 0xfe, 0x78, 0x0b, 0x16, 0x09, 0x01, 0x0a, 0x02, 0x03, 0x02, 0x18, 0x06, 0x1f, 0x00, 0x06, 0xfe, 0xc0, 0x01, 0x7c, 0x06, 0x66,
    0x03, 0x06, 0x11, 0x13, 0x06, 0x17, 0x04, 0x06, 0x0e, 0x12, 0x07, 0x01, 0x06, 0x5c, 0x79, 0x02, 0xfe, 0x4f, 0x01, 0x03, 0x02, 0x01, 0x06, 0x8a,
    0x1b, 0x07, 0x01, 0x06, 0x4f, 0x28, 0x06, 0xa3, 0x25, 0x02, 0x02, 0x03, 0x01, 0x29, 0x03, 0x01, 0x79, 0x02, 0x08, 0x08, 0x07, 0x06, 0xfe, 0x79,
    0x0b, 0x08, 0x06, 0xfe, 0x7a, 0x0b, 0x09, 0x03, 0x01, 0x0a, 0x06, 0x33, 0x0b, 0x00, 0x0c, 0x01, 0x06, 0x00, 0x0d, 0x09, 0x0d, 0x0a, 0x01, 0x06,
    0xa2, 0x28, 0x06, 0xc3, 0x00, 0x06, 0xfe, 0x7b, 0x0b, 0x29, 0x03, 0x01, 0x13, 0x06, 0x10, 0x16, 0x09, 0x01, 0x04, 0x13, 0x06, 0x10, 0x03, 0x06,
    0x11, 0x04, 0x06, 0x0e, 0x00, 0x06, 0xfe, 0x01, 0x02, 0x42, 0x02, 0x59, 0x02, 0x5d, 0x03, 0x01, 0x63, 0x06, 0x91, 0x08, 0x08, 0x07, 0x06, 0xfe,
    0x7c, 0x0b, 0x08, 0x06, 0xfe, 0x7d, 0x0b, 0x09, 0x03, 0x01, 0x0a, 0x06, 0x33, 0x0b, 0x00, 0x0c, 0x01, 0x06, 0x00, 0x0d, 0x09, 0x0b, 0x05, 0x00,
    0x06, 0xfe, 0x7e, 0x0b, 0x03, 0x06, 0x11, 0x01, 0x06, 0xba, 0xbb, 0x06, 0xfe, 0x02, 0x02, 0x02, 0x03, 0x01, 0x08, 0x08, 0x07, 0x06, 0xfe, 0x7f,
    0x0b, 0x08, 0x06, 0xfe, 0x80, 0x0b, 0x09, 0x03, 0x01, 0x0a, 0x06, 0x21, 0x0b, 0x00, 0x0c, 0x01, 0x06, 0x09, 0x01, 0x08, 0x00, 0x06, 0xfe, 0x81,
    0x0b, 0x05, 0x06, 0x10, 0x2a, 0x06, 0x10, 0x0f, 0x06, 0x15, 0x19, 0x02, 0x69, 0x07, 0x03, 0x06, 0xfe, 0x85, 0x02, 0x06, 0xfe, 0x82, 0x0b, 0x06,
    0xfe, 0x1f, 0x01, 0x99, 0x02, 0x01, 0x06, 0x14, 0x0d, 0x09, 0x07, 0x09, 0x00, 0x06, 0xfe, 0x83, 0x0b, 0x01, 0x06, 0x1c, 0x1d, 0x06, 0x2e, 0x02,
    0x03, 0x01, 0x59, 0x02, 0x5d, 0x03, 0x01, 0x63, 0x06, 0x15, 0x5f, 0x07, 0x01, 0x06, 0xfe, 0x96, 0x02, 0x1a, 0x06, 0x22, 0x08, 0x08, 0x07, 0x06,
    0xfe, 0x84, 0x0b, 0x08, 0x06, 0xfe, 0x85, 0x0b, 0x09, 0x03, 0x01, 0x0a, 0x06, 0x20, 0x0b, 0x00, 0x0c, 0x01, 0x06, 0x09, 0x01, 0x07, 0x00, 0x06,
    0x5b, 0x05, 0x06, 0x10, 0x2a, 0x06, 0x10, 0x0f, 0x06, 0x15, 0x02, 0x03, 0x01, 0x19, 0x02, 0x01, 0x06, 0x14, 0x0d, 0x09, 0x04, 0x06, 0x00, 0x06,
    0xfe, 0x86, 0x0b, 0x01, 0x06, 0x53, 0x58, 0x09, 0x04, 0x05, 0x00, 0x06, 0xdd, 0x05, 0x06, 0x2c, 0x02, 0x03, 0x04, 0x04, 0x06, 0x0e, 0x01, 0x06,
    0x4c, 0x54, 0x09, 0x03, 0x0a, 0x01, 0x06, 0x51, 0x55, 0x02, 0x00, 0x06, 0xfe, 0x87, 0x0b, 0x0f, 0x06, 0x10, 0x02, 0x03, 0x01, 0x1b, 0x07, 0x01,
    0x06, 0x4a, 0xfe, 0xc1, 0x01, 0x03, 0x02, 0xfe, 0x38, 0x01, 0x07, 0x02, 0x06, 0x24, 0x06, 0x11, 0x19, 0x02, 0x3f, 0x06, 0x1f, 0x19, 0x02, 0x1b,
    0x07, 0x01, 0x06, 0x4a, 0x08, 0x08, 0x07, 0x06, 0xfe, 0x88, 0x0b, 0x08, 0x06, 0xfe, 0x89, 0x0b, 0x09, 0x03, 0x01, 0x0a, 0x06, 0x20, 0x0b, 0x00,
    0x0c, 0x01, 0x06, 0x09, 0x01, 0x07, 0x00, 0x06, 0x5b, 0x05, 0x06, 0x10, 0x2a, 0x06, 0x10, 0x0f, 0x06, 0x15, 0x02, 0x03, 0x01, 0x19, 0x02, 0x01,
    0x06, 0x14, 0x0d, 0x09, 0x04, 0x06, 0x00, 0x06, 0xfe, 0x8a, 0x0b, 0x01, 0x06, 0x53, 0x58, 0x09, 0x04, 0x05, 0x00, 0x06, 0xdd, 0x05, 0x06, 0x2c,
    0x02, 0x03, 0x04, 0x04, 0x06, 0x0e, 0x01, 0x06, 0x4c, 0x54, 0x09, 0x03, 0x0a, 0x01, 0x06, 0x51, 0x55, 0x02, 0x00, 0x06, 0xfe, 0x8b, 0x0b, 0x0f,
    0x06, 0x10, 0x02, 0x03, 0x01, 0x1b, 0x07, 0x01, 0x06, 0x45, 0xfe, 0xc1, 0x01, 0x03, 0x02, 0xfe, 0x38, 0x01, 0x07, 0x02, 0x06, 0x24, 0x06, 0x11,
    0x19, 0x02, 0x3f, 0x06, 0x1f, 0x19, 0x02, 0x1b, 0x07, 0x01, 0x06, 0x45, 0x08, 0x08, 0x07, 0x06, 0xfe, 0x8c, 0x0b, 0x08, 0x06, 0xfe, 0x8d, 0x0b,
    0x09, 0x03, 0x01, 0x0a, 0x06, 0x20, 0x0b, 0x00, 0x0c, 0x01, 0x06, 0x09, 0x01, 0x07, 0x00, 0x06, 0x5b, 0x05, 0x06, 0x10, 0x2a, 0x06, 0x10, 0x0f,
    0x06, 0x15, 0x02, 0x03, 0x01, 0x19, 0x02, 0x01, 0x06, 0x14, 0x0d, 0x09, 0x04, 0x06, 0x00, 0x06, 0xfe, 0x8e, 0x0b, 0x01, 0x06, 0x53, 0x58, 0x09,
    0x04, 0x05, 0x00, 0x06, 0xdd, 0x05, 0x06, 0x2c, 0x02, 0x03, 0x04, 0x04, 0x06, 0x0e, 0x01, 0x06, 0x4c, 0x54, 0x09, 0x03, 0x0a, 0x01, 0x06, 0x51,
    0x55, 0x02, 0x00, 0x06, 0xfe, 0x8f, 0x0b, 0x0f, 0x06, 0x10, 0x02, 0x03, 0x01, 0x1b, 0x07, 0x01, 0x06, 0x4d, 0xfe, 0xc1, 0x01, 0x03, 0x02, 0xfe,
    0x38, 0x01, 0x07, 0x02, 0x06, 0x24, 0x06, 0x11, 0x19, 0x02, 0x3f, 0x06, 0x1f, 0x19, 0x02, 0x1b, 0x07, 0x01, 0x06, 0x4d, 0x08, 0x08, 0x07, 0x06,
    0xfe, 0x90, 0x0b, 0x08, 0x06, 0xfe, 0x91, 0x0b, 0x09, 0x03, 0x01, 0x0a, 0x06, 0x21, 0x0b, 0x00, 0x0c, 0x01, 0x06, 0x00, 0x0d, 0x09, 0x09, 0x05,
    0x00, 0x06, 0xfe, 0x92, 0x0b, 0x16, 0x09, 0x04, 0x09, 0x00, 0x06, 0xfe, 0x93, 0x0b, 0x12, 0x07, 0x01, 0x06, 0x46, 0x04, 0x06, 0x0e, 0x13, 0x06,
    0x17, 0x1b, 0x07, 0x01, 0x06, 0x45, 0x03, 0x06, 0x11, 0x02, 0x03, 0x06, 0x18, 0x06, 0x1f, 0x60, 0x06, 0x61, 0x01, 0x06, 0xfe, 0x80, 0x01, 0x25,
    0x02, 0x1b, 0x07, 0x01, 0x06, 0x45, 0x08, 0x08, 0x07, 0x06, 0xfe, 0x94, 0x0b, 0x08, 0x06, 0xfe, 0x95, 0x0b, 0x09, 0x03, 0x01, 0x0a, 0x06, 0x37,
    0x0b, 0x00, 0x0c, 0x01, 0x06, 0x00, 0x0d, 0x09, 0x01, 0x09, 0x00, 0x06, 0xfe, 0x96, 0x0b, 0x05, 0x06, 0x6c, 0x0f, 0x06, 0x2b, 0x27, 0x06, 0x31,
    0x02, 0x03, 0x01, 0x03, 0x06, 0x49, 0x01, 0x06, 0x14, 0x04, 0x06, 0x3c, 0xe9, 0x06, 0x3c, 0x08, 0x08, 0x07, 0x06, 0xfe, 0x97, 0x0b, 0x08, 0x06,
    0xfe, 0x98, 0x0b, 0x09, 0x03, 0x01, 0x0a, 0x06, 0x21, 0x0b, 0x00, 0x0c, 0x01, 0x06, 0x00, 0x0d, 0x09, 0x05, 0x07, 0x00, 0x06, 0xfe, 0x99, 0x0b,
    0x16, 0x09, 0x04, 0x09, 0x00, 0x06, 0xfe, 0x9a, 0x0b, 0x12, 0x07, 0x01, 0x06, 0x46, 0x04, 0x06, 0x0e, 0x13, 0x06, 0x17, 0x1b, 0x07, 0x01, 0x06,
    0x4a, 0x03, 0x06, 0x11, 0x02, 0x03, 0x0a, 0x18, 0x06, 0x1f, 0x60, 0x06, 0x61, 0x01, 0x06, 0x38, 0x29, 0x03, 0x02, 0x28, 0x06, 0x34, 0x25, 0x02,
    0x1b, 0x07, 0x01, 0x06, 0x4a, 0x08, 0x08, 0x07, 0x06, 0xfe, 0x9b, 0x0b, 0x08, 0x06, 0xfe, 0x9c, 0x0b, 0x09, 0x03, 0x01, 0x0a, 0x06, 0x37, 0x0b,
    0x00, 0x0c, 0x01, 0x06, 0x00, 0x0d, 0x09, 0x05, 0x07, 0x00, 0x06, 0xfe, 0x9d, 0x0b, 0x16, 0x09, 0x00, 0x08, 0x18, 0x06, 0x81, 0x70, 0x07, 0x02,
    0x09, 0x04, 0x09, 0x00, 0x06, 0xfe, 0x9e, 0x0b, 0x12, 0x07, 0x01, 0x06, 0x46, 0x04, 0x06, 0x0e, 0x13, 0x06, 0x17, 0x1b, 0x07, 0x01, 0x06, 0x4d,
    0x03, 0x06, 0x11, 0x02, 0x03, 0x04, 0x18, 0x06, 0x1f, 0x60, 0x06, 0x61, 0x09, 0x06, 0x04, 0x6f, 0x06, 0x8f, 0x16, 0x09, 0x0f, 0x03, 0xfe, 0xc2,
    0x01, 0x02, 0x00, 0x06, 0xfe, 0xa8, 0x02, 0x13, 0x06, 0x17, 0x00, 0x06, 0xfe, 0xa8, 0x02, 0x39, 0x09, 0x03, 0x02, 0x26, 0x06, 0x6f, 0xd2, 0x06,
    0xfe, 0x9f, 0x0b, 0x00, 0x06, 0xfe, 0xa0, 0x0b, 0x04, 0x06, 0x0e, 0x13, 0x06, 0x17, 0x03, 0x06, 0x11, 0x60, 0x06, 0x61, 0x12, 0x07, 0x01, 0x06,
    0x46, 0x01, 0x06, 0x38, 0x29, 0x03, 0x02, 0x28, 0x06, 0x34, 0x25, 0x02, 0x1b, 0x07, 0x01, 0x06, 0x4d, 0x08, 0x08, 0x07, 0x06, 0xfe, 0xa1, 0x0b,
    0x08, 0x06, 0xfe, 0xa2, 0x0b, 0x09, 0x03, 0x01, 0x0a, 0x06, 0x21, 0x0b, 0x00, 0x0c, 0x01, 0x06, 0x00, 0x0d, 0x09, 0x05, 0x06, 0x00, 0x06, 0xfe,
    0xa3, 0x0b, 0x16, 0x09, 0x01, 0x06, 0x02, 0x03, 0x02, 0x18, 0x06, 0x1f, 0x00, 0x06, 0xfe, 0xa4, 0x0b, 0x04, 0x06, 0x0e, 0x13, 0x06, 0x84, 0x12,
    0x07, 0x01, 0x06, 0x50, 0x01, 0x06, 0x38, 0x29, 0x03, 0x01, 0x28, 0x06, 0x34, 0x25, 0x02, 0x08, 0x08, 0x07, 0x06, 0xfe, 0xa5, 0x0b, 0x08, 0x06,
    0xfe, 0xa6, 0x0b, 0x09, 0x03, 0x01, 0x0a, 0x06, 0x21, 0x0b, 0x00, 0x0c, 0x01, 0x06, 0x00, 0x0d, 0x09, 0x0a, 0x03, 0x00, 0x06, 0xfe, 0xa9, 0x02,
    0x01, 0x06, 0x23, 0x1e, 0x07, 0x02, 0x09, 0x0a, 0x08, 0x01, 0x06, 0x23, 0x1e, 0x07, 0x02, 0x09, 0x04, 0x09, 0x00, 0x06, 0xfe, 0xa7, 0x0b, 0x02,
    0x03, 0x01, 0x01, 0x06, 0x4e, 0x05, 0x06, 0x10, 0x59, 0x02, 0x5d, 0x03, 0x01, 0x63, 0x06, 0x66, 0x13, 0x06, 0x17, 0x04, 0x06, 0x76, 0x09, 0x05,
    0x0a, 0x00, 0x06, 0xfe, 0xa8, 0x0b, 0x01, 0x06, 0x38, 0x29, 0x03, 0x01, 0x28, 0x06, 0x34, 0x25, 0x02, 0x59, 0x02, 0x5d, 0x03, 0x01, 0x63, 0x06,
    0x91, 0x13, 0x06, 0x17, 0x04, 0x06, 0x76, 0x59, 0x02, 0x5d, 0x03, 0x01, 0x63, 0x06, 0x66, 0x13, 0x06, 0x17, 0x04, 0x06, 0x76, 0x00, 0x06, 0xfe,
    0xa9, 0x02, 0x09, 0x01, 0x07, 0x00, 0x06, 0xfe, 0xa9, 0x0b, 0x05, 0x06, 0x3a, 0x65, 0x09, 0x03, 0x02, 0x26, 0x06, 0x3a, 0x6d, 0x06, 0x89, 0x0f,
    0x06, 0x15, 0x01, 0x06, 0x14, 0x03, 0x06, 0x2d, 0x02, 0x03, 0x01, 0x08, 0x08, 0x07, 0x06, 0xfe, 0xaa, 0x0b, 0x08, 0x06, 0xfe, 0xab, 0x0b, 0x09,
    0x03, 0x01, 0x0a, 0x06, 0x21, 0x0b, 0x00, 0x0c, 0x01, 0x06, 0x00, 0x0d, 0x09, 0x06, 0x07, 0x00, 0x06, 0xfe, 0xac, 0x0b, 0x16, 0x09, 0x01, 0x07,
    0x00, 0x06, 0xfe, 0x9f, 0x02, 0x04, 0x06, 0x0e, 0x13, 0x06, 0x17, 0x03, 0x06, 0x11, 0x02, 0x03, 0x0a, 0x18, 0x06, 0x1f, 0x60, 0x06, 0x61, 0x01,
    0x06, 0x8a, 0x1b, 0x07, 0x01, 0x06, 0x87, 0x28, 0x06, 0xa3, 0x25, 0x02, 0x29, 0x03, 0x02, 0x08, 0x08, 0x07, 0x06, 0xfe, 0xad, 0x0b, 0x08, 0x06,
    0xfe, 0xae, 0x0b, 0x09, 0x03, 0x01, 0x0a, 0x06, 0x21, 0x0b, 0x00, 0x0c, 0x01, 0x06, 0x00, 0x0d, 0x09, 0x0a, 0x06, 0x00, 0x06, 0xfe, 0xaf, 0x0b,
    0x16, 0x09, 0x01, 0x05, 0x00, 0x06, 0xfe, 0x85, 0x01, 0x04, 0x06, 0x0e, 0x13, 0x06, 0x5e, 0x03, 0x06, 0x24, 0x1b, 0x07, 0x03, 0x06, 0x4f, 0x06,
    0x62, 0x06, 0x56, 0x01, 0x06, 0x23, 0x1e, 0x07, 0x02, 0x09, 0x03, 0x05, 0x00, 0x06, 0xfe, 0x45, 0x01, 0x02, 0x03, 0x01, 0x01, 0x06, 0x80, 0x1b,
    0x07, 0x03, 0x06, 0x4f, 0x06, 0x62, 0x06, 0x56, 0x12, 0x07, 0x01, 0x06, 0x50, 0x09, 0x07, 0x09, 0x00, 0x06, 0xfe, 0xb0, 0x0b, 0x1a, 0x06, 0x22,
    0x02, 0x03, 0x01, 0x03, 0x06, 0x11, 0x04, 0x06, 0x0e, 0x12, 0x07, 0x01, 0x06, 0x50, 0x73, 0x03, 0x01, 0x01, 0x06, 0x1c, 0x1d, 0x06, 0x35, 0x12,
    0x07, 0x01, 0x06, 0x50, 0x1b, 0x07, 0x03, 0x06, 0x4f, 0x06, 0x62, 0x06, 0x56, 0x08, 0x08, 0x07, 0x06, 0xfe, 0xb1, 0x0b, 0x08, 0x06, 0xfe, 0xb2,
    0x0b, 0x09, 0x03, 0x01, 0x0a, 0x06, 0x21, 0x0b, 0x00, 0x0c, 0x01, 0x06, 0x00, 0x0d, 0x09, 0x05, 0x06, 0x00, 0x06, 0xfe, 0xaa, 0x02, 0x16, 0x09,
    0x01, 0x05, 0x02, 0x03, 0x02, 0x18, 0x06, 0x1f, 0x00, 0x06, 0xfe, 0x3e, 0x01, 0x13, 0x06, 0x5e, 0x04, 0x06, 0x0e, 0x01, 0x06, 0x38, 0x29, 0x03,
    0x01, 0x28, 0x06, 0x34, 0x25, 0x02, 0x08, 0x08, 0x07, 0x06, 0xfe, 0xb3, 0x0b, 0x08, 0x06, 0xfe, 0xb4, 0x0b, 0x09, 0x03, 0x01, 0x0a, 0x06, 0x37,
    0x0b, 0x00, 0x0c, 0x01, 0x06, 0x00, 0x0d, 0x09, 0x05, 0x06, 0x00, 0x06, 0xfe, 0xb5, 0x0b, 0x16, 0x09, 0x06, 0x04, 0x6f, 0x06, 0x8f, 0x16, 0x09,
    0x10, 0x02, 0xfe, 0xc2, 0x01, 0x02, 0x00, 0x06, 0xfe, 0xab, 0x02, 0x00, 0x06, 0xfe, 0xab, 0x02, 0x39, 0x09, 0x03, 0x02, 0x26, 0x06, 0x6f, 0xd2,
    0x06, 0xfe, 0xc2, 0x01, 0x01, 0x06, 0x38, 0x29, 0x03, 0x01, 0x28, 0x06, 0x34, 0x25, 0x02, 0x08, 0x08, 0x07, 0x06, 0xfe, 0xb6, 0x0b, 0x08, 0x06,
    0xfe, 0xb7, 0x0b, 0x09, 0x03, 0x01, 0x0a, 0x06, 0x21, 0x0b, 0x00, 0x0c, 0x01, 0x06, 0x09, 0x01, 0x07, 0x00, 0x06, 0xdc, 0x05, 0x06, 0x10, 0x2a,
    0x06, 0x10, 0x0f, 0x06, 0x15, 0x02, 0x03, 0x02, 0x19, 0x02, 0x01, 0x06, 0x14, 0x0d, 0x09, 0x07, 0x08, 0x00, 0x06, 0xfe, 0xb8, 0x0b, 0x1a, 0x06,
    0x22, 0x02, 0x03, 0x03, 0x03, 0x06, 0x11, 0x04, 0x06, 0x0e, 0x73, 0x03, 0x01, 0x01, 0x06, 0x1c, 0x1d, 0x06, 0x2e, 0x08, 0x08, 0x07, 0x06, 0xfe,
    0xb9, 0x0b, 0x08, 0x06, 0xfe, 0xba, 0x0b, 0x09, 0x03, 0x01, 0x0a, 0x06, 0x37, 0x0b, 0x00, 0x0c, 0x01, 0x06, 0x00, 0x0d, 0x09, 0x05, 0x06, 0x00,
    0x06, 0xfe, 0xbb, 0x0b, 0x16, 0x09, 0x02, 0x06, 0x00, 0x06, 0xfe, 0xbc, 0x0b, 0x04, 0x06, 0x0e, 0x13, 0x06, 0x17, 0x03, 0x06, 0x11, 0x18, 0x06,
    0x8b, 0x7f, 0x06, 0x3c, 0x01, 0x06, 0x38, 0x29, 0x03, 0x01, 0x28, 0x06, 0x34, 0x25, 0x02, 0x08, 0x08, 0x07, 0x06, 0xfe, 0xbd, 0x0b, 0x08, 0x06,
    0xfe, 0xbe, 0x0b, 0x09, 0x03, 0x01, 0x0a, 0x06, 0x33, 0x0b, 0x00, 0x0c, 0x01, 0x06, 0x00, 0x0d, 0x09, 0x0d, 0x0d, 0x00, 0x06, 0xfe, 0xbf, 0x0b,
    0x05, 0x06, 0x17, 0x03, 0x06, 0x11, 0x01, 0x06, 0xa2, 0x28, 0x06, 0x34, 0x29, 0x03, 0x01, 0x02, 0x03, 0x01, 0x25, 0x02, 0x59, 0x02, 0x5d, 0x03,
    0x01, 0x63, 0x06, 0x91, 0x13, 0x06, 0xa8, 0x04, 0x06, 0x0e, 0x08, 0x08, 0x07, 0x06, 0xfe, 0xc0, 0x0b, 0x08, 0x06, 0xfe, 0xc1, 0x0b, 0x09, 0x03,
    0x01, 0x0a, 0x06, 0x37, 0x0b, 0x00, 0x0c, 0x01, 0x06, 0x00, 0x0d, 0x09, 0x05, 0x06, 0x00, 0x06, 0xfe, 0xac, 0x02, 0x16, 0x09, 0x00, 0x03, 0x70,
    0x07, 0x02, 0x09, 0x01, 0x07, 0x13, 0x06, 0x3a, 0x04, 0x06, 0x0e, 0x00, 0x06, 0xfe, 0xc2, 0x0b, 0x82, 0x02, 0x83, 0x06, 0x90, 0x02, 0x03, 0x01,
    0x18, 0x06, 0x1f, 0x09, 0x02, 0x04, 0x00, 0x06, 0xfe, 0xc3, 0x0b, 0x86, 0x06, 0xcf, 0x02, 0x03, 0x02, 0x18, 0x06, 0x1f, 0x00, 0x06, 0xfe, 0xac,
    0x02, 0x18, 0x06, 0xbd, 0x01, 0x06, 0x38, 0x28, 0x06, 0xd9, 0x29, 0x03, 0x04, 0x25, 0x02, 0x08, 0x08, 0x07, 0x06, 0xfe, 0xc4, 0x0b, 0x08, 0x06,
    0xfe, 0xc5, 0x0b, 0x09, 0x03, 0x01, 0x0a, 0x06, 0x57, 0x0b, 0x03, 0x01, 0x0c, 0x01, 0x06, 0x00, 0x0d, 0x09, 0x0a, 0x04, 0x00, 0x06, 0xfe, 0x39,
    0x02, 0x01, 0x06, 0x23, 0x1e, 0x07, 0x03, 0x09, 0x01, 0x08, 0x00, 0x06, 0xfe, 0xc6, 0x0b, 0x0f, 0x06, 0x15, 0x19, 0x02, 0x01, 0x06, 0x14, 0x05,
    0x06, 0x3a, 0x03, 0x06, 0x2d, 0x65, 0x09, 0x03, 0x02, 0x26, 0x06, 0x3a, 0x6d, 0x06, 0x89, 0x52, 0x02, 0x09, 0x01, 0x04, 0x00, 0x06, 0xfe, 0x3a,
    0x02, 0x01, 0x06, 0xfe, 0x3b, 0x02, 0xfe, 0x3c, 0x02, 0x02, 0x04, 0x06, 0x0e, 0x09, 0x0d, 0x04, 0x00, 0x06, 0xfe, 0x3d, 0x02, 0x01, 0x06, 0xfe,
    0x66, 0x01, 0x02, 0x03, 0x01, 0x04, 0x06, 0x0e, 0x16, 0x09, 0x01, 0x06, 0x02, 0x03, 0x02, 0x18, 0x06, 0x47, 0x00, 0x06, 0xfe, 0xc7, 0x0b, 0x13,
    0x06, 0x3a, 0x04, 0x06, 0x0e, 0x83, 0x06, 0x90, 0x08, 0x08, 0x07, 0x06, 0xfe, 0xc8, 0x0b, 0x08, 0x06, 0xfe, 0xc9, 0x0b, 0x09, 0x03, 0x01, 0x0a,
    0x06, 0x21, 0x0b, 0x00, 0x0c, 0x01, 0x06, 0x00, 0x0d, 0x09, 0x0a, 0x04, 0x00, 0x06, 0xfe, 0xca, 0x0b, 0x01, 0x06, 0x23, 0x1e, 0x07, 0x02, 0x09,
    0x01, 0x08, 0x00, 0x06, 0xfe, 0xcb, 0x0b, 0x05, 0x06, 0x15, 0x0f, 0x06, 0x2c, 0x02, 0x03, 0x01, 0x03, 0x06, 0x11, 0x04, 0x06, 0x0e, 0x19, 0x02,
    0x01, 0x06, 0x14, 0x09, 0x07, 0x08, 0x00, 0x06, 0xfe, 0xcc, 0x0b, 0x1a, 0x06, 0x22, 0x02, 0x03, 0x01, 0x03, 0x06, 0x11, 0x04, 0x06, 0x0e, 0x73,
    0x03, 0x01, 0x01, 0x06, 0x1c, 0x1d, 0x06, 0x2e, 0x40, 0x02, 0x08, 0x08, 0x07, 0x06, 0xfe, 0xcd, 0x0b, 0x08, 0x06, 0xfe, 0xce, 0x0b, 0x09, 0x03,
    0x01, 0x0a, 0x06, 0x21, 0x0b, 0x00, 0x0c, 0x01, 0x06, 0x00, 0x0d, 0x09, 0x0a, 0x06, 0x00, 0x06, 0xfe, 0xcf, 0x0b, 0x16, 0x09, 0x02, 0x0b, 0x00,
    0x06, 0xfe, 0xd0, 0x0b, 0x12, 0x07, 0x01, 0x06, 0x46, 0x04, 0x06, 0x0e, 0x13, 0x06, 0x17, 0x03, 0x06, 0x11, 0x02, 0x03, 0x09, 0x18, 0x06, 0x1f,
    0x64, 0x06, 0x06, 0x43, 0x03, 0x09, 0x3f, 0x06, 0x1f, 0x3d, 0x06, 0x3b, 0x01, 0x06, 0x8d, 0x9b, 0x07, 0x02, 0x09, 0x07, 0x08, 0x00, 0x06, 0xfe,
    0xd1, 0x0b, 0x1a, 0x06, 0x22, 0x02, 0x03, 0x02, 0x03, 0x06, 0x11, 0x04, 0x06, 0x0e, 0x73, 0x03, 0x01, 0x01, 0x06, 0x1c, 0x1d, 0x06, 0x2e, 0x09,
    0x08, 0x09, 0x00, 0x06, 0xfe, 0x28, 0x01, 0x05, 0x06, 0x17, 0x43, 0x03, 0x04, 0x3f, 0x06, 0x47, 0x27, 0x06, 0x31, 0x02, 0x03, 0x01, 0x03, 0x06,
    0x11, 0x04, 0x06, 0x3c, 0x01, 0x06, 0x30, 0x02, 0x03, 0x01, 0x3d, 0x06, 0x3b, 0x08, 0x08, 0x07, 0x06, 0xfe, 0xd2, 0x0b, 0x08, 0x06, 0xfe, 0xd3,
    0x0b, 0x09, 0x03, 0x01, 0x0a, 0x06, 0x21, 0x0b, 0x00, 0x0c, 0x01, 0x06, 0x00, 0x0d, 0x09, 0x0a, 0x04, 0x00, 0x06, 0xfe, 0xd4, 0x0b, 0x01, 0x06,
    0x23, 0x1e, 0x07, 0x02, 0x09, 0x03, 0x07, 0x00, 0x06, 0xfe, 0xd5, 0x0b, 0x05, 0x06, 0x17, 0x02, 0x03, 0x01, 0x03, 0x06, 0x11, 0x04, 0x06, 0x0e,
    0x12, 0x07, 0x01, 0x06, 0x46, 0x01, 0x06, 0x80, 0x09, 0x05, 0x07, 0x00, 0x06, 0xfe, 0xd6, 0x0b, 0x16, 0x09, 0x08, 0x04, 0x02, 0x03, 0x06, 0x18,
    0x06, 0x1f, 0x00, 0x06, 0xfe, 0xd7, 0x0b, 0x05, 0x06, 0xf2, 0x01, 0x06, 0x38, 0x29, 0x03, 0x01, 0x28, 0x06, 0x34, 0x25, 0x02, 0x12, 0x07, 0x01,
    0x06, 0x46, 0x12, 0x07, 0x01, 0x06, 0x46, 0x08, 0x08, 0x07, 0x06, 0xfe, 0xd8, 0x0b, 0x08, 0x06, 0xfe, 0xd9, 0x0b, 0x09, 0x03, 0x01, 0x0a, 0x06,
    0x20, 0x0b, 0x00, 0x0c, 0x01, 0x06, 0x00, 0x0d, 0x09, 0x0a, 0x05, 0x00, 0x06, 0xfe, 0xda, 0x0b, 0x01, 0x06, 0x23, 0x1e, 0x07, 0x02, 0x09, 0x01,
    0x08, 0x00, 0x06, 0xfe, 0xef, 0x01, 0x0f, 0x06, 0x7d, 0x02, 0x03, 0x01, 0x03, 0x06, 0x11, 0x04, 0x06, 0x0e, 0x19, 0x02, 0x01, 0x06, 0xb6, 0xcc,
    0x03, 0x01, 0x09, 0x02, 0x05, 0x00, 0x06, 0xfe, 0x5e, 0x01, 0x02, 0x03, 0x02, 0x01, 0x06, 0x32, 0x05, 0x06, 0x2f, 0x0f, 0x06, 0x10, 0x40, 0x02,
    0x5f, 0x07, 0x01, 0x06, 0xfe, 0x8a, 0x01, 0x08, 0x08, 0x07, 0x06, 0xfe, 0xdb, 0x0b, 0x08, 0x06, 0xfe, 0xdc, 0x0b, 0x09, 0x03, 0x01, 0x0a, 0x06,
    0x21, 0x0b, 0x00, 0x0c, 0x01, 0x06, 0x00, 0x0d, 0x09, 0x0a, 0x05, 0x00, 0x06, 0xfe, 0xdd, 0x0b, 0x01, 0x06, 0x23, 0x1e, 0x07, 0x02, 0x09, 0x03,
    0x04, 0x00, 0x06, 0xfe, 0xde, 0x0b, 0x02, 0x03, 0x01, 0x01, 0x06, 0x80, 0x1b, 0x07, 0x03, 0x06, 0x4f, 0x06, 0x62, 0x06, 0x4a, 0x09, 0x0d, 0x07,
    0x00, 0x06, 0xfe, 0x40, 0x01, 0x1a, 0x06, 0x22, 0x03, 0x06, 0x11, 0x01, 0x06, 0xe6, 0xb0, 0x06, 0xfe, 0x41, 0x01, 0x6a, 0x02, 0x25, 0x02, 0x6a,
    0x02, 0x1b, 0x07, 0x03, 0x06, 0x4f, 0x06, 0x62, 0x06, 0x4a, 0x08, 0x08, 0x07, 0x06, 0xfe, 0xdf, 0x0b, 0x08, 0x06, 0xfe, 0xe0, 0x0b, 0x09, 0x03,
    0x01, 0x0a, 0x06, 0x21, 0x0b, 0x00, 0x0c, 0x01, 0x06, 0x00, 0x0d, 0x09, 0x0a, 0x05, 0x00, 0x06, 0xfe, 0xe1, 0x0b, 0x01, 0x06, 0x23, 0x1e, 0x07,
    0x02, 0x09, 0x03, 0x04, 0x00, 0x06, 0xfe, 0xe2, 0x0b, 0x02, 0x03, 0x01, 0x01, 0x06, 0x80, 0x1b, 0x07, 0x03, 0x06, 0x45, 0x06, 0x4d, 0x06, 0x56,
    0x09, 0x0d, 0x07, 0x00, 0x06, 0xfe, 0x40, 0x01, 0x1a, 0x06, 0x22, 0x03, 0x06, 0x11, 0x01, 0x06, 0xe6, 0xb0, 0x06, 0xfe, 0x41, 0x01, 0x6a, 0x02,
    0x25, 0x02, 0x6a, 0x02, 0x1b, 0x07, 0x03, 0x06, 0x45, 0x06, 0x4d, 0x06, 0x56, 0x08, 0x08, 0x07, 0x06, 0xfe, 0xe3, 0x0b, 0x08, 0x06, 0xfe, 0xe4,
    0x0b, 0x09, 0x03, 0x01, 0x0a, 0x06, 0x21, 0x0b, 0x00, 0x0c, 0x01, 0x06, 0x00, 0x0d, 0x09, 0x0a, 0x05, 0x00, 0x06, 0xfe, 0xe5, 0x0b, 0x01, 0x06,
    0x23, 0x1e, 0x07, 0x02, 0x09, 0x01, 0x0a, 0x00, 0x06, 0xfe, 0xe6, 0x0b, 0x05, 0x06, 0x7d, 0x0f, 0x06, 0x6c, 0x03, 0x06, 0x49, 0x04, 0x06, 0x0e,
    0x19, 0x02, 0x01, 0x06, 0xb6, 0xcc, 0x03, 0x01, 0xe5, 0x06, 0xfe, 0x59, 0x01, 0x99, 0x02, 0x09, 0x07, 0x0a, 0x00, 0x06, 0xfe, 0xe7, 0x0b, 0x01,
    0x06, 0x1c, 0x1d, 0x06, 0x35, 0x02, 0x03, 0x03, 0x1b, 0x07, 0x01, 0x06, 0x45, 0x59, 0x02, 0x5d, 0x03, 0x01, 0x63, 0x06, 0x6c, 0x03, 0x06, 0x11,
    0x1a, 0x06, 0x22, 0x40, 0x02, 0x1b, 0x07, 0x01, 0x06, 0x45, 0x08, 0x08, 0x07, 0x06, 0xfe, 0xe8, 0x0b, 0x08, 0x06, 0xfe, 0xe9, 0x0b, 0x09, 0x03,
    0x01, 0x0a, 0x06, 0x21, 0x0b, 0x00, 0x0c, 0x01, 0x06, 0x00, 0x0d, 0x09, 0x0a, 0x06, 0x00, 0x06, 0xfe, 0xea, 0x0b, 0x01, 0x06, 0xef, 0xf0, 0x09,
    0x05, 0x05, 0x00, 0x06, 0xfe, 0x75, 0x01, 0x01, 0x06, 0x38, 0x29, 0x03, 0x02, 0x28, 0x06, 0x34, 0x13, 0x06, 0x5e, 0x16, 0x09, 0x02, 0x07, 0x00,
    0x06, 0xfe, 0xeb, 0x0b, 0x04, 0x06, 0x0e, 0x13, 0x06, 0x5e, 0x03, 0x06, 0x24, 0x64, 0x06, 0x8c, 0xfe, 0x7e, 0x01, 0x07, 0x02, 0x03, 0x01, 0x03,
    0x05, 0x18, 0x06, 0xfe, 0xec, 0x0b, 0xfe, 0x0f, 0x01, 0x09, 0x02, 0x04, 0x00, 0x06, 0xfe, 0xed, 0x0b, 0x13, 0x06, 0x5e, 0x04, 0x06, 0x0e, 0xfe,
    0x7e, 0x01, 0x07, 0x02, 0x03, 0x01, 0x03, 0x05, 0x94, 0x09, 0x05, 0x06, 0x00, 0x06, 0xfe, 0x08, 0x01, 0x01, 0x06, 0x38, 0x29, 0x03, 0x01, 0x28,
    0x06, 0x34, 0x25, 0x02, 0x13, 0x06, 0x5e, 0x08, 0x08, 0x07, 0x06, 0xfe, 0xee, 0x0b, 0x08, 0x06, 0xfe, 0xef, 0x0b, 0x09, 0x03, 0x01, 0x0a, 0x06,
    0x37, 0x0b, 0x00, 0x0c, 0x01, 0x06, 0x00, 0x0d, 0x09, 0x01, 0x0a, 0x00, 0x06, 0xfe, 0xf0, 0x0b, 0x16, 0x09, 0x00, 0x07, 0x18, 0x06, 0x81, 0x70,
    0x07, 0x02, 0x09, 0x02, 0x07, 0x00, 0x06, 0xfe, 0xf1, 0x0b, 0x1b, 0x07, 0x01, 0x06, 0x4a, 0x86, 0x06, 0xcf, 0x02, 0x03, 0x01, 0x18, 0x06, 0x1f,
    0x6f, 0x06, 0x8f, 0xf7, 0x06, 0x8f, 0x09, 0x04, 0x05, 0x00, 0x06, 0xfe, 0x99, 0x02, 0x12, 0x07, 0x01, 0x06, 0x36, 0x04, 0x06, 0x0e, 0x13, 0x06,
    0x17, 0x03, 0x06, 0x11, 0x00, 0x06, 0xfe, 0xf2, 0x0b, 0x04, 0x06, 0x0e, 0x13, 0x06, 0x17, 0x03, 0x06, 0x11, 0x12, 0x07, 0x01, 0x06, 0x36, 0x05,
    0x06, 0x6c, 0x0f, 0x06, 0x2b, 0x27, 0x06, 0x31, 0x02, 0x03, 0x01, 0x03, 0x06, 0x49, 0x04, 0x06, 0x0e, 0x01, 0x06, 0x14, 0x1b, 0x07, 0x01, 0x06,
    0x4a, 0x08, 0x08, 0x07, 0x06, 0xfe, 0xf3, 0x0b, 0x08, 0x06, 0xfe, 0xf4, 0x0b, 0x09, 0x03, 0x01, 0x0a, 0x06, 0x37, 0x0b, 0x00, 0x0c, 0x01, 0x06,
    0x00, 0x0d, 0x09, 0x05, 0x06, 0x00, 0x06, 0xfe, 0xf5, 0x0b, 0x16, 0x09, 0x01, 0x06, 0x02, 0x03, 0x01, 0x18, 0x06, 0x1f, 0x00, 0x06, 0xfe, 0xf6,
    0x0b, 0x83, 0x06, 0xfe, 0xf7, 0x0b, 0x13, 0x06, 0x3a, 0x04, 0x06, 0x0e, 0x01, 0x06, 0x38, 0x29, 0x03, 0x01, 0x28, 0x06, 0x34, 0x25, 0x02, 0x08,
    0x08, 0x07, 0x06, 0xfe, 0xf8, 0x0b, 0x08, 0x06, 0xfe, 0xf9, 0x0b, 0x09, 0x03, 0x01, 0x0a, 0x06, 0x37, 0x0b, 0x00, 0x0c, 0x01, 0x06, 0x00, 0x0d,
    0x09, 0x05, 0x0b, 0x00, 0x06, 0xfe, 0xfa, 0x0b, 0x01, 0x06, 0x38, 0x29, 0x03, 0x01, 0x28, 0x06, 0x34, 0x25, 0x02, 0x59, 0x02, 0x5d, 0x03, 0x01,
    0x63, 0x06, 0x66, 0xb8, 0x06, 0x31, 0x13, 0x06, 0x17, 0x04, 0x06, 0x0e, 0x08, 0x08, 0x07, 0x06, 0xfe, 0xfb, 0x0b, 0x08, 0x06, 0xfe, 0xfc, 0x0b,
    0x09, 0x03, 0x01, 0x0a, 0x06, 0x41, 0x0b, 0x03, 0x01, 0x0c, 0x01, 0x06, 0x09, 0x01, 0x09, 0x00, 0x06, 0xfe, 0xfd, 0x0b, 0x05, 0x06, 0x15, 0x2a,
    0x06, 0x15, 0x0f, 0x06, 0x9d, 0x02, 0x03, 0x06, 0x04, 0x06, 0x0e, 0xb7, 0x02, 0x69, 0x07, 0x03, 0x06, 0xfe, 0xfe, 0x0b, 0x06, 0xfe, 0x03, 0x02,
    0x06, 0xfe, 0x6f, 0x02, 0x01, 0x06, 0x14, 0x0d, 0x09, 0x08, 0x06, 0x00, 0x06, 0xfe, 0xff, 0x0b, 0x27, 0x06, 0x67, 0x02, 0x03, 0x06, 0x6b, 0x02,
    0x01, 0x06, 0x30, 0x03, 0x06, 0x49, 0x08, 0x08, 0x07, 0x06, 0xfe, 0x00, 0x0c, 0x08, 0x06, 0xfe, 0x01, 0x0c, 0x09, 0x03, 0x01, 0x0a, 0x06, 0x21,
    0x0b, 0x00, 0x0c, 0x01, 0x06, 0x09, 0x07, 0x06, 0x00, 0x06, 0xfe, 0x0f, 0x02, 0x19, 0x02, 0x3e, 0x03, 0x06, 0x02, 0x03, 0x06, 0x01, 0x06, 0x48,
    0x05, 0x06, 0x2b, 0x0d, 0x09, 0x07, 0x05, 0x00, 0x06, 0xfe, 0x34, 0x01, 0x1a, 0x06, 0x22, 0x01, 0x06, 0x1c, 0x1d, 0x06, 0x2e, 0x02, 0x03, 0x03,
    0x08, 0x08, 0x07, 0x06, 0xfe, 0x02, 0x0c, 0x08, 0x06, 0xfe, 0x03, 0x0c, 0x09, 0x03, 0x01, 0x0a, 0x06, 0x21, 0x0b, 0x00, 0x0c, 0x01, 0x06, 0x00,
    0x0d, 0x09, 0x0a, 0x06, 0x00, 0x06, 0xfe, 0x04, 0x0c, 0x01, 0x06, 0xa9, 0x94, 0x09, 0x08, 0x07, 0x00, 0x06, 0xfe, 0x05, 0x0c, 0x05, 0x06, 0x17,
    0x27, 0x06, 0x67, 0x03, 0x06, 0x11, 0x04, 0x06, 0x0e, 0x12, 0x07, 0x01, 0x06, 0xf9, 0x01, 0x06, 0x30, 0xaa, 0x09, 0x07, 0x06, 0x00, 0x06, 0xfe,
    0x06, 0x0c, 0x39, 0x09, 0x03, 0x03, 0x26, 0x06, 0x27, 0xfe, 0xa8, 0x01, 0x06, 0x31, 0xfe, 0xa9, 0x01, 0x06, 0x67, 0x02, 0x03, 0x03, 0x18, 0x06,
    0x1f, 0x7c, 0x06, 0x66, 0x03, 0x06, 0x11, 0x9e, 0x09, 0x05, 0x05, 0x00, 0x06, 0xfe, 0x08, 0x01, 0x01, 0x06, 0x38, 0x29, 0x03, 0x01, 0x28, 0x06,
    0x34, 0x25, 0x02, 0x12, 0x07, 0x01, 0x06, 0xf9, 0x08, 0x08, 0x07, 0x06, 0xfe, 0x07, 0x0c, 0x08, 0x06, 0xfe, 0x08, 0x0c, 0x09, 0x03, 0x01, 0x0a,
    0x06, 0x21, 0x0b, 0x00, 0x0c, 0x01, 0x06, 0x00, 0x0d, 0x09, 0x05, 0x06, 0x00, 0x06, 0xfe, 0x09, 0x0c, 0x16, 0x09, 0x00, 0x07, 0x18, 0x06, 0x81,
    0x70, 0x07, 0x02, 0x09, 0x01, 0x06, 0x00, 0x06, 0xfe, 0x35, 0x02, 0x04, 0x06, 0x0e, 0x13, 0x06, 0x5e, 0x03, 0x06, 0x24, 0x02, 0x03, 0x00, 0x18,
    0x06, 0x85, 0x09, 0x04, 0x06, 0x00, 0x06, 0xfe, 0x0a, 0x0c, 0x12, 0x07, 0x01, 0x06, 0xea, 0x04, 0x06, 0x0e, 0x13, 0x06, 0x17, 0x03, 0x06, 0x11,
    0xd6, 0x02, 0x00, 0x06, 0xfe, 0x0b, 0x0c, 0x04, 0x06, 0x0e, 0x13, 0x06, 0x5e, 0x03, 0x06, 0x24, 0x12, 0x07, 0x01, 0x06, 0xea, 0x01, 0x06, 0x38,
    0x29, 0x03, 0x01, 0x28, 0x06, 0x34, 0x25, 0x02, 0x08, 0x08, 0x07, 0x06, 0xfe, 0x0c, 0x0c, 0x08, 0x06, 0xfe, 0x0d, 0x0c, 0x09, 0x03, 0x01, 0x0a,
    0x06, 0x21, 0x0b, 0x00, 0x0c, 0x01, 0x06, 0x00, 0x0d, 0x09, 0x06, 0x07, 0x00, 0x06, 0xfe, 0x0e, 0x0c, 0x16, 0x09, 0x07, 0x02, 0xb8, 0x06, 0x31,
    0x00, 0x06, 0xfe, 0x51, 0x02, 0x01, 0x06, 0x8a, 0x1b, 0x07, 0x01, 0x06, 0x87, 0x28, 0x06, 0xa3, 0x25, 0x02, 0x29, 0x03, 0x02, 0x08, 0x08, 0x07,
    0x06, 0xfe, 0x0f, 0x0c, 0x08, 0x06, 0xfe, 0x10, 0x0c, 0x09, 0x03, 0x01, 0x0a, 0x06, 0x37, 0x0b, 0x00, 0x0c, 0x01, 0x06, 0x00, 0x0d, 0x09, 0x01,
    0x0a, 0x00, 0x06, 0xfe, 0x11, 0x0c, 0x16, 0x09, 0x01, 0x08, 0x04, 0x06, 0x0e, 0x71, 0x06, 0x7e, 0x00, 0x06, 0xfe, 0x52, 0x02, 0x13, 0x06, 0x17,
    0x02, 0x03, 0x02, 0x18, 0x06, 0x1f, 0x7c, 0x06, 0x66, 0x12, 0x07, 0x01, 0x06, 0xfe, 0x26, 0x01, 0x05, 0x06, 0x15, 0x0f, 0x06, 0x10, 0x02, 0x03,
    0x01, 0x03, 0x06, 0x11, 0x04, 0x06, 0x0e, 0x12, 0x07, 0x01, 0x06, 0xfe, 0x26, 0x01, 0x01, 0x06, 0x14, 0x71, 0x06, 0x7e, 0x08, 0x08, 0x07, 0x06,
    0xfe, 0x12, 0x0c, 0x08, 0x06, 0xfe, 0x13, 0x0c, 0x09, 0x03, 0x01, 0x0a, 0x06, 0x37, 0x0b, 0x00, 0x0c, 0x01, 0x06, 0x09, 0x01, 0x07, 0x00, 0x06,
    0x5b, 0x05, 0x06, 0x10, 0x2a, 0x06, 0x10, 0x0f, 0x06, 0x15, 0x02, 0x03, 0x01, 0x19, 0x02, 0x01, 0x06, 0x14, 0x0d, 0x09, 0x01, 0x09, 0x00, 0x06,
    0xfe, 0x14, 0x0c, 0x05, 0x06, 0x3a, 0x65, 0x09, 0x03, 0x02, 0x26, 0x06, 0x3a, 0x6d, 0x06, 0x89, 0x0f, 0x06, 0x10, 0x02, 0x03, 0x01, 0x03, 0x06,
    0x11, 0x04, 0x06, 0x0e, 0x12, 0x07, 0x01, 0x06, 0x50, 0x01, 0x06, 0x14, 0x08, 0x08, 0x07, 0x06, 0xfe, 0x15, 0x0c, 0x08, 0x06, 0xfe, 0x16, 0x0c,
    0x09, 0x03, 0x01, 0x0a, 0x06, 0x37, 0x0b, 0x00, 0x0c, 0x01, 0x06, 0x00, 0x0d, 0x09, 0x02, 0x06, 0x00, 0x06, 0xfe, 0xad, 0x02, 0x16, 0x09, 0x04,
    0x05, 0x00, 0x06, 0xfe, 0xae, 0x02, 0x12, 0x07, 0x01, 0x06, 0x50, 0x04, 0x06, 0x0e, 0x13, 0x06, 0x5e, 0x03, 0x06, 0x24, 0x01, 0x06, 0x32, 0x02,
    0x03, 0x01, 0x05, 0x06, 0x2f, 0x0f, 0x06, 0x10, 0x08, 0x08, 0x07, 0x06, 0xfe, 0x17, 0x0c, 0x08, 0x06, 0xfe, 0x18, 0x0c, 0x09, 0x03, 0x01, 0x0a,
    0x06, 0x41, 0x0b, 0x03, 0x01, 0x0c, 0x01, 0x06, 0x09, 0x01, 0x06, 0x00, 0x06, 0xab, 0x05, 0x06, 0x10, 0x2a, 0x06, 0x10, 0x0f, 0x06, 0x15, 0x02,
    0x03, 0x02, 0x01, 0x06, 0x14, 0x0d, 0x09, 0x01, 0x09, 0x00, 0x06, 0xfe, 0x30, 0x01, 0x05, 0x06, 0x15, 0x0f, 0x06, 0x10, 0x02, 0x03, 0x01, 0x03,
    0x06, 0x24, 0x04, 0x06, 0x0e, 0x12, 0x07, 0x01, 0x06, 0x50, 0x01, 0x06, 0x14, 0xc1, 0x09, 0x02, 0x08, 0x00, 0x06, 0xfe, 0x19, 0x01, 0x04, 0x06,
    0x0e, 0x13, 0x06, 0x5e, 0x03, 0x06, 0x24, 0x02, 0x03, 0x06, 0x18, 0x06, 0x1f, 0x64, 0x06, 0x8c, 0x60, 0x06, 0x61, 0x08, 0x08, 0x07, 0x06, 0xfe,
    0x19, 0x0c, 0x08, 0x06, 0xfe, 0x1a, 0x0c, 0x09, 0x03, 0x01, 0x0a, 0x06, 0x21, 0x0b, 0x00, 0x0c, 0x01, 0x06, 0x09, 0x08, 0x06, 0x00, 0x06, 0xd3,
    0x27, 0x06, 0x31, 0x03, 0x06, 0x11, 0x19, 0x02, 0x6e, 0x02, 0x01, 0x06, 0x30, 0x0d, 0x09, 0x07, 0x09, 0x00, 0x06, 0xfe, 0x1b, 0x0c, 0x1a, 0x06,
    0x22, 0x03, 0x06, 0x11, 0x04, 0x06, 0x0e, 0x3d, 0x06, 0x3b, 0x12, 0x07, 0x01, 0x06, 0x50, 0x01, 0x06, 0x1c, 0x1d, 0x06, 0x2e, 0x02, 0x03, 0x02,
    0x08, 0x08, 0x07, 0x06, 0xfe, 0x1c, 0x0c, 0x08, 0x06, 0xfe, 0x1d, 0x0c, 0x09, 0x03, 0x01, 0x0a, 0x06, 0x21, 0x0b, 0x00, 0x0c, 0x01, 0x06, 0x09,
    0x01, 0x07, 0x00, 0x06, 0x5b, 0x05, 0x06, 0x10, 0x2a, 0x06, 0x10, 0x0f, 0x06, 0x15, 0x02, 0x03, 0x01, 0x19, 0x02, 0x01, 0x06, 0x14, 0x0d, 0x09,
    0x07, 0x0a, 0x00, 0x06, 0xfe, 0x1e, 0x0c, 0x1a, 0x06, 0x22, 0x02, 0x03, 0x01, 0x03, 0x06, 0x11, 0x04, 0x06, 0x0e, 0x42, 0x02, 0x73, 0x03, 0x01,
    0x01, 0x06, 0x1c, 0x1d, 0x06, 0x35, 0x1b, 0x07, 0x01, 0x06, 0x4f, 0x08, 0x08, 0x07, 0x06, 0xfe, 0x1f, 0x0c, 0x08, 0x06, 0xfe, 0x20, 0x0c, 0x09,
    0x03, 0x01, 0x0a, 0x06, 0x21, 0x0b, 0x00, 0x0c, 0x01, 0x06, 0x00, 0x0d, 0x09, 0x07, 0x0a, 0x00, 0x06, 0xfe, 0x21, 0x0c, 0x16, 0x09, 0x09, 0x03,
    0x00, 0x06, 0xfe, 0x22, 0x0c, 0xf1, 0x06, 0xfe, 0x8b, 0x01, 0xfe, 0x31, 0x01, 0x07, 0x02, 0x06, 0xfe, 0x8c, 0x01, 0x06, 0xfe, 0x32, 0x01, 0x02,
    0x03, 0x02, 0x03, 0x06, 0x11, 0x04, 0x06, 0x0e, 0x42, 0x02, 0x73, 0x03, 0x01, 0x01, 0x06, 0x1c, 0x1d, 0x06, 0x2e, 0x1a, 0x06, 0x22, 0x08, 0x08,
    0x07, 0x06, 0xfe, 0x23, 0x0c, 0x08, 0x06, 0xfe, 0x24, 0x0c, 0x09, 0x03, 0x01, 0x0a, 0x06, 0x21, 0x0b, 0x00, 0x0c, 0x01, 0x06, 0x09, 0x08, 0x06,
    0x00, 0x06, 0xd3, 0x27, 0x06, 0x31, 0x03, 0x06, 0x11, 0x19, 0x02, 0x6e, 0x02, 0x01, 0x06, 0x30, 0x0d, 0x09, 0x07, 0x09, 0x00, 0x06, 0xfe, 0x25,
    0x0c, 0x1a, 0x06, 0x22, 0x03, 0x06, 0x11, 0x04, 0x06, 0x0e, 0x3d, 0x06, 0x3b, 0x12, 0x07, 0x01, 0x06, 0x50, 0x01, 0x06, 0x1c, 0x1d, 0x06, 0x2e,
    0x02, 0x03, 0x01, 0x08, 0x08, 0x07, 0x06, 0xfe, 0x26, 0x0c, 0x08, 0x06, 0xfe, 0x27, 0x0c, 0x09, 0x03, 0x01, 0x0a, 0x06, 0x33, 0x0b, 0x00, 0x0c,
    0x01, 0x06, 0x00, 0x0d, 0x09, 0x07, 0x07, 0x00, 0x06, 0xa7, 0x16, 0x09, 0x02, 0x08, 0x00, 0x06, 0xfe, 0x28, 0x0c, 0x04, 0x06, 0x0e, 0x13, 0x06,
    0x5e, 0x03, 0x06, 0x24, 0x7f, 0x06, 0x3c, 0x18, 0x06, 0x8b, 0x64, 0x06, 0x8c, 0x60, 0x06, 0x61, 0x1a, 0x06, 0x5a, 0x40, 0x02, 0x01, 0x06, 0x1c,
    0x1d, 0x06, 0x2e, 0x02, 0x03, 0x02, 0x08, 0x08, 0x07, 0x06, 0xfe, 0x29, 0x0c, 0x08, 0x06, 0xfe, 0x2a, 0x0c, 0x09, 0x03, 0x01, 0x0a, 0x06, 0x33,
    0x0b, 0x00, 0x0c, 0x01, 0x06, 0x00, 0x0d, 0x09, 0x05, 0x0b, 0x00, 0x06, 0xfe, 0x2b, 0x0c, 0x16, 0x09, 0x00, 0x07, 0x18, 0x06, 0x81, 0x70, 0x07,
    0x02, 0x09, 0x01, 0x05, 0x00, 0x06, 0xfe, 0x2c, 0x0c, 0x04, 0x06, 0x0e, 0x13, 0x06, 0x5e, 0x03, 0x06, 0x24, 0x25, 0x02, 0x09, 0x04, 0x05, 0x00,
    0x06, 0xfe, 0x2d, 0x0c, 0x12, 0x07, 0x01, 0x06, 0x50, 0x04, 0x06, 0x0e, 0x13, 0x06, 0x17, 0x03, 0x06, 0x11, 0x00, 0x06, 0xfe, 0x2e, 0x0c, 0x04,
    0x06, 0x0e, 0x13, 0x06, 0x5e, 0x03, 0x06, 0x24, 0x12, 0x07, 0x01, 0x06, 0x50, 0x1a, 0x06, 0x5a, 0x40, 0x02, 0x05, 0x06, 0xa8, 0x03, 0x06, 0x24,
    0x04, 0x06, 0x0e, 0x01, 0x06, 0x38, 0x29, 0x03, 0x05, 0x28, 0x06, 0x34, 0x25, 0x02, 0x08, 0x08, 0x07, 0x06, 0xfe, 0x2f, 0x0c, 0x08, 0x06, 0xfe,
    0x30, 0x0c, 0x09, 0x03, 0x01, 0x0a, 0x06, 0x21, 0x0b, 0x00, 0x0c, 0x01, 0x06, 0x00, 0x0d, 0x09, 0x0c, 0x09, 0x00, 0x06, 0xfe, 0x31, 0x0c, 0x16,
    0x09, 0x04, 0x06, 0x00, 0x06, 0xfe, 0x32, 0x0c, 0x12, 0x07, 0x01, 0x06, 0x50, 0x04, 0x06, 0x0e, 0x13, 0x06, 0x17, 0x03, 0x06, 0x11, 0xd6, 0x02,
    0x05, 0x06, 0x17, 0x02, 0x03, 0x01, 0x03, 0x06, 0x11, 0x04, 0x06, 0x0e, 0x19, 0x02, 0x01, 0x06, 0x7a, 0xe5, 0x06, 0x80, 0x08, 0x08, 0x07, 0x06,
    0xfe, 0x33, 0x0c, 0x08, 0x06, 0xfe, 0x34, 0x0c, 0x09, 0x03, 0x01, 0x0a, 0x06, 0x33, 0x0b, 0x00, 0x0c, 0x01, 0x06, 0x00, 0x0d, 0x09, 0x07, 0x0b,
    0x00, 0x06, 0xfe, 0x35, 0x0c, 0x16, 0x09, 0x01, 0x06, 0x00, 0x06, 0xfe, 0xc3, 0x01, 0x04, 0x06, 0x0e, 0x13, 0x06, 0x5e, 0x03, 0x06, 0x24, 0xfe,
    0x0e, 0x01, 0x02, 0x25, 0x02, 0x1a, 0x06, 0x5a, 0x40, 0x02, 0x03, 0x06, 0x11, 0x04, 0x06, 0x0e, 0x3d, 0x06, 0x3b, 0x12, 0x07, 0x01, 0x06, 0x50,
    0x01, 0x06, 0x1c, 0x1d, 0x06, 0x2e, 0x02, 0x03, 0x01, 0x08, 0x08, 0x07, 0x06, 0xfe, 0x36, 0x0c, 0x08, 0x06, 0xfe, 0x37, 0x0c, 0x09, 0x03, 0x01,
    0x0a, 0x06, 0x21, 0x0b, 0x00, 0x0c, 0x01, 0x06, 0x00, 0x0d, 0x09, 0x0a, 0x04, 0x00, 0x06, 0xfe, 0x38, 0x0c, 0x01, 0x06, 0x23, 0x1e, 0x07, 0x02,
    0x09, 0x06, 0x07, 0x00, 0x06, 0xfe, 0x39, 0x0c, 0x16, 0x09, 0x02, 0x08, 0x00, 0x06, 0xfe, 0x19, 0x01, 0x04, 0x06, 0x0e, 0x13, 0x06, 0x5e, 0x03,
    0x06, 0x24, 0x02, 0x03, 0x06, 0x18, 0x06, 0x1f, 0x64, 0x06, 0x8c, 0x60, 0x06, 0x61, 0x01, 0x06, 0x8a, 0x1b, 0x07, 0x01, 0x06, 0x87, 0x28, 0x06,
    0xa3, 0x25, 0x02, 0x29, 0x03, 0x01, 0x09, 0x05, 0x06, 0x00, 0x06, 0xfe, 0x3a, 0x0c, 0x16, 0x09, 0x02, 0x06, 0x00, 0x06, 0xfe, 0x3b, 0x0c, 0x02,
    0x03, 0x09, 0x18, 0x06, 0x1f, 0x64, 0x06, 0x8c, 0x60, 0x06, 0x61, 0x13, 0x06, 0x5e, 0x01, 0x06, 0x38, 0x29, 0x03, 0x01, 0x28, 0x06, 0x34, 0x25,
    0x02, 0x1b, 0x07, 0x01, 0x06, 0x87, 0x08, 0x08, 0x07, 0x06, 0xfe, 0x3c, 0x0c, 0x08, 0x06, 0xfe, 0x3d, 0x0c, 0x09, 0x03, 0x01, 0x0a, 0x06, 0x37,
    0x0b, 0x00, 0x0c, 0x01, 0x06, 0x00, 0x0d, 0x09, 0x02, 0x07, 0x00, 0x06, 0xfe, 0x3e, 0x0c, 0x16, 0x09, 0x02, 0x05, 0x00, 0x06, 0xfe, 0x3f, 0x0c,
    0x02, 0x03, 0x01, 0x86, 0x06, 0xcf, 0x1b, 0x07, 0x01, 0x06, 0x4f, 0x18, 0x06, 0x1f, 0x01, 0x06, 0x32, 0x02, 0x03, 0x01, 0x05, 0x06, 0x2f, 0x0f,
    0x06, 0x10, 0x1b, 0x07, 0x01, 0x06, 0x4f, 0x08, 0x08, 0x07, 0x06, 0xfe, 0x40, 0x0c, 0x08, 0x06, 0xfe, 0x41, 0x0c, 0x09, 0x03, 0x01, 0x0a, 0x06,
    0x21, 0x0b, 0x00, 0x0c, 0x01, 0x06, 0x00, 0x0d, 0x09, 0x07, 0x09, 0x00, 0x06, 0xfe, 0x42, 0x0c, 0x1a, 0x06, 0x22, 0x02, 0x03, 0x01, 0x03, 0x06,
    0x11, 0x04, 0x06, 0x0e, 0x12, 0x07, 0x01, 0x06, 0x50, 0x73, 0x03, 0x01, 0x01, 0x06, 0x1c, 0x1d, 0x06, 0x2e, 0x08, 0x08, 0x07, 0x06, 0xfe, 0x43,
    0x0c, 0x08, 0x06, 0xfe, 0x44, 0x0c, 0x09, 0x03, 0x01, 0x0a, 0x06, 0x57, 0x0b, 0x03, 0x01, 0x0c, 0x01, 0x06, 0x00, 0x0d, 0x09, 0x0a, 0x04, 0x00,
    0x06, 0xfe, 0x45, 0x0c, 0x16, 0x09, 0x00, 0x02, 0x18, 0x06, 0x81, 0x70, 0x07, 0x02, 0x09, 0x06, 0x04, 0xaf, 0x06, 0xe0, 0x00, 0x06, 0xfe, 0x93,
    0x01, 0x39, 0x09, 0x03, 0x03, 0x26, 0x06, 0x6f, 0xaf, 0x06, 0xe0, 0xd0, 0x06, 0x0e, 0xd0, 0x06, 0x0e, 0x09, 0x07, 0x04, 0x00, 0x06, 0xfe, 0x46,
    0x0c, 0x39, 0x09, 0x03, 0x03, 0x26, 0x06, 0x27, 0xfe, 0xa8, 0x01, 0x06, 0x67, 0xfe, 0xa9, 0x01, 0x06, 0x31, 0x03, 0x06, 0x11, 0x25, 0x02, 0x01,
    0x06, 0x23, 0x1e, 0x07, 0x02, 0x09, 0x02, 0x05, 0x00, 0x06, 0xa4, 0x02, 0x03, 0x01, 0x01, 0x06, 0x32, 0x05, 0x06, 0x2f, 0x0f, 0x06, 0x10, 0x09,
    0x01, 0x06, 0x00, 0x06, 0x77, 0x05, 0x06, 0x10, 0x0f, 0x06, 0x15, 0x02, 0x03, 0x01, 0x01, 0x06, 0x14, 0x03, 0x06, 0x2d, 0x08, 0x08, 0x07, 0x06,
    0xfe, 0x47, 0x0c, 0x08, 0x06, 0xfe, 0x48, 0x0c, 0x09, 0x03, 0x01, 0x0a, 0x06, 0x20, 0x0b, 0x00, 0x0c, 0x01, 0x06, 0x00, 0x0d, 0x09, 0x01, 0x08,
    0x00, 0x06, 0xfe, 0x49, 0x0c, 0x05, 0x06, 0x15, 0x0f, 0x06, 0x2c, 0x02, 0x03, 0x01, 0x04, 0x06, 0x0e, 0x19, 0x02, 0x01, 0x06, 0x14, 0x03, 0x06,
    0x2d, 0x08, 0x08, 0x07, 0x06, 0xfe, 0x4a, 0x0c, 0x08, 0x06, 0xfe, 0x4b, 0x0c, 0x09, 0x03, 0x01, 0x0a, 0x06, 0x20, 0x0b, 0x00, 0x0c, 0x01, 0x06,
    0x09, 0x08, 0x07, 0x00, 0x06, 0xfe, 0x4c, 0x0c, 0x27, 0x06, 0x31, 0x02, 0x03, 0x01, 0x03, 0x06, 0x11, 0x12, 0x07, 0x01, 0x06, 0x36, 0x19, 0x02,
    0x01, 0x06, 0x30, 0x0d, 0x09, 0x0a, 0x03, 0x00, 0x06, 0xfb, 0x01, 0x06, 0x23, 0x1e, 0x07, 0x02, 0x09, 0x02, 0x05, 0x00, 0x06, 0xa4, 0x02, 0x03,
    0x01, 0x01, 0x06, 0x32, 0x05, 0x06, 0x2f, 0x0f, 0x06, 0x10, 0x09, 0x01, 0x06, 0x00, 0x06, 0x77, 0x05, 0x06, 0x10, 0x0f, 0x06, 0x15, 0x02, 0x03,
    0x01, 0x01, 0x06, 0x14, 0x03, 0x06, 0x2d, 0x08, 0x08, 0x07, 0x06, 0xfe, 0x4d, 0x0c, 0x08, 0x06, 0xfe, 0x4e, 0x0c, 0x09, 0x03, 0x01, 0x0a, 0x06,
    0x21, 0x0b, 0x00, 0x0c, 0x01, 0x06, 0x00, 0x0d, 0x09, 0x0d, 0x04, 0x00, 0x06, 0xfe, 0x4f, 0x0c, 0x01, 0x06, 0xfe, 0x5d, 0x02, 0xfe, 0x5e, 0x02,
    0x06, 0xfe, 0x50, 0x0c, 0x1a, 0x06, 0x22, 0x08, 0x08, 0x07, 0x06, 0xfe, 0x51, 0x0c, 0x08, 0x06, 0xfe, 0x52, 0x0c, 0x09, 0x03, 0x01, 0x0a, 0x06,
    0x37, 0x0b, 0x00, 0x0c, 0x01, 0x06, 0x00, 0x0d, 0x09, 0x05, 0x07, 0x00, 0x06, 0xfe, 0x53, 0x0c, 0x16, 0x09, 0x01, 0x06, 0x13, 0x06, 0x3a, 0x04,
    0x06, 0x0e, 0x00, 0x06, 0xfe, 0x54, 0x0c, 0x03, 0x06, 0x11, 0x12, 0x07, 0x01, 0x06, 0x36, 0x1b, 0x07, 0x06, 0x06, 0x4f, 0x06, 0x45, 0x06, 0x62,
    0x06, 0x4a, 0x06, 0x4d, 0x06, 0x56, 0x01, 0x06, 0x38, 0x29, 0x03, 0x01, 0x28, 0x06, 0x34, 0x25, 0x02, 0x1b, 0x07, 0x06, 0x06, 0x4f, 0x06, 0x45,
    0x06, 0x62, 0x06, 0x4a, 0x06, 0x4d, 0x06, 0x56, 0x08, 0x08, 0x07, 0x06, 0xfe, 0x55, 0x0c, 0x08, 0x06, 0xfe, 0x56, 0x0c, 0x09, 0x03, 0x01, 0x0a,
    0x06, 0x57, 0x0b, 0x00, 0x0c, 0x01, 0x06, 0x00, 0x0d, 0x09, 0x0a, 0x05, 0x00, 0x06, 0xfe, 0x57, 0x0c, 0x01, 0x06, 0x23, 0x1e, 0x07, 0x02, 0x09,
    0x01, 0x0b, 0x00, 0x06, 0xfe, 0x58, 0x0c, 0x05, 0x06, 0x10, 0x0f, 0x06, 0x84, 0x02, 0x03, 0x01, 0x03, 0x06, 0x24, 0x04, 0x06, 0x0e, 0x69, 0x07,
    0x01, 0x06, 0xfe, 0xc4, 0x01, 0xd7, 0x09, 0x03, 0x02, 0x00, 0x06, 0xfe, 0xc4, 0x01, 0xd8, 0x06, 0xbe, 0x19, 0x02, 0x01, 0x06, 0x14, 0xfe, 0x6b,
    0x01, 0x07, 0x01, 0x06, 0xfe, 0xc4, 0x01, 0x09, 0x0b, 0x04, 0x00, 0x06, 0xfe, 0xa6, 0x02, 0x02, 0x03, 0x01, 0x03, 0x06, 0x24, 0x01, 0x06, 0xfe,
    0xa7, 0x02, 0x40, 0x02, 0x16, 0x09, 0x00, 0x02, 0x18, 0x06, 0x81, 0x70, 0x07, 0x02, 0x09, 0x06, 0x04, 0xaf, 0x06, 0xe0, 0x00, 0x06, 0xfe, 0x59,
    0x0c, 0x39, 0x09, 0x03, 0x03, 0x26, 0x06, 0x6f, 0xaf, 0x06, 0xe0, 0xd0, 0x06, 0x0e, 0xd0, 0x06, 0x0e, 0x09, 0x01, 0x07, 0x02, 0x03, 0x01, 0x18,
    0x06, 0x1f, 0x00, 0x06, 0xfe, 0x5a, 0x0c, 0x39, 0x09, 0x03, 0x03, 0x26, 0x06, 0xad, 0x05, 0x06, 0x15, 0x0f, 0x06, 0x10, 0x25, 0x02, 0x05, 0x06,
    0x15, 0x0f, 0x06, 0x10, 0x08, 0x08, 0x07, 0x06, 0xfe, 0x5b, 0x0c, 0x08, 0x06, 0xfe, 0x5c, 0x0c, 0x09, 0x03, 0x01, 0x0a, 0x06, 0x57, 0x0b, 0x00,
    0x0c, 0x01, 0x06, 0x00, 0x0d, 0x09, 0x07, 0x0a, 0x00, 0x06, 0xfe, 0x5d, 0x0c, 0x16, 0x09, 0x01, 0x06, 0x00, 0x06, 0xfe, 0x5e, 0x0c, 0x13, 0x06,
    0x84, 0x03, 0x06, 0x24, 0x25, 0x02, 0x74, 0x06, 0xfe, 0x5f, 0x01, 0x04, 0x06, 0x0e, 0x02, 0x03, 0x02, 0x03, 0x06, 0x11, 0x04, 0x06, 0x0e, 0x12,
    0x07, 0x01, 0x06, 0x36, 0x73, 0x03, 0x01, 0x01, 0x06, 0x1c, 0x1d, 0x06, 0x2e, 0x1a, 0x06, 0x22, 0x08, 0x08, 0x07, 0x06, 0xfe, 0x5f, 0x0c, 0x08,
    0x06, 0xfe, 0x60, 0x0c, 0x09, 0x03, 0x01, 0x0a, 0x06, 0x21, 0x0b, 0x00, 0x0c, 0x01, 0x06, 0x00, 0x0d, 0x09, 0x0a, 0x04, 0x00, 0x06, 0xfe, 0x61,
    0x0c, 0x01, 0x06, 0x23, 0x1e, 0x07, 0x02, 0x09, 0x05, 0x0a, 0x00, 0x06, 0xfe, 0xc5, 0x01, 0x01, 0x06, 0x38, 0x29, 0x03, 0x02, 0x28, 0x06, 0x34,
    0x25, 0x02, 0x59, 0x02, 0x5d, 0x03, 0x01, 0x63, 0x06, 0x91, 0x13, 0x06, 0xa8, 0x04, 0x06, 0x0e, 0x09, 0x06, 0x0a, 0x00, 0x06, 0xfe, 0x62, 0x0c,
    0x01, 0x06, 0x8a, 0x1b, 0x07, 0x01, 0x06, 0x87, 0x28, 0x06, 0xfe, 0x2c, 0x01, 0x59, 0x02, 0x5d, 0x03, 0x01, 0x63, 0x06, 0x91, 0x13, 0x06, 0xa8,
    0x04, 0x06, 0x0e, 0x29, 0x03, 0x03, 0x1b, 0x07, 0x01, 0x06, 0x87, 0x08, 0x08, 0x07, 0x06, 0xfe, 0x63, 0x0c, 0x08, 0x06, 0xfe, 0x64, 0x0c, 0x09,
    0x03, 0x01, 0x0a, 0x06, 0x21, 0x0b, 0x00, 0x0c, 0x01, 0x06, 0x00, 0x0d, 0x09, 0x0a, 0x06, 0x00, 0x06, 0xfe, 0x65, 0x0c, 0x01, 0x06, 0xef, 0xf0,
    0x09, 0x05, 0x05, 0x00, 0x06, 0xfe, 0x75, 0x01, 0x01, 0x06, 0x38, 0x29, 0x03, 0x02, 0x28, 0x06, 0x34, 0x13, 0x06, 0x15, 0x16, 0x09, 0x01, 0x08,
    0x02, 0x03, 0x04, 0x18, 0x06, 0x1f, 0x00, 0x06, 0xfe, 0x66, 0x0c, 0x71, 0x06, 0x7e, 0x03, 0x06, 0x24, 0x13, 0x06, 0x15, 0x04, 0x06, 0x0e, 0x12,
    0x07, 0x01, 0x06, 0x36, 0xfe, 0x0f, 0x01, 0x09, 0x01, 0x06, 0x02, 0x03, 0x06, 0x18, 0x06, 0x1f, 0x00, 0x06, 0xfe, 0x67, 0x0c, 0x13, 0x06, 0x15,
    0x12, 0x07, 0x01, 0x06, 0x36, 0x04, 0x06, 0x0e, 0x94, 0x09, 0x05, 0x06, 0x00, 0x06, 0xfe, 0x08, 0x01, 0x01, 0x06, 0x38, 0x29, 0x03, 0x01, 0x28,
    0x06, 0x34, 0x25, 0x02, 0x13, 0x06, 0x15, 0x08, 0x08, 0x07, 0x06, 0xfe, 0x68, 0x0c, 0x08, 0x06, 0xfe, 0x69, 0x0c, 0x09, 0x03, 0x01, 0x0a, 0x06,
    0x21, 0x0b, 0x00, 0x0c, 0x01, 0x06, 0x00, 0x0d, 0x09, 0x0a, 0x05, 0x00, 0x06, 0xfe, 0x6a, 0x0c, 0x01, 0x06, 0x23, 0x1e, 0x07, 0x02, 0x09, 0x05,
    0x06, 0x00, 0x06, 0xfe, 0xc6, 0x01, 0x01, 0x06, 0x38, 0x29, 0x03, 0x01, 0x28, 0x06, 0x34, 0x25, 0x02, 0x12, 0x07, 0x01, 0x06, 0x36, 0x09, 0x07,
    0x09, 0x00, 0x06, 0xfe, 0x8a, 0x02, 0x1a, 0x06, 0x22, 0x02, 0x03, 0x01, 0x03, 0x06, 0x11, 0x04, 0x06, 0x0e, 0x12, 0x07, 0x01, 0x06, 0x36, 0x73,
    0x03, 0x01, 0x01, 0x06, 0x1c, 0x1d, 0x06, 0x2e, 0x12, 0x07, 0x01, 0x06, 0x36, 0x16, 0x09, 0x06, 0x04, 0xaf, 0x06, 0xfe, 0x76, 0x01, 0x00, 0x06,
    0xfe, 0x6b, 0x0c, 0x39, 0x09, 0x03, 0x03, 0x26, 0x06, 0x6f, 0xaf, 0x06, 0xfe, 0x76, 0x01, 0xfe, 0xaf, 0x02, 0x03, 0x01, 0xfe, 0xaf, 0x02, 0x03,
    0x01, 0x08, 0x08, 0x07, 0x06, 0xfe, 0x6c, 0x0c, 0x08, 0x06, 0xfe, 0x6d, 0x0c, 0x09, 0x03, 0x01, 0x0a, 0x06, 0x37, 0x0b, 0x00, 0x0c, 0x01, 0x06,
    0x00, 0x0d, 0x09, 0x0a, 0x09, 0x00, 0x06, 0xfe, 0x6e, 0x0c, 0x01, 0x06, 0x8d, 0xfe, 0x7b, 0x02, 0x06, 0xfe, 0xb0, 0x02, 0xfe, 0x5a, 0x01, 0x09,
    0x04, 0x07, 0x00, 0x06, 0xfe, 0xb0, 0x02, 0x12, 0x07, 0x01, 0x06, 0x36, 0x04, 0x06, 0x0e, 0x13, 0x06, 0x5e, 0x03, 0x06, 0x24, 0x02, 0x03, 0x01,
    0x18, 0x06, 0x1f, 0xfe, 0x0f, 0x01, 0x09, 0x04, 0x05, 0x00, 0x06, 0xfe, 0x6f, 0x0c, 0x12, 0x07, 0x01, 0x06, 0x36, 0x04, 0x06, 0x0e, 0x13, 0x06,
    0x5e, 0x03, 0x06, 0x24, 0xfe, 0x7c, 0x02, 0x06, 0x99, 0x9b, 0x07, 0x02, 0x09, 0x01, 0x08, 0x00, 0x06, 0xfe, 0xa2, 0x01, 0x05, 0x06, 0x6c, 0x0f,
    0x06, 0x2b, 0x27, 0x06, 0x31, 0x02, 0x03, 0x01, 0x03, 0x06, 0x49, 0x04, 0x06, 0x0e, 0x01, 0x06, 0x14, 0x09, 0x01, 0x07, 0x00, 0x06, 0xfe, 0x0a,
    0x01, 0x05, 0x06, 0x15, 0x0f, 0x06, 0x10, 0x02, 0x03, 0x01, 0x03, 0x06, 0x11, 0x04, 0x06, 0x0e, 0x01, 0x06, 0x14, 0x02, 0x03, 0x01, 0x12, 0x07,
    0x01, 0x06, 0x36, 0x08, 0x08, 0x07, 0x06, 0xfe, 0x70, 0x0c, 0x08, 0x06, 0xfe, 0x71, 0x0c, 0x09, 0x03, 0x01, 0x0a, 0x06, 0x21, 0x0b, 0x00, 0x0c,
    0x01, 0x06, 0x00, 0x0d, 0x09, 0x0a, 0x04, 0x00, 0x06, 0xfe, 0x72, 0x0c, 0x16, 0x09, 0x00, 0x08, 0x18, 0x06, 0x81, 0x70, 0x07, 0x02, 0x09, 0x04,
    0x06, 0x00, 0x06, 0xfe, 0x73, 0x0c, 0x12, 0x07, 0x01, 0x06, 0x36, 0x04, 0x06, 0x0e, 0x13, 0x06, 0x17, 0x03, 0x06, 0x11, 0xfe, 0x47, 0x01, 0x02,
    0x09, 0x02, 0x07, 0x00, 0x06, 0xfe, 0x74, 0x0c, 0x02, 0x03, 0x14, 0x18, 0x06, 0x1f, 0x64, 0x06, 0x06, 0x60, 0x06, 0x61, 0xfe, 0xfe, 0x00, 0x03,
    0x14, 0x13, 0x06, 0x17, 0x00, 0x06, 0xfe, 0x75, 0x0c, 0x04, 0x06, 0x0e, 0x13, 0x06, 0x17, 0x03, 0x06, 0x11, 0x60, 0x06, 0x61, 0x12, 0x07, 0x01,
    0x06, 0x36, 0x01, 0x06, 0x23, 0x1e, 0x07, 0x02, 0x09, 0x02, 0x05, 0x00, 0x06, 0xfe, 0xf9, 0x01, 0x02, 0x03, 0x03, 0x01, 0x06, 0x32, 0x05, 0x06,
    0x2f, 0x0f, 0x06, 0x10, 0x09, 0x01, 0x08, 0x00, 0x06, 0xfe, 0x76, 0x0c, 0x05, 0x06, 0x10, 0x0f, 0x06, 0x2c, 0x96, 0x06, 0x97, 0x02, 0x03, 0x03,
    0x04, 0x06, 0x0e, 0x01, 0x06, 0x14, 0x03, 0x06, 0x2d, 0x08, 0x08, 0x07, 0x06, 0xfe, 0x77, 0x0c, 0x08, 0x06, 0xfe, 0x78, 0x0c, 0x09, 0x03, 0x01,
    0x0a, 0x06, 0x21, 0x0b, 0x00, 0x0c, 0x01, 0x06, 0x09, 0x07, 0x06, 0x00, 0x06, 0xa0, 0x19, 0x02, 0x3e, 0x03, 0x01, 0x02, 0x03, 0x01, 0x01, 0x06,
    0x48, 0x05, 0x06, 0x2b, 0x0d, 0x09, 0x07, 0x06, 0x00, 0x06, 0xfe, 0x14, 0x01, 0x1a, 0x06, 0x22, 0x01, 0x06, 0x1c, 0x1d, 0x06, 0x35, 0x02, 0x03,
    0x01, 0x1b, 0x07, 0x01, 0x06, 0x45, 0x08, 0x08, 0x07, 0x06, 0xfe, 0x79, 0x0c, 0x08, 0x06, 0xfe, 0x7a, 0x0c, 0x09, 0x03, 0x01, 0x0a, 0x06, 0x57,
    0x0b, 0x00, 0x0c, 0x01, 0x06, 0x00, 0x0d, 0x09, 0x07, 0x0a, 0x00, 0x06, 0xfe, 0x7b, 0x0c, 0x1a, 0x06, 0x22, 0x01, 0x06, 0x1c, 0x1d, 0x06, 0x35,
    0x02, 0x03, 0x01, 0x1b, 0x07, 0x01, 0x06, 0x56, 0xde, 0x06, 0xdf, 0x16, 0x09, 0x02, 0x05, 0x00, 0x06, 0xfe, 0x7c, 0x0c, 0x04, 0x06, 0x0e, 0x13,
    0x06, 0x2b, 0x86, 0x06, 0x3e, 0x03, 0x06, 0x49, 0x5f, 0x07, 0x01, 0x06, 0xfe, 0x7d, 0x0c, 0x04, 0x06, 0x0e, 0x08, 0x08, 0x07, 0x06, 0xfe, 0x7e,
    0x0c, 0x08, 0x06, 0xfe, 0x7f, 0x0c, 0x09, 0x03, 0x01, 0x0a, 0x06, 0x21, 0x0b, 0x00, 0x0c, 0x01, 0x06, 0x00, 0x0d, 0x09, 0x07, 0x0a, 0x00, 0x06,
    0xfe, 0xb1, 0x02, 0x16, 0x09, 0x06, 0x07, 0x6f, 0x06, 0x8f, 0x16, 0x09, 0x03, 0x03, 0x00, 0x06, 0xfe, 0x80, 0x0c, 0x4b, 0x06, 0x78, 0x3d, 0x06,
    0x78, 0x00, 0x06, 0xfe, 0x77, 0x01, 0x39, 0x09, 0x03, 0x02, 0x26, 0x06, 0x6f, 0xd2, 0x06, 0xeb, 0x03, 0x06, 0x11, 0x3d, 0x06, 0x78, 0x4b, 0x06,
    0x78, 0x01, 0x06, 0x1c, 0x1d, 0x06, 0x2e, 0x02, 0x03, 0x02, 0x1a, 0x06, 0x22, 0x5f, 0x07, 0x01, 0x06, 0xfe, 0xb2, 0x02, 0xc1, 0x09, 0x01, 0x03,
    0x13, 0x06, 0x17, 0x3d, 0x06, 0x78, 0x00, 0x06, 0xfe, 0xb2, 0x02, 0x4b, 0x06, 0x78, 0x3d, 0x06, 0x78, 0x08, 0x08, 0x07, 0x06, 0xfe, 0x81, 0x0c,
    0x08, 0x06, 0xfe, 0x82, 0x0c, 0x09, 0x03, 0x01, 0x0a, 0x06, 0x41, 0x0b, 0x00, 0x0c, 0x01, 0x06, 0x09, 0x01, 0x07, 0x00, 0x06, 0xc8, 0x05, 0x06,
    0x17, 0x2a, 0x06, 0x17, 0x0f, 0x06, 0x15, 0x03, 0x06, 0x11, 0x6e, 0x02, 0x01, 0x06, 0x14, 0x0d, 0x09, 0x01, 0x08, 0x00, 0x06, 0xfe, 0xe2, 0x01,
    0x05, 0x06, 0x15, 0x0f, 0x06, 0x10, 0x02, 0x03, 0x01, 0x04, 0x06, 0x0e, 0x12, 0x07, 0x01, 0x06, 0x44, 0x01, 0x06, 0x14, 0x03, 0x06, 0x2d, 0x08,
    0x08, 0x07, 0x06, 0xfe, 0x83, 0x0c, 0x08, 0x06, 0xfe, 0x84, 0x0c, 0x09, 0x03, 0x01, 0x0a, 0x06, 0x21, 0x0b, 0x00, 0x0c, 0x01, 0x06, 0x00, 0x0d,
    0x09, 0x07, 0x0a, 0x00, 0x06, 0xfe, 0xb1, 0x02, 0x16, 0x09, 0x06, 0x07, 0x6f, 0x06, 0x8f, 0x16, 0x09, 0x03, 0x03, 0x00, 0x06, 0xfe, 0x85, 0x0c,
    0x4b, 0x06, 0x95, 0x3d, 0x06, 0x95, 0x00, 0x06, 0xfe, 0x77, 0x01, 0x39, 0x09, 0x03, 0x02, 0x26, 0x06, 0x6f, 0xd2, 0x06, 0xeb, 0x03, 0x06, 0x11,
    0x3d, 0x06, 0x95, 0x4b, 0x06, 0x95, 0x01, 0x06, 0x1c, 0x1d, 0x06, 0x2e, 0x02, 0x03, 0x02, 0x1a, 0x06, 0x22, 0x5f, 0x07, 0x01, 0x06, 0xfe, 0xb3,
    0x02, 0xc1, 0x09, 0x01, 0x03, 0x13, 0x06, 0x17, 0x3d, 0x06, 0x95, 0x00, 0x06, 0xfe, 0xb3, 0x02, 0x4b, 0x06, 0x95, 0x3d, 0x06, 0x95, 0x08, 0x08,
    0x07, 0x06, 0xfe, 0x86, 0x0c, 0x08, 0x06, 0xfe, 0x87, 0x0c, 0x09, 0x03, 0x01, 0x0a, 0x06, 0x21, 0x0b, 0x00, 0x0c, 0x01, 0x06, 0x09, 0x07, 0x07,
    0x00, 0x06, 0xfe, 0x88, 0x0c, 0x02, 0x03, 0x01, 0x19, 0x02, 0x3e, 0x03, 0x01, 0x6b, 0x02, 0x01, 0x06, 0x48, 0x05, 0x06, 0x2b, 0x0d, 0x09, 0x07,
    0x07, 0x00, 0x06, 0xfe, 0x89, 0x0c, 0x01, 0x06, 0x1c, 0x1d, 0x06, 0x2e, 0x02, 0x03, 0x01, 0x59, 0x02, 0x1a, 0x06, 0x22, 0x5d, 0x03, 0x01, 0x08,
    0x08, 0x07, 0x06, 0xfe, 0x8a, 0x0c, 0x08, 0x06, 0xfe, 0x8b, 0x0c, 0x09, 0x03, 0x01, 0x0a, 0x06, 0xc0, 0x0b, 0x00, 0x0c, 0x01, 0x06, 0x00, 0x0d,
    0x09, 0x04, 0x07, 0x00, 0x06, 0xfe, 0xb4, 0x02, 0x01, 0x06, 0x53, 0x58, 0x09, 0x04, 0x05, 0x00, 0x06, 0x8e, 0x05, 0x06, 0x2c, 0x02, 0x03, 0x05,
    0x04, 0x06, 0x0e, 0x01, 0x06, 0x4c, 0x54, 0x09, 0x03, 0x0a, 0x01, 0x06, 0x51, 0x0f, 0x06, 0x10, 0x55, 0x02, 0x4e, 0x02, 0x02, 0x03, 0x01, 0x03,
    0x06, 0x11, 0x19, 0x02, 0x69, 0x07, 0x03, 0x06, 0xfe, 0x8c, 0x0c, 0x06, 0xfe, 0x6a, 0x02, 0x06, 0xfe, 0xb5, 0x02, 0x00, 0x06, 0xfe, 0xb4, 0x02,
    0x6a, 0x02, 0x9e, 0x09, 0x08, 0x0c, 0x00, 0x06, 0xfe, 0x8d, 0x0c, 0x05, 0x06, 0x17, 0x27, 0x06, 0x31, 0x02, 0x03, 0x03, 0x03, 0x06, 0x11, 0x04,
    0x06, 0x3c, 0x01, 0x06, 0x30, 0x6a, 0x02, 0xae, 0x03, 0x03, 0xac, 0x06, 0x47, 0xfe, 0x8e, 0x0c, 0x02, 0x3f, 0x06, 0x47, 0x19, 0x02, 0x6a, 0x02,
    0x08, 0x08, 0x07, 0x06, 0xfe, 0x8f, 0x0c, 0x08, 0x06, 0xfe, 0x90, 0x0c, 0x09, 0x03, 0x01, 0x0a, 0x06, 0x21, 0x0b, 0x00, 0x0c, 0x01, 0x06, 0x00,
    0x0d, 0x09, 0x0a, 0x05, 0x00, 0x06, 0xfe, 0x91, 0x0c, 0x01, 0x06, 0x23, 0x1e, 0x07, 0x02, 0x09, 0x03, 0x04, 0x00, 0x06, 0xfe, 0x92, 0x0c, 0x02,
    0x03, 0x01, 0x01, 0x06, 0x80, 0x1b, 0x07, 0x03, 0x06, 0x62, 0x06, 0x4a, 0x06, 0x4d, 0x09, 0x0d, 0x07, 0x00, 0x06, 0xfe, 0x40, 0x01, 0x1a, 0x06,
    0x22, 0x03, 0x06, 0x11, 0x01, 0x06, 0xe6, 0xb0, 0x06, 0xfe, 0x41, 0x01, 0x6a, 0x02, 0x25, 0x02, 0x6a, 0x02, 0x1b, 0x07, 0x03, 0x06, 0x62, 0x06,
    0x4a, 0x06, 0x4d, 0x08, 0x08, 0x07, 0x06, 0xfe, 0x93, 0x0c, 0x08, 0x06, 0xfe, 0x94, 0x0c, 0x09, 0x03, 0x01, 0x0a, 0x06, 0x21, 0x0b, 0x00, 0x0c,
    0x01, 0x06, 0x00, 0x0d, 0x09, 0x0a, 0x05, 0x00, 0x06, 0xfe, 0x95, 0x0c, 0x01, 0x06, 0x23, 0x1e, 0x07, 0x02, 0x09, 0x03, 0x04, 0x00, 0x06, 0xfe,
    0x96, 0x0c, 0x02, 0x03, 0x01, 0x01, 0x06, 0x80, 0x1b, 0x07, 0x03, 0x06, 0x4f, 0x06, 0x45, 0x06, 0x56, 0x09, 0x0d, 0x07, 0x00, 0x06, 0xfe, 0x40,
    0x01, 0x1a, 0x06, 0x22, 0x03, 0x06, 0x11, 0x01, 0x06, 0xe6, 0xb0, 0x06, 0xfe, 0x41, 0x01, 0x6a, 0x02, 0x25, 0x02, 0x6a, 0x02, 0x1b, 0x07, 0x03,
    0x06, 0x4f, 0x06, 0x45, 0x06, 0x56, 0x08, 0x08, 0x07, 0x06, 0xfe, 0x97, 0x0c, 0x08, 0x06, 0xfe, 0x98, 0x0c, 0x09, 0x03, 0x01, 0x0a, 0x06, 0x21,
    0x0b, 0x00, 0x0c, 0x01, 0x06, 0x00, 0x0d, 0x09, 0x0a, 0x06, 0x00, 0x06, 0xfe, 0x99, 0x0c, 0x01, 0x06, 0xef, 0xf0, 0x09, 0x05, 0x04, 0x00, 0x06,
    0xfe, 0x75, 0x01, 0x01, 0x06, 0x38, 0x29, 0x03, 0x02, 0x28, 0x06, 0x34, 0x16, 0x09, 0x07, 0x03, 0xb8, 0x06, 0x31, 0x00, 0x06, 0xfe, 0x9a, 0x0c,
    0x12, 0x07, 0x01, 0x06, 0x36, 0x94, 0x09, 0x08, 0x08, 0x00, 0x06, 0xfe, 0x9b, 0x0c, 0x05, 0x06, 0x17, 0x27, 0x06, 0x67, 0x03, 0x06, 0x11, 0x04,
    0x06, 0x0e, 0x12, 0x07, 0x01, 0x06, 0x36, 0x01, 0x06, 0x30, 0x25, 0x02, 0x12, 0x07, 0x01, 0x06, 0x36, 0x08, 0x08, 0x07, 0x06, 0xfe, 0x9c, 0x0c,
    0x08, 0x06, 0xfe, 0x9d, 0x0c, 0x09, 0x03, 0x01, 0x0a, 0x06, 0x21, 0x0b, 0x00, 0x0c, 0x01, 0x06, 0x00, 0x0d, 0x09, 0x05, 0x07, 0x00, 0x06, 0xfe,
    0x9e, 0x0c, 0x16, 0x09, 0x06, 0x08, 0x00, 0x06, 0xfe, 0x9f, 0x0c, 0x6f, 0x06, 0xfe, 0x3d, 0x01, 0x04, 0x06, 0x0e, 0x13, 0x06, 0x5e, 0xfe, 0x03,
    0x01, 0x07, 0x02, 0x06, 0x5e, 0x06, 0x84, 0x1b, 0x07, 0x01, 0x06, 0x4f, 0x02, 0x03, 0x04, 0x12, 0x07, 0x01, 0x06, 0x36, 0x01, 0x06, 0x38, 0x29,
    0x03, 0x01, 0x28, 0x06, 0x34, 0x25, 0x02, 0x1b, 0x07, 0x01, 0x06, 0x4f, 0x08, 0x08, 0x07, 0x06, 0xfe, 0xa0, 0x0c, 0x08, 0x06, 0xfe, 0xa1, 0x0c,
    0x09, 0x03, 0x01, 0x0a, 0x06, 0x21, 0x0b, 0x00, 0x0c, 0x01, 0x06, 0x00, 0x0d, 0x09, 0x07, 0x0c, 0x00, 0x06, 0xfe, 0xa2, 0x0c, 0x16, 0x09, 0x06,
    0x08, 0x00, 0x06, 0xfe, 0xa3, 0x0c, 0x6f, 0x06, 0xfe, 0x3d, 0x01, 0x04, 0x06, 0x0e, 0x13, 0x06, 0x5e, 0xfe, 0x03, 0x01, 0x07, 0x02, 0x06, 0x5e,
    0x06, 0x84, 0x1b, 0x07, 0x01, 0x06, 0x4f, 0x02, 0x03, 0x03, 0x12, 0x07, 0x01, 0x06, 0x36, 0x02, 0x03, 0x04, 0x03, 0x06, 0x11, 0x04, 0x06, 0x0e,
    0x12, 0x07, 0x01, 0x06, 0x36, 0x73, 0x03, 0x01, 0x01, 0x06, 0x1c, 0x1d, 0x06, 0x35, 0x1b, 0x07, 0x01, 0x06, 0x56, 0x1a, 0x06, 0x22, 0xfe, 0x3a,
    0x01, 0x02, 0x08, 0x08, 0x07, 0x06, 0xfe, 0xa4, 0x0c, 0x08, 0x06, 0xfe, 0xa5, 0x0c, 0x09, 0x03, 0x01, 0x0a, 0x06, 0x21, 0x0b, 0x00, 0x0c, 0x01,
    0x06, 0x00, 0x0d, 0x09, 0x06, 0x07, 0x00, 0x06, 0xfe, 0xa6, 0x0c, 0x16, 0x09, 0x01, 0x09, 0x02, 0x03, 0x02, 0x18, 0x06, 0x1f, 0x00, 0x06, 0xfe,
    0xa7, 0x0c, 0x7c, 0x06, 0x66, 0x03, 0x06, 0x11, 0xfe, 0x4b, 0x01, 0x02, 0x13, 0x06, 0x17, 0x04, 0x06, 0x0e, 0x12, 0x07, 0x01, 0x06, 0x36, 0x01,
    0x06, 0x8a, 0x1b, 0x07, 0x01, 0x06, 0x87, 0x28, 0x06, 0xa3, 0x25, 0x02, 0x29, 0x03, 0x03, 0x08, 0x08, 0x07, 0x06, 0xfe, 0xa8, 0x0c, 0x08, 0x06,
    0xfe, 0xa9, 0x0c, 0x09, 0x03, 0x01, 0x0a, 0x06, 0x21, 0x0b, 0x00, 0x0c, 0x01, 0x06, 0x09, 0x01, 0x07, 0x00, 0x06, 0x5b, 0x05, 0x06, 0x10, 0x2a,
    0x06, 0x10, 0x0f, 0x06, 0x15, 0x02, 0x03, 0x01, 0x19, 0x02, 0x01, 0x06, 0x14, 0x0d, 0x09, 0x0a, 0x04, 0x00, 0x06, 0xfe, 0xaa, 0x0c, 0x01, 0x06,
    0x23, 0x1e, 0x07, 0x02, 0x09, 0x01, 0x07, 0x00, 0x06, 0xe8, 0x05, 0x06, 0x2c, 0x02, 0x03, 0x03, 0x0f, 0x06, 0x15, 0x04, 0x06, 0x0e, 0x01, 0x06,
    0x14, 0x03, 0x06, 0x2d, 0x09, 0x01, 0x08, 0x00, 0x06, 0xfe, 0xab, 0x0c, 0x05, 0x06, 0x15, 0x0f, 0x06, 0x10, 0x02, 0x03, 0x01, 0x03, 0x06, 0x11,
    0x04, 0x06, 0x0e, 0x12, 0x07, 0x01, 0x06, 0xfe, 0x6a, 0x01, 0x01, 0x06, 0x14, 0x12, 0x07, 0x01, 0x06, 0xfe, 0x6a, 0x01, 0x08, 0x08, 0x07, 0x06,
    0xfe, 0xac, 0x0c, 0x08, 0x06, 0xfe, 0xad, 0x0c, 0x09, 0x03, 0x01, 0x0a, 0x06, 0x21, 0x0b, 0x00, 0x0c, 0x01, 0x06, 0x00, 0x0d, 0x09, 0x0a, 0x04,
    0x00, 0x06, 0xfe, 0xae, 0x0c, 0x01, 0x06, 0x23, 0x1e, 0x07, 0x02, 0x09, 0x03, 0x04, 0x00, 0x06, 0xfe, 0xaf, 0x0c, 0x02, 0x03, 0x01, 0x01, 0x06,
    0x80, 0x1b, 0x07, 0x03, 0x06, 0x4a, 0x06, 0x4d, 0x06, 0x56, 0x09, 0x07, 0x0a, 0x00, 0x06, 0xfe, 0xd4, 0x01, 0x02, 0x03, 0x01, 0x01, 0x06, 0x1c,
    0x1d, 0x06, 0x35, 0x59, 0x02, 0x5d, 0x03, 0x01, 0x63, 0x06, 0x91, 0x13, 0x06, 0xa8, 0x04, 0x06, 0x0e, 0x1a, 0x06, 0x22, 0x1b, 0x07, 0x03, 0x06,
    0x4a, 0x06, 0x4d, 0x06, 0x56, 0x08, 0x08, 0x07, 0x06, 0xfe, 0xb0, 0x0c, 0x08, 0x06, 0xfe, 0xf7, 0x01, 0x09, 0x03, 0x01, 0x0a, 0x06, 0x20, 0x0b,
    0x00, 0x0c, 0x01, 0x06, 0x00, 0x0d, 0x09, 0x08, 0x09, 0x00, 0x06, 0xfe, 0x28, 0x01, 0x05, 0x06, 0x17, 0x43, 0x03, 0x04, 0x3f, 0x06, 0x47, 0x27,
    0x06, 0x31, 0x02, 0x03, 0x01, 0x03, 0x06, 0x11, 0x04, 0x06, 0x3c, 0x01, 0x06, 0x30, 0x08, 0x08, 0x07, 0x06, 0xfe, 0xb1, 0x0c, 0x08, 0x06, 0xfe,
    0xb2, 0x0c, 0x09, 0x03, 0x01, 0x0a, 0x06, 0x20, 0x0b, 0x00, 0x0c, 0x01, 0x06, 0x09, 0x01, 0x07, 0x00, 0x06, 0x5b, 0x05, 0x06, 0x10, 0x2a, 0x06,
    0x10, 0x0f, 0x06, 0x15, 0x02, 0x03, 0x01, 0x19, 0x02, 0x01, 0x06, 0x14, 0x0d, 0x09, 0x04, 0x06, 0x00, 0x06, 0xfe, 0xb6, 0x02, 0x01, 0x06, 0x53,
    0x58, 0x09, 0x04, 0x05, 0x00, 0x06, 0xdd, 0x05, 0x06, 0x2c, 0x02, 0x03, 0x04, 0x04, 0x06, 0x0e, 0x01, 0x06, 0x4c, 0x54, 0x09, 0x03, 0x09, 0x01,
    0x06, 0x51, 0x0f, 0x06, 0x10, 0x55, 0x02, 0x4e, 0x02, 0x02, 0x03, 0x01, 0x03, 0x06, 0x11, 0x1b, 0x07, 0x02, 0x06, 0x4d, 0x06, 0x56, 0x19, 0x02,
    0x00, 0x06, 0xfe, 0xb6, 0x02, 0x19, 0x02, 0x1b, 0x07, 0x02, 0x06, 0x4d, 0x06, 0x56, 0x08, 0x08, 0x07, 0x06, 0xfe, 0xb3, 0x0c, 0x08, 0x06, 0xfe,
    0xb4, 0x0c, 0x09, 0x03, 0x01, 0x0a, 0x06, 0x21, 0x0b, 0x00, 0x0c, 0x01, 0x06, 0x00, 0x0d, 0x09, 0x06, 0x10, 0x00, 0x06, 0xfe, 0xb5, 0x0c, 0x02,
    0x03, 0x03, 0x6b, 0x02, 0x01, 0x06, 0x8a, 0x1b, 0x07, 0x01, 0x06, 0x87, 0x28, 0x06, 0xa3, 0xfe, 0x1c, 0x01, 0x03, 0x03, 0x25, 0x02, 0x59, 0x02,
    0x5d, 0x03, 0x02, 0x63, 0x06, 0xfe, 0xb7, 0x02, 0xfe, 0x98, 0x02, 0x07, 0x01, 0x06, 0x62, 0x03, 0x06, 0x11, 0x16, 0x09, 0x04, 0x05, 0x00, 0x06,
    0xfe, 0xb6, 0x0c, 0x12, 0x07, 0x01, 0x06, 0x50, 0x04, 0x06, 0x0e, 0x03, 0x06, 0x11, 0x3d, 0x06, 0x3b, 0x29, 0x03, 0x02, 0x3d, 0x06, 0x3b, 0x08,
    0x08, 0x07, 0x06, 0xfe, 0xb7, 0x0c, 0x08, 0x06, 0xfe, 0xb8, 0x0c, 0x09, 0x03, 0x01, 0x0a, 0x06, 0x21, 0x0b, 0x00, 0x0c, 0x01, 0x06, 0x00, 0x0d,
    0x09, 0x0a, 0x05, 0x00, 0x06, 0xfe, 0xb9, 0x0c, 0x01, 0x06, 0x23, 0x1e, 0x07, 0x03, 0x09, 0x0a, 0x05, 0x00, 0x06, 0xfe, 0xba, 0x0c, 0x16, 0x09,
    0x01, 0x07, 0x02, 0x03, 0x01, 0x18, 0x06, 0x1f, 0x00, 0x06, 0xfe, 0xbb, 0x0c, 0x7c, 0x06, 0x66, 0x03, 0x06, 0x11, 0x13, 0x06, 0x17, 0x04, 0x06,
    0x0e, 0x01, 0x06, 0x23, 0x1e, 0x07, 0x02, 0x09, 0x02, 0x07, 0x00, 0x06, 0xfe, 0xbc, 0x0c, 0x02, 0x03, 0x01, 0x04, 0x06, 0x76, 0x01, 0x06, 0x32,
    0x05, 0x06, 0x2f, 0x0f, 0x06, 0x10, 0x12, 0x07, 0x01, 0x06, 0x50, 0x09, 0x01, 0x06, 0x00, 0x06, 0x77, 0x05, 0x06, 0x10, 0x0f, 0x06, 0x15, 0x02,
    0x03, 0x01, 0x01, 0x06, 0x14, 0x03, 0x06, 0x2d, 0x12, 0x07, 0x01, 0x06, 0x50, 0x09, 0x07, 0x0b, 0x00, 0x06, 0xfe, 0xbd, 0x0c, 0x16, 0x09, 0x01,
    0x06, 0x02, 0x03, 0x02, 0x18, 0x06, 0x1f, 0x00, 0x06, 0xfe, 0xb8, 0x02, 0x7c, 0x06, 0x66, 0x03, 0x06, 0x11, 0x13, 0x06, 0x17, 0x1a, 0x06, 0x22,
    0x02, 0x03, 0x01, 0x03, 0x06, 0x11, 0x04, 0x06, 0x0e, 0x12, 0x07, 0x01, 0x06, 0x50, 0x73, 0x03, 0x01, 0x01, 0x06, 0x1c, 0x1d, 0x06, 0x35, 0x1b,
    0x07, 0x01, 0x06, 0x62, 0x09, 0x05, 0x08, 0x00, 0x06, 0xfe, 0xbe, 0x0c, 0x16, 0x09, 0x00, 0x05, 0x18, 0x06, 0x81, 0x70, 0x07, 0x02, 0x09, 0x01,
    0x06, 0x02, 0x03, 0x03, 0x18, 0x06, 0x1f, 0x00, 0x06, 0xfe, 0xbf, 0x0c, 0x7c, 0x06, 0x66, 0x03, 0x06, 0x11, 0x13, 0x06, 0x17, 0x09, 0x01, 0x04,
    0x04, 0x06, 0x0e, 0x71, 0x06, 0x7e, 0x00, 0x06, 0xfe, 0xc0, 0x0c, 0x13, 0x06, 0x17, 0x00, 0x06, 0xfe, 0xc1, 0x0c, 0x71, 0x06, 0x7e, 0x13, 0x06,
    0x17, 0x01, 0x06, 0x38, 0x29, 0x03, 0x01, 0x28, 0x06, 0x34, 0x25, 0x02, 0x98, 0x02, 0x12, 0x07, 0x01, 0x06, 0x50, 0x12, 0x07, 0x01, 0x06, 0x50,
    0x1b, 0x07, 0x01, 0x06, 0x62, 0x08, 0x08, 0x07, 0x06, 0xfe, 0xc2, 0x0c, 0x08, 0x06, 0xfe, 0xc3, 0x0c, 0x09, 0x03, 0x01, 0x0a, 0x06, 0x21, 0x0b,
    0x00, 0x0c, 0x01, 0x06, 0x00, 0x0d, 0x09, 0x0a, 0x04, 0x00, 0x06, 0xfe, 0xc4, 0x0c, 0x01, 0x06, 0x23, 0x1e, 0x07, 0x02, 0x09, 0x05, 0x0a, 0x00,
    0x06, 0xfe, 0xc5, 0x01, 0x01, 0x06, 0x38, 0x29, 0x03, 0x02, 0x28, 0x06, 0x34, 0x25, 0x02, 0x59, 0x02, 0x5d, 0x03, 0x01, 0x63, 0x06, 0x91, 0x13,
    0x06, 0xa8, 0x04, 0x06, 0x0e, 0x09, 0x06, 0x0b, 0x00, 0x06, 0xfe, 0xc5, 0x0c, 0x01, 0x06, 0x8a, 0x1b, 0x07, 0x04, 0x06, 0x87, 0x06, 0x4f, 0x06,
    0x62, 0x06, 0x56, 0x28, 0x06, 0xfe, 0x2c, 0x01, 0x02, 0x03, 0x01, 0x59, 0x02, 0x5d, 0x03, 0x01, 0x63, 0x06, 0x91, 0x13, 0x06, 0xa8, 0x04, 0x06,
    0x0e, 0x29, 0x03, 0x01, 0x1b, 0x07, 0x04, 0x06, 0x4f, 0x06, 0x62, 0x06, 0x56, 0x06, 0x87, 0x08, 0x08, 0x07, 0x06, 0xfe, 0xc6, 0x0c, 0x08, 0x06,
    0xfe, 0xc7, 0x0c, 0x09, 0x03, 0x01, 0x0a, 0x06, 0x21, 0x0b, 0x00, 0x0c, 0x01, 0x06, 0x00, 0x0d, 0x09, 0x06, 0x0c, 0x00, 0x06, 0xfe, 0xc8, 0x0c,
    0x01, 0x06, 0x8a, 0x1b, 0x07, 0x01, 0x06, 0x87, 0x28, 0x06, 0xa3, 0x25, 0x02, 0x59, 0x02, 0x5d, 0x03, 0x01, 0x63, 0x06, 0x66, 0xfe, 0xc9, 0x0c,
    0x07, 0x02, 0x06, 0x4f, 0x06, 0x56, 0x13, 0x06, 0x17, 0x04, 0x06, 0x0e, 0x29, 0x03, 0x01, 0x08, 0x08, 0x07, 0x06, 0xfe, 0xca, 0x0c, 0x08, 0x06,
    0xfe, 0xcb, 0x0c, 0x09, 0x03, 0x01, 0x0a, 0x06, 0x20, 0x0b, 0x00, 0x0c, 0x01, 0x06, 0x00, 0x0d, 0x09, 0x06, 0x07, 0x00, 0x06, 0xfe, 0xcc, 0x0c,
    0x16, 0x09, 0x01, 0x08, 0x02, 0x03, 0x05, 0x18, 0x06, 0x1f, 0x00, 0x06, 0xfe, 0xcd, 0x0c, 0x03, 0x06, 0x11, 0x13, 0x06, 0x17, 0x04, 0x06, 0x0e,
    0x1b, 0x07, 0x01, 0x06, 0x45, 0x60, 0x06, 0x61, 0x01, 0x06, 0xfe, 0x83, 0x01, 0x28, 0x06, 0xfe, 0x2c, 0x01, 0x04, 0x06, 0x3c, 0x1b, 0x07, 0x01,
    0x06, 0x87, 0x29, 0x03, 0x01, 0x08, 0x08, 0x07, 0x06, 0xfe, 0xce, 0x0c, 0x08, 0x06, 0xfe, 0xcf, 0x0c, 0x09, 0x03, 0x01, 0x0a, 0x06, 0x20, 0x0b,
    0x00, 0x0c, 0x01, 0x06, 0x00, 0x0d, 0x09, 0x06, 0x07, 0x00, 0x06, 0xfe, 0xd0, 0x0c, 0x16, 0x09, 0x01, 0x08, 0x02, 0x03, 0x05, 0x18, 0x06, 0x1f,
    0x00, 0x06, 0xfe, 0xd1, 0x0c, 0x03, 0x06, 0x11, 0x13, 0x06, 0x17, 0x04, 0x06, 0x0e, 0x1b, 0x07, 0x01, 0x06, 0x4d, 0x60, 0x06, 0x61, 0x01, 0x06,
    0xfe, 0x83, 0x01, 0x28, 0x06, 0xfe, 0x2c, 0x01, 0x04, 0x06, 0x3c, 0x1b, 0x07, 0x01, 0x06, 0x87, 0x29, 0x03, 0x01, 0x08, 0x08, 0x07, 0x06, 0xfe,
    0xd2, 0x0c, 0x08, 0x06, 0xfe, 0xd3, 0x0c, 0x09, 0x03, 0x01, 0x0a, 0x06, 0x21, 0x0b, 0x00, 0x0c, 0x01, 0x06, 0x00, 0x0d, 0x09, 0x07, 0x08, 0x00,
    0x06, 0xfe, 0xd4, 0x0c, 0x16, 0x09, 0x01, 0x08, 0x00, 0x06, 0xfe, 0xd5, 0x0c, 0x04, 0x06, 0x0e, 0x13, 0x06, 0x84, 0x1b, 0x07, 0x01, 0x06, 0x4a,
    0x03, 0x06, 0x24, 0x02, 0x03, 0x04, 0x18, 0x06, 0x1f, 0x60, 0x06, 0x61, 0x01, 0x06, 0x1c, 0x1d, 0x06, 0x35, 0x02, 0x03, 0x01, 0x1b, 0x07, 0x01,
    0x06, 0x4a, 0x1a, 0x06, 0x22, 0x04, 0x06, 0x0e, 0x08, 0x08, 0x07, 0x06, 0xfe, 0xd6, 0x0c, 0x08, 0x06, 0xfe, 0xd7, 0x0c, 0x09, 0x03, 0x01, 0x0a,
    0x06, 0x20, 0x0b, 0x00, 0x0c, 0x01, 0x06, 0x00, 0x0d, 0x09, 0x01, 0x07, 0x00, 0x06, 0xfe, 0x8d, 0x02, 0x05, 0x06, 0x2c, 0x02, 0x03, 0x0a, 0x0f,
    0x06, 0x15, 0x04, 0x06, 0x0e, 0x01, 0x06, 0x14, 0x03, 0x06, 0x2d, 0x08, 0x08, 0x07, 0x06, 0xfe, 0xd8, 0x0c, 0x08, 0x06, 0xfe, 0xd9, 0x0c, 0x09,
    0x03, 0x01, 0x0a, 0x06, 0x21, 0x0b, 0x00, 0x0c, 0x01, 0x06, 0x00, 0x0d, 0x09, 0x07, 0x07, 0x00, 0x06, 0xfe, 0xda, 0x0c, 0x16, 0x09, 0x02, 0x08,
    0xfe, 0xdb, 0x0c, 0x06, 0x3c, 0x7f, 0x06, 0x0e, 0x64, 0x06, 0x06, 0x18, 0x06, 0x8b, 0x13, 0x06, 0xfe, 0xdc, 0x0c, 0x03, 0x06, 0x11, 0x00, 0x06,
    0xfe, 0xdd, 0x0c, 0x52, 0x02, 0x01, 0x06, 0x1c, 0x1d, 0x06, 0x2e, 0x02, 0x03, 0x02, 0x1a, 0x06, 0x22, 0x52, 0x02, 0x08, 0x08, 0x07, 0x06, 0xfe,
    0xde, 0x0c, 0x08, 0x06, 0xfe, 0xdf, 0x0c, 0x09, 0x03, 0x01, 0x0a, 0x06, 0x21, 0x0b, 0x00, 0x0c, 0x01, 0x06, 0x00, 0x0d, 0x09, 0x07, 0x08, 0x00,
    0x06, 0xfe, 0xe0, 0x0c, 0x16, 0x09, 0x01, 0x08, 0x00, 0x06, 0xfe, 0xe1, 0x0c, 0x04, 0x06, 0x0e, 0x13, 0x06, 0x84, 0x1b, 0x07, 0x01, 0x06, 0x4d,
    0x03, 0x06, 0x24, 0x02, 0x03, 0x04, 0x18, 0x06, 0x1f, 0x60, 0x06, 0x61, 0x01, 0x06, 0x1c, 0x1d, 0x06, 0x35, 0x02, 0x03, 0x01, 0x1b, 0x07, 0x01,
    0x06, 0x4d, 0x1a, 0x06, 0x22, 0x04, 0x06, 0x0e, 0x08, 0x08, 0x07, 0x06, 0xfe, 0xe2, 0x0c, 0x08, 0x06, 0xfe, 0xe3, 0x0c, 0x09, 0x03, 0x01, 0x0a,
    0x06, 0x37, 0x0b, 0x00, 0x0c, 0x01, 0x06, 0x00, 0x0d, 0x09, 0x01, 0x0a, 0x00, 0x06, 0xfe, 0xe4, 0x0c, 0x16, 0x09, 0x01, 0x05, 0x02, 0x03, 0x02,
    0x18, 0x06, 0x1f, 0x00, 0x06, 0xfe, 0xe5, 0x0c, 0x13, 0x06, 0xa8, 0x04, 0x06, 0xfe, 0x60, 0x01, 0x05, 0x06, 0x3a, 0x65, 0x09, 0x03, 0x02, 0x26,
    0x06, 0x3a, 0x6d, 0x06, 0x89, 0x0f, 0x06, 0x10, 0x02, 0x03, 0x02, 0x03, 0x06, 0x11, 0x04, 0x06, 0x0e, 0x6b, 0x02, 0x01, 0x06, 0x14, 0x08, 0x08,
    0x07, 0x06, 0xfe, 0xe6, 0x0c, 0x08, 0x06, 0xfe, 0xe7, 0x0c, 0x09, 0x03, 0x01, 0x0a, 0x06, 0x37, 0x0b, 0x00, 0x0c, 0x01, 0x06, 0x00, 0x0d, 0x09,
    0x0a, 0x04, 0x00, 0x06, 0xfe, 0xe8, 0x0c, 0x16, 0x09, 0x02, 0x04, 0x00, 0x06, 0xfe, 0xe9, 0x0c, 0x86, 0x06, 0xcf, 0x02, 0x03, 0x03, 0x18, 0x06,
    0x1f, 0x01, 0x06, 0x23, 0x1e, 0x07, 0x02, 0x09, 0x07, 0x05, 0x00, 0x06, 0xfe, 0xea, 0x0c, 0x01, 0x06, 0x1c, 0xfe, 0x6d, 0x01, 0x06, 0xfe, 0x6e,
    0x01, 0x1d, 0x06, 0xcf, 0x52, 0x02, 0x09, 0x05, 0x05, 0x00, 0x06, 0xfe, 0x08, 0x01, 0x01, 0x06, 0x38, 0x29, 0x03, 0x01, 0x28, 0x06, 0x34, 0x25,
    0x02, 0x08, 0x08, 0x07, 0x06, 0xfe, 0xeb, 0x0c, 0x08, 0x06, 0xfe, 0xec, 0x0c, 0x09, 0x03, 0x01, 0x0a, 0x06, 0x21, 0x0b, 0x00, 0x0c, 0x01, 0x06,
    0x00, 0x0d, 0x09, 0x07, 0x08, 0x00, 0x06, 0xfe, 0xed, 0x0c, 0x16, 0x09, 0x02, 0x05, 0x00, 0x06, 0xfe, 0xee, 0x0c, 0x04, 0x06, 0x0e, 0x13, 0x06,
    0x17, 0x86, 0x06, 0x3e, 0x03, 0x06, 0x49, 0x01, 0x06, 0x1c, 0x1d, 0x06, 0x35, 0x02, 0x03, 0x01, 0x1b, 0x07, 0x01, 0x06, 0x4f, 0x1a, 0x06, 0x22,
    0x04, 0x06, 0x0e, 0x08, 0x08, 0x07, 0x06, 0xfe, 0xef, 0x0c, 0x08, 0x06, 0xfe, 0xf0, 0x0c, 0x09, 0x03, 0x01, 0x0a, 0x06, 0x21, 0x0b, 0x00, 0x0c,
    0x01, 0x06, 0x00, 0x0d, 0x09, 0x07, 0x07, 0x00, 0x06, 0xfe, 0xf1, 0x0c, 0x16, 0x09, 0x01, 0x05, 0x00, 0x06, 0xfe, 0xb9, 0x02, 0x04, 0x06, 0x0e,
    0x13, 0x06, 0x17, 0x1b, 0x07, 0x06, 0x06, 0x4f, 0x06, 0x45, 0x06, 0x62, 0x06, 0x4a, 0x06, 0x4d, 0x06, 0x56, 0x03, 0x06, 0x11, 0x01, 0x06, 0x1c,
    0x1d, 0x06, 0x2e, 0x02, 0x03, 0x02, 0x1a, 0x06, 0x22, 0x1b, 0x07, 0x06, 0x06, 0x4f, 0x06, 0x45, 0x06, 0x62, 0x06, 0x4a, 0x06, 0x4d, 0x06, 0x56,
    0x08, 0x08, 0x07, 0x06, 0xfe, 0xf2, 0x0c, 0x08, 0x06, 0xfe, 0xf3, 0x0c, 0x09, 0x03, 0x01, 0x0a, 0x06, 0x20, 0x0b, 0x00, 0x0c, 0x01, 0x06, 0x00,
    0x0d, 0x09, 0x0a, 0x03, 0x00, 0x06, 0xfe, 0xf4, 0x0c, 0x01, 0x06, 0x23, 0x1e, 0x07, 0x02, 0x09, 0x01, 0x07, 0x00, 0x06, 0xfe, 0x26, 0x02, 0x05,
    0x06, 0x2c, 0x02, 0x03, 0x02, 0x0f, 0x06, 0x15, 0x04, 0x06, 0x0e, 0x01, 0x06, 0x14, 0x03, 0x06, 0x2d, 0x09, 0x01, 0x09, 0x00, 0x06, 0xfe, 0xf5,
    0x0c, 0x05, 0x06, 0x15, 0x0f, 0x06, 0x2f, 0x3d, 0x09, 0x03, 0x01, 0x3d, 0x06, 0xfe, 0xf6, 0x0c, 0x02, 0x03, 0x01, 0x03, 0x06, 0x24, 0x04, 0x06,
    0x0e, 0x19, 0x02, 0x01, 0x06, 0x14, 0x08, 0x08, 0x07, 0x06, 0xfe, 0xf7, 0x0c, 0x08, 0x06, 0xfe, 0xf8, 0x0c, 0x09, 0x03, 0x01, 0x0a, 0x06, 0x21,
    0x0b, 0x00, 0x0c, 0x01, 0x06, 0x00, 0x0d, 0x09, 0x05, 0x07, 0x00, 0x06, 0xfe, 0xf9, 0x0c, 0x16, 0x09, 0x01, 0x05, 0x00, 0x06, 0xfe, 0xb9, 0x02,
    0x04, 0x06, 0x0e, 0x13, 0x06, 0x17, 0x1b, 0x07, 0x06, 0x06, 0x4f, 0x06, 0x45, 0x06, 0x62, 0x06, 0x4a, 0x06, 0x4d, 0x06, 0x56, 0x03, 0x06, 0x11,
    0x01, 0x06, 0x38, 0x29, 0x03, 0x01, 0x28, 0x06, 0x34, 0x25, 0x02, 0x1b, 0x07, 0x06, 0x06, 0x4f, 0x06, 0x45, 0x06, 0x62, 0x06, 0x4a, 0x06, 0x4d,
    0x06, 0x56, 0x08, 0x08, 0x07, 0x06, 0xfe, 0xfa, 0x0c, 0x08, 0x06, 0xfe, 0xfb, 0x0c, 0x09, 0x03, 0x01, 0x0a, 0x06, 0x37, 0x0b, 0x00, 0x0c, 0x01,
    0x06, 0x00, 0x0d, 0x09, 0x01, 0x09, 0x00, 0x06, 0xfe, 0xfc, 0x0c, 0x16, 0x09, 0x02, 0x02, 0x00, 0x06, 0xfe, 0xfd, 0x0c, 0x64, 0x06, 0x8c, 0x05,
    0x06, 0x15, 0x0f, 0x06, 0x10, 0x02, 0x03, 0x01, 0x04, 0x06, 0x0e, 0x12, 0x07, 0x01, 0x06, 0x36, 0x01, 0x06, 0x14, 0x03, 0x06, 0x2d, 0x08, 0x08,
    0x07, 0x06, 0xfe, 0xfe, 0x0c, 0x08, 0x06, 0xfe, 0xff, 0x0c, 0x09, 0x03, 0x01, 0x0a, 0x06, 0x21, 0x0b, 0x00, 0x0c, 0x01, 0x06, 0x00, 0x0d, 0x09,
    0x05, 0x07, 0x00, 0x06, 0xfe, 0x00, 0x0d, 0x16, 0x09, 0x00, 0x07, 0x18, 0x06, 0x81, 0x70, 0x07, 0x02, 0x09, 0x01, 0x05, 0x02, 0x03, 0x02, 0x18,
    0x06, 0x1f, 0x00, 0x06, 0xfe, 0xba, 0x02, 0x13, 0x06, 0xa8, 0x04, 0x06, 0xfe, 0x60, 0x01, 0x09, 0x01, 0x07, 0x04, 0x06, 0x0e, 0x71, 0x06, 0x7e,
    0x00, 0x06, 0xfe, 0x01, 0x0d, 0x13, 0x06, 0x17, 0x02, 0x03, 0x03, 0x18, 0x06, 0x1f, 0x7c, 0x06, 0x66, 0x00, 0x06, 0xfe, 0x02, 0x0d, 0x04, 0x06,
    0x76, 0x13, 0x06, 0x5e, 0x03, 0x06, 0x24, 0x71, 0x06, 0x7e, 0x01, 0x06, 0x38, 0x29, 0x03, 0x01, 0x28, 0x06, 0x34, 0x25, 0x02, 0x71, 0x06, 0x7e,
    0x08, 0x08, 0x07, 0x06, 0xfe, 0x03, 0x0d, 0x08, 0x06, 0xfe, 0x04, 0x0d, 0x09, 0x03, 0x01, 0x0a, 0x06, 0x21, 0x0b, 0x00, 0x0c, 0x01, 0x06, 0x00,
    0x0d, 0x09, 0x0a, 0x05, 0x00, 0x06, 0xfe, 0x05, 0x0d, 0x16, 0x09, 0x02, 0x08, 0x00, 0x06, 0xfe, 0x06, 0x0d, 0x04, 0x06, 0x0e, 0x13, 0x06, 0x17,
    0x02, 0x03, 0x04, 0x86, 0x06, 0xfe, 0x13, 0x02, 0x1b, 0x07, 0x01, 0x06, 0x45, 0x03, 0x06, 0x11, 0x18, 0x06, 0x1f, 0x01, 0x06, 0x23, 0x1e, 0x07,
    0x02, 0x09, 0x05, 0x05, 0x00, 0x06, 0xfe, 0xc5, 0x01, 0x01, 0x06, 0x38, 0x29, 0x03, 0x02, 0x28, 0x06, 0x34, 0x25, 0x02, 0x09, 0x06, 0x06, 0x00,
    0x06, 0xfe, 0x07, 0x0d, 0x01, 0x06, 0x8a, 0x1b, 0x07, 0x01, 0x06, 0x45, 0x28, 0x06, 0xd9, 0x02, 0x03, 0x05, 0x29, 0x03, 0x05, 0x1b, 0x07, 0x01,
    0x06, 0x45, 0x08, 0x08, 0x07, 0x06, 0xfe, 0x08, 0x0d, 0x08, 0x06, 0xfe, 0x09, 0x0d, 0x09, 0x03, 0x01, 0x0a, 0x06, 0x21, 0x0b, 0x00, 0x0c, 0x01,
    0x06, 0x00, 0x0d, 0x09, 0x0a, 0x05, 0x00, 0x06, 0xfe, 0x0a, 0x0d, 0x16, 0x09, 0x01, 0x04, 0x00, 0x06, 0xfe, 0x0b, 0x0d, 0x69, 0x07, 0x01, 0x06,
    0xfe, 0x06, 0x01, 0x04, 0x06, 0x0e, 0x13, 0x06, 0x17, 0x01, 0x06, 0x23, 0x1e, 0x07, 0x04, 0x09, 0x04, 0x06, 0x00, 0x06, 0xfe, 0x0c, 0x0d, 0x05,
    0x06, 0x2c, 0x02, 0x03, 0x04, 0x04, 0x06, 0x0e, 0x01, 0x06, 0x4e, 0x52, 0x02, 0x09, 0x03, 0x07, 0x00, 0x06, 0xfe, 0x0d, 0x0d, 0x02, 0x03, 0x01,
    0x69, 0x07, 0x01, 0x06, 0xfe, 0x06, 0x01, 0xd7, 0x09, 0x03, 0x02, 0x00, 0x06, 0xfe, 0x06, 0x01, 0xd8, 0x06, 0xbe, 0x01, 0x06, 0x80, 0x05, 0x06,
    0x3a, 0x52, 0x02, 0x09, 0x07, 0x0c, 0x00, 0x06, 0xfe, 0x0e, 0x0d, 0x1a, 0x06, 0x22, 0x02, 0x03, 0x01, 0x04, 0x06, 0x0e, 0x69, 0x07, 0x01, 0x06,
    0xfe, 0x06, 0x01, 0xd7, 0x09, 0x03, 0x02, 0x00, 0x06, 0xfe, 0x06, 0x01, 0xd8, 0x06, 0xbe, 0x73, 0x03, 0x01, 0x98, 0x02, 0x01, 0x06, 0x1c, 0x1d,
    0x06, 0x35, 0x52, 0x02, 0xfe, 0x0f, 0x0d, 0x02, 0x09, 0x01, 0x07, 0x00, 0x06, 0xfe, 0x10, 0x0d, 0x05, 0x06, 0x3a, 0x65, 0x09, 0x03, 0x02, 0x26,
    0x06, 0x3a, 0x6d, 0x06, 0x89, 0x0f, 0x06, 0x15, 0x01, 0x06, 0x14, 0x03, 0x06, 0x2d, 0x52, 0x02, 0x52, 0x02, 0x08, 0x08, 0x07, 0x06, 0xfe, 0x11,
    0x0d, 0x08, 0x06, 0xfe, 0x12, 0x0d, 0x09, 0x03, 0x01, 0x0a, 0x06, 0x57, 0x0b, 0x00, 0x0c, 0x01, 0x06, 0x00, 0x0d, 0x09, 0x07, 0x09, 0x00, 0x06,
    0xfe, 0x13, 0x0d, 0x16, 0x09, 0x00, 0x03, 0x18, 0x06, 0x81, 0x70, 0x07, 0x02, 0x09, 0x01, 0x06, 0x03, 0x06, 0x11, 0x13, 0x06, 0x17, 0x00, 0x06,
    0xfe, 0x14, 0x0d, 0x82, 0x02, 0xb0, 0x06, 0x52, 0x04, 0x06, 0x0e, 0x09, 0x01, 0x04, 0x00, 0x06, 0xfe, 0x15, 0x0d, 0x04, 0x06, 0x0e, 0x13, 0x06,
    0x17, 0x03, 0x06, 0x11, 0x00, 0x06, 0xfe, 0x16, 0x0d, 0x03, 0x06, 0x11, 0x01, 0x06, 0x1c, 0x1d, 0x06, 0x35, 0xb0, 0x06, 0x52, 0x02, 0x03, 0x01,
    0x1a, 0x06, 0x22, 0xde, 0x06, 0xdf, 0x08, 0x08, 0x07, 0x06, 0xfe, 0x17, 0x0d, 0x08, 0x06, 0xfe, 0x18, 0x0d, 0x09, 0x03, 0x01, 0x0a, 0x06, 0x57,
    0x0b, 0x00, 0x0c, 0x01, 0x06, 0x00, 0x0d, 0x09, 0x02, 0x07, 0x00, 0x06, 0xfe, 0x19, 0x0d, 0x01, 0x06, 0x32, 0x02, 0x03, 0x01, 0x05, 0x06, 0x2f,
    0x0f, 0x06, 0x10, 0xde, 0x06, 0xdf, 0x16, 0x09, 0x01, 0x04, 0x00, 0x06, 0xfe, 0x1a, 0x0d, 0x04, 0x06, 0x0e, 0x13, 0x06, 0x17, 0x03, 0x06, 0x11,
    0x08, 0x08, 0x07, 0x06, 0xfe, 0x1b, 0x0d, 0x08, 0x06, 0xfe, 0x1c, 0x0d, 0x09, 0x03, 0x01, 0x0a, 0x06, 0x33, 0x0b, 0x00, 0x0c, 0x01, 0x06, 0x00,
    0x0d, 0x09, 0x07, 0x09, 0x00, 0x06, 0xfe, 0x11, 0x01, 0x16, 0x09, 0x04, 0x08, 0x00, 0x06, 0xfe, 0x1d, 0x0d, 0x12, 0x07, 0x01, 0x06, 0x44, 0x04,
    0x06, 0x0e, 0x13, 0x06, 0x84, 0x03, 0x06, 0x24, 0x02, 0x03, 0x08, 0x18, 0x06, 0x1f, 0x60, 0x06, 0x61, 0x1a, 0x06, 0x5a, 0x40, 0x02, 0x01, 0x06,
    0x1c, 0x1d, 0x06, 0x35, 0x02, 0x03, 0x01, 0x1b, 0x07, 0x01, 0x06, 0x62, 0x04, 0x06, 0x0e, 0x08, 0x08, 0x07, 0x06, 0xfe, 0x1e, 0x0d, 0x08, 0x06,
    0xfe, 0x1f, 0x0d, 0x09, 0x03, 0x01, 0x0a, 0x06, 0x20, 0x0b, 0x00, 0x0c, 0x01, 0x06, 0x09, 0x01, 0x07, 0x00, 0x06, 0x5b, 0x05, 0x06, 0x10, 0x2a,
    0x06, 0x10, 0x0f, 0x06, 0x15, 0x02, 0x03, 0x01, 0x19, 0x02, 0x01, 0x06, 0x14, 0x0d, 0x09, 0x04, 0x06, 0x00, 0x06, 0xfe, 0xbb, 0x02, 0x01, 0x06,
    0x53, 0x58, 0x09, 0x04, 0x05, 0x00, 0x06, 0x8e, 0x05, 0x06, 0x2c, 0x02, 0x03, 0x05, 0x04, 0x06, 0x0e, 0x01, 0x06, 0x4c, 0x54, 0x09, 0x03, 0x0a,
    0x01, 0x06, 0x51, 0x0f, 0x06, 0x10, 0x55, 0x02, 0x4e, 0x02, 0x02, 0x03, 0x01, 0x03, 0x06, 0x11, 0x19, 0x02, 0x12, 0x07, 0x02, 0x06, 0xfe, 0xc7,
    0x01, 0x06, 0x44, 0x9b, 0x07, 0x02, 0x09, 0x03, 0x03, 0x12, 0x07, 0x01, 0x06, 0xfe, 0xc7, 0x01, 0x03, 0x06, 0x11, 0x01, 0x06, 0xfe, 0x0c, 0x01,
    0x09, 0x03, 0x04, 0x12, 0x07, 0x01, 0x06, 0x44, 0x03, 0x06, 0x11, 0x83, 0x06, 0x90, 0x01, 0x06, 0xfe, 0x0c, 0x01, 0x00, 0x06, 0xfe, 0xbb, 0x02,
    0x19, 0x02, 0x12, 0x07, 0x02, 0x06, 0xfe, 0xc7, 0x01, 0x06, 0x44, 0x08, 0x08, 0x07, 0x06, 0xfe, 0x20, 0x0d, 0x08, 0x06, 0xfe, 0x21, 0x0d, 0x09,
    0x03, 0x01, 0x0a, 0x06, 0x20, 0x0b, 0x00, 0x0c, 0x01, 0x06, 0x00, 0x0d, 0x09, 0x02, 0x07, 0x00, 0x06, 0xfe, 0x22, 0x0d, 0x16, 0x09, 0x06, 0x06,
    0x6f, 0x06, 0x8f, 0x16, 0x09, 0x03, 0x02, 0x00, 0x06, 0xfe, 0xbc, 0x02, 0x42, 0x02, 0x00, 0x06, 0xfe, 0xbc, 0x02, 0x39, 0x09, 0x03, 0x02, 0x26,
    0x06, 0x6f, 0xd2, 0x06, 0xeb, 0x03, 0x06, 0x11, 0x42, 0x02, 0x01, 0x06, 0x32, 0x02, 0x03, 0x01, 0x05, 0x06, 0x2f, 0x0f, 0x06, 0x10, 0x42, 0x02,
    0x08, 0x08, 0x07, 0x06, 0xfe, 0x23, 0x0d, 0x08, 0x06, 0xfe, 0x24, 0x0d, 0x09, 0x03, 0x01, 0x0a, 0x06, 0x20, 0x0b, 0x00, 0x0c, 0x01, 0x06, 0x00,
    0x0d, 0x09, 0x07, 0x07, 0x00, 0x06, 0xfe, 0x36, 0x01, 0x1a, 0x06, 0x22, 0x3d, 0x06, 0x3b, 0x01, 0x06, 0x1c, 0x1d, 0x06, 0x2e, 0x02, 0x03, 0x02,
    0x4b, 0x06, 0x3b, 0x08, 0x08, 0x07, 0x06, 0xfe, 0x25, 0x0d, 0x08, 0x06, 0xfe, 0x26, 0x0d, 0x09, 0x03, 0x01, 0x0a, 0x06, 0x33, 0x0b, 0x00, 0x0c,
    0x01, 0x06, 0x00, 0x0d, 0x09, 0x07, 0x09, 0x00, 0x06, 0xfe, 0xf1, 0x01, 0x16, 0x09, 0x01, 0x05, 0x02, 0x03, 0x0a, 0x18, 0x06, 0x1f, 0x00, 0x06,
    0xfe, 0xf4, 0x01, 0x04, 0x06, 0x0e, 0x13, 0x06, 0x2b, 0x1a, 0x06, 0x5a, 0x40, 0x02, 0x01, 0x06, 0x1c, 0x1d, 0x06, 0x35, 0x02, 0x03, 0x02, 0x1b,
    0x07, 0x01, 0x06, 0x56, 0x04, 0x06, 0x0e, 0x08, 0x08, 0x07, 0x06, 0xfe, 0x27, 0x0d, 0x08, 0x06, 0xfe, 0x28, 0x0d, 0x09, 0x03, 0x01, 0x0a, 0x06,
    0x33, 0x0b, 0x00, 0x0c, 0x01, 0x06, 0x00, 0x0d, 0x09, 0x0d, 0x0c, 0x00, 0x06, 0xfe, 0xad, 0x01, 0x16, 0x09, 0x06, 0x06, 0x6f, 0x06, 0x8f, 0x16,
    0x09, 0x03, 0x03, 0x00, 0x06, 0xfe, 0xbd, 0x02, 0x12, 0x07, 0x01, 0x06, 0x44, 0x13, 0x06, 0x10, 0x00, 0x06, 0xfe, 0xbd, 0x02, 0x39, 0x09, 0x03,
    0x02, 0x26, 0x06, 0x6f, 0xd2, 0x06, 0xeb, 0x03, 0x06, 0x11, 0x12, 0x07, 0x01, 0x06, 0x44, 0x1a, 0x06, 0x5a, 0x40, 0x02, 0x05, 0x06, 0x10, 0x03,
    0x06, 0x11, 0x01, 0x06, 0xa2, 0x28, 0x06, 0xc3, 0x13, 0x06, 0x10, 0x29, 0x03, 0x02, 0x02, 0x03, 0x02, 0x25, 0x02, 0x08, 0x08, 0x07, 0x06, 0xfe,
    0x29, 0x0d, 0x08, 0x06, 0xfe, 0x2a, 0x0d, 0x09, 0x03, 0x01, 0x0a, 0x06, 0x37, 0x0b, 0x00, 0x0c, 0x01, 0x06, 0x09, 0x07, 0x06, 0x00, 0x06, 0xa0,
    0x19, 0x02, 0x3e, 0x03, 0x01, 0x02, 0x03, 0x01, 0x01, 0x06, 0x48, 0x05, 0x06, 0x2b, 0x0d, 0x09, 0x02, 0x05, 0x00, 0x06, 0x9c, 0x01, 0x06, 0x32,
    0x02, 0x03, 0x01, 0x05, 0x06, 0x2f, 0x0f, 0x06, 0x10, 0x08, 0x08, 0x07, 0x06, 0xfe, 0x2b, 0x0d, 0x08, 0x06, 0xfe, 0x2c, 0x0d, 0x09, 0x03, 0x01,
    0x0a, 0x06, 0x41, 0x0b, 0x00, 0x0c, 0x01, 0x06, 0x09, 0x01, 0x07, 0x00, 0x06, 0xc8, 0x05, 0x06, 0x17, 0x2a, 0x06, 0x17, 0x0f, 0x06, 0x15, 0x03,
    0x06, 0x11, 0x6e, 0x02, 0x01, 0x06, 0x14, 0x0d, 0x09, 0x01, 0x09, 0x00, 0x06, 0xfe, 0x2d, 0x0d, 0x16, 0x09, 0x01, 0x05, 0x02, 0x03, 0x06, 0x18,
    0x06, 0x1f, 0x00, 0x06, 0xfe, 0x2e, 0x0d, 0x04, 0x06, 0x0e, 0x13, 0x06, 0x2b, 0x05, 0x06, 0x6c, 0x0f, 0x06, 0x2b, 0x27, 0x06, 0x31, 0x02, 0x03,
    0x01, 0x03, 0x06, 0x49, 0x04, 0x06, 0x0e, 0x01, 0x06, 0x14, 0x08, 0x08, 0x07, 0x06, 0xfe, 0x2f, 0x0d, 0x08, 0x06, 0xfe, 0x30, 0x0d, 0x09, 0x03,
    0x01, 0x0a, 0x06, 0x37, 0x0b, 0x00, 0x0c, 0x01, 0x06, 0x00, 0x0d, 0x09, 0x05, 0x06, 0x00, 0x06, 0xfe, 0x31, 0x0d, 0x16, 0x09, 0x00, 0x07, 0x18,
    0x06, 0x81, 0x70, 0x07, 0x02, 0x09, 0x01, 0x05, 0x02, 0x03, 0x02, 0x18, 0x06, 0x1f, 0x00, 0x06, 0xfe, 0xba, 0x02, 0x13, 0x06, 0xa8, 0x04, 0x06,
    0xfe, 0x60, 0x01, 0x09, 0x01, 0x07, 0x02, 0x03, 0x01, 0x18, 0x06, 0x1f, 0x00, 0x06, 0xfe, 0x32, 0x0d, 0x13, 0x06, 0x3a, 0x03, 0x06, 0x24, 0x04,
    0x06, 0x0e, 0x83, 0x06, 0xf5, 0x00, 0x06, 0xfe, 0x33, 0x0d, 0x04, 0x06, 0x76, 0x13, 0x06, 0x5e, 0x03, 0x06, 0x24, 0x83, 0x06, 0xf5, 0x01, 0x06,
    0x38, 0x29, 0x03, 0x02, 0x28, 0x06, 0x34, 0x25, 0x02, 0x08, 0x08, 0x07, 0x06, 0xfe, 0x34, 0x0d, 0x08, 0x06, 0xfe, 0x35, 0x0d, 0x09, 0x03, 0x01,
    0x0a, 0x06, 0x21, 0x0b, 0x00, 0x0c, 0x01, 0x06, 0x00, 0x0d, 0x09, 0x0a, 0x05, 0x00, 0x06, 0xfe, 0x36, 0x0d, 0x01, 0x06, 0x23, 0x1e, 0x07, 0x02,
    0x09, 0x03, 0x05, 0x00, 0x06, 0xfe, 0x37, 0x0d, 0x02, 0x03, 0x01, 0x01, 0x06, 0x80, 0x1b, 0x07, 0x03, 0x06, 0x4f, 0x06, 0x45, 0x06, 0x56, 0x52,
    0x02, 0x09, 0x07, 0x09, 0x00, 0x06, 0xfe, 0x86, 0x01, 0x02, 0x03, 0x01, 0x01, 0x06, 0x1c, 0x1d, 0x06, 0x35, 0x1a, 0x06, 0x22, 0x52, 0x02, 0xfe,
    0x13, 0x01, 0x06, 0xfe, 0x72, 0x01, 0x03, 0x06, 0x11, 0x04, 0x06, 0x0e, 0x52, 0x02, 0x1b, 0x07, 0x03, 0x06, 0x4f, 0x06, 0x45, 0x06, 0x56, 0x08,
    0x08, 0x07, 0x06, 0xfe, 0x38, 0x0d, 0x08, 0x06, 0xfe, 0x39, 0x0d, 0x09, 0x03, 0x01, 0x0a, 0x06, 0x37, 0x0b, 0x00, 0x0c, 0x01, 0x06, 0x09, 0x07,
    0x07, 0x00, 0x06, 0xfe, 0x3a, 0x0d, 0x19, 0x02, 0x3e, 0x03, 0x01, 0x02, 0x03, 0x01, 0x99, 0x02, 0x01, 0x06, 0x48, 0x05, 0x06, 0x2b, 0x0d, 0x09,
    0x05, 0x08, 0x00, 0x06, 0xfe, 0x3b, 0x0d, 0x01, 0x06, 0x38, 0x29, 0x03, 0x01, 0x28, 0x06, 0x34, 0x25, 0x02, 0x59, 0x02, 0x5d, 0x03, 0x04, 0x63,
    0x06, 0xfe, 0xb7, 0x02, 0x08, 0x08, 0x07, 0x06, 0xfe, 0x3c, 0x0d, 0x08, 0x06, 0xfe, 0x3d, 0x0d, 0x09, 0x03, 0x01, 0x0a, 0x06, 0x21, 0x0b, 0x00,
    0x0c, 0x01, 0x06, 0x00, 0x0d, 0x09, 0x05, 0x06, 0x00, 0x06, 0xfe, 0x3e, 0x0d, 0x16, 0x09, 0x04, 0x07, 0x00, 0x06, 0xfe, 0x3f, 0x0d, 0x12, 0x07,
    0x01, 0x06, 0x44, 0x04, 0x06, 0x0e, 0x13, 0x06, 0x17, 0x03, 0x06, 0x11, 0x02, 0x03, 0x0b, 0x18, 0x06, 0x1f, 0x01, 0x06, 0x38, 0x29, 0x03, 0x01,
    0x28, 0x06, 0x34, 0x25, 0x02, 0x08, 0x08, 0x07, 0x06, 0xfe, 0x40, 0x0d, 0x08, 0x06, 0xfe, 0x41, 0x0d, 0x09, 0x03, 0x01, 0x0a, 0x06, 0x41, 0x0b,
    0x00, 0x0c, 0x01, 0x06, 0x09, 0x0a, 0x03, 0x00, 0x06, 0xfe, 0x9d, 0x01, 0x01, 0x06, 0x92, 0x1e, 0x07, 0x02, 0x09, 0x07, 0x05, 0x00, 0x06, 0xa1,
    0x3e, 0x03, 0x02, 0x02, 0x03, 0x02, 0x01, 0x06, 0x48, 0x05, 0x06, 0x2b, 0x09, 0x01, 0x07, 0x00, 0x06, 0xc8, 0x05, 0x06, 0x17, 0x2a, 0x06, 0x17,
    0x0f, 0x06, 0x15, 0x03, 0x06, 0x11, 0x6e, 0x02, 0x01, 0x06, 0x14, 0x0d, 0x09, 0x01, 0x0a, 0x00, 0x06, 0xfe, 0x2d, 0x02, 0x05, 0x06, 0x15, 0x0f,
    0x06, 0xe4, 0x43, 0x03, 0x0f, 0x3f, 0x06, 0x47, 0x02, 0x03, 0x01, 0x03, 0x06, 0x11, 0x04, 0x06, 0x0e, 0x12, 0x07, 0x01, 0x06, 0x5c, 0x01, 0x06,
    0x14, 0x08, 0x08, 0x07, 0x06, 0xfe, 0x42, 0x0d, 0x08, 0x06, 0xfe, 0x43, 0x0d, 0x09, 0x03, 0x01, 0x0a, 0x06, 0x21, 0x0b, 0x00, 0x0c, 0x01, 0x06,
    0x00, 0x0d, 0x09, 0x0a, 0x03, 0x00, 0x06, 0xfe, 0x44, 0x0d, 0x01, 0x06, 0x23, 0x1e, 0x07, 0x02, 0x09, 0x01, 0x07, 0x00, 0x06, 0xe8, 0x05, 0x06,
    0x2c, 0x02, 0x03, 0x03, 0x0f, 0x06, 0x15, 0x04, 0x06, 0x0e, 0x01, 0x06, 0x14, 0x03, 0x06, 0x2d, 0x09, 0x07, 0x06, 0x00, 0x06, 0xfe, 0x45, 0x0d,
    0x16, 0x09, 0x01, 0x05, 0x00, 0x06, 0xfe, 0xa0, 0x01, 0x03, 0x06, 0x11, 0x02, 0x03, 0x03, 0x18, 0x06, 0x85, 0x05, 0x06, 0x88, 0x01, 0x06, 0x1c,
    0x1d, 0x06, 0x2e, 0x02, 0x03, 0x02, 0x1a, 0x06, 0x22, 0x08, 0x08, 0x07, 0x06, 0xfe, 0x46, 0x0d, 0x08, 0x06, 0xfe, 0x47, 0x0d, 0x09, 0x03, 0x01,
    0x0a, 0x06, 0x57, 0x0b, 0x03, 0x01, 0x0c, 0x01, 0x06, 0x00, 0x0d, 0x09, 0x07, 0x06, 0x00, 0x06, 0xfe, 0xbe, 0x02, 0x16, 0x09, 0x03, 0x05, 0x00,
    0x06, 0xdb, 0x39, 0x09, 0x03, 0x02, 0x26, 0x06, 0x9f, 0x72, 0x06, 0x7b, 0x74, 0x06, 0x7a, 0x03, 0x06, 0x11, 0x25, 0x02, 0x01, 0x06, 0x1c, 0x1d,
    0x06, 0x2e, 0x02, 0x03, 0x01, 0x1a, 0x06, 0x22, 0x08, 0x08, 0x07, 0x06, 0xfe, 0x48, 0x0d, 0x08, 0x06, 0xfe, 0x49, 0x0d, 0x09, 0x03, 0x01, 0x0a,
    0x06, 0x33, 0x0b, 0x00, 0x0c, 0x01, 0x06, 0x00, 0x0d, 0x09, 0x07, 0x09, 0x00, 0x06, 0xfe, 0x27, 0x01, 0x16, 0x09, 0x01, 0x08, 0x02, 0x03, 0x02,
    0x18, 0x06, 0x1f, 0x00, 0x06, 0xfe, 0x4a, 0x0d, 0x7c, 0x06, 0x66, 0x03, 0x06, 0x11, 0x13, 0x06, 0x17, 0x04, 0x06, 0x3c, 0xb8, 0x06, 0x31, 0x1a,
    0x06, 0x5a, 0x40, 0x02, 0x01, 0x06, 0x1c, 0x1d, 0x06, 0x35, 0x02, 0x03, 0x01, 0x1b, 0x07, 0x01, 0x06, 0x56, 0x04, 0x06, 0x3c, 0x08, 0x08, 0x07,
    0x06, 0xfe, 0x4b, 0x0d, 0x08, 0x06, 0xfe, 0x4c, 0x0d, 0x09, 0x03, 0x01, 0x0a, 0x06, 0x21, 0x0b, 0x00, 0x0c, 0x01, 0x06, 0x09, 0x07, 0x06, 0x00,
    0x06, 0xa0, 0x19, 0x02, 0x3e, 0x03, 0x01, 0x02, 0x03, 0x01, 0x01, 0x06, 0x48, 0x05, 0x06, 0x2b, 0x0d, 0x09, 0x05, 0x06, 0x00, 0x06, 0xfe, 0x4d,
    0x0d, 0x16, 0x09, 0x00, 0x08, 0x18, 0x06, 0x81, 0x70, 0x07, 0x02, 0x09, 0x01, 0x07, 0x02, 0x03, 0x02, 0x18, 0x06, 0x1f, 0x00, 0x06, 0xfe, 0x4e,
    0x0d, 0x7c, 0x06, 0x66, 0x03, 0x06, 0x11, 0x13, 0x06, 0x17, 0x04, 0x06, 0x0e, 0x09, 0x01, 0x05, 0x04, 0x06, 0x0e, 0x71, 0x06, 0xfe, 0x54, 0x01,
    0x00, 0x06, 0xfe, 0x4f, 0x0d, 0x13, 0x06, 0x17, 0x12, 0x07, 0x01, 0x06, 0x5c, 0x00, 0x06, 0xfe, 0x50, 0x0d, 0x04, 0x06, 0x0e, 0x13, 0x06, 0x17,
    0x03, 0x06, 0x11, 0x71, 0x06, 0xfe, 0x54, 0x01, 0x12, 0x07, 0x01, 0x06, 0x5c, 0x01, 0x06, 0x38, 0x29, 0x03, 0x01, 0x28, 0x06, 0x34, 0x25, 0x02,
    0x08, 0x08, 0x07, 0x06, 0xfe, 0x51, 0x0d, 0x08, 0x06, 0xfe, 0x52, 0x0d, 0x09, 0x03, 0x01, 0x0a, 0x06, 0x21, 0x0b, 0x00, 0x0c, 0x01, 0x06, 0x00,
    0x0d, 0x09, 0x05, 0x06, 0x00, 0x06, 0xfe, 0x53, 0x0d, 0x16, 0x09, 0x00, 0x05, 0x18, 0x06, 0x81, 0x70, 0x07, 0x02, 0x09, 0x01, 0x08, 0x02, 0x03,
    0x03, 0x18, 0x06, 0x1f, 0x7c, 0x06, 0x66, 0x03, 0x06, 0x11, 0x13, 0x06, 0x17, 0x04, 0x06, 0x0e, 0x71, 0x06, 0x7e, 0x00, 0x06, 0xfe, 0xc8, 0x01,
    0x09, 0x01, 0x08, 0x02, 0x03, 0x03, 0x18, 0x06, 0x1f, 0x7c, 0x06, 0x66, 0x03, 0x06, 0x11, 0x13, 0x06, 0x17, 0x04, 0x06, 0x0e, 0x71, 0x06, 0x06,
    0x00, 0x06, 0xfe, 0xc8, 0x01, 0x00, 0x06, 0xfe, 0xc8, 0x01, 0x04, 0x06, 0x0e, 0x13, 0x06, 0x17, 0x01, 0x06, 0x38, 0x29, 0x03, 0x01, 0x28, 0x06,
    0x34, 0x25, 0x02, 0x08, 0x08, 0x07, 0x06, 0xfe, 0x54, 0x0d, 0x08, 0x06, 0xfe, 0x55, 0x0d, 0x09, 0x03, 0x01, 0x0a, 0x06, 0x21, 0x0b, 0x00, 0x0c,
    0x01, 0x06, 0x00, 0x0d, 0x09, 0x06, 0x0e, 0x00, 0x06, 0xfe, 0x56, 0x0d, 0x01, 0x06, 0x8a, 0x1b, 0x07, 0x01, 0x06, 0x4a, 0x28, 0x06, 0xa3, 0x25,
    0x02, 0x02, 0x03, 0x02, 0x59, 0x02, 0x5d, 0x03, 0x01, 0x63, 0x06, 0x91, 0x12, 0x07, 0x01, 0x06, 0x5c, 0x13, 0x06, 0x84, 0x04, 0x06, 0x0e, 0x42,
    0x02, 0x29, 0x03, 0x02, 0x08, 0x08, 0x07, 0x06, 0xfe, 0x57, 0x0d, 0x08, 0x06, 0xfe, 0x58, 0x0d, 0x09, 0x03, 0x01, 0x0a, 0x06, 0x21, 0x0b, 0x00,
    0x0c, 0x01, 0x06, 0x00, 0x0d, 0x09, 0x05, 0x06, 0x00, 0x06, 0xfe, 0x59, 0x0d, 0x16, 0x09, 0x01, 0x0a, 0x02, 0x03, 0x02, 0x18, 0x06, 0x1f, 0x00,
    0x06, 0xfe, 0x5a, 0x0d, 0x7c, 0x06, 0x66, 0x03, 0x06, 0x11, 0x13, 0x06, 0x17, 0x04, 0x06, 0x0e, 0x12, 0x07, 0x01, 0x06, 0x5c, 0x43, 0x03, 0x0a,
    0x3f, 0x06, 0x1f, 0x01, 0x06, 0x38, 0x29, 0x03, 0x01, 0x28, 0x06, 0x34, 0x25, 0x02, 0x08, 0x08, 0x07, 0x06, 0xfe, 0x5b, 0x0d, 0x08, 0x06, 0xfe,
    0x5c, 0x0d, 0x09, 0x03, 0x01, 0x0a, 0x06, 0x21, 0x0b, 0x00, 0x0c, 0x01, 0x06, 0x00, 0x0d, 0x09, 0x0d, 0x0c, 0x00, 0x06, 0xfe, 0x5d, 0x0d, 0x1a,
    0x06, 0x22, 0x05, 0x06, 0x17, 0x02, 0x03, 0x01, 0x03, 0x06, 0x11, 0x04, 0x06, 0x0e, 0x12, 0x07, 0x01, 0x06, 0x5c, 0x01, 0x06, 0xe6, 0xb0, 0x06,
    0x4f, 0x6a, 0x02, 0x25, 0x01, 0x1b, 0x07, 0x01, 0x06, 0x4f, 0x08, 0x08, 0x07, 0x06, 0xfe, 0x5e, 0x0d, 0x08, 0x06, 0xfe, 0x5f, 0x0d, 0x09, 0x03,
    0x01, 0x0a, 0x06, 0x21, 0x0b, 0x00, 0x0c, 0x01, 0x06, 0x00, 0x0d, 0x09, 0x05, 0x06, 0x00, 0x06, 0xfe, 0x60, 0x0d, 0x16, 0x09, 0x01, 0x08, 0x02,
    0x03, 0x03, 0x18, 0x06, 0x1f, 0x00, 0x06, 0xfe, 0x61, 0x0d, 0x7c, 0x06, 0x66, 0x03, 0x06, 0x11, 0x13, 0x06, 0x17, 0x04, 0x06, 0x0e, 0x12, 0x07,
    0x01, 0x06, 0x93, 0x01, 0x06, 0x38, 0x29, 0x03, 0x01, 0x28, 0x06, 0x34, 0x25, 0x02, 0x08, 0x08, 0x07, 0x06, 0xfe, 0x62, 0x0d, 0x08, 0x06, 0xfe,
    0x63, 0x0d, 0x09, 0x03, 0x01, 0x0a, 0x06, 0x21, 0x0b, 0x00, 0x0c, 0x01, 0x06, 0x09, 0x07, 0x06, 0x00, 0x06, 0xb1, 0x19, 0x02, 0x3e, 0x03, 0x02,
    0x02, 0x03, 0x02, 0x01, 0x06, 0x48, 0x05, 0x06, 0x2b, 0x0d, 0x09, 0x0a, 0x07, 0x00, 0x06, 0xfe, 0x64, 0x0d, 0x16, 0x09, 0x02, 0x0a, 0x00, 0x06,
    0xfe, 0x65, 0x0d, 0x12, 0x07, 0x01, 0x06, 0xe7, 0x04, 0x06, 0x0e, 0x13, 0x06, 0x17, 0x03, 0x06, 0x11, 0x02, 0x03, 0x09, 0x18, 0x06, 0x1f, 0x64,
    0x06, 0x06, 0x43, 0x03, 0x09, 0x3f, 0x06, 0x1f, 0x01, 0x06, 0x8d, 0x9b, 0x07, 0x02, 0x09, 0x01, 0x0a, 0x00, 0x06, 0xfe, 0x66, 0x0d, 0x05, 0x06,
    0x15, 0x0f, 0x06, 0xf3, 0x43, 0x03, 0x04, 0x3f, 0x06, 0x47, 0x02, 0x03, 0x01, 0x03, 0x06, 0x11, 0x04, 0x06, 0x0e, 0x12, 0x07, 0x01, 0x06, 0xe7,
    0x01, 0x06, 0x14, 0x09, 0x06, 0x07, 0x00, 0x06, 0xfe, 0x67, 0x0d, 0x01, 0x06, 0x8a, 0x1b, 0x07, 0x01, 0x06, 0x56, 0x28, 0x06, 0xa3, 0x25, 0x02,
    0x02, 0x03, 0x01, 0x29, 0x03, 0x01, 0x02, 0x03, 0x01, 0x12, 0x07, 0x01, 0x06, 0xe7, 0x1b, 0x07, 0x01, 0x06, 0x56, 0x08, 0x08, 0x07, 0x06, 0xfe,
    0x68, 0x0d, 0x08, 0x06, 0xfe, 0x69, 0x0d, 0x09, 0x03, 0x01, 0x0a, 0x06, 0x37, 0x0b, 0x00, 0x0c, 0x01, 0x06, 0x00, 0x0d, 0x09, 0x05, 0x07, 0x00,
    0x06, 0xfe, 0x6a, 0x0d, 0x16, 0x09, 0x00, 0x05, 0x70, 0x07, 0x03, 0x09, 0x01, 0x06, 0x02, 0x03, 0x02, 0x18, 0x06, 0x1f, 0x00, 0x06, 0xfe, 0x6b,
    0x0d, 0x13, 0x06, 0x3a, 0x03, 0x06, 0x24, 0x04, 0x06, 0x0e, 0x09, 0x01, 0x09, 0x02, 0x03, 0x05, 0x18, 0x06, 0x1f, 0x00, 0x06, 0xfe, 0x6c, 0x0d,
    0x7c, 0x06, 0xfe, 0x56, 0x01, 0x03, 0x06, 0x11, 0x13, 0x06, 0x17, 0x04, 0x06, 0x0e, 0x1b, 0x07, 0x06, 0x06, 0x4f, 0x06, 0x45, 0x06, 0x62, 0x06,
    0x4a, 0x06, 0x4d, 0x06, 0x56, 0x60, 0x06, 0x61, 0x09, 0x06, 0x05, 0x6f, 0x06, 0x8f, 0x16, 0x09, 0x03, 0x01, 0x00, 0x06, 0xfe, 0xbf, 0x02, 0x00,
    0x06, 0xfe, 0xbf, 0x02, 0x39, 0x09, 0x03, 0x02, 0x26, 0x06, 0x6f, 0xd2, 0x06, 0xeb, 0x03, 0x06, 0x11, 0x00, 0x06, 0xfe, 0x6d, 0x0d, 0x39, 0x09,
    0x03, 0x02, 0x26, 0x06, 0xbd, 0xfe, 0x10, 0x01, 0x07, 0x01, 0x09, 0x03, 0x02, 0x26, 0x06, 0x6f, 0xd2, 0x06, 0xeb, 0x60, 0x06, 0x61, 0x18, 0x06,
    0xbd, 0x01, 0x06, 0x38, 0x29, 0x03, 0x01, 0x28, 0x06, 0x34, 0x25, 0x02, 0x1b, 0x07, 0x06, 0x06, 0x4f, 0x06, 0x4a, 0x06, 0x4d, 0x06, 0x45, 0x06,
    0x62, 0x06, 0x56, 0x08, 0x08, 0x07, 0x06, 0xfe, 0x6e, 0x0d, 0x08, 0x06, 0xfe, 0x6f, 0x0d, 0x09, 0x03, 0x01, 0x0a, 0x06, 0x21, 0x0b, 0x00, 0x0c,
    0x01, 0x06, 0x00, 0x0d, 0x09, 0x07, 0x0b, 0x00, 0x06, 0xfe, 0x70, 0x0d, 0x16, 0x09, 0x01, 0x08, 0x04, 0x06, 0x0e, 0x71, 0x06, 0xfe, 0x54, 0x01,
    0x00, 0x06, 0xfe, 0x71, 0x0d, 0x13, 0x06, 0x17, 0x02, 0x03, 0x03, 0x18, 0x06, 0x1f, 0x7c, 0x06, 0x66, 0xe1, 0x06, 0xfe, 0x1b, 0x01, 0x03, 0x06,
    0x11, 0x04, 0x06, 0x0e, 0x3d, 0x06, 0x3b, 0x01, 0x06, 0x1c, 0x1d, 0x06, 0x35, 0xb0, 0x06, 0x52, 0x02, 0x03, 0x01, 0x1a, 0x06, 0x22, 0xe1, 0x06,
    0xfe, 0x1b, 0x01, 0x08, 0x08, 0x07, 0x06, 0xfe, 0x72, 0x0d, 0x08, 0x06, 0xfe, 0x73, 0x0d, 0x09, 0x03, 0x01, 0x0a, 0x06, 0x37, 0x0b, 0x00, 0x0c,
    0x01, 0x06, 0x00, 0x0d, 0x09, 0x01, 0x08, 0x00, 0x06, 0xfe, 0x74, 0x0d, 0x05, 0x06, 0x15, 0x0f, 0x06, 0x10, 0x03, 0x06, 0x11, 0x04, 0x06, 0x0e,
    0x01, 0x06, 0x14, 0x52, 0x02, 0xe1, 0x06, 0xfe, 0x1b, 0x01, 0x08, 0x08, 0x07, 0x06, 0xfe, 0x75, 0x0d, 0x08, 0x06, 0xfe, 0x76, 0x0d, 0x09, 0x03,
    0x01, 0x0a, 0x06, 0x21, 0x0b, 0x00, 0x0c, 0x01, 0x06, 0x00, 0x0d, 0x09, 0x0a, 0x06, 0x00, 0x06, 0xfe, 0x77, 0x0d, 0x16, 0x09, 0x04, 0x05, 0x00,
    0x06, 0xfe, 0x78, 0x0d, 0x12, 0x07, 0x01, 0x06, 0xfe, 0x6a, 0x01, 0x04, 0x06, 0x0e, 0x13, 0x06, 0x17, 0x03, 0x06, 0x11, 0x01, 0x06, 0x8d, 0x9b,
    0x07, 0x02, 0x09, 0x0a, 0x03, 0x01, 0x06, 0x23, 0x1e, 0x07, 0x02, 0x09, 0x08, 0x05, 0x00, 0x06, 0xfe, 0x79, 0x0d, 0x27, 0x06, 0x67, 0x02, 0x03,
    0x01, 0x03, 0x06, 0x11, 0x01, 0x06, 0x30, 0x09, 0x07, 0x06, 0x00, 0x06, 0xfe, 0x8b, 0x02, 0x03, 0x06, 0x11, 0x01, 0x06, 0x1c, 0x1d, 0x06, 0x2e,
    0x02, 0x03, 0x01, 0x1a, 0x06, 0x22, 0x00, 0x06, 0xfe, 0x7a, 0x0d, 0x09, 0x08, 0x08, 0x00, 0x06, 0xfe, 0x7b, 0x0d, 0x05, 0x06, 0x17, 0x27, 0x06,
    0x31, 0x02, 0x03, 0x01, 0x03, 0x06, 0x11, 0x04, 0x06, 0x3c, 0x01, 0x06, 0x30, 0x6a, 0x02, 0x02, 0x03, 0x01, 0x6a, 0x02, 0x08, 0x08, 0x07, 0x06,
    0xfe, 0x7c, 0x0d, 0x08, 0x06, 0xfe, 0x7d, 0x0d, 0x09, 0x03, 0x01, 0x0a, 0x06, 0x21, 0x0b, 0x00, 0x0c, 0x01, 0x06, 0x00, 0x0d, 0x09, 0x07, 0x08,
    0x00, 0x06, 0xc6, 0x01, 0x06, 0x1c, 0x1d, 0x06, 0x2e, 0x02, 0x03, 0x01, 0x03, 0x06, 0x11, 0xfe, 0x13, 0x01, 0x06, 0xfe, 0x72, 0x01, 0x04, 0x06,
    0x0e, 0x1a, 0x06, 0x22, 0x08, 0x08, 0x07, 0x06, 0xfe, 0x7e, 0x0d, 0x08, 0x06, 0xfe, 0x7f, 0x0d, 0x09, 0x03, 0x01, 0x0a, 0x06, 0x37, 0x0b, 0x00,
    0x0c, 0x01, 0x06, 0x00, 0x0d, 0x09, 0x05, 0x06, 0x00, 0x06, 0xfe, 0x80, 0x0d, 0x16, 0x09, 0x02, 0x05, 0x00, 0x06, 0xfe, 0x81, 0x0d, 0x04, 0x06,
    0x0e, 0x03, 0x06, 0x24, 0x18, 0x06, 0x8b, 0x7f, 0x06, 0x3c, 0x01, 0x06, 0x38, 0x29, 0x03, 0x01, 0x28, 0x06, 0x34, 0x25, 0x02, 0x08, 0x08, 0x07,
    0x06, 0xfe, 0x82, 0x0d, 0x08, 0x06, 0xfe, 0x83, 0x0d, 0x09, 0x03, 0x01, 0x0a, 0x06, 0x21, 0x0b, 0x00, 0x0c, 0x01, 0x06, 0x00, 0x0d, 0x09, 0x01,
    0x0c, 0x00, 0x06, 0xfe, 0x84, 0x0d, 0x16, 0x09, 0x00, 0x08, 0x18, 0x06, 0x81, 0x70, 0x07, 0x02, 0x09, 0x04, 0x05, 0x00, 0x06, 0xfe, 0x85, 0x0d,
    0x12, 0x07, 0x02, 0x06, 0x46, 0x06, 0xd1, 0x04, 0x06, 0x0e, 0x13, 0x06, 0x17, 0x03, 0x06, 0x11, 0x09, 0x02, 0x08, 0x00, 0x06, 0xfe, 0x86, 0x0d,
    0x03, 0x06, 0x11, 0x02, 0x03, 0x14, 0x18, 0x06, 0x1f, 0x64, 0x06, 0x06, 0x60, 0x06, 0x61, 0xfe, 0xfe, 0x00, 0x03, 0x14, 0x13, 0x06, 0x17, 0x00,
    0x06, 0xfe, 0x87, 0x0d, 0x04, 0x06, 0x0e, 0x13, 0x06, 0x17, 0x03, 0x06, 0x11, 0x60, 0x06, 0x61, 0x12, 0x07, 0x02, 0x06, 0x46, 0x06, 0xd1, 0x05,
    0x06, 0x15, 0x0f, 0x06, 0x2c, 0x96, 0x06, 0x97, 0x02, 0x03, 0x04, 0x03, 0x06, 0x24, 0x04, 0x06, 0x0e, 0x12, 0x07, 0x02, 0x06, 0x46, 0x06, 0xd1,
    0x19, 0x02, 0x6b, 0x02, 0x01, 0x06, 0x14, 0x08, 0x08, 0x07, 0x06, 0xfe, 0x88, 0x0d, 0x08, 0x06, 0xfe, 0x89, 0x0d, 0x09, 0x03, 0x01, 0x0a, 0x06,
    0x37, 0x0b, 0x00, 0x0c, 0x01, 0x06, 0x00, 0x0d, 0x09, 0x0a, 0x04, 0x00, 0x06, 0xfe, 0x8a, 0x0d, 0x01, 0x06, 0x23, 0x1e, 0x07, 0x02, 0x09, 0x01,
    0x09, 0x00, 0x06, 0xfe, 0x8b, 0x0d, 0x05, 0x06, 0x6c, 0x0f, 0x06, 0x2b, 0x02, 0x03, 0x01, 0x03, 0x06, 0x49, 0x04, 0x06, 0x0e, 0x19, 0x02, 0x01,
    0x06, 0x14, 0x27, 0x06, 0x31, 0x09, 0x02, 0x07, 0x00, 0x06, 0xfe, 0x8c, 0x0d, 0x02, 0x03, 0x01, 0x01, 0x06, 0x32, 0x05, 0x06, 0x2f, 0x0f, 0x06,
    0x10, 0x04, 0x06, 0x3c, 0xe9, 0x06, 0x3c, 0x40, 0x02, 0x08, 0x08, 0x07, 0x06, 0xfe, 0x8d, 0x0d, 0x08, 0x06, 0xfe, 0x8e, 0x0d, 0x09, 0x03, 0x01,
    0x0a, 0x06, 0x57, 0x0b, 0x00, 0x0c, 0x01, 0x06, 0x00, 0x0d, 0x09, 0x08, 0x06, 0x00, 0x06, 0xfe, 0x8f, 0x0d, 0x16, 0x09, 0x03, 0x08, 0x74, 0x06,
    0x75, 0x04, 0x06, 0x0e, 0x79, 0x02, 0x00, 0x06, 0xfe, 0x90, 0x0d, 0x39, 0x09, 0x03, 0x03, 0x26, 0x06, 0x75, 0x72, 0x06, 0x7b, 0x13, 0x06, 0x15,
    0x43, 0x03, 0x0a, 0x3f, 0x06, 0x1f, 0x12, 0x07, 0x01, 0x06, 0x5c, 0x27, 0x06, 0x67, 0x02, 0x03, 0x02, 0x01, 0x06, 0x30, 0x03, 0x06, 0x49, 0x08,
    0x08, 0x07, 0x06, 0xfe, 0x91, 0x0d, 0x08, 0x06, 0xfe, 0x92, 0x0d, 0x09, 0x03, 0x01, 0x0a, 0x06, 0x21, 0x0b, 0x00, 0x0c, 0x01, 0x06, 0x09, 0x01,
    0x07, 0x00, 0x06, 0xdc, 0x05, 0x06, 0x10, 0x2a, 0x06, 0x10, 0x0f, 0x06, 0x15, 0x02, 0x03, 0x02, 0x19, 0x02, 0x01, 0x06, 0x14, 0x0d, 0x09, 0x04,
    0x07, 0x00, 0x06, 0xfe, 0xc0, 0x02, 0x01, 0x06, 0x53, 0x58, 0x09, 0x04, 0x05, 0x00, 0x06, 0x8e, 0x05, 0x06, 0x2c, 0x02, 0x03, 0x05, 0x04, 0x06,
    0x0e, 0x01, 0x06, 0x4c, 0x54, 0x09, 0x03, 0x0a, 0x01, 0x06, 0x51, 0x0f, 0x06, 0x10, 0x55, 0x02, 0x4e, 0x02, 0x02, 0x03, 0x01, 0x03, 0x06, 0x11,
    0x1b, 0x07, 0x01, 0x06, 0x4d, 0x19, 0x02, 0x12, 0x07, 0x01, 0x06, 0x5c, 0x00, 0x06, 0xfe, 0xc0, 0x02, 0x19, 0x02, 0x12, 0x07, 0x01, 0x06, 0x5c,
    0x1b, 0x07, 0x01, 0x06, 0x4d, 0x08, 0x08, 0x07, 0x06, 0xfe, 0x93, 0x0d, 0x08, 0x06, 0xfe, 0x94, 0x0d, 0x09, 0x03, 0x01, 0x0a, 0x06, 0x21, 0x0b,
    0x00, 0x0c, 0x01, 0x06, 0x09, 0x07, 0x06, 0x00, 0x06, 0xa0, 0x19, 0x02, 0x3e, 0x03, 0x01, 0x02, 0x03, 0x01, 0x01, 0x06, 0x48, 0x05, 0x06, 0x2b,
    0x0d, 0x09, 0x0a, 0x08, 0x00, 0x06, 0xfe, 0xc9, 0x01, 0x1a, 0x06, 0x22, 0x01, 0x06, 0x23, 0x1e, 0x07, 0x02, 0x09, 0x07, 0x07, 0x01, 0x06, 0x1c,
    0x1d, 0x06, 0x2e, 0x02, 0x03, 0x01, 0x73, 0x03, 0x01, 0x03, 0x06, 0x11, 0x1a, 0x06, 0x22, 0x00, 0x06, 0xfe, 0xc9, 0x01, 0x09, 0x07, 0x08, 0x01,
    0x06, 0x1c, 0x1d, 0x06, 0x35, 0x1b, 0x07, 0x01, 0x06, 0x4f, 0x02, 0x03, 0x01, 0x73, 0x03, 0x01, 0x03, 0x06, 0x11, 0x1a, 0x06, 0x22, 0x00, 0x06,
    0xfe, 0xc9, 0x01, 0x1b, 0x07, 0x01, 0x06, 0x4f, 0x02, 0x03, 0x01, 0x42, 0x02, 0x12, 0x07, 0x01, 0x06, 0x5c, 0x08, 0x08, 0x07, 0x06, 0xfe, 0x95,
    0x0d, 0x08, 0x06, 0xfe, 0x96, 0x0d, 0x09, 0x03, 0x01, 0x0a, 0x06, 0x20, 0x0b, 0x00, 0x0c, 0x01, 0x06, 0x09, 0x01, 0x08, 0x00, 0x06, 0xfe, 0x97,
    0x0d, 0x05, 0x06, 0x10, 0x2a, 0x06, 0x10, 0x0f, 0x06, 0x15, 0x02, 0x03, 0x01, 0x12, 0x07, 0x01, 0x06, 0x5c, 0x19, 0x02, 0x01, 0x06, 0x14, 0x0d,
    0x09, 0x01, 0x07, 0x00, 0x06, 0xfe, 0x0a, 0x01, 0x05, 0x06, 0x15, 0x0f, 0x06, 0x10, 0x02, 0x03, 0x01, 0x03, 0x06, 0x11, 0x04, 0x06, 0x0e, 0x01,
    0x06, 0x14, 0x08, 0x08, 0x07, 0x06, 0xfe, 0x98, 0x0d, 0x08, 0x06, 0xfe, 0x99, 0x0d, 0x09, 0x03, 0x01, 0x0a, 0x06, 0x33, 0x0b, 0x00, 0x0c, 0x01,
    0x06, 0x00, 0x0d, 0x09, 0x07, 0x09, 0x00, 0x06, 0xfe, 0x9e, 0x02, 0x16, 0x09, 0x01, 0x05, 0x00, 0x06, 0xfe, 0x9a, 0x0d, 0x69, 0x07, 0x03, 0x06,
    0xfe, 0x95, 0x02, 0x06, 0xfe, 0x05, 0x01, 0x06, 0xfe, 0x20, 0x01, 0x04, 0x06, 0x0e, 0x13, 0x06, 0x17, 0x1b, 0x07, 0x01, 0x06, 0x4a, 0x1a, 0x06,
    0x5a, 0x40, 0x02, 0x01, 0x06, 0x1c, 0x1d, 0x06, 0x35, 0x02, 0x03, 0x01, 0x1b, 0x07, 0x01, 0x06, 0x4a, 0x04, 0x06, 0x0e, 0x08, 0x08, 0x07, 0x06,
    0xfe, 0x9b, 0x0d, 0x08, 0x06, 0xfe, 0x9c, 0x0d, 0x09, 0x03, 0x01, 0x0a, 0x06, 0x20, 0x0b, 0x00, 0x0c, 0x01, 0x06, 0x00, 0x0d, 0x09, 0x01, 0x09,
    0x00, 0x06, 0xfe, 0x9d, 0x0d, 0x16, 0x09, 0x03, 0x07, 0x74, 0x06, 0x75, 0x04, 0x06, 0x0e, 0x79, 0x02, 0x00, 0x06, 0xfe, 0x9e, 0x0d, 0x39, 0x09,
    0x03, 0x04, 0x26, 0x06, 0x75, 0x72, 0x06, 0x7b, 0x13, 0x06, 0x17, 0xfe, 0x65, 0x01, 0x07, 0x01, 0x06, 0xfe, 0x05, 0x01, 0xfe, 0x65, 0x01, 0x07,
    0x01, 0x06, 0xfe, 0x05, 0x01, 0x12, 0x07, 0x01, 0x06, 0x5c, 0x05, 0x06, 0x15, 0x0f, 0x06, 0x10, 0x02, 0x03, 0x01, 0x03, 0x06, 0x24, 0x04, 0x06,
    0x0e, 0x01, 0x06, 0x14, 0x79, 0x02, 0x08, 0x08, 0x07, 0x06, 0xfe, 0x9f, 0x0d, 0x08, 0x06, 0xfe, 0xa0, 0x0d, 0x09, 0x03, 0x01, 0x0a, 0x06, 0x33,
    0x0b, 0x00, 0x0c, 0x01, 0x06, 0x00, 0x0d, 0x09, 0x07, 0x07, 0x00, 0x06, 0xc6, 0x16, 0x09, 0x01, 0x04, 0x00, 0x06, 0xfe, 0xa1, 0x0d, 0x69, 0x07,
    0x03, 0x06, 0xfe, 0xa5, 0x01, 0x06, 0xfe, 0x71, 0x01, 0x06, 0xfe, 0x20, 0x01, 0x04, 0x06, 0x0e, 0x13, 0x06, 0x17, 0x1a, 0x06, 0x5a, 0x40, 0x02,
    0x01, 0x06, 0x1c, 0x1d, 0x06, 0x2e, 0x02, 0x03, 0x01, 0x08, 0x08, 0x07, 0x06, 0xfe, 0xa2, 0x0d, 0x08, 0x06, 0xfe, 0xa3, 0x0d, 0x09, 0x03, 0x01,
    0x0a, 0x06, 0x20, 0x0b, 0x00, 0x0c, 0x01, 0x06, 0x00, 0x0d, 0x09, 0x0a, 0x05, 0x00, 0x06, 0xfe, 0xa4, 0x0d, 0x16, 0x09, 0x01, 0x04, 0x00, 0x06,
    0xfe, 0xa5, 0x0d, 0x69, 0x07, 0x03, 0x06, 0xfe, 0x1f, 0x01, 0x06, 0xfe, 0x71, 0x01, 0x06, 0xfe, 0x05, 0x01, 0x04, 0x06, 0x0e, 0x13, 0x06, 0x17,
    0x01, 0x06, 0x23, 0x1e, 0x07, 0x02, 0x09, 0x08, 0x05, 0x00, 0x06, 0xfe, 0xa6, 0x0d, 0x27, 0x06, 0x67, 0x02, 0x03, 0x01, 0x01, 0x06, 0x30, 0x03,
    0x06, 0x49, 0x09, 0x01, 0x08, 0x00, 0x06, 0xfe, 0xdc, 0x01, 0x05, 0x06, 0x15, 0x0f, 0x06, 0x10, 0x02, 0x03, 0x01, 0x03, 0x06, 0x24, 0x04, 0x06,
    0x0e, 0x12, 0x07, 0x01, 0x06, 0x5c, 0x01, 0x06, 0x14, 0x12, 0x07, 0x01, 0x06, 0x5c, 0x08, 0x08, 0x07, 0x06, 0xfe, 0xa7, 0x0d, 0x08, 0x06, 0xfe,
    0xa8, 0x0d, 0x09, 0x03, 0x01, 0x0a, 0x06, 0x21, 0x0b, 0x00, 0x0c, 0x01, 0x06, 0x09, 0x01, 0x08, 0x00, 0x06, 0xfe, 0xa9, 0x0d, 0x05, 0x06, 0x10,
    0x2a, 0x06, 0x10, 0x0f, 0x06, 0x15, 0x02, 0x03, 0x02, 0x12, 0x07, 0x01, 0x06, 0x5c, 0x19, 0x02, 0x01, 0x06, 0x14, 0x0d, 0x09, 0x0a, 0x06, 0x00,
    0x06, 0xfe, 0xaa, 0x0d, 0x01, 0x06, 0x23, 0x1e, 0x07, 0x02, 0x09, 0x03, 0x06, 0x00, 0x06, 0xfe, 0xab, 0x0d, 0x02, 0x03, 0x01, 0x01, 0x06, 0x80,
    0x1b, 0x07, 0x04, 0x06, 0x4f, 0x06, 0x4a, 0x06, 0x4d, 0x06, 0x56, 0x42, 0x02, 0x12, 0x07, 0x01, 0x06, 0x5c, 0x09, 0x07, 0x0a, 0x00, 0x06, 0xfe,
    0xac, 0x0d, 0x1a, 0x06, 0x22, 0x02, 0x03, 0x02, 0x03, 0x06, 0x11, 0x04, 0x06, 0x0e, 0x42, 0x02, 0x12, 0x07, 0x01, 0x06, 0x5c, 0x73, 0x03, 0x01,
    0x01, 0x06, 0x1c, 0x1d, 0x06, 0x35, 0x42, 0x02, 0x12, 0x07, 0x01, 0x06, 0x5c, 0x1b, 0x07, 0x04, 0x06, 0x4f, 0x06, 0x4a, 0x06, 0x4d, 0x06, 0x56,
    0x08, 0x08, 0x07, 0x06, 0xfe, 0xad, 0x0d, 0x08, 0x06, 0xfe, 0xae, 0x0d, 0x09, 0x03, 0x01, 0x0a, 0x06, 0x20, 0x0b, 0x00, 0x0c, 0x01, 0x06, 0x00,
    0x0d, 0x09, 0x0a, 0x04, 0x00, 0x06, 0xfe, 0xaf, 0x0d, 0x01, 0x06, 0x23, 0x1e, 0x07, 0x02, 0x09, 0x01, 0x07, 0x00, 0x06, 0xe8, 0x05, 0x06, 0x2c,
    0x02, 0x03, 0x03, 0x0f, 0x06, 0x15, 0x04, 0x06, 0x0e, 0x01, 0x06, 0x14, 0x03, 0x06, 0x2d, 0x09, 0x07, 0x08, 0x00, 0x06, 0xfe, 0xb0, 0x0d, 0x16,
    0x09, 0x01, 0x06, 0x00, 0x06, 0xfe, 0xb1, 0x0d, 0x1b, 0x07, 0x01, 0x06, 0x4d, 0x03, 0x06, 0x11, 0x02, 0x03, 0x03, 0x18, 0x06, 0x85, 0x05, 0x06,
    0x88, 0x01, 0x06, 0x1c, 0x1d, 0x06, 0x35, 0x02, 0x03, 0x01, 0x1b, 0x07, 0x01, 0x06, 0x4d, 0x1a, 0x06, 0x22, 0xfe, 0x3a, 0x01, 0x02, 0x1b, 0x07,
    0x01, 0x06, 0x4d, 0x08, 0x08, 0x07, 0x06, 0xfe, 0xb2, 0x0d, 0x08, 0x06, 0xfe, 0xb3, 0x0d, 0x09, 0x03, 0x01, 0x0a, 0x06, 0x20, 0x0b, 0x00, 0x0c,
    0x01, 0x06, 0x09, 0x01, 0x07, 0x00, 0x06, 0x5b, 0x05, 0x06, 0x10, 0x2a, 0x06, 0x10, 0x0f, 0x06, 0x15, 0x02, 0x03, 0x01, 0x19, 0x02, 0x01, 0x06,
    0x14, 0x0d, 0x09, 0x01, 0x08, 0x00, 0x06, 0xfe, 0xb3, 0x01, 0x05, 0x06, 0x15, 0x0f, 0x06, 0x10, 0x02, 0x03, 0x01, 0x04, 0x06, 0x0e, 0x12, 0x07,
    0x01, 0x06, 0x5c, 0x01, 0x06, 0x14, 0x03, 0x06, 0x2d, 0x08, 0x08, 0x07, 0x06, 0xfe, 0xb4, 0x0d, 0x08, 0x06, 0xfe, 0xb5, 0x0d, 0x09, 0x03, 0x01,
    0x0a, 0x06, 0x37, 0x0b, 0x00, 0x0c, 0x01, 0x06, 0x00, 0x0d, 0x09, 0x0a, 0x04, 0x00, 0x06, 0xfe, 0xb6, 0x0d, 0x16, 0x09, 0x04, 0x05, 0x00, 0x06,
    0xfe, 0xbc, 0x01, 0x12, 0x07, 0x01, 0x06, 0x5c, 0x04, 0x06, 0x0e, 0x13, 0x06, 0x17, 0x03, 0x06, 0x11, 0x01, 0x06, 0x23, 0x1e, 0x07, 0x02, 0x09,
    0x02, 0x05, 0x00, 0x06, 0xa4, 0x02, 0x03, 0x01, 0x01, 0x06, 0x32, 0x05, 0x06, 0x2f, 0x0f, 0x06, 0x10, 0x09, 0x01, 0x06, 0x00, 0x06, 0x77, 0x05,
    0x06, 0x10, 0x0f, 0x06, 0x15, 0x02, 0x03, 0x01, 0x01, 0x06, 0x14, 0x03, 0x06, 0x2d, 0x08, 0x08, 0x07, 0x06, 0xfe, 0xb7, 0x0d, 0x08, 0x06, 0xfe,
    0xb8, 0x0d, 0x09, 0x03, 0x01, 0x0a, 0x06, 0x21, 0x0b, 0x00, 0x0c, 0x01, 0x06, 0x09, 0x01, 0x0b, 0x00, 0x06, 0xfe, 0xb9, 0x0d, 0x05, 0x06, 0x10,
    0x2a, 0x06, 0x10, 0x0f, 0x06, 0x15, 0x02, 0x03, 0x03, 0x03, 0x06, 0x11, 0x12, 0x07, 0x01, 0x06, 0x5c, 0x19, 0x02, 0x6b, 0x02, 0x99, 0x02, 0x01,
    0x06, 0x14, 0x0d, 0x09, 0x07, 0x0a, 0x00, 0x06, 0xfe, 0xba, 0x0d, 0x01, 0x06, 0x1c, 0x1d, 0x06, 0x2e, 0x02, 0x03, 0x01, 0x59, 0x02, 0x5d, 0x03,
    0x01, 0x63, 0x06, 0x15, 0x04, 0x06, 0x0e, 0xfe, 0x15, 0x01, 0x06, 0xf4, 0x1a, 0x06, 0x22, 0x08, 0x08, 0x07, 0x06, 0xfe, 0xbb, 0x0d, 0x08, 0x06,
    0xfe, 0xbc, 0x0d, 0x09, 0x03, 0x01, 0x0a, 0x06, 0x57, 0x0b, 0x03, 0x01, 0x0c, 0x01, 0x06, 0x00, 0x0d, 0x09, 0x07, 0x0d, 0x00, 0x06, 0xfe, 0xbd,
    0x0d, 0x02, 0x03, 0x03, 0x6b, 0x02, 0x01, 0x06, 0x1c, 0x1d, 0x06, 0x35, 0x1b, 0x07, 0x01, 0x06, 0x45, 0xfe, 0x1c, 0x01, 0x03, 0x03, 0x59, 0x02,
    0x5d, 0x03, 0x01, 0x63, 0x06, 0x91, 0x1a, 0x06, 0x22, 0x16, 0x09, 0x01, 0x05, 0x13, 0x06, 0x3a, 0x04, 0x06, 0x0e, 0x00, 0x06, 0xfe, 0x35, 0x01,
    0xcb, 0x02, 0x1b, 0x07, 0x01, 0x06, 0x45, 0x04, 0x06, 0x0e, 0x08, 0x08, 0x07, 0x06, 0xfe, 0xbe, 0x0d, 0x08, 0x06, 0xfe, 0xbf, 0x0d, 0x09, 0x03,
    0x01, 0x0a, 0x06, 0x20, 0x0b, 0x00, 0x0c, 0x01, 0x06, 0x09, 0x01, 0x07, 0x00, 0x06, 0x5b, 0x05, 0x06, 0x10, 0x2a, 0x06, 0x10, 0x0f, 0x06, 0x15,
    0x02, 0x03, 0x01, 0x19, 0x02, 0x01, 0x06, 0x14, 0x0d, 0x09, 0x01, 0x08, 0x00, 0x06, 0xfe, 0xc0, 0x0d, 0x05, 0x06, 0x15, 0x0f, 0x06, 0x10, 0x02,
    0x03, 0x01, 0x04, 0x06, 0x0e, 0x12, 0x07, 0x01, 0x06, 0x46, 0x01, 0x06, 0x14, 0x03, 0x06, 0x2d, 0x08, 0x08, 0x07, 0x06, 0xfe, 0xc1, 0x0d, 0x08,
    0x06, 0xfe, 0xc2, 0x0d, 0x09, 0x03, 0x01, 0x0a, 0x06, 0x20, 0x0b, 0x00, 0x0c, 0x01, 0x06, 0x00, 0x0d, 0x09, 0x04, 0x06, 0x00, 0x06, 0xfe, 0xc1,
    0x02, 0x01, 0x06, 0x53, 0x58, 0x09, 0x04, 0x05, 0x00, 0x06, 0x8e, 0x05, 0x06, 0x2c, 0x02, 0x03, 0x05, 0x04, 0x06, 0x0e, 0x01, 0x06, 0x4c, 0x54,
    0x09, 0x03, 0x09, 0x01, 0x06, 0x51, 0x0f, 0x06, 0x10, 0x55, 0x02, 0x4e, 0x02, 0x02, 0x03, 0x01, 0x03, 0x06, 0x24, 0x19, 0x02, 0x12, 0x07, 0x01,
    0x06, 0x46, 0x00, 0x06, 0xfe, 0xc1, 0x02, 0x19, 0x02, 0x12, 0x07, 0x01, 0x06, 0x46, 0x08, 0x08, 0x07, 0x06, 0xfe, 0xc3, 0x0d, 0x08, 0x06, 0xfe,
    0xc4, 0x0d, 0x09, 0x03, 0x01, 0x0a, 0x06, 0x21, 0x0b, 0x00, 0x0c, 0x01, 0x06, 0x00, 0x0d, 0x09, 0x0a, 0x04, 0x00, 0x06, 0xfe, 0xc5, 0x0d, 0x01,
    0x06, 0x23, 0x1e, 0x07, 0x02, 0x09, 0x02, 0x04, 0x00, 0x06, 0xfe, 0xc6, 0x0d, 0x01, 0x06, 0x32, 0x02, 0x03, 0x01, 0x19, 0x02, 0x09, 0x01, 0x07,
    0x00, 0x06, 0xfe, 0xc7, 0x0d, 0x0f, 0x06, 0x2c, 0x96, 0x06, 0x97, 0x02, 0x03, 0x02, 0x01, 0x06, 0x14, 0x05, 0x06, 0x10, 0x03, 0x06, 0x2d, 0x40,
    0x02, 0x08, 0x08, 0x07, 0x06, 0xfe, 0xc8, 0x0d, 0x08, 0x06, 0xfe, 0xc9, 0x0d, 0x09, 0x03, 0x01, 0x0a, 0x06, 0x41, 0x0b, 0x03, 0x01, 0x0c, 0x01,
    0x06, 0x09, 0x0a, 0x03, 0x00, 0x06, 0xfd, 0x01, 0x06, 0x92, 0x1e, 0x07, 0x02, 0x09, 0x07, 0x05, 0x00, 0x06, 0xa1, 0x3e, 0x03, 0x02, 0x02, 0x03,
    0x02, 0x01, 0x06, 0x48, 0x05, 0x06, 0x2b, 0x09, 0x01, 0x06, 0x00, 0x06, 0x77, 0x05, 0x06, 0x10, 0x2a, 0x06, 0x10, 0x0f, 0x06, 0x15, 0x02, 0x03,
    0x01, 0x01, 0x06, 0x14, 0x0d, 0x09, 0x01, 0x08, 0x00, 0x06, 0xfe, 0x36, 0x02, 0x05, 0x06, 0x15, 0x0f, 0x06, 0x10, 0x02, 0x03, 0x01, 0x03, 0x06,
    0x24, 0x04, 0x06, 0x0e, 0x12, 0x07, 0x01, 0x06, 0x46, 0x01, 0x06, 0x14, 0x08, 0x08, 0x07, 0x06, 0xfe, 0xca, 0x0d, 0x08, 0x06, 0xfe, 0xcb, 0x0d,
    0x09, 0x03, 0x01, 0x0a, 0x06, 0x20, 0x0b, 0x00, 0x0c, 0x01, 0x06, 0x09, 0x01, 0x07, 0x00, 0x06, 0x5b, 0x05, 0x06, 0x10, 0x2a, 0x06, 0x10, 0x0f,
    0x06, 0x15, 0x02, 0x03, 0x01, 0x19, 0x02, 0x01, 0x06, 0x14, 0x0d, 0x09, 0x01, 0x0b, 0x00, 0x06, 0xfe, 0xcc, 0x0d, 0x05, 0x06, 0x15, 0x0f, 0x06,
    0xf3, 0x43, 0x03, 0x02, 0x3f, 0x06, 0x47, 0x02, 0x03, 0x01, 0x03, 0x06, 0x11, 0x04, 0x06, 0x0e, 0x12, 0x07, 0x01, 0x06, 0x46, 0x01, 0x06, 0x14,
    0x5f, 0x07, 0x01, 0x06, 0xfe, 0xaa, 0x01, 0x08, 0x08, 0x07, 0x06, 0xfe, 0xcd, 0x0d, 0x08, 0x06, 0xfe, 0xce, 0x0d, 0x09, 0x03, 0x01, 0x0a, 0x06,
    0x41, 0x0b, 0x03, 0x01, 0x0c, 0x01, 0x06, 0x09, 0x01, 0x06, 0x00, 0x06, 0xab, 0x05, 0x06, 0x10, 0x2a, 0x06, 0x10, 0x0f, 0x06, 0x15, 0x02, 0x03,
    0x02, 0x01, 0x06, 0x14, 0x0d, 0x09, 0x01, 0x09, 0x00, 0x06, 0xfe, 0xcf, 0x0d, 0x05, 0x06, 0x15, 0x0f, 0x06, 0x10, 0x02, 0x03, 0x01, 0x03, 0x06,
    0x24, 0x04, 0x06, 0x0e, 0x12, 0x07, 0x01, 0x06, 0x46, 0x01, 0x06, 0x14, 0x83, 0x06, 0xf5, 0x08, 0x08, 0x07, 0x06, 0xfe, 0xd0, 0x0d, 0x08, 0x06,
    0xfe, 0xd1, 0x0d, 0x09, 0x03, 0x01, 0x0a, 0x06, 0x21, 0x0b, 0x00, 0x0c, 0x01, 0x06, 0x09, 0x04, 0x07, 0x00, 0x06, 0xfe, 0xd2, 0x0d, 0x05, 0x06,
    0x10, 0x2a, 0x06, 0x10, 0x02, 0x03, 0x01, 0x12, 0x07, 0x01, 0x06, 0x46, 0x19, 0x02, 0x01, 0x06, 0x4e, 0x0d, 0x09, 0x0a, 0x03, 0x00, 0x06, 0xfe,
    0xd3, 0x0d, 0x01, 0x06, 0x23, 0x1e, 0x07, 0x02, 0x09, 0x01, 0x07, 0x00, 0x06, 0xfe, 0xd4, 0x0d, 0x05, 0x06, 0x3a, 0x65, 0x09, 0x03, 0x02, 0x26,
    0x06, 0x3a, 0x6d, 0x06, 0x89, 0x0f, 0x06, 0xfe, 0x95, 0x01, 0x01, 0x06, 0x14, 0x03, 0x06, 0x2d, 0x02, 0x03, 0x01, 0x09, 0x07, 0x05, 0x00, 0x06,
    0xc6, 0x1a, 0x06, 0x22, 0x01, 0x06, 0x1c, 0x1d, 0x06, 0x2e, 0x02, 0x03, 0x01, 0x08, 0x08, 0x07, 0x06, 0xfe, 0xd5, 0x0d, 0x08, 0x06, 0xfe, 0xd6,
    0x0d, 0x09, 0x03, 0x01, 0x0a, 0x06, 0x37, 0x0b, 0x00, 0x0c, 0x01, 0x06, 0x00, 0x0d, 0x09, 0x01, 0x09, 0x00, 0x06, 0xfe, 0xd7, 0x0d, 0x05, 0x06,
    0x3a, 0x65, 0x09, 0x03, 0x02, 0x26, 0x06, 0x3a, 0x6d, 0x06, 0x89, 0x0f, 0x06, 0x10, 0x02, 0x03, 0x01, 0x03, 0x06, 0x24, 0x04, 0x06, 0x0e, 0x12,
    0x07, 0x01, 0x06, 0x46, 0x01, 0x06, 0x14, 0x08, 0x08, 0x07, 0x06, 0xfe, 0xd8, 0x0d, 0x08, 0x06, 0xfe, 0xd9, 0x0d, 0x09, 0x03, 0x01, 0x0a, 0x06,
    0x37, 0x0b, 0x00, 0x0c, 0x01, 0x06, 0x00, 0x0d, 0x09, 0x0a, 0x04, 0x00, 0x06, 0xfe, 0xda, 0x0d, 0x01, 0x06, 0x23, 0x1e, 0x07, 0x02, 0x09, 0x02,
    0x0b, 0x00, 0x06, 0xfe, 0x4c, 0x01, 0x02, 0x03, 0x01, 0x01, 0x06, 0x32, 0x05, 0x06, 0x2f, 0x0f, 0x06, 0x10, 0x59, 0x02, 0x5d, 0x03, 0x01, 0x63,
    0x06, 0x66, 0x12, 0x07, 0x01, 0x06, 0x46, 0x13, 0x06, 0x17, 0x04, 0x06, 0x0e, 0x09, 0x01, 0x06, 0x00, 0x06, 0xfe, 0xdb, 0x0d, 0x05, 0x06, 0x10,
    0x0f, 0x06, 0x15, 0x65, 0x09, 0x03, 0x02, 0x26, 0x06, 0xfe, 0x10, 0x02, 0x6d, 0x06, 0xfe, 0x11, 0x02, 0x01, 0x06, 0x14, 0x03, 0x06, 0x2d, 0x12,
    0x07, 0x01, 0x06, 0x46, 0x08, 0x08, 0x07, 0x06, 0xfe, 0xdc, 0x0d, 0x08, 0x06, 0xfe, 0xdd, 0x0d, 0x09, 0x03, 0x01, 0x0a, 0x06, 0x21, 0x0b, 0x00,
    0x0c, 0x01, 0x06, 0x00, 0x0d, 0x09, 0x07, 0x08, 0x00, 0x06, 0xfe, 0xde, 0x0d, 0x1a, 0x06, 0x22, 0x03, 0x06, 0x11, 0x04, 0x06, 0x0e, 0x12, 0x07,
    0x01, 0x06, 0x46, 0x01, 0x06, 0x1c, 0x1d, 0x06, 0x2e, 0x02, 0x03, 0x01, 0x08, 0x08, 0x07, 0x06, 0xfe, 0xdf, 0x0d, 0x08, 0x06, 0xfe, 0xe0, 0x0d,
    0x09, 0x03, 0x01, 0x0a, 0x06, 0x20, 0x0b, 0x00, 0x0c, 0x01, 0x06, 0x09, 0x01, 0x07, 0x00, 0x06, 0x5b, 0x05, 0x06, 0x10, 0x2a, 0x06, 0x10, 0x0f,
    0x06, 0x15, 0x02, 0x03, 0x01, 0x19, 0x02, 0x01, 0x06, 0x14, 0x0d, 0x09, 0x04, 0x06, 0x00, 0x06, 0xfe, 0xc2, 0x02, 0x01, 0x06, 0x53, 0x58, 0x09,
    0x04, 0x05, 0x00, 0x06, 0x8e, 0x05, 0x06, 0x2c, 0x02, 0x03, 0x05, 0x04, 0x06, 0x0e, 0x01, 0x06, 0x4c, 0x54, 0x09, 0x03, 0x08, 0x01, 0x06, 0x51,
    0x0f, 0x06, 0x10, 0x55, 0x02, 0x4e, 0x02, 0x02, 0x03, 0x01, 0x19, 0x02, 0x12, 0x07, 0x01, 0x06, 0xa6, 0x00, 0x06, 0xfe, 0xc2, 0x02, 0x19, 0x02,
    0x12, 0x07, 0x01, 0x06, 0xa6, 0x08, 0x08, 0x07, 0x06, 0xfe, 0xe1, 0x0d, 0x08, 0x06, 0xfe, 0xe2, 0x0d, 0x09, 0x03, 0x01, 0x0a, 0x06, 0x20, 0x0b,
    0x00, 0x0c, 0x01, 0x06, 0x00, 0x0d, 0x09, 0x0a, 0x06, 0x00, 0x06, 0xfe, 0xe3, 0x0d, 0x01, 0x06, 0x23, 0x1e, 0x07, 0x02, 0x09, 0x01, 0x07, 0x00,
    0x06, 0xfe, 0xe4, 0x0d, 0x05, 0x06, 0x10, 0x0f, 0x06, 0x15, 0x02, 0x03, 0x02, 0x19, 0x02, 0x01, 0x06, 0x14, 0x03, 0x06, 0x2d, 0x09, 0x0a, 0x08,
    0x00, 0x06, 0xfe, 0xca, 0x01, 0x05, 0x06, 0x15, 0x0f, 0x06, 0x10, 0x02, 0x03, 0x01, 0x04, 0x06, 0x0e, 0x12, 0x07, 0x02, 0x06, 0xbc, 0x06, 0x5c,
    0x01, 0x06, 0x23, 0x1e, 0x07, 0x02, 0x09, 0x01, 0x09, 0x00, 0x06, 0xfe, 0xca, 0x01, 0x01, 0x06, 0x14, 0x05, 0x06, 0x15, 0x0f, 0x06, 0x10, 0x03,
    0x06, 0x11, 0x02, 0x03, 0x01, 0x6b, 0x02, 0x04, 0x06, 0x0e, 0x12, 0x07, 0x02, 0x06, 0xbc, 0x06, 0x5c, 0x09, 0x01, 0x09, 0x00, 0x06, 0xfe, 0xca,
    0x01, 0x01, 0x06, 0x14, 0x05, 0x06, 0x15, 0x0f, 0x06, 0x10, 0x03, 0x06, 0x24, 0x02, 0x03, 0x01, 0x6b, 0x02, 0x04, 0x06, 0x0e, 0x12, 0x07, 0x02,
    0x06, 0xbc, 0x06, 0x5c, 0x40, 0x02, 0x16, 0x09, 0x01, 0x06, 0x02, 0x03, 0x03, 0x18, 0x06, 0x1f, 0x00, 0x06, 0xfe, 0xe5, 0x0d, 0x03, 0x06, 0x24,
    0x13, 0x06, 0x15, 0x04, 0x06, 0x0e, 0x12, 0x07, 0x02, 0x06, 0xbc, 0x06, 0x5c, 0x08, 0x08, 0x07, 0x06, 0xfe, 0xe6, 0x0d, 0x08, 0x06, 0xfe, 0xe7,
    0x0d, 0x09, 0x03, 0x01, 0x0a, 0x06, 0x37, 0x0b, 0x00, 0x0c, 0x01, 0x06, 0x00, 0x0d, 0x09, 0x02, 0x06, 0x00, 0x06, 0xfe, 0xe8, 0x0d, 0x16, 0x09,
    0x04, 0x05, 0x00, 0x06, 0xfe, 0xe9, 0x0d, 0x12, 0x07, 0x01, 0x06, 0xa6, 0x04, 0x06, 0x0e, 0x13, 0x06, 0x84, 0x03, 0x06, 0x24, 0x01, 0x06, 0x32,
    0x02, 0x03, 0x01, 0x05, 0x06, 0x2f, 0x0f, 0x06, 0x10, 0x08, 0x08, 0x07, 0x06, 0xfe, 0xea, 0x0d, 0x08, 0x06, 0xfe, 0xeb, 0x0d, 0x09, 0x03, 0x01,
    0x0a, 0x06, 0x33, 0x0b, 0x00, 0x0c, 0x01, 0x06, 0x00, 0x0d, 0x09, 0x07, 0x09, 0x00, 0x06, 0xfe, 0x22, 0x02, 0x16, 0x09, 0x01, 0x05, 0x00, 0x06,
    0xfe, 0xec, 0x0d, 0x69, 0x07, 0x01, 0x06, 0xfe, 0x1f, 0x01, 0x04, 0x06, 0x0e, 0x13, 0x06, 0x17, 0x1b, 0x07, 0x01, 0x06, 0x4f, 0x1a, 0x06, 0x5a,
    0x40, 0x02, 0x01, 0x06, 0x1c, 0x1d, 0x06, 0x35, 0x02, 0x03, 0x02, 0x1b, 0x07, 0x01, 0x06, 0x4f, 0x04, 0x06, 0x0e, 0x08, 0x08, 0x07, 0x06, 0xfe,
    0xed, 0x0d, 0x08, 0x06, 0xfe, 0xee, 0x0d, 0x09, 0x03, 0x01, 0x0a, 0x06, 0x33, 0x0b, 0x00, 0x0c, 0x01, 0x06, 0x00, 0x0d, 0x09, 0x07, 0x07, 0x00,
    0x06, 0xa7, 0x16, 0x09, 0x01, 0x04, 0x00, 0x06, 0xfe, 0xef, 0x0d, 0x69, 0x07, 0x01, 0x06, 0xfe, 0x67, 0x01, 0x04, 0x06, 0x0e, 0x13, 0x06, 0x17,
    0x1a, 0x06, 0x5a, 0x40, 0x02, 0x01, 0x06, 0x1c, 0x1d, 0x06, 0x2e, 0x02, 0x03, 0x02, 0x08, 0x08, 0x07, 0x06, 0xfe, 0xf0, 0x0d, 0x08, 0x06, 0xfe,
    0xf1, 0x0d, 0x09, 0x03, 0x01, 0x0a, 0x06, 0x21, 0x0b, 0x00, 0x0c, 0x01, 0x06, 0x00, 0x0d, 0x09, 0x07, 0x0b, 0x00, 0x06, 0xfe, 0xf2, 0x0d, 0x16,
    0x09, 0x01, 0x07, 0x02, 0x03, 0x0a, 0x18, 0x06, 0x1f, 0x00, 0x06, 0xfe, 0xf3, 0x0d, 0x03, 0x06, 0x11, 0x13, 0x06, 0x15, 0x04, 0x06, 0x0e, 0x12,
    0x07, 0x01, 0x06, 0x5c, 0x02, 0x03, 0x01, 0x03, 0x06, 0x11, 0x04, 0x06, 0x0e, 0x12, 0x07, 0x01, 0x06, 0x5c, 0x73, 0x03, 0x01, 0x01, 0x06, 0x1c,
    0x1d, 0x06, 0x35, 0x1b, 0x07, 0x01, 0x06, 0x4a, 0x1a, 0x06, 0x22, 0x08, 0x08, 0x07, 0x06, 0xfe, 0xf4, 0x0d, 0x08, 0x06, 0xfe, 0xf5, 0x0d, 0x09,
    0x03, 0x01, 0x0a, 0x06, 0x37, 0x0b, 0x00, 0x0c, 0x01, 0x06, 0x00, 0x0d, 0x09, 0x01, 0x08, 0x00, 0x06, 0xfe, 0xf6, 0x0d, 0x16, 0x09, 0x00, 0x03,
    0x18, 0x06, 0x81, 0x70, 0x07, 0x02, 0x09, 0x02, 0x05, 0x00, 0x06, 0xfe, 0xf7, 0x0d, 0x04, 0x06, 0x0e, 0x02, 0x03, 0x01, 0x18, 0x06, 0x1f, 0x13,
    0x06, 0x10, 0x09, 0x02, 0x05, 0x86, 0x06, 0xfe, 0xe0, 0x01, 0x13, 0x06, 0x10, 0x02, 0x03, 0x06, 0x18, 0x06, 0x47, 0x00, 0x06, 0xfe, 0xf8, 0x0d,
    0x00, 0x06, 0xfe, 0xf9, 0x0d, 0x05, 0x06, 0x15, 0x0f, 0x06, 0x10, 0x02, 0x03, 0x01, 0x03, 0x06, 0x11, 0x04, 0x06, 0x0e, 0x01, 0x06, 0x14, 0x08,
    0x08, 0x07, 0x06, 0xfe, 0xfa, 0x0d, 0x08, 0x06, 0xfe, 0xfb, 0x0d, 0x09, 0x03, 0x01, 0x0a, 0x06, 0x21, 0x0b, 0x00, 0x0c, 0x01, 0x06, 0x00, 0x0d,
    0x09, 0x06, 0x08, 0x00, 0x06, 0xfe, 0xfc, 0x0d, 0x16, 0x09, 0x01, 0x09, 0x04, 0x06, 0x0e, 0x71, 0x06, 0x7e, 0x00, 0x06, 0xfe, 0xfd, 0x0d, 0xfe,
    0x03, 0x01, 0x07, 0x02, 0x06, 0x15, 0x06, 0x17, 0x02, 0x03, 0x06, 0x18, 0x06, 0x1f, 0x7c, 0x06, 0x66, 0x12, 0x07, 0x01, 0x06, 0x5c, 0x1b, 0x07,
    0x01, 0x06, 0x87, 0x01, 0x06, 0x8a, 0x1b, 0x07, 0x01, 0x06, 0x87, 0x28, 0x06, 0xa3, 0x25, 0x02, 0x71, 0x06, 0x7e, 0x29, 0x03, 0x02, 0x08, 0x08,
    0x07, 0x06, 0xfe, 0xfe, 0x0d, 0x08, 0x06, 0xfe, 0xff, 0x0d, 0x09, 0x03, 0x01, 0x0a, 0x06, 0x37, 0x0b, 0x00, 0x0c, 0x01, 0x06, 0x00, 0x0d, 0x09,
    0x01, 0x09, 0x00, 0x06, 0xfe, 0x00, 0x0e, 0x16, 0x09, 0x04, 0x05, 0x00, 0x06, 0xfe, 0x01, 0x0e, 0x12, 0x07, 0x01, 0x06, 0xbc, 0x04, 0x06, 0x0e,
    0x13, 0x06, 0x17, 0x03, 0x06, 0x11, 0x05, 0x06, 0x2c, 0x02, 0x03, 0x04, 0x0f, 0x06, 0x15, 0x04, 0x06, 0x0e, 0x19, 0x02, 0x01, 0x06, 0x14, 0x03,
    0x06, 0x2d, 0x08, 0x08, 0x07, 0x06, 0xfe, 0x02, 0x0e, 0x08, 0x06, 0xfe, 0x03, 0x0e, 0x09, 0x03, 0x01, 0x0a, 0x06, 0x21, 0x0b, 0x00, 0x0c, 0x01,
    0x06, 0x00, 0x0d, 0x09, 0x0a, 0x05, 0x00, 0x06, 0xfe, 0x04, 0x0e, 0x01, 0x06, 0x23, 0x1e, 0x07, 0x02, 0x09, 0x03, 0x09, 0x00, 0x06, 0xfe, 0x05,
    0x0e, 0x05, 0x06, 0x17, 0x43, 0x03, 0x0a, 0x3f, 0x06, 0x1f, 0x02, 0x03, 0x01, 0x03, 0x06, 0x11, 0x04, 0x06, 0x0e, 0x12, 0x07, 0x01, 0x06, 0xa6,
    0x01, 0x06, 0x80, 0x09, 0x09, 0x08, 0x00, 0x06, 0xfe, 0x06, 0x0e, 0x01, 0x06, 0xfe, 0x48, 0x01, 0x04, 0x06, 0xfe, 0x07, 0x0e, 0xfe, 0x49, 0x01,
    0x06, 0x21, 0xfe, 0x4a, 0x01, 0x06, 0xfe, 0x08, 0x0e, 0x02, 0x03, 0x01, 0x19, 0x02, 0x12, 0x07, 0x01, 0x06, 0xa6, 0x5f, 0x07, 0x01, 0x06, 0xfe,
    0x09, 0x0e, 0x12, 0x07, 0x01, 0x06, 0xa6, 0x08, 0x08, 0x07, 0x06, 0xfe, 0x0a, 0x0e, 0x08, 0x06, 0xfe, 0x0b, 0x0e, 0x09, 0x03, 0x01, 0x0a, 0x06,
    0x21, 0x0b, 0x00, 0x0c, 0x01, 0x06, 0x00, 0x0d, 0x09, 0x0a, 0x06, 0x00, 0x06, 0xfe, 0x0c, 0x0e, 0x01, 0x06, 0x23, 0x1e, 0x07, 0x02, 0x09, 0x02,
    0x08, 0x00, 0x06, 0xfe, 0x0d, 0x0e, 0x16, 0x09, 0x01, 0x0a, 0x02, 0x03, 0x01, 0x18, 0x06, 0x1f, 0x00, 0x06, 0xfe, 0x0e, 0x0e, 0x7c, 0x06, 0x66,
    0x03, 0x06, 0x11, 0x13, 0x06, 0x17, 0x04, 0x06, 0x0e, 0x7f, 0x06, 0x0e, 0x12, 0x07, 0x01, 0x06, 0x93, 0x6a, 0x02, 0x01, 0x06, 0x32, 0x02, 0x03,
    0x01, 0x05, 0x06, 0x2f, 0x0f, 0x06, 0x10, 0x12, 0x07, 0x01, 0x06, 0x93, 0x6a, 0x02, 0x09, 0x06, 0x08, 0x00, 0x06, 0xfe, 0x0f, 0x0e, 0x16, 0x09,
    0x01, 0x06, 0x02, 0x03, 0x02, 0x18, 0x06, 0x1f, 0x00, 0x06, 0xfe, 0xb8, 0x02, 0x7c, 0x06, 0x66, 0x03, 0x06, 0x11, 0x13, 0x06, 0x17, 0x01, 0x06,
    0x8a, 0x1b, 0x07, 0x01, 0x06, 0x87, 0x28, 0x06, 0xa3, 0x25, 0x02, 0x12, 0x07, 0x01, 0x06, 0x93, 0x29, 0x03, 0x02, 0x6a, 0x02, 0x12, 0x07, 0x01,
    0x06, 0x93, 0x1b, 0x07, 0x01, 0x06, 0x87, 0x08, 0x08, 0x07, 0x06, 0xfe, 0x10, 0x0e, 0x08, 0x06, 0xfe, 0x11, 0x0e, 0x09, 0x03, 0x01, 0x0a, 0x06,
    0x21, 0x0b, 0x00, 0x0c, 0x01, 0x06, 0x00, 0x0d, 0x09, 0x0a, 0x07, 0x00, 0x06, 0xfe, 0x12, 0x0e, 0x01, 0x06, 0x23, 0x1e, 0x07, 0x02, 0x09, 0x07,
    0x09, 0x00, 0x06, 0xfe, 0x13, 0x0e, 0x02, 0x03, 0x02, 0x03, 0x06, 0x11, 0x04, 0x06, 0x0e, 0x12, 0x07, 0x01, 0x06, 0xe7, 0x73, 0x03, 0x01, 0x01,
    0x06, 0x1c, 0x1d, 0x06, 0x2e, 0x1a, 0x06, 0x22, 0x09, 0x07, 0x0a, 0x00, 0x06, 0xfe, 0x14, 0x0e, 0x02, 0x03, 0x02, 0x03, 0x06, 0x11, 0x12, 0x07,
    0x01, 0x06, 0xe7, 0x73, 0x03, 0x01, 0x01, 0x06, 0x1c, 0x1d, 0x06, 0x35, 0x71, 0x06, 0x7e, 0x1b, 0x07, 0x01, 0x06, 0x56, 0x1a, 0x06, 0x22, 0x1a,
    0x06, 0x22, 0x71, 0x06, 0x7e, 0x12, 0x07, 0x01, 0x06, 0xe7, 0x1b, 0x07, 0x01, 0x06, 0x56, 0x08, 0x08, 0x07, 0x06, 0xfe, 0x15, 0x0e, 0x08, 0x06,
    0xfe, 0x16, 0x0e, 0x09, 0x03, 0x01, 0x0a, 0x06, 0x41, 0x0b, 0x00, 0x0c, 0x01, 0x06, 0x09, 0x01, 0x07, 0x00, 0x06, 0xc8, 0x05, 0x06, 0x17, 0x2a,
    0x06, 0x17, 0x0f, 0x06, 0x15, 0x03, 0x06, 0x11, 0x6e, 0x02, 0x01, 0x06, 0x14, 0x0d, 0x09, 0x08, 0x0a, 0x00, 0x06, 0xfe, 0x28, 0x01, 0x05, 0x06,
    0x17, 0x43, 0x03, 0x04, 0x3f, 0x06, 0x47, 0x27, 0x06, 0x31, 0x02, 0x03, 0x01, 0x03, 0x06, 0x11, 0x04, 0x06, 0x3c, 0x01, 0x06, 0x30, 0x5f, 0x07,
    0x01, 0x06, 0xbf, 0x08, 0x08, 0x07, 0x06, 0xfe, 0x17, 0x0e, 0x08, 0x06, 0xfe, 0x18, 0x0e, 0x09, 0x03, 0x01, 0x0a, 0x06, 0x33, 0x0b, 0x00, 0x0c,
    0x01, 0x06, 0x00, 0x0d, 0x09, 0x07, 0x09, 0x00, 0x06, 0xfe, 0x11, 0x01, 0x16, 0x09, 0x04, 0x05, 0x00, 0x06, 0xfe, 0x19, 0x0e, 0x12, 0x07, 0x01,
    0x06, 0xf9, 0x04, 0x06, 0x0e, 0x13, 0x06, 0x5e, 0x03, 0x06, 0x24, 0x1a, 0x06, 0x5a, 0x40, 0x02, 0x01, 0x06, 0x1c, 0x1d, 0x06, 0x35, 0x02, 0x03,
    0x01, 0x1b, 0x07, 0x01, 0x06, 0x62, 0x04, 0x06, 0x0e, 0x08, 0x08, 0x07, 0x06, 0xfe, 0x1a, 0x0e, 0x08, 0x06, 0xfe, 0x1b, 0x0e, 0x09, 0x03, 0x01,
    0x0a, 0x06, 0x20, 0x0b, 0x00, 0x0c, 0x01, 0x06, 0x00, 0x0d, 0x09, 0x01, 0x09, 0x00, 0x06, 0xfe, 0x1c, 0x0e, 0x16, 0x09, 0x02, 0x08, 0x00, 0x06,
    0xfe, 0x19, 0x01, 0x04, 0x06, 0x0e, 0x13, 0x06, 0x5e, 0x03, 0x06, 0x24, 0x02, 0x03, 0x06, 0x18, 0x06, 0x1f, 0x64, 0x06, 0x8c, 0x60, 0x06, 0x61,
    0x05, 0x06, 0x15, 0x0f, 0x06, 0x10, 0x02, 0x03, 0x01, 0x03, 0x06, 0x24, 0x04, 0x06, 0x0e, 0x12, 0x07, 0x01, 0x06, 0x50, 0x01, 0x06, 0x14, 0x08,
    0x08, 0x07, 0x06, 0xfe, 0x1d, 0x0e, 0x08, 0x06, 0xfe, 0x1e, 0x0e, 0x09, 0x03, 0x01, 0x0a, 0x06, 0x33, 0x0b, 0x00, 0x0c, 0x01, 0x06, 0x00, 0x0d,
    0x09, 0x07, 0x09, 0x00, 0x06, 0xfe, 0x58, 0x01, 0x16, 0x09, 0x04, 0x05, 0x00, 0x06, 0xfe, 0x1f, 0x0e, 0x12, 0x07, 0x01, 0x06, 0xea, 0x04, 0x06,
    0x0e, 0x13, 0x06, 0x5e, 0x03, 0x06, 0x24, 0x1a, 0x06, 0x5a, 0x40, 0x02, 0x01, 0x06, 0x1c, 0x1d, 0x06, 0x35, 0x02, 0x03, 0x01, 0x1b, 0x07, 0x01,
    0x06, 0x4f, 0x04, 0x06, 0x0e, 0x08, 0x08, 0x07, 0x06, 0xfe, 0x20, 0x0e, 0x08, 0x06, 0xfe, 0x21, 0x0e, 0x09, 0x03, 0x01, 0x0a, 0x06, 0x33, 0x0b,
    0x00, 0x0c, 0x01, 0x06, 0x00, 0x0d, 0x09, 0x07, 0x09, 0x00, 0x06, 0xfe, 0x27, 0x01, 0x16, 0x09, 0x04, 0x05, 0x00, 0x06, 0xfe, 0x22, 0x0e, 0x12,
    0x07, 0x01, 0x06, 0xfe, 0x26, 0x01, 0x04, 0x06, 0x0e, 0x13, 0x06, 0x5e, 0x03, 0x06, 0x24, 0x1a, 0x06, 0x5a, 0x40, 0x02, 0x01, 0x06, 0x1c, 0x1d,
    0x06, 0x35, 0x02, 0x03, 0x01, 0x1b, 0x07, 0x01, 0x06, 0x56, 0x04, 0x06, 0x0e, 0x08, 0x08, 0x07, 0x06, 0xfe, 0x23, 0x0e, 0x08, 0x06, 0xfe, 0x24,
    0x0e, 0x09, 0x03, 0x01, 0x0a, 0x06, 0x37, 0x0b, 0x00, 0x0c, 0x01, 0x06, 0x00, 0x0d, 0x09, 0x0a, 0x03, 0x00, 0x06, 0xfe, 0x25, 0x0e, 0x01, 0x06,
    0x23, 0x1e, 0x07, 0x02, 0x09, 0x04, 0x05, 0x00, 0x06, 0xfe, 0x26, 0x0e, 0x05, 0x06, 0x2c, 0x02, 0x03, 0x03, 0x04, 0x06, 0x0e, 0x01, 0x06, 0x4c,
    0x09, 0x01, 0x07, 0x00, 0x06, 0xfe, 0x8d, 0x01, 0x0f, 0x06, 0x2c, 0x96, 0x06, 0x97, 0x01, 0x06, 0x14, 0x05, 0x06, 0xf6, 0x03, 0x06, 0x2d, 0x02,
    0x03, 0x01, 0x08, 0x08, 0x07, 0x06, 0xfe, 0x27, 0x0e, 0x08, 0x06, 0xfe, 0x28, 0x0e, 0x09, 0x03, 0x01, 0x0a, 0x06, 0x33, 0x0b, 0x00, 0x0c, 0x01,
    0x06, 0x00, 0x0d, 0x09, 0x0d, 0x14, 0x00, 0x06, 0xfe, 0x29, 0x0e, 0x16, 0x09, 0x01, 0x06, 0x00, 0x06, 0xfe, 0xc3, 0x01, 0x04, 0x06, 0x0e, 0x13,
    0x06, 0x5e, 0x03, 0x06, 0x24, 0xfe, 0x0e, 0x01, 0x02, 0x25, 0x02, 0x1a, 0x06, 0x5a, 0x40, 0x02, 0x05, 0x06, 0x10, 0x0f, 0x06, 0x17, 0x43, 0x03,
    0x11, 0x3f, 0x06, 0x1f, 0x02, 0x03, 0x11, 0x03, 0x06, 0x11, 0x04, 0x06, 0x0e, 0x12, 0x07, 0x01, 0x06, 0x50, 0x01, 0x06, 0xa2, 0x28, 0x06, 0xc3,
    0x13, 0x06, 0x10, 0x29, 0x03, 0x02, 0x6a, 0x02, 0xfe, 0xc3, 0x02, 0x02, 0xfe, 0xc4, 0x02, 0x03, 0x11, 0xfe, 0xc5, 0x02, 0x06, 0x1f, 0x08, 0x08,
    0x07, 0x06, 0xfe, 0x2a, 0x0e, 0x08, 0x06, 0xfe, 0x2b, 0x0e, 0x09, 0x03, 0x01, 0x0a, 0x06, 0x57, 0x0b, 0x03, 0x01, 0x0c, 0x01, 0x06, 0x00, 0x0d,
    0x09, 0x0c, 0x07, 0x00, 0x06, 0xfe, 0x2c, 0x0e, 0x16, 0x09, 0x04, 0x06, 0x00, 0x06, 0xfe, 0x2d, 0x0e, 0x12, 0x07, 0x01, 0x06, 0x50, 0x04, 0x06,
    0x0e, 0x13, 0x06, 0x17, 0x03, 0x06, 0x11, 0x3d, 0x06, 0x3b, 0x03, 0x06, 0x11, 0x01, 0x06, 0x7a, 0x04, 0x00, 0x42, 0x02, 0x3d, 0x06, 0x3b, 0x08,
    0x08, 0x07, 0x06, 0xfe, 0x2e, 0x0e, 0x08, 0x06, 0xfe, 0x2f, 0x0e, 0x09, 0x03, 0x01, 0x0a, 0x06, 0x57, 0x0b, 0x03, 0x01, 0x0c, 0x01, 0x06, 0x00,
    0x0d, 0x09, 0x05, 0x07, 0x00, 0x06, 0xfe, 0x30, 0x0e, 0x16, 0x09, 0x06, 0x07, 0x6f, 0x06, 0x8f, 0x16, 0x09, 0x03, 0x03, 0x00, 0x06, 0xfe, 0xc6,
    0x02, 0x12, 0x07, 0x01, 0x06, 0x50, 0x3d, 0x06, 0x3b, 0x00, 0x06, 0xfe, 0xc6, 0x02, 0x39, 0x09, 0x03, 0x02, 0x26, 0x06, 0x6f, 0xd2, 0x06, 0xeb,
    0x03, 0x06, 0x11, 0x12, 0x07, 0x01, 0x06, 0x50, 0x3d, 0x06, 0x3b, 0x01, 0x06, 0x38, 0x29, 0x03, 0x01, 0x28, 0x06, 0x34, 0x25, 0x02, 0x3d, 0x06,
    0x3b, 0x08, 0x08, 0x07, 0x06, 0xfe, 0x31, 0x0e, 0x08, 0x06, 0xfe, 0x32, 0x0e, 0x09, 0x03, 0x01, 0x0a, 0x06, 0x37, 0x0b, 0x00, 0x0c, 0x01, 0x06,
    0x09, 0x01, 0x09, 0x00, 0x06, 0xfe, 0x33, 0x0e, 0x05, 0x06, 0x17, 0x2a, 0x06, 0x17, 0x0f, 0x06, 0x15, 0x02, 0x03, 0x01, 0x03, 0x06, 0x11, 0x12,
    0x07, 0x01, 0x06, 0x50, 0x19, 0x02, 0x01, 0x06, 0x14, 0x0d, 0x09, 0x0a, 0x04, 0x00, 0x06, 0xfe, 0x34, 0x0e, 0x01, 0x06, 0x23, 0x1e, 0x07, 0x02,
    0x09, 0x05, 0x06, 0x00, 0x06, 0xfe, 0xc6, 0x01, 0x01, 0x06, 0x38, 0x29, 0x03, 0x01, 0x28, 0x06, 0x34, 0x25, 0x02, 0x12, 0x07, 0x01, 0x06, 0x50,
    0x09, 0x01, 0x08, 0x00, 0x06, 0xfe, 0x35, 0x0e, 0x05, 0x06, 0x15, 0x0f, 0x06, 0x10, 0x02, 0x03, 0x01, 0x03, 0x06, 0x24, 0x04, 0x06, 0x0e, 0x12,
    0x07, 0x01, 0x06, 0x50, 0x01, 0x06, 0x14, 0x12, 0x07, 0x01, 0x06, 0x50, 0x08, 0x08, 0x07, 0x06, 0xfe, 0x36, 0x0e, 0x08, 0x06, 0xfe, 0x37, 0x0e,
    0x09, 0x03, 0x01, 0x0a, 0x06, 0x33, 0x0b, 0x00, 0x0c, 0x01, 0x06, 0x00, 0x0d, 0x09, 0x06, 0x10, 0x00, 0x06, 0xfe, 0x38, 0x0e, 0x16, 0x09, 0x01,
    0x06, 0x00, 0x06, 0xfe, 0xc3, 0x01, 0x04, 0x06, 0x0e, 0x13, 0x06, 0x5e, 0x03, 0x06, 0x24, 0xfe, 0x0e, 0x01, 0x02, 0x25, 0x02, 0x1a, 0x06, 0x5a,
    0x40, 0x02, 0x02, 0x03, 0x05, 0x03, 0x06, 0x24, 0x04, 0x06, 0x0e, 0x12, 0x07, 0x01, 0x06, 0x50, 0x01, 0x06, 0x8a, 0x1b, 0x07, 0x01, 0x06, 0x87,
    0x28, 0x06, 0xa3, 0x6a, 0x02, 0xfe, 0xc3, 0x02, 0x02, 0xfe, 0xc4, 0x02, 0x03, 0x05, 0xfe, 0xc5, 0x02, 0x06, 0x1f, 0x29, 0x03, 0x02, 0x08, 0x08,
    0x07, 0x06, 0xfe, 0x39, 0x0e, 0x08, 0x06, 0xfe, 0x3a, 0x0e, 0x09, 0x03, 0x01, 0x0a, 0x06, 0x37, 0x0b, 0x00, 0x0c, 0x01, 0x06, 0x00, 0x0d, 0x09,
    0x0a, 0x04, 0x00, 0x06, 0xfe, 0x3b, 0x0e, 0x01, 0x06, 0x23, 0x1e, 0x07, 0x02, 0x09, 0x02, 0x06, 0x00, 0x06, 0x9c, 0x01, 0x06, 0x32, 0x02, 0x03,
    0x01, 0x05, 0x06, 0x2f, 0x0f, 0x06, 0x10, 0x12, 0x07, 0x01, 0x06, 0x50, 0x09, 0x02, 0x07, 0x00, 0x06, 0xfe, 0xad, 0x02, 0x16, 0x09, 0x04, 0x05,
    0x00, 0x06, 0xfe, 0xae, 0x02, 0x12, 0x07, 0x01, 0x06, 0x50, 0x04, 0x06, 0x0e, 0x13, 0x06, 0x5e, 0x03, 0x06, 0x24, 0x01, 0x06, 0x32, 0x02, 0x03,
    0x01, 0x05, 0x06, 0x2f, 0x0f, 0x06, 0x10, 0x12, 0x07, 0x01, 0x06, 0x50, 0x12, 0x07, 0x01, 0x06, 0x50, 0x08, 0x08, 0x07, 0x06, 0xfe, 0x3c, 0x0e,
    0x08, 0x06, 0xfe, 0x3d, 0x0e, 0x09, 0x03, 0x01, 0x0a, 0x06, 0x33, 0x0b, 0x00, 0x0c, 0x01, 0x06, 0x00, 0x0d, 0x09, 0x0a, 0x05, 0x00, 0x06, 0xfe,
    0x3e, 0x0e, 0x01, 0x06, 0xef, 0xf0, 0x09, 0x01, 0x0a, 0x00, 0x06, 0xfe, 0x3f, 0x0e, 0x05, 0x06, 0x15, 0x02, 0x03, 0x01, 0x03, 0x06, 0x24, 0x04,
    0x06, 0x0e, 0x12, 0x07, 0x01, 0x06, 0x50, 0x19, 0x02, 0x01, 0x06, 0x14, 0x0f, 0x00, 0x13, 0x06, 0x5e, 0x16, 0x09, 0x01, 0x05, 0x13, 0x06, 0x5e,
    0x03, 0x06, 0x24, 0xfe, 0x40, 0x0e, 0x06, 0xfe, 0x41, 0x0e, 0x00, 0x06, 0xfe, 0x42, 0x0e, 0x04, 0x06, 0x0e, 0x12, 0x07, 0x01, 0x06, 0x50, 0x08,
    0x08, 0x07, 0x06, 0xfe, 0x43, 0x0e, 0x08, 0x06, 0xfe, 0x44, 0x0e, 0x09, 0x03, 0x01, 0x0a, 0x06, 0x21, 0x0b, 0x00, 0x0c, 0x01, 0x06, 0x00, 0x0d,
    0x09, 0x07, 0x08, 0x00, 0x06, 0xfe, 0x45, 0x0e, 0x16, 0x09, 0x06, 0x06, 0x00, 0x06, 0xfe, 0x46, 0x0e, 0x6f, 0x06, 0xfe, 0x3d, 0x01, 0x04, 0x06,
    0x0e, 0x60, 0x06, 0x61, 0x1b, 0x07, 0x01, 0x06, 0x45, 0x02, 0x03, 0x04, 0x01, 0x06, 0x1c, 0x1d, 0x06, 0x35, 0x02, 0x03, 0x01, 0x1b, 0x07, 0x01,
    0x06, 0x45, 0x1a, 0x06, 0x22, 0x04, 0x06, 0x0e, 0x08, 0x08, 0x07, 0x06, 0xfe, 0x47, 0x0e, 0x08, 0x06, 0xfe, 0x48, 0x0e, 0x09, 0x03, 0x01, 0x0a,
    0x06, 0x20, 0x0b, 0x00, 0x0c, 0x01, 0x06, 0x00, 0x0d, 0x09, 0x0a, 0x04, 0x00, 0x06, 0xfe, 0x49, 0x0e, 0x16, 0x09, 0x05, 0x05, 0x68, 0x02, 0x00,
    0x06, 0xfe, 0x6f, 0x01, 0x39, 0x09, 0x03, 0x03, 0x26, 0x06, 0x68, 0x13, 0x06, 0x17, 0xfa, 0x06, 0x15, 0x13, 0x06, 0x17, 0xfa, 0x06, 0x15, 0x01,
    0x06, 0x23, 0x1e, 0x07, 0x02, 0x09, 0x02, 0x05, 0x00, 0x06, 0x9a, 0x02, 0x03, 0x02, 0x01, 0x06, 0x32, 0x05, 0x06, 0x2f, 0x0f, 0x06, 0x10, 0x09,
    0x01, 0x06, 0x00, 0x06, 0x77, 0x05, 0x06, 0x10, 0x0f, 0x06, 0x15, 0x02, 0x03, 0x01, 0x01, 0x06, 0x14, 0x03, 0x06, 0x2d, 0x08, 0x08, 0x07, 0x06,
    0xfe, 0x4a, 0x0e, 0x08, 0x06, 0xfe, 0x83, 0x02, 0x09, 0x03, 0x01, 0x0a, 0x06, 0x20, 0x0b, 0x00, 0x0c, 0x01, 0x06, 0x00, 0x0d, 0x09, 0x07, 0x05,
    0x00, 0x06, 0xa7, 0x1a, 0x06, 0x22, 0x01, 0x06, 0x1c, 0x1d, 0x06, 0x2e, 0x02, 0x03, 0x02, 0x08, 0x08, 0x07, 0x06, 0xfe, 0x4b, 0x0e, 0x08, 0x06,
    0xfe, 0x4c, 0x0e, 0x09, 0x03, 0x01, 0x0a, 0x06, 0x20, 0x0b, 0x00, 0x0c, 0x01, 0x06, 0x00, 0x0d, 0x09, 0x04, 0x05, 0x00, 0x06, 0xfe, 0x4d, 0x0e,
    0x01, 0x06, 0x53, 0x16, 0x09, 0x05, 0x05, 0x68, 0x02, 0x00, 0x06, 0xfe, 0x6f, 0x01, 0x39, 0x09, 0x03, 0x03, 0x26, 0x06, 0x68, 0x13, 0x06, 0x17,
    0xfa, 0x06, 0x15, 0x13, 0x06, 0x17, 0xfa, 0x06, 0x15, 0x58, 0x09, 0x04, 0x05, 0x00, 0x06, 0xc9, 0x05, 0x06, 0x2c, 0x02, 0x03, 0x03, 0x04, 0x06,
    0x0e, 0x01, 0x06, 0x4c, 0x54, 0x09, 0x03, 0x05, 0x01, 0x06, 0x51, 0x55, 0x02, 0x00, 0x06, 0xfe, 0x0b, 0x01, 0x0f, 0x06, 0x10, 0x02, 0x03, 0x01,
    0x08, 0x08, 0x07, 0x06, 0xfe, 0x4e, 0x0e, 0x08, 0x06, 0xfe, 0x4f, 0x0e, 0x09, 0x03, 0x01, 0x0a, 0x06, 0x21, 0x0b, 0x00, 0x0c, 0x01, 0x06, 0x00,
    0x0d, 0x09, 0x0a, 0x04, 0x00, 0x06, 0xfe, 0x50, 0x0e, 0x16, 0x09, 0x04, 0x05, 0x00, 0x06, 0xfe, 0x51, 0x0e, 0x12, 0x07, 0x01, 0x06, 0x46, 0x04,
    0x06, 0x0e, 0x13, 0x06, 0x17, 0x03, 0x06, 0x11, 0x01, 0x06, 0x23, 0x1e, 0x07, 0x02, 0x09, 0x05, 0x05, 0x00, 0x06, 0xfe, 0xc6, 0x01, 0x01, 0x06,
    0x38, 0x29, 0x03, 0x01, 0x28, 0x06, 0x34, 0x25, 0x02, 0x09, 0x0a, 0x03, 0x00, 0x06, 0xfe, 0x52, 0x0e, 0x01, 0x06, 0x23, 0x1e, 0x07, 0x02, 0x09,
    0x02, 0x05, 0x00, 0x06, 0xa4, 0x02, 0x03, 0x01, 0x01, 0x06, 0x32, 0x05, 0x06, 0x2f, 0x0f, 0x06, 0x10, 0x09, 0x01, 0x06, 0x00, 0x06, 0xfe, 0x53,
    0x0e, 0x05, 0x06, 0x10, 0x0f, 0x06, 0xfe, 0x95, 0x01, 0x02, 0x03, 0x01, 0x01, 0x06, 0x14, 0x03, 0x06, 0x2d, 0x08, 0x08, 0x07, 0x06, 0xfe, 0x54,
    0x0e, 0x08, 0x06, 0xfe, 0x55, 0x0e, 0x09, 0x03, 0x01, 0x0a, 0x06, 0x21, 0x0b, 0x00, 0x0c, 0x01, 0x06, 0x00, 0x0d, 0x09, 0x0a, 0x06, 0x00, 0x06,
    0xfe, 0x56, 0x0e, 0x01, 0x06, 0x8d, 0x9b, 0x07, 0x03, 0x09, 0x09, 0x07, 0x00, 0x06, 0xfe, 0x57, 0x0e, 0x02, 0x03, 0x01, 0x01, 0x06, 0xb2, 0xb3,
    0x06, 0x37, 0xb4, 0x06, 0xfe, 0x58, 0x0e, 0x25, 0x02, 0xb5, 0x09, 0x02, 0x05, 0x00, 0x06, 0x9c, 0x01, 0x06, 0x32, 0x02, 0x03, 0x01, 0x05, 0x06,
    0x2f, 0x0f, 0x06, 0x10, 0x09, 0x07, 0x0a, 0x00, 0x06, 0xfe, 0x59, 0x0e, 0x1a, 0x06, 0x22, 0x02, 0x03, 0x01, 0x03, 0x06, 0x11, 0x12, 0x07, 0x01,
    0x06, 0x46, 0x73, 0x03, 0x01, 0x01, 0x06, 0x1c, 0x1d, 0x06, 0x35, 0x1b, 0x07, 0x01, 0x06, 0x45, 0x79, 0x02, 0x09, 0x05, 0x06, 0x00, 0x06, 0xfe,
    0xaa, 0x02, 0x01, 0x06, 0x38, 0x29, 0x03, 0x01, 0x28, 0x06, 0x34, 0x25, 0x02, 0x16, 0x09, 0x01, 0x05, 0x02, 0x03, 0x02, 0x18, 0x06, 0x1f, 0x00,
    0x06, 0xfe, 0x3e, 0x01, 0x13, 0x06, 0x5e, 0x04, 0x06, 0x0e, 0x02, 0x03, 0x01, 0x12, 0x07, 0x01, 0x06, 0x46, 0x1b, 0x07, 0x01, 0x06, 0x45, 0x08,
    0x08, 0x07, 0x06, 0xfe, 0x5a, 0x0e, 0x08, 0x06, 0xfe, 0x5b, 0x0e, 0x09, 0x03, 0x01, 0x0a, 0x06, 0x57, 0x0b, 0x03, 0x01, 0x0c, 0x01, 0x06, 0x00,
    0x0d, 0x09, 0x0a, 0x06, 0x00, 0x06, 0xfe, 0x5c, 0x0e, 0x01, 0x06, 0x23, 0x1e, 0x07, 0x02, 0x09, 0x01, 0x0d, 0x00, 0x06, 0xfe, 0x5d, 0x0e, 0x05,
    0x06, 0x3a, 0x65, 0x09, 0x03, 0x02, 0x26, 0x06, 0x3a, 0x6d, 0x06, 0x89, 0x0f, 0x06, 0x15, 0x02, 0x03, 0x01, 0x03, 0x06, 0x11, 0x04, 0x06, 0x0e,
    0x12, 0x07, 0x01, 0x06, 0x46, 0x19, 0x02, 0x6b, 0x02, 0x01, 0x06, 0x14, 0x83, 0x06, 0x90, 0x82, 0x02, 0x09, 0x0d, 0x08, 0x00, 0x06, 0xfe, 0x5e,
    0x0e, 0x6b, 0x02, 0x01, 0x06, 0xfe, 0x66, 0x01, 0xfe, 0x1c, 0x01, 0x03, 0x04, 0x59, 0x02, 0x5d, 0x03, 0x05, 0xfe, 0x15, 0x01, 0x06, 0xf4, 0x12,
    0x07, 0x01, 0x06, 0x46, 0x40, 0x02, 0x16, 0x09, 0x01, 0x04, 0x13, 0x06, 0x3a, 0x04, 0x06, 0x0e, 0x00, 0x06, 0xfe, 0x35, 0x01, 0xcb, 0x02, 0x12,
    0x07, 0x01, 0x06, 0x46, 0x08, 0x08, 0x07, 0x06, 0xfe, 0x5f, 0x0e, 0x08, 0x06, 0xfe, 0x60, 0x0e, 0x09, 0x03, 0x01, 0x0a, 0x06, 0x37, 0x0b, 0x00,
    0x0c, 0x01, 0x06, 0x00, 0x0d, 0x09, 0x05, 0x06, 0x00, 0x06, 0xfe, 0x61, 0x0e, 0x16, 0x09, 0x02, 0x05, 0x00, 0x06, 0xfe, 0x0c, 0x02, 0x04, 0x06,
    0x3c, 0x86, 0x06, 0x3e, 0x18, 0x06, 0x8b, 0x7f, 0x06, 0x0e, 0x01, 0x06, 0x38, 0x29, 0x03, 0x01, 0x28, 0x06, 0x34, 0x25, 0x02, 0x08, 0x08, 0x07,
    0x06, 0xfe, 0x62, 0x0e, 0x08, 0x06, 0xfe, 0x63, 0x0e, 0x09, 0x03, 0x01, 0x0a, 0x06, 0x37, 0x0b, 0x00, 0x0c, 0x01, 0x06, 0x00, 0x0d, 0x09, 0x05,
    0x06, 0x00, 0x06, 0xfe, 0x64, 0x0e, 0x16, 0x09, 0x01, 0x04, 0x13, 0x06, 0x3a, 0x04, 0x06, 0x0e, 0x00, 0x06, 0xfe, 0x65, 0x0e, 0x03, 0x06, 0x24,
    0x01, 0x06, 0x38, 0x29, 0x03, 0x01, 0x28, 0x06, 0x34, 0x25, 0x02, 0x08, 0x08, 0x07, 0x06, 0xfe, 0x66, 0x0e, 0x08, 0x06, 0xfe, 0x67, 0x0e, 0x09,
    0x03, 0x01, 0x0a, 0x06, 0x37, 0x0b, 0x00, 0x0c, 0x01, 0x06, 0x00, 0x0d, 0x09, 0x0a, 0x04, 0x00, 0x06, 0xfe, 0x68, 0x0e, 0x01, 0x06, 0x23, 0x1a,
    0x06, 0x22, 0x1e, 0x07, 0x02, 0x09, 0x07, 0x08, 0x00, 0x06, 0xfe, 0x69, 0x0e, 0x01, 0x06, 0x1c, 0xfe, 0x6d, 0x01, 0x06, 0xfe, 0x6e, 0x01, 0x1d,
    0x06, 0xcf, 0x52, 0x02, 0x04, 0x06, 0x3c, 0xe9, 0x06, 0x3c, 0x1a, 0x06, 0x22, 0x09, 0x05, 0x07, 0x00, 0x06, 0xfe, 0x08, 0x01, 0x01, 0x06, 0x38,
    0x29, 0x03, 0x01, 0x28, 0x06, 0x34, 0x25, 0x02, 0x1a, 0x06, 0x22, 0x16, 0x09, 0x02, 0x06, 0x00, 0x06, 0xfe, 0x6a, 0x0e, 0xfe, 0x6b, 0x0e, 0x02,
    0x86, 0x06, 0xcf, 0x02, 0x03, 0x02, 0x18, 0x06, 0x1f, 0x05, 0x06, 0x88, 0x08, 0x08, 0x07, 0x06, 0xfe, 0x6c, 0x0e, 0x08, 0x06, 0xfe, 0x6d, 0x0e,
    0x09, 0x03, 0x01, 0x0a, 0x06, 0x21, 0x0b, 0x00, 0x0c, 0x01, 0x06, 0x00, 0x0d, 0x09, 0x0a, 0x04, 0x00, 0x06, 0xfe, 0x6e, 0x0e, 0x01, 0x06, 0x23,
    0x1e, 0x07, 0x02, 0x09, 0x01, 0x07, 0x00, 0x06, 0xfe, 0xfb, 0x01, 0x05, 0x06, 0x2c, 0x02, 0x03, 0x04, 0x0f, 0x06, 0x15, 0x04, 0x06, 0x0e, 0x01,
    0x06, 0x14, 0x03, 0x06, 0x2d, 0x09, 0x07, 0x06, 0x00, 0x06, 0xfe, 0x6f, 0x0e, 0x16, 0x09, 0x01, 0x05, 0x00, 0x06, 0xfe, 0x70, 0x0e, 0x12, 0x07,
    0x01, 0x06, 0x5c, 0x02, 0x03, 0x04, 0x18, 0x06, 0x85, 0x05, 0x06, 0x88, 0x01, 0x06, 0x1c, 0x1d, 0x06, 0x2e, 0x02, 0x03, 0x01, 0x1a, 0x06, 0x22,
    0x12, 0x07, 0x01, 0x06, 0x5c, 0x08, 0x08, 0x07, 0x06, 0xfe, 0x71, 0x0e, 0x08, 0x06, 0xfe, 0x72, 0x0e, 0x09, 0x03, 0x01, 0x0a, 0x06, 0x21, 0x0b,
    0x00, 0x0c, 0x01, 0x06, 0x09, 0x01, 0x08, 0x00, 0x06, 0xfe, 0x21, 0x02, 0x05, 0x06, 0x10, 0x2a, 0x06, 0x10, 0x0f, 0x06, 0x15, 0x02, 0x03, 0x01,
    0x12, 0x07, 0x01, 0x06, 0xa6, 0x19, 0x02, 0x01, 0x06, 0x14, 0x0d, 0x09, 0x0a, 0x04, 0x00, 0x06, 0xfe, 0x73, 0x0e, 0x01, 0x06, 0x23, 0x1e, 0x07,
    0x02, 0x09, 0x02, 0x06, 0x00, 0x06, 0xa4, 0x02, 0x03, 0x01, 0x01, 0x06, 0x32, 0x05, 0x06, 0x2f, 0x0f, 0x06, 0x10, 0x12, 0x07, 0x01, 0x06, 0xa6,
    0x09, 0x0d, 0x0a, 0x00, 0x06, 0xfe, 0x74, 0x0e, 0x1a, 0x06, 0x22, 0x05, 0x06, 0x17, 0x02, 0x03, 0x01, 0x03, 0x06, 0x11, 0x04, 0x06, 0x0e, 0x12,
    0x07, 0x01, 0x06, 0xa6, 0x01, 0x06, 0xa2, 0x28, 0x06, 0x34, 0x29, 0x03, 0x05, 0x12, 0x07, 0x01, 0x06, 0xa6, 0x08, 0x08, 0x07, 0x06, 0xfe, 0x75,
    0x0e, 0x08, 0x06, 0xfe, 0x76, 0x0e, 0x09, 0x03, 0x01, 0x0a, 0x06, 0x41, 0x0b, 0x03, 0x01, 0x0c, 0x01, 0x06, 0x09, 0x08, 0x05, 0x00, 0x06, 0xb9,
    0x27, 0x06, 0x31, 0x03, 0x06, 0x11, 0x6e, 0x02, 0x01, 0x06, 0x30, 0x0d, 0x09, 0x0a, 0x03, 0x00, 0x06, 0xfb, 0x01, 0x06, 0x23, 0x1e, 0x07, 0x02,
    0x09, 0x02, 0x05, 0x00, 0x06, 0xa4, 0x02, 0x03, 0x01, 0x01, 0x06, 0x32, 0x05, 0x06, 0x2f, 0x0f, 0x06, 0x10, 0x09, 0x01, 0x06, 0x00, 0x06, 0x77,
    0x05, 0x06, 0x10, 0x0f, 0x06, 0x15, 0x02, 0x03, 0x01, 0x01, 0x06, 0x14, 0x03, 0x06, 0x2d, 0x08, 0x08, 0x07, 0x06, 0xfe, 0x77, 0x0e, 0x08, 0x06,
    0xfe, 0x78, 0x0e, 0x09, 0x03, 0x01, 0x0a, 0x06, 0x20, 0x0b, 0x00, 0x0c, 0x01, 0x06, 0x00, 0x0d, 0x09, 0x08, 0x06, 0x00, 0x06, 0xfe, 0x79, 0x0e,
    0x16, 0x09, 0x04, 0x06, 0x00, 0x06, 0xfe, 0x7a, 0x0e, 0x12, 0x07, 0x01, 0x06, 0xbc, 0x04, 0x06, 0x0e, 0x13, 0x06, 0x17, 0x03, 0x06, 0x11, 0x42,
    0x02, 0x27, 0x06, 0x67, 0x02, 0x03, 0x01, 0x01, 0x06, 0x30, 0x03, 0x06, 0x49, 0x08, 0x08, 0x07, 0x06, 0xfe, 0x7b, 0x0e, 0x08, 0x06, 0xfe, 0x7c,
    0x0e, 0x09, 0x03, 0x01, 0x0a, 0x06, 0xc0, 0x0b, 0x00, 0x0c, 0x01, 0x06, 0x00, 0x0d, 0x09, 0x08, 0x0c, 0x00, 0x06, 0xfe, 0x7d, 0x0e, 0x05, 0x06,
    0x17, 0x27, 0x06, 0x31, 0x02, 0x03, 0x01, 0x03, 0x06, 0x11, 0x04, 0x06, 0x3c, 0x12, 0x07, 0x00, 0x01, 0x06, 0x30, 0xfe, 0x55, 0x01, 0x07, 0x01,
    0x06, 0xa6, 0x6a, 0x02, 0xae, 0x03, 0x03, 0xac, 0x06, 0x47, 0x08, 0x08, 0x07, 0x06, 0xfe, 0x7e, 0x0e, 0x08, 0x06, 0xfe, 0x7f, 0x0e, 0x09, 0x03,
    0x01, 0x0a, 0x06, 0x41, 0x0b, 0x00, 0x0c, 0x01, 0x06, 0x09, 0x01, 0x05, 0x00, 0x06, 0xfe, 0x63, 0x02, 0x05, 0x06, 0x10, 0x2a, 0x06, 0x10, 0x0f,
    0x06, 0x15, 0x01, 0x06, 0x14, 0x0d, 0x09, 0x0a, 0x04, 0x00, 0x06, 0xfe, 0x80, 0x0e, 0x01, 0x06, 0x23, 0x1e, 0x07, 0x02, 0x09, 0x02, 0x05, 0x00,
    0x06, 0xa4, 0x02, 0x03, 0x01, 0x01, 0x06, 0x32, 0x05, 0x06, 0x2f, 0x0f, 0x06, 0x10, 0x09, 0x07, 0x08, 0x00, 0x06, 0xfe, 0x81, 0x0e, 0x1a, 0x06,
    0x22, 0x02, 0x03, 0x01, 0x04, 0x06, 0x0e, 0x69, 0x07, 0x02, 0x06, 0xfe, 0x67, 0x01, 0x06, 0xfe, 0x1f, 0x01, 0x73, 0x03, 0x01, 0x01, 0x06, 0x1c,
    0x1d, 0x06, 0x2e, 0xc1, 0x09, 0x02, 0x07, 0x00, 0x06, 0xfe, 0x64, 0x02, 0x13, 0x06, 0x10, 0xfe, 0x0e, 0x01, 0x02, 0x25, 0x02, 0x02, 0x03, 0x01,
    0x18, 0x06, 0x1f, 0x04, 0x06, 0x0e, 0x08, 0x08, 0x07, 0x06, 0xfe, 0x82, 0x0e, 0x08, 0x06, 0xfe, 0x83, 0x0e, 0x09, 0x03, 0x01, 0x0a, 0x06, 0x20,
    0x0b, 0x00, 0x0c, 0x01, 0x06, 0x00, 0x0d, 0x09, 0x0a, 0x04, 0x00, 0x06, 0xfe, 0x84, 0x0e, 0x16, 0x09, 0x05, 0x05, 0x68, 0x02, 0x00, 0x06, 0xfe,
    0x85, 0x0e, 0x39, 0x09, 0x03, 0x02, 0x26, 0x06, 0x68, 0x13, 0x06, 0x17, 0x13, 0x06, 0x17, 0x03, 0x06, 0x11, 0x01, 0x06, 0x23, 0x1e, 0x07, 0x02,
    0x09, 0x02, 0x05, 0x00, 0x06, 0x9a, 0x02, 0x03, 0x02, 0x01, 0x06, 0x32, 0x05, 0x06, 0x2f, 0x0f, 0x06, 0x10, 0x09, 0x01, 0x06, 0x00, 0x06, 0xab,
    0x05, 0x06, 0x10, 0x0f, 0x06, 0x15, 0x02, 0x03, 0x02, 0x01, 0x06, 0x14, 0x03, 0x06, 0x2d, 0x08, 0x08, 0x07, 0x06, 0xfe, 0x86, 0x0e, 0x08, 0x06,
    0xfe, 0x87, 0x0e, 0x09, 0x03, 0x01, 0x0a, 0x06, 0x41, 0x0b, 0x03, 0x01, 0x0c, 0x01, 0x06, 0x09, 0x07, 0x05, 0x00, 0x06, 0xfe, 0xf5, 0x01, 0x3e,
    0x03, 0x04, 0x02, 0x03, 0x04, 0x01, 0x06, 0x48, 0x05, 0x06, 0x2b, 0x0d, 0x09, 0x01, 0x0a, 0x00, 0x06, 0xfe, 0x88, 0x0e, 0x05, 0x06, 0x15, 0x0f,
    0x06, 0xf3, 0x43, 0x03, 0x04, 0x3f, 0x06, 0x47, 0x02, 0x03, 0x01, 0x03, 0x06, 0x11, 0x04, 0x06, 0x0e, 0x12, 0x07, 0x01, 0x06, 0x5c, 0x01, 0x06,
    0x14, 0x08, 0x08, 0x07, 0x06, 0xfe, 0x89, 0x0e, 0x08, 0x06, 0xfe, 0x8a, 0x0e, 0x09, 0x03, 0x01, 0x0a, 0x06, 0x57, 0x0b, 0x00, 0x0c, 0x01, 0x06,
    0x00, 0x0d, 0x09, 0x0a, 0x05, 0x00, 0x06, 0xfe, 0x8b, 0x0e, 0x01, 0x06, 0x23, 0x1e, 0x07, 0x02, 0x09, 0x01, 0x07, 0x00, 0x06, 0xfe, 0x4d, 0x01,
    0x05, 0x06, 0x10, 0x0f, 0x06, 0x15, 0x02, 0x03, 0x01, 0x19, 0x02, 0x01, 0x06, 0x14, 0x03, 0x06, 0x2d, 0x09, 0x0a, 0x09, 0x00, 0x06, 0xfe, 0xcb,
    0x01, 0x05, 0x06, 0x15, 0x0f, 0x06, 0x10, 0x02, 0x03, 0x01, 0x04, 0x06, 0x0e, 0x6b, 0x02, 0x01, 0x06, 0x23, 0x1e, 0x07, 0x02, 0x09, 0x01, 0x09,
    0x00, 0x06, 0xfe, 0xcb, 0x01, 0x01, 0x06, 0x14, 0x05, 0x06, 0x15, 0x0f, 0x06, 0x10, 0x03, 0x06, 0x24, 0x02, 0x03, 0x01, 0x6b, 0x02, 0x04, 0x06,
    0x0e, 0x98, 0x02, 0x09, 0x01, 0x09, 0x00, 0x06, 0xfe, 0xcb, 0x01, 0x01, 0x06, 0x14, 0x05, 0x06, 0x15, 0x0f, 0x06, 0x10, 0x03, 0x06, 0x11, 0x02,
    0x03, 0x01, 0x6b, 0x02, 0x04, 0x06, 0x0e, 0x98, 0x02, 0x98, 0x02, 0x40, 0x02, 0x16, 0x09, 0x01, 0x08, 0x02, 0x03, 0x01, 0x18, 0x06, 0x1f, 0x00,
    0x06, 0xd5, 0x39, 0x09, 0x03, 0x03, 0x26, 0x06, 0xad, 0x05, 0x06, 0x17, 0x0f, 0x06, 0x15, 0x03, 0x06, 0x11, 0x25, 0x02, 0x05, 0x06, 0x17, 0x0f,
    0x06, 0x15, 0x08, 0x08, 0x07, 0x06, 0xfe, 0x8c, 0x0e, 0x08, 0x06, 0xfe, 0x8d, 0x0e, 0x09, 0x03, 0x01, 0x0a, 0x06, 0x57, 0x0b, 0x00, 0x0c, 0x01,
    0x06, 0x00, 0x0d, 0x09, 0x0a, 0x06, 0x00, 0x06, 0xfe, 0x8e, 0x0e, 0x01, 0x06, 0x23, 0x1e, 0x07, 0x02, 0x09, 0x01, 0x07, 0x00, 0x06, 0xfe, 0x4d,
    0x01, 0x05, 0x06, 0x10, 0x0f, 0x06, 0x15, 0x02, 0x03, 0x01, 0x19, 0x02, 0x01, 0x06, 0x14, 0x03, 0x06, 0x2d, 0x09, 0x0a, 0x06, 0x00, 0x06, 0xfe,
    0xcc, 0x01, 0x1a, 0x06, 0x22, 0x01, 0x06, 0x23, 0x1e, 0x07, 0x02, 0x09, 0x07, 0x07, 0x01, 0x06, 0x1c, 0x1d, 0x06, 0x2e, 0x02, 0x03, 0x01, 0x73,
    0x03, 0x01, 0x03, 0x06, 0x11, 0x1a, 0x06, 0x22, 0x00, 0x06, 0xfe, 0xcc, 0x01, 0x09, 0x07, 0x08, 0x01, 0x06, 0x1c, 0x1d, 0x06, 0x35, 0x1b, 0x07,
    0x01, 0x06, 0x4d, 0x02, 0x03, 0x01, 0x73, 0x03, 0x01, 0x03, 0x06, 0x11, 0x1a, 0x06, 0x22, 0x00, 0x06, 0xfe, 0xcc, 0x01, 0x1b, 0x07, 0x01, 0x06,
    0x4d, 0x02, 0x03, 0x01, 0x40, 0x02, 0x16, 0x09, 0x01, 0x08, 0x02, 0x03, 0x01, 0x18, 0x06, 0x1f, 0x00, 0x06, 0xd5, 0x39, 0x09, 0x03, 0x03, 0x26,
    0x06, 0xad, 0x05, 0x06, 0x17, 0x0f, 0x06, 0x15, 0x03, 0x06, 0x11, 0x25, 0x02, 0x05, 0x06, 0x17, 0x0f, 0x06, 0x15, 0x1b, 0x07, 0x01, 0x06, 0x4d,
    0x08, 0x08, 0x07, 0x06, 0xfe, 0x8f, 0x0e, 0x08, 0x06, 0xfe, 0x90, 0x0e, 0x09, 0x03, 0x01, 0x0a, 0x06, 0x57, 0x0b, 0x00, 0x0c, 0x01, 0x06, 0x00,
    0x0d, 0x09, 0x0a, 0x04, 0x00, 0x06, 0xfe, 0x91, 0x0e, 0x16, 0x09, 0x01, 0x08, 0x02, 0x03, 0x01, 0x18, 0x06, 0x1f, 0x00, 0x06, 0xd5, 0x39, 0x09,
    0x03, 0x03, 0x26, 0x06, 0xad, 0x05, 0x06, 0x17, 0x0f, 0x06, 0x15, 0x03, 0x06, 0x11, 0x25, 0x02, 0x05, 0x06, 0x17, 0x0f, 0x06, 0x15, 0x01, 0x06,
    0x23, 0x1e, 0x07, 0x02, 0x09, 0x02, 0x05, 0x00, 0x06, 0x9a, 0x02, 0x03, 0x02, 0x01, 0x06, 0x32, 0x05, 0x06, 0x2f, 0x0f, 0x06, 0x10, 0x09, 0x01,
    0x06, 0x00, 0x06, 0xab, 0x05, 0x06, 0x10, 0x0f, 0x06, 0x15, 0x02, 0x03, 0x02, 0x01, 0x06, 0x14, 0x03, 0x06, 0x2d, 0x08, 0x08, 0x07, 0x06, 0xfe,
    0x92, 0x0e, 0x08, 0x06, 0xfe, 0x93, 0x0e, 0x09, 0x03, 0x01, 0x0a, 0x06, 0x21, 0x0b, 0x00, 0x0c, 0x01, 0x06, 0x09, 0x01, 0x07, 0x00, 0x06, 0x5b,
    0x05, 0x06, 0x10, 0x2a, 0x06, 0x10, 0x0f, 0x06, 0x15, 0x02, 0x03, 0x01, 0x19, 0x02, 0x01, 0x06, 0x14, 0x0d, 0x09, 0x07, 0x0a, 0x00, 0x06, 0xfe,
    0x94, 0x0e, 0x1a, 0x06, 0x22, 0x02, 0x03, 0x01, 0x03, 0x06, 0x11, 0x04, 0x06, 0x0e, 0x12, 0x07, 0x01, 0x06, 0x5c, 0x73, 0x03, 0x01, 0x01, 0x06,
    0x1c, 0x1d, 0x06, 0x35, 0x1b, 0x07, 0x01, 0x06, 0x4d, 0x08, 0x08, 0x07, 0x06, 0xfe, 0x95, 0x0e, 0x08, 0x06, 0xfe, 0x96, 0x0e, 0x09, 0x03, 0x01,
    0x0a, 0x06, 0x37, 0x0b, 0x00, 0x0c, 0x01, 0x06, 0x00, 0x0d, 0x09, 0x01, 0x0a, 0x00, 0x06, 0xfe, 0x97, 0x0e, 0x16, 0x09, 0x01, 0x07, 0x02, 0x03,
    0x02, 0x18, 0x06, 0x1f, 0x00, 0x06, 0xfe, 0x98, 0x0e, 0x7c, 0x06, 0x66, 0x03, 0x06, 0x11, 0x13, 0x06, 0x17, 0x04, 0x06, 0x0e, 0x05, 0x06, 0x15,
    0x0f, 0x06, 0x10, 0x43, 0x03, 0x03, 0x3f, 0x06, 0x47, 0x02, 0x03, 0x01, 0x03, 0x06, 0x24, 0x04, 0x06, 0x0e, 0x01, 0x06, 0x14, 0x08, 0x08, 0x07,
    0x06, 0xfe, 0x99, 0x0e, 0x08, 0x06, 0xfe, 0x9a, 0x0e, 0x09, 0x03, 0x01, 0x0a, 0x06, 0x57, 0x0b, 0x03, 0x01, 0x0c, 0x01, 0x06, 0x00, 0x0d, 0x09,
    0x0a, 0x06, 0x00, 0x06, 0xfe, 0x9b, 0x0e, 0x01, 0x06, 0x23, 0x1e, 0x07, 0x02, 0x09, 0x01, 0x0d, 0x00, 0x06, 0xfe, 0x9c, 0x0e, 0x05, 0x06, 0x3a,
    0x65, 0x09, 0x03, 0x02, 0x26, 0x06, 0x3a, 0x6d, 0x06, 0x89, 0x0f, 0x06, 0x15, 0x02, 0x03, 0x03, 0x04, 0x06, 0x0e, 0x12, 0x07, 0x01, 0x06, 0x5c,
    0x19, 0x02, 0x6b, 0x02, 0x01, 0x06, 0x14, 0x03, 0x06, 0x2d, 0x83, 0x06, 0x90, 0x82, 0x02, 0x09, 0x0d, 0x04, 0x00, 0x06, 0xfe, 0x9d, 0x0e, 0x65,
    0x09, 0x03, 0x03, 0x26, 0x06, 0x65, 0x6d, 0x06, 0xfe, 0x9e, 0x0e, 0xc5, 0x06, 0xce, 0x01, 0x06, 0xfe, 0xe5, 0x01, 0x12, 0x07, 0x01, 0x06, 0x5c,
    0x40, 0x02, 0x16, 0x09, 0x01, 0x04, 0x13, 0x06, 0x3a, 0x04, 0x06, 0x0e, 0x00, 0x06, 0xfe, 0x35, 0x01, 0xcb, 0x02, 0x12, 0x07, 0x01, 0x06, 0x5c,
    0x08, 0x08, 0x07, 0x06, 0xfe, 0x9f, 0x0e, 0x08, 0x06, 0xfe, 0xa0, 0x0e, 0x09, 0x03, 0x01, 0x0a, 0x06, 0x37, 0x0b, 0x00, 0x0c, 0x01, 0x06, 0x00,
    0x0d, 0x09, 0x04, 0x05, 0x00, 0x06, 0xfe, 0xa1, 0x0e, 0x01, 0x06, 0x53, 0x16, 0x09, 0x02, 0x06, 0x00, 0x06, 0xfe, 0xa2, 0x0e, 0x86, 0x06, 0xcf,
    0x02, 0x03, 0x01, 0x18, 0x06, 0x1f, 0x6f, 0x06, 0x8f, 0xf7, 0x06, 0x8f, 0x58, 0x09, 0x04, 0x05, 0x00, 0x06, 0xca, 0x05, 0x06, 0x2c, 0x02, 0x03,
    0x02, 0x04, 0x06, 0x0e, 0x01, 0x06, 0x4c, 0x54, 0x09, 0x03, 0x07, 0x01, 0x06, 0x51, 0x55, 0x02, 0x00, 0x06, 0xe3, 0x0f, 0x06, 0x2c, 0x96, 0x06,
    0x97, 0x99, 0x02, 0x4e, 0x01, 0x08, 0x08, 0x07, 0x06, 0xfe, 0xa3, 0x0e, 0x08, 0x06, 0xfe, 0xa4, 0x0e, 0x09, 0x03, 0x01, 0x0a, 0x06, 0x21, 0x0b,
    0x00, 0x0c, 0x01, 0x06, 0x00, 0x0d, 0x09, 0x04, 0x07, 0x00, 0x06, 0xfe, 0xa5, 0x0e, 0x01, 0x06, 0x53, 0x16, 0x09, 0x02, 0x0a, 0x00, 0x06, 0xfe,
    0xa6, 0x0e, 0x12, 0x07, 0x01, 0x06, 0x5c, 0x04, 0x06, 0x0e, 0x13, 0x06, 0x17, 0x03, 0x06, 0x11, 0x02, 0x03, 0x14, 0x18, 0x06, 0x1f, 0x64, 0x06,
    0x06, 0x60, 0x06, 0x61, 0xfe, 0xfe, 0x00, 0x03, 0x14, 0x58, 0x09, 0x04, 0x04, 0x00, 0x06, 0xfe, 0xa7, 0x0e, 0x02, 0x03, 0x02, 0x01, 0x06, 0x4c,
    0x05, 0x06, 0x2c, 0x54, 0x09, 0x03, 0x06, 0x01, 0x06, 0x51, 0x00, 0x06, 0xfe, 0xa8, 0x0e, 0x0f, 0x06, 0x10, 0x4e, 0x01, 0xfe, 0xa9, 0x0e, 0x06,
    0x2c, 0x02, 0x03, 0x01, 0x9e, 0x09, 0x06, 0x08, 0x00, 0x06, 0xfe, 0xaa, 0x0e, 0x16, 0x09, 0x02, 0x0a, 0x00, 0x06, 0xfe, 0xab, 0x0e, 0x02, 0x03,
    0x1e, 0x18, 0x06, 0x1f, 0x04, 0x06, 0x0e, 0x64, 0x06, 0x06, 0x12, 0x07, 0x01, 0x06, 0x5c, 0x13, 0x06, 0x17, 0x03, 0x06, 0x11, 0x60, 0x06, 0x61,
    0xfe, 0xfe, 0x00, 0x03, 0x1e, 0x01, 0x06, 0x8a, 0x1b, 0x07, 0x01, 0x06, 0x87, 0x28, 0x06, 0xa3, 0x25, 0x02, 0x29, 0x03, 0x02, 0x13, 0x06, 0x17,
    0x1b, 0x07, 0x01, 0x06, 0x87, 0x08, 0x08, 0x07, 0x06, 0xfe, 0xac, 0x0e, 0x08, 0x06, 0xfe, 0x42, 0x01, 0x09, 0x03, 0x01, 0x0a, 0x06, 0x21, 0x0b,
    0x00, 0x0c, 0x01, 0x06, 0x00, 0x0d, 0x09, 0x0a, 0x03, 0x00, 0x06, 0xfb, 0x01, 0x06, 0x23, 0x1e, 0x07, 0x02, 0x09, 0x02, 0x05, 0x00, 0x06, 0xa4,
    0x02, 0x03, 0x01, 0x01, 0x06, 0x32, 0x05, 0x06, 0x2f, 0x0f, 0x06, 0x10, 0x09, 0x01, 0x06, 0x00, 0x06, 0x77, 0x05, 0x06, 0x10, 0x0f, 0x06, 0x15,
    0x02, 0x03, 0x01, 0x01, 0x06, 0x14, 0x03, 0x06, 0x2d, 0x08, 0x08, 0x07, 0x06, 0xfe, 0xad, 0x0e, 0x08, 0x06, 0xfe, 0xae, 0x0e, 0x09, 0x03, 0x01,
    0x0a, 0x06, 0x21, 0x0b, 0x00, 0x0c, 0x01, 0x06, 0x00, 0x0d, 0x09, 0x0a, 0x08, 0x00, 0x06, 0xfe, 0xaf, 0x0e, 0x01, 0x06, 0xa9, 0x94, 0x09, 0x01,
    0x09, 0x00, 0x06, 0xfe, 0xb0, 0x0e, 0x05, 0x06, 0x15, 0x0f, 0x06, 0x7d, 0x03, 0x06, 0x11, 0x04, 0x06, 0x2f, 0x19, 0x02, 0x01, 0x06, 0x14, 0xb7,
    0x02, 0x52, 0x02, 0xaa, 0x09, 0x01, 0x05, 0x02, 0x03, 0x0f, 0x18, 0x06, 0x1f, 0x00, 0x06, 0xfe, 0xb1, 0x0e, 0x12, 0x07, 0x01, 0x06, 0x93, 0x05,
    0x06, 0x88, 0x9e, 0x09, 0x07, 0x09, 0x00, 0x06, 0xfe, 0xb2, 0x0e, 0x1a, 0x06, 0x22, 0x02, 0x03, 0x03, 0x04, 0x06, 0x0e, 0x69, 0x07, 0x01, 0x06,
    0xfe, 0x20, 0x01, 0xd7, 0x09, 0x03, 0x02, 0x00, 0x06, 0xfe, 0x20, 0x01, 0xd8, 0x06, 0xbe, 0x73, 0x03, 0x01, 0x01, 0x06, 0x1c, 0x1d, 0x06, 0x2e,
    0x12, 0x07, 0x01, 0x06, 0x93, 0xb7, 0x02, 0x52, 0x02, 0x08, 0x08, 0x07, 0x06, 0xfe, 0xb3, 0x0e, 0x08, 0x06, 0xfe, 0xb4, 0x0e, 0x09, 0x03, 0x01,
    0x0a, 0x06, 0x37, 0x0b, 0x00, 0x0c, 0x01, 0x06, 0x00, 0x0d, 0x09, 0x01, 0x0a, 0x00, 0x06, 0xfe, 0xb5, 0x0e, 0x05, 0x06, 0x3a, 0x65, 0x09, 0x03,
    0x02, 0x26, 0x06, 0x3a, 0x6d, 0x06, 0x89, 0x0f, 0x06, 0x10, 0x43, 0x03, 0x04, 0x3f, 0x06, 0x47, 0x02, 0x03, 0x01, 0x03, 0x06, 0x11, 0x04, 0x06,
    0x0e, 0x01, 0x06, 0x14, 0x08, 0x08, 0x07, 0x06, 0xfe, 0xb6, 0x0e, 0x08, 0x06, 0xfe, 0xb7, 0x0e, 0x09, 0x03, 0x01, 0x0a, 0x06, 0x20, 0x0b, 0x00,
    0x0c, 0x01, 0x06, 0x00, 0x0d, 0x09, 0x04, 0x04, 0x00, 0x06, 0xfe, 0xb8, 0x0e, 0x01, 0x06, 0x53, 0x58, 0x09, 0x04, 0x05, 0x00, 0x06, 0xfe, 0x4c,
    0x02, 0x05, 0x06, 0x2c, 0x02, 0x03, 0x06, 0x04, 0x06, 0x0e, 0x01, 0x06, 0x4c, 0x54, 0x09, 0x03, 0x05, 0x01, 0x06, 0x51, 0x55, 0x02, 0x00, 0x06,
    0xfe, 0xb9, 0x0e, 0x0f, 0x06, 0x10, 0x02, 0x03, 0x02, 0x08, 0x08, 0x07, 0x06, 0xfe, 0xba, 0x0e, 0x08, 0x06, 0xfe, 0xbb, 0x0e, 0x09, 0x03, 0x01,
    0x0a, 0x06, 0x21, 0x0b, 0x00, 0x0c, 0x01, 0x06, 0x09, 0x01, 0x08, 0x00, 0x06, 0xfe, 0xbc, 0x0e, 0x05, 0x06, 0x10, 0x2a, 0x06, 0x10, 0x0f, 0x06,
    0x15, 0x19, 0x02, 0x69, 0x07, 0x03, 0x06, 0xfe, 0xbd, 0x0e, 0x06, 0xfe, 0x86, 0x02, 0x06, 0xfe, 0x05, 0x01, 0x99, 0x02, 0x01, 0x06, 0x14, 0x0d,
    0x09, 0x07, 0x0a, 0x00, 0x06, 0xfe, 0xbe, 0x0e, 0x02, 0x03, 0x01, 0x98, 0x02, 0x01, 0x06, 0x1c, 0x1d, 0x06, 0x35, 0x59, 0x02, 0x5d, 0x03, 0x01,
    0x63, 0x06, 0x15, 0xfe, 0x15, 0x01, 0x06, 0xf4, 0x1a, 0x06, 0x22, 0x08, 0x08, 0x07, 0x06, 0xfe, 0xbf, 0x0e, 0x08, 0x06, 0xfe, 0xc0, 0x0e, 0x09,
    0x03, 0x01, 0x0a, 0x06, 0x21, 0x0b, 0x00, 0x0c, 0x01, 0x06, 0x00, 0x0d, 0x09, 0x0a, 0x03, 0x00, 0x06, 0xfe, 0xc1, 0x0e, 0x01, 0x06, 0x23, 0x1e,
    0x07, 0x02, 0x09, 0x04, 0x05, 0x00, 0x06, 0xfe, 0x4f, 0x02, 0x05, 0x06, 0x2c, 0x02, 0x03, 0x01, 0x04, 0x06, 0x0e, 0x01, 0x06, 0x4c, 0x09, 0x01,
    0x08, 0x00, 0x06, 0xfe, 0xc2, 0x0e, 0x0f, 0x06, 0x15, 0x19, 0x02, 0x01, 0x06, 0x14, 0x05, 0x06, 0xf6, 0x03, 0x06, 0x2d, 0x02, 0x03, 0x01, 0x55,
    0x01, 0x08, 0x08, 0x07, 0x06, 0xfe, 0xc3, 0x0e, 0x08, 0x06, 0xfe, 0xc4, 0x0e, 0x09, 0x03, 0x01, 0x0a, 0x06, 0x20, 0x0b, 0x00, 0x0c, 0x01, 0x06,
    0x09, 0x07, 0x06, 0x00, 0x06, 0xa0, 0x19, 0x02, 0x3e, 0x03, 0x01, 0x02, 0x03, 0x01, 0x01, 0x06, 0x48, 0x05, 0x06, 0x2b, 0x0d, 0x09, 0x01, 0x08,
    0x00, 0x06, 0xfe, 0xc5, 0x0e, 0x05, 0x06, 0x15, 0x0f, 0x06, 0x10, 0x02, 0x03, 0x01, 0x04, 0x06, 0x0e, 0x12, 0x07, 0x01, 0x06, 0xa6, 0x01, 0x06,
    0x14, 0x03, 0x06, 0x2d, 0x08, 0x08, 0x07, 0x06, 0xfe, 0xc6, 0x0e, 0x08, 0x06, 0xfe, 0xc7, 0x0e, 0x09, 0x03, 0x01, 0x0a, 0x06, 0x41, 0x0b, 0x03,
    0x01, 0x0c, 0x01, 0x06, 0x09, 0x08, 0x05, 0x00, 0x06, 0xb9, 0x27, 0x06, 0x31, 0x03, 0x06, 0x11, 0x6e, 0x02, 0x01, 0x06, 0x30, 0x0d, 0x09, 0x07,
    0x09, 0x00, 0x06, 0xfe, 0xc8, 0x0e, 0x1a, 0x06, 0x22, 0x02, 0x03, 0x01, 0x03, 0x06, 0x11, 0x04, 0x06, 0x0e, 0x12, 0x07, 0x01, 0x06, 0x93, 0x73,
    0x03, 0x01, 0x01, 0x06, 0x1c, 0x1d, 0x06, 0x2e, 0x08, 0x08, 0x07, 0x06, 0xfe, 0xc9, 0x0e, 0x08, 0x06, 0xfe, 0xca, 0x0e, 0x09, 0x03, 0x01, 0x0a,
    0x06, 0x20, 0x0b, 0x00, 0x0c, 0x01, 0x06, 0x00, 0x0d, 0x09, 0x0a, 0x04, 0x00, 0x06, 0xfe, 0xcb, 0x0e, 0x01, 0x06, 0x8d, 0x9b, 0x07, 0x02, 0x09,
    0x01, 0x07, 0x00, 0x06, 0xfe, 0xc7, 0x02, 0x05, 0x06, 0x2c, 0x02, 0x03, 0x03, 0x0f, 0x06, 0x15, 0x04, 0x06, 0x0e, 0x01, 0x06, 0x14, 0x03, 0x06,
    0x2d, 0x09, 0x08, 0x09, 0x00, 0x06, 0xfe, 0x70, 0x01, 0x05, 0x06, 0x17, 0x43, 0x03, 0x02, 0x3f, 0x06, 0x47, 0x27, 0x06, 0x31, 0x02, 0x03, 0x01,
    0x03, 0x06, 0x11, 0x04, 0x06, 0x3c, 0x01, 0x06, 0x30, 0x02, 0x03, 0x01, 0x08, 0x08, 0x07, 0x06, 0xfe, 0xcc, 0x0e, 0x08, 0x06, 0xfe, 0xcd, 0x0e,
    0x09, 0x03, 0x01, 0x0a, 0x06, 0x20, 0x0b, 0x00, 0x0c, 0x01, 0x06, 0x00, 0x0d, 0x09, 0x07, 0x05, 0x00, 0x06, 0xfe, 0x34, 0x01, 0x1a, 0x06, 0x22,
    0x01, 0x06, 0x1c, 0x1d, 0x06, 0x2e, 0x02, 0x03, 0x03, 0x08, 0x08, 0x07, 0x06, 0xfe, 0xce, 0x0e, 0x08, 0x06, 0xfe, 0xcf, 0x0e, 0x09, 0x03, 0x01,
    0x0a, 0x06, 0x41, 0x0b, 0x00, 0x0c, 0x01, 0x06, 0x09, 0x01, 0x07, 0x00, 0x06, 0xc8, 0x05, 0x06, 0x17, 0x2a, 0x06, 0x17, 0x0f, 0x06, 0x15, 0x03,
    0x06, 0x11, 0x6e, 0x02, 0x01, 0x06, 0x14, 0x0d, 0x09, 0x01, 0x08, 0x00, 0x06, 0xfe, 0xb3, 0x01, 0x05, 0x06, 0x15, 0x0f, 0x06, 0x10, 0x02, 0x03,
    0x01, 0x04, 0x06, 0x0e, 0x12, 0x07, 0x01, 0x06, 0x5c, 0x01, 0x06, 0x14, 0x03, 0x06, 0x2d, 0x08, 0x08, 0x07, 0x06, 0xfe, 0xd0, 0x0e, 0x08, 0x06,
    0xfe, 0xd1, 0x0e, 0x09, 0x03, 0x01, 0x0a, 0x06, 0x37, 0x0b, 0x00, 0x0c, 0x01, 0x06, 0x00, 0x0d, 0x09, 0x01, 0x0b, 0x00, 0x06, 0xfe, 0xd2, 0x0e,
    0x05, 0x06, 0x3a, 0x65, 0x09, 0x03, 0x02, 0x26, 0x06, 0x3a, 0x6d, 0x06, 0x89, 0x0f, 0x06, 0x10, 0xfe, 0xd3, 0x0e, 0x03, 0x04, 0xfe, 0xd4, 0x0e,
    0x03, 0x09, 0x02, 0x03, 0x01, 0x03, 0x06, 0x11, 0x04, 0x06, 0x0e, 0x12, 0x07, 0x01, 0x06, 0x5c, 0x01, 0x06, 0x14, 0x08, 0x08, 0x07, 0x06, 0xfe,
    0xd5, 0x0e, 0x08, 0x06, 0xfe, 0xd6, 0x0e, 0x09, 0x03, 0x01, 0x0a, 0x06, 0x21, 0x0b, 0x00, 0x0c, 0x01, 0x06, 0x00, 0x0d, 0x09, 0x07, 0x0b, 0x00,
    0x06, 0xfe, 0xd7, 0x0e, 0x1a, 0x06, 0x22, 0x43, 0x03, 0x0a, 0x3f, 0x06, 0x1f, 0x02, 0x03, 0x02, 0x03, 0x06, 0x11, 0x04, 0x06, 0x0e, 0x12, 0x07,
    0x01, 0x06, 0x5c, 0x73, 0x03, 0x01, 0x01, 0x06, 0x1c, 0x1d, 0x06, 0x2e, 0x08, 0x08, 0x07, 0x06, 0xfe, 0xd8, 0x0e, 0x08, 0x06, 0xfe, 0xd9, 0x0e,
    0x09, 0x03, 0x01, 0x0a, 0x06, 0x37, 0x0b, 0x00, 0x0c, 0x01, 0x06, 0x09, 0x07, 0x06, 0x00, 0x06, 0xa0, 0x19, 0x02, 0x3e, 0x03, 0x01, 0x02, 0x03,
    0x01, 0x01, 0x06, 0x48, 0x05, 0x06, 0x2b, 0x0d, 0x09, 0x0a, 0x05, 0x00, 0x06, 0xfe, 0xda, 0x0e, 0x01, 0x06, 0x8d, 0x9b, 0x07, 0x02, 0x09, 0x01,
    0x07, 0x00, 0x06, 0xfe, 0xbb, 0x01, 0x05, 0x06, 0x15, 0x0f, 0x06, 0x10, 0x02, 0x03, 0x01, 0x03, 0x06, 0x11, 0x04, 0x06, 0x0e, 0x01, 0x06, 0x14,
    0x09, 0x01, 0x09, 0x00, 0x06, 0xfe, 0xdb, 0x0e, 0x05, 0x06, 0x15, 0x0f, 0x06, 0x10, 0x02, 0x03, 0x01, 0x03, 0x06, 0x24, 0x04, 0x06, 0x0e, 0x12,
    0x07, 0x01, 0x06, 0x5c, 0x01, 0x06, 0x14, 0x16, 0x09, 0x01, 0x05, 0x02, 0x03, 0x02, 0x18, 0x06, 0x1f, 0x00, 0x06, 0xfe, 0x96, 0x01, 0x13, 0x06,
    0x84, 0x04, 0x06, 0x0e, 0x02, 0x03, 0x01, 0x12, 0x07, 0x01, 0x06, 0x5c, 0x08, 0x08, 0x07, 0x06, 0xfe, 0xdc, 0x0e, 0x08, 0x06, 0xfe, 0xdd, 0x0e,
    0x09, 0x03, 0x01, 0x0a, 0x06, 0x37, 0x0b, 0x00, 0x0c, 0x01, 0x06, 0x00, 0x0d, 0x09, 0x01, 0x0b, 0x00, 0x06, 0xfe, 0xde, 0x0e, 0x16, 0x09, 0x02,
    0x09, 0x00, 0x06, 0xfe, 0xdf, 0x0e, 0x04, 0x06, 0x0e, 0x64, 0x06, 0x8c, 0x60, 0x06, 0x61, 0x7f, 0x06, 0x3c, 0x13, 0x06, 0x84, 0x86, 0x06, 0x8c,
    0x18, 0x06, 0x85, 0xcd, 0x06, 0x76, 0x05, 0x06, 0x3a, 0x65, 0x09, 0x03, 0x02, 0x26, 0x06, 0x3a, 0x6d, 0x06, 0x89, 0x0f, 0x06, 0x10, 0x43, 0x03,
    0x09, 0x3f, 0x06, 0x1f, 0x02, 0x03, 0x01, 0x03, 0x06, 0x11, 0x04, 0x06, 0x0e, 0x01, 0x06, 0x14, 0x08, 0x08, 0x07, 0x06, 0xfe, 0xe0, 0x0e, 0x08,
    0x06, 0xfe, 0xe1, 0x0e, 0x09, 0x03, 0x01, 0x0a, 0x06, 0x21, 0x0b, 0x00, 0x0c, 0x01, 0x06, 0x00, 0x0d, 0x09, 0x0a, 0x04, 0x00, 0x06, 0xfe, 0xe2,
    0x0e, 0x01, 0x06, 0x23, 0x1e, 0x07, 0x02, 0x09, 0x02, 0x05, 0x00, 0x06, 0x9c, 0x01, 0x06, 0x32, 0x02, 0x03, 0x01, 0x05, 0x06, 0x2f, 0x0f, 0x06,
    0x10, 0x09, 0x0c, 0x07, 0x00, 0x06, 0xfe, 0xe3, 0x0e, 0x05, 0x06, 0x17, 0x03, 0x06, 0x11, 0x04, 0x06, 0x0e, 0x19, 0x02, 0x01, 0x06, 0x7a, 0x98,
    0x02, 0x5f, 0x07, 0x01, 0x06, 0xfe, 0x61, 0x02, 0x08, 0x08, 0x07, 0x06, 0xfe, 0xe4, 0x0e, 0x08, 0x06, 0xfe, 0xe5, 0x0e, 0x09, 0x03, 0x01, 0x0a,
    0x06, 0x37, 0x0b, 0x00, 0x0c, 0x01, 0x06, 0x00, 0x0d, 0x09, 0x0a, 0x03, 0x00, 0x06, 0xfe, 0xe6, 0x0e, 0x01, 0x06, 0x23, 0x1e, 0x07, 0x02, 0x09,
    0x02, 0x05, 0x00, 0x06, 0x9c, 0x01, 0x06, 0x32, 0x02, 0x03, 0x01, 0x05, 0x06, 0x2f, 0x0f, 0x06, 0x10, 0x09, 0x02, 0x06, 0x00, 0x06, 0xfe, 0xe7,
    0x0e, 0x16, 0x09, 0x06, 0x05, 0x6f, 0x06, 0x8f, 0x16, 0x09, 0x03, 0x01, 0x00, 0x06, 0xfe, 0x77, 0x01, 0x00, 0x06, 0xfe, 0x77, 0x01, 0x39, 0x09,
    0x03, 0x02, 0x26, 0x06, 0x6f, 0xd2, 0x06, 0xeb, 0x03, 0x06, 0x11, 0x01, 0x06, 0x32, 0x02, 0x03, 0x01, 0x05, 0x06, 0x2f, 0x0f, 0x06, 0x10, 0x08,
    0x08, 0x07, 0x06, 0xfe, 0xe8, 0x0e, 0x08, 0x06, 0xfe, 0xe9, 0x0e, 0x09, 0x03, 0x01, 0x0a, 0x06, 0x33, 0x0b, 0x00, 0x0c, 0x01, 0x06, 0x00, 0x0d,
    0x09, 0x07, 0x06, 0x00, 0x06, 0xfe, 0x43, 0x02, 0x3d, 0x06, 0x3b, 0x01, 0x06, 0x1c, 0x1d, 0x06, 0x2e, 0x02, 0x03, 0x04, 0x4b, 0x06, 0x3b, 0x08,
    0x08, 0x07, 0x06, 0xfe, 0xea, 0x0e, 0x08, 0x06, 0xfe, 0xeb, 0x0e, 0x09, 0x03, 0x01, 0x0a, 0x06, 0x41, 0x0b, 0x03, 0x01, 0x0c, 0x01, 0x06, 0x09,
    0x0a, 0x03, 0x00, 0x06, 0xfd, 0x01, 0x06, 0x92, 0x1e, 0x07, 0x02, 0x09, 0x07, 0x05, 0x00, 0x06, 0xa1, 0x3e, 0x03, 0x02, 0x02, 0x03, 0x02, 0x01,
    0x06, 0x48, 0x05, 0x06, 0x2b, 0x09, 0x01, 0x06, 0x00, 0x06, 0x77, 0x05, 0x06, 0x10, 0x2a, 0x06, 0x10, 0x0f, 0x06, 0x15, 0x02, 0x03, 0x01, 0x01,
    0x06, 0x14, 0x0d, 0x09, 0x01, 0x08, 0x00, 0x06, 0xfe, 0x80, 0x02, 0x05, 0x06, 0x15, 0x0f, 0x06, 0x10, 0x02, 0x03, 0x01, 0x03, 0x06, 0x24, 0x04,
    0x06, 0x0e, 0x12, 0x07, 0x01, 0x06, 0x44, 0x01, 0x06, 0x14, 0x08, 0x08, 0x07, 0x06, 0xfe, 0xec, 0x0e, 0x08, 0x06, 0xfe, 0xed, 0x0e, 0x09, 0x03,
    0x01, 0x0a, 0x06, 0x33, 0x0b, 0x00, 0x0c, 0x01, 0x06, 0x00, 0x0d, 0x09, 0x07, 0x09, 0x00, 0x06, 0xfe, 0x11, 0x01, 0x16, 0x09, 0x02, 0x09, 0x00,
    0x06, 0xfe, 0xee, 0x0e, 0x04, 0x06, 0x0e, 0x13, 0x06, 0x17, 0x03, 0x06, 0x11, 0x02, 0x03, 0x0d, 0x18, 0x06, 0x1f, 0x64, 0x06, 0x06, 0x43, 0x03,
    0x0d, 0x3f, 0x06, 0x1f, 0x1a, 0x06, 0x5a, 0x40, 0x02, 0x01, 0x06, 0x1c, 0x1d, 0x06, 0x35, 0x02, 0x03, 0x01, 0x1b, 0x07, 0x01, 0x06, 0x62, 0x04,
    0x06, 0x0e, 0x08, 0x08, 0x07, 0x06, 0xfe, 0xef, 0x0e, 0x08, 0x06, 0xfe, 0xf0, 0x0e, 0x09, 0x03, 0x01, 0x0a, 0x06, 0x57, 0x0b, 0x03, 0x01, 0x0c,
    0x01, 0x06, 0x00, 0x0d, 0x09, 0x07, 0x07, 0x00, 0x06, 0xfe, 0xbe, 0x02, 0x16, 0x09, 0x03, 0x05, 0x00, 0x06, 0xdb, 0x39, 0x09, 0x03, 0x02, 0x26,
    0x06, 0x9f, 0x72, 0x06, 0x7b, 0x74, 0x06, 0x7a, 0x03, 0x06, 0x11, 0x25, 0x02, 0x01, 0x06, 0x1c, 0x1d, 0x06, 0x2e, 0x02, 0x03, 0x01, 0x1a, 0x06,
    0x22, 0x5f, 0x07, 0x01, 0x06, 0xfe, 0x1d, 0x01, 0x08, 0x08, 0x07, 0x06, 0xfe, 0xf1, 0x0e, 0x08, 0x06, 0xfe, 0xf2, 0x0e, 0x09, 0x03, 0x01, 0x0a,
    0x06, 0x57, 0x0b, 0x03, 0x01, 0x0c, 0x01, 0x06, 0x00, 0x0d, 0x09, 0x07, 0x08, 0x00, 0x06, 0xfe, 0xf3, 0x0e, 0x16, 0x09, 0x03, 0x05, 0x00, 0x06,
    0xdb, 0x39, 0x09, 0x03, 0x02, 0x26, 0x06, 0x9f, 0x72, 0x06, 0x7b, 0x74, 0x06, 0x7a, 0x03, 0x06, 0x11, 0x25, 0x02, 0x01, 0x06, 0x1c, 0x1d, 0x06,
    0x35, 0x02, 0x03, 0x01, 0x1b, 0x07, 0x01, 0x06, 0x45, 0x1a, 0x06, 0x22, 0x5f, 0x07, 0x01, 0x06, 0xfe, 0x1d, 0x01, 0x08, 0x08, 0x07, 0x06, 0xfe,
    0xf4, 0x0e, 0x08, 0x06, 0xfe, 0xf5, 0x0e, 0x09, 0x03, 0x01, 0x0a, 0x06, 0x21, 0x0b, 0x00, 0x0c, 0x01, 0x06, 0x00, 0x0d, 0x09, 0x0a, 0x06, 0x00,
    0x06, 0xfe, 0xc8, 0x02, 0x01, 0x06, 0x23, 0x1e, 0x07, 0x02, 0x09, 0x07, 0x06, 0x04, 0x06, 0x0e, 0x02, 0x03, 0x01, 0x1d, 0x06, 0x2e, 0x01, 0x06,
    0x1c, 0x00, 0x06, 0xfe, 0xc8, 0x02, 0x1a, 0x06, 0x22, 0x09, 0x07, 0x09, 0x00, 0x06, 0xc6, 0x01, 0x06, 0x1c, 0x1d, 0x06, 0x2e, 0x02, 0x03, 0x01,
    0x42, 0x02, 0x73, 0x03, 0x01, 0x03, 0x06, 0x11, 0x12, 0x07, 0x01, 0x06, 0x44, 0x1a, 0x06, 0x22, 0x16, 0x09, 0x01, 0x05, 0x02, 0x03, 0x07, 0x18,
    0x06, 0x1f, 0x00, 0x06, 0xfe, 0x50, 0x01, 0x04, 0x06, 0x0e, 0x13, 0x06, 0x2b, 0x42, 0x02, 0x12, 0x07, 0x01, 0x06, 0x44, 0x08, 0x08, 0x07, 0x06,
    0xfe, 0xf6, 0x0e, 0x08, 0x06, 0xfe, 0xf7, 0x0e, 0x09, 0x03, 0x01, 0x0a, 0x06, 0x57, 0x0b, 0x03, 0x01, 0x0c, 0x01, 0x06, 0x00, 0x0d, 0x09, 0x07,
    0x08, 0x00, 0x06, 0xfe, 0xf8, 0x0e, 0x16, 0x09, 0x03, 0x05, 0x00, 0x06, 0xdb, 0x39, 0x09, 0x03, 0x02, 0x26, 0x06, 0x9f, 0x72, 0x06, 0x7b, 0x74,
    0x06, 0x7a, 0x03, 0x06, 0x11, 0x25, 0x02, 0x01, 0x06, 0x1c, 0x1d, 0x06, 0x35, 0x02, 0x03, 0x01, 0x1b, 0x07, 0x01, 0x06, 0x62, 0x1a, 0x06, 0x22,
    0x5f, 0x07, 0x01, 0x06, 0xfe, 0x1d, 0x01, 0x08, 0x08, 0x07, 0x06, 0xfe, 0xf9, 0x0e, 0x08, 0x06, 0xfe, 0xfa, 0x0e, 0x09, 0x03, 0x01, 0x0a, 0x06,
    0x37, 0x0b, 0x00, 0x0c, 0x01, 0x06, 0x00, 0x0d, 0x09, 0x01, 0x09, 0x00, 0x06, 0xfe, 0x9a, 0x02, 0x16, 0x09, 0x02, 0x05, 0x00, 0x06, 0xfe, 0xff,
    0x00, 0x7f, 0x06, 0x3c, 0x18, 0x06, 0x8b, 0x64, 0x06, 0x8c, 0x60, 0x06, 0x61, 0x05, 0x06, 0x6c, 0x0f, 0x06, 0x2b, 0x27, 0x06, 0x31, 0x02, 0x03,
    0x01, 0x03, 0x06, 0x49, 0x04, 0x06, 0x0e, 0x01, 0x06, 0x14, 0x08, 0x08, 0x07, 0x06, 0xfe, 0xfb, 0x0e, 0x08, 0x06, 0xfe, 0xfc, 0x0e, 0x09, 0x03,
    0x01, 0x0a, 0x06, 0x37, 0x0b, 0x00, 0x0c, 0x01, 0x06, 0x00, 0x0d, 0x09, 0x02, 0x06, 0x00, 0x06, 0xfe, 0x9b, 0x02, 0x16, 0x09, 0x01, 0x04, 0x00,
    0x06, 0xfe, 0x9c, 0x02, 0x69, 0x07, 0x02, 0x06, 0xfe, 0x04, 0x01, 0x06, 0xfe, 0x64, 0x01, 0x04, 0x06, 0x0e, 0x13, 0x06, 0x17, 0x01, 0x06, 0x32,
    0x02, 0x03, 0x01, 0x05, 0x06, 0x2f, 0x0f, 0x06, 0x10, 0x08, 0x08, 0x07, 0x06, 0xfe, 0xfd, 0x0e, 0x08, 0x06, 0xfe, 0xfe, 0x0e, 0x09, 0x03, 0x01,
    0x0a, 0x06, 0x21, 0x0b, 0x00, 0x0c, 0x01, 0x06, 0x00, 0x0d, 0x09, 0x05, 0x06, 0x00, 0x06, 0xfe, 0x9d, 0x02, 0x16, 0x09, 0x01, 0x05, 0x02, 0x03,
    0x0c, 0x18, 0x06, 0x1f, 0x00, 0x06, 0xfe, 0xa1, 0x01, 0x04, 0x06, 0x0e, 0x13, 0x06, 0x2b, 0x01, 0x06, 0x38, 0x29, 0x03, 0x01, 0x28, 0x06, 0x34,
    0x25, 0x02, 0x08, 0x08, 0x07, 0x06, 0xfe, 0xff, 0x0e, 0x08, 0x06, 0xfe, 0x00, 0x0f, 0x09, 0x03, 0x01, 0x0a, 0x06, 0x33, 0x0b, 0x00, 0x0c, 0x01,
    0x06, 0x00, 0x0d, 0x09, 0x0a, 0x04, 0x00, 0x06, 0xfe, 0x01, 0x0f, 0x01, 0x06, 0x23, 0x1e, 0x07, 0x02, 0x09, 0x07, 0x08, 0x00, 0x06, 0xfe, 0x14,
    0x01, 0x16, 0x09, 0x01, 0x05, 0x02, 0x03, 0x06, 0x18, 0x06, 0x1f, 0x00, 0x06, 0xfe, 0xcd, 0x01, 0x04, 0x06, 0x0e, 0x13, 0x06, 0x2b, 0x1a, 0x06,
    0x5a, 0x40, 0x02, 0x01, 0x06, 0x1c, 0x1d, 0x06, 0x35, 0x02, 0x03, 0x01, 0x1b, 0x07, 0x01, 0x06, 0x45, 0x09, 0x07, 0x08, 0x00, 0x06, 0xfe, 0x14,
    0x01, 0x16, 0x09, 0x01, 0x04, 0x02, 0x03, 0x08, 0x18, 0x06, 0x1f, 0x00, 0x06, 0xfe, 0xce, 0x01, 0x13, 0x06, 0x2b, 0x1a, 0x06, 0x5a, 0x40, 0x02,
    0x01, 0x06, 0x1c, 0x1d, 0x06, 0x35, 0x02, 0x03, 0x01, 0x1b, 0x07, 0x01, 0x06, 0x45, 0x1b, 0x07, 0x01, 0x06, 0x45, 0x08, 0x08, 0x07, 0x06, 0xfe,
    0x02, 0x0f, 0x08, 0x06, 0xfe, 0x03, 0x0f, 0x09, 0x03, 0x01, 0x0a, 0x06, 0x33, 0x0b, 0x00, 0x0c, 0x01, 0x06, 0x00, 0x0d, 0x09, 0x07, 0x08, 0x00,
    0x06, 0xfe, 0xf3, 0x01, 0x16, 0x09, 0x07, 0x02, 0x00, 0x06, 0xfe, 0x04, 0x0f, 0xb8, 0x06, 0x67, 0x1a, 0x06, 0x5a, 0x40, 0x02, 0x01, 0x06, 0x1c,
    0x1d, 0x06, 0x35, 0x02, 0x03, 0x02, 0x1b, 0x07, 0x01, 0x06, 0x45, 0x08, 0x08, 0x07, 0x06, 0xfe, 0x05, 0x0f, 0x08, 0x06, 0xfe, 0x06, 0x0f, 0x09,
    0x03, 0x01, 0x0a, 0x06, 0x33, 0x0b, 0x00, 0x0c, 0x01, 0x06, 0x00, 0x0d, 0x09, 0x0a, 0x04, 0x00, 0x06, 0xfe, 0x07, 0x0f, 0x01, 0x06, 0x23, 0x1e,
    0x07, 0x02, 0x09, 0x07, 0x08, 0x00, 0x06, 0xfe, 0x11, 0x01, 0x16, 0x09, 0x01, 0x05, 0x02, 0x03, 0x06, 0x18, 0x06, 0x1f, 0x00, 0x06, 0xfe, 0xcd,
    0x01, 0x04, 0x06, 0x0e, 0x13, 0x06, 0x2b, 0x1a, 0x06, 0x5a, 0x40, 0x02, 0x01, 0x06, 0x1c, 0x1d, 0x06, 0x35, 0x02, 0x03, 0x01, 0x1b, 0x07, 0x01,
    0x06, 0x62, 0x09, 0x07, 0x08, 0x00, 0x06, 0xfe, 0x11, 0x01, 0x16, 0x09, 0x01, 0x04, 0x02, 0x03, 0x08, 0x18, 0x06, 0x1f, 0x00, 0x06, 0xfe, 0xce,
    0x01, 0x13, 0x06, 0x2b, 0x1a, 0x06, 0x5a, 0x40, 0x02, 0x01, 0x06, 0x1c, 0x1d, 0x06, 0x35, 0x02, 0x03, 0x01, 0x1b, 0x07, 0x01, 0x06, 0x62, 0x1b,
    0x07, 0x01, 0x06, 0x62, 0x08, 0x08, 0x07, 0x06, 0xfe, 0x08, 0x0f, 0x08, 0x06, 0xfe, 0x09, 0x0f, 0x09, 0x03, 0x01, 0x0a, 0x06, 0x57, 0x0b, 0x03,
    0x01, 0x0c, 0x01, 0x06, 0x00, 0x0d, 0x09, 0x08, 0x06, 0x00, 0x06, 0xfe, 0x74, 0x02, 0x16, 0x09, 0x00, 0x02, 0x18, 0x06, 0x81, 0x70, 0x07, 0x02,
    0x09, 0x06, 0x04, 0xaf, 0x06, 0xe0, 0x00, 0x06, 0xfe, 0x93, 0x01, 0x39, 0x09, 0x03, 0x03, 0x26, 0x06, 0x6f, 0xaf, 0x06, 0xe0, 0xd0, 0x06, 0x0e,
    0xd0, 0x06, 0x0e, 0x09, 0x03, 0x05, 0x00, 0x06, 0xdb, 0x39, 0x09, 0x03, 0x02, 0x26, 0x06, 0x9f, 0x72, 0x06, 0x7b, 0x74, 0x06, 0x7a, 0x03, 0x06,
    0x11, 0x25, 0x02, 0x27, 0x06, 0x67, 0x02, 0x03, 0x02, 0x01, 0x06, 0x30, 0x03, 0x06, 0x49, 0x08, 0x08, 0x07, 0x06, 0xfe, 0x0a, 0x0f, 0x08, 0x06,
    0xfe, 0x79, 0x02, 0x09, 0x03, 0x01, 0x0a, 0x06, 0xc0, 0x0b, 0x00, 0x0c, 0x01, 0x06, 0x00, 0x0d, 0x09, 0x08, 0x09, 0x00, 0x06, 0xfe, 0x70, 0x01,
    0x05, 0x06, 0x17, 0x43, 0x03, 0x02, 0x3f, 0x06, 0x47, 0x27, 0x06, 0x31, 0x02, 0x03, 0x01, 0x03, 0x06, 0x11, 0x04, 0x06, 0x3c, 0x01, 0x06, 0x30,
    0x08, 0x08, 0x07, 0x06, 0xfe, 0x0b, 0x0f, 0x08, 0x06, 0xfe, 0x0c, 0x0f, 0x09, 0x03, 0x01, 0x0a, 0x06, 0x21, 0x0b, 0x00, 0x0c, 0x01, 0x06, 0x00,
    0x0d, 0x09, 0x0a, 0x05, 0x00, 0x06, 0xfe, 0x0d, 0x0f, 0x01, 0x06, 0x23, 0x1e, 0x07, 0x02, 0x09, 0x03, 0x04, 0x00, 0x06, 0xfe, 0x0e, 0x0f, 0x02,
    0x03, 0x01, 0x01, 0x06, 0x80, 0x1b, 0x07, 0x03, 0x06, 0x45, 0x06, 0x62, 0x06, 0x56, 0x09, 0x0d, 0x07, 0x00, 0x06, 0xfe, 0x40, 0x01, 0x1a, 0x06,
    0x22, 0x03, 0x06, 0x11, 0x01, 0x06, 0xe6, 0xb0, 0x06, 0xfe, 0x41, 0x01, 0x6a, 0x02, 0x25, 0x02, 0x6a, 0x02, 0x1b, 0x07, 0x03, 0x06, 0x45, 0x06,
    0x62, 0x06, 0x56, 0x08, 0x08, 0x07, 0x06, 0xfe, 0x0f, 0x0f, 0x08, 0x06, 0xfe, 0x10, 0x0f, 0x09, 0x03, 0x01, 0x0a, 0x06, 0x33, 0x0b, 0x00, 0x0c,
    0x01, 0x06, 0x00, 0x0d, 0x09, 0x0a, 0x04, 0x00, 0x06, 0xfe, 0x11, 0x0f, 0x01, 0x06, 0x23, 0x1e, 0x07, 0x02, 0x09, 0x07, 0x08, 0x00, 0x06, 0xfe,
    0x27, 0x01, 0x16, 0x09, 0x01, 0x05, 0x02, 0x03, 0x06, 0x18, 0x06, 0x1f, 0x00, 0x06, 0xfe, 0xcd, 0x01, 0x04, 0x06, 0x0e, 0x13, 0x06, 0x2b, 0x1a,
    0x06, 0x5a, 0x40, 0x02, 0x01, 0x06, 0x1c, 0x1d, 0x06, 0x35, 0x02, 0x03, 0x01, 0x1b, 0x07, 0x01, 0x06, 0x56, 0x09, 0x07, 0x08, 0x00, 0x06, 0xfe,
    0x27, 0x01, 0x16, 0x09, 0x01, 0x04, 0x02, 0x03, 0x08, 0x18, 0x06, 0x1f, 0x00, 0x06, 0xfe, 0xce, 0x01, 0x13, 0x06, 0x2b, 0x1a, 0x06, 0x5a, 0x40,
    0x02, 0x01, 0x06, 0x1c, 0x1d, 0x06, 0x35, 0x02, 0x03, 0x01, 0x1b, 0x07, 0x01, 0x06, 0x56, 0x1b, 0x07, 0x01, 0x06, 0x56, 0x08, 0x08, 0x07, 0x06,
    0xfe, 0x12, 0x0f, 0x08, 0x06, 0xfe, 0x13, 0x0f, 0x09, 0x03, 0x01, 0x0a, 0x06, 0x33, 0x0b, 0x00, 0x0c, 0x01, 0x06, 0x00, 0x0d, 0x09, 0x07, 0x06,
    0x00, 0x06, 0xa7, 0x3d, 0x06, 0x78, 0x01, 0x06, 0x1c, 0x1d, 0x06, 0x2e, 0x02, 0x03, 0x02, 0x4b, 0x06, 0x78, 0x08, 0x08, 0x07, 0x06, 0xfe, 0x14,
    0x0f, 0x08, 0x06, 0xfe, 0x15, 0x0f, 0x09, 0x03, 0x01, 0x0a, 0x06, 0x20, 0x0b, 0x00, 0x0c, 0x01, 0x06, 0x00, 0x0d, 0x09, 0x0a, 0x05, 0x00, 0x06,
    0xfe, 0x2a, 0x01, 0x01, 0x06, 0x23, 0x1e, 0x07, 0x02, 0x09, 0x02, 0x07, 0x00, 0x06, 0x9a, 0x02, 0x03, 0x02, 0x3d, 0x06, 0x95, 0x01, 0x06, 0x32,
    0x05, 0x06, 0x2f, 0x0f, 0x06, 0x10, 0x4b, 0x06, 0x95, 0x09, 0x01, 0x08, 0x00, 0x06, 0xab, 0x05, 0x06, 0x10, 0x0f, 0x06, 0x15, 0x02, 0x03, 0x02,
    0x01, 0x06, 0x14, 0x03, 0x06, 0x2d, 0x3d, 0x06, 0x95, 0x4b, 0x06, 0x95, 0x4b, 0x06, 0x95, 0x3d, 0x06, 0x95, 0x08, 0x08, 0x07, 0x06, 0xfe, 0x16,
    0x0f, 0x08, 0x06, 0xfe, 0x17, 0x0f, 0x09, 0x03, 0x01, 0x0a, 0x06, 0x20, 0x0b, 0x00, 0x0c, 0x01, 0x06, 0x00, 0x0d, 0x09, 0x0a, 0x05, 0x00, 0x06,
    0xfe, 0x2a, 0x01, 0x01, 0x06, 0x23, 0x1e, 0x07, 0x02, 0x09, 0x02, 0x07, 0x00, 0x06, 0x9a, 0x02, 0x03, 0x02, 0x3d, 0x06, 0x78, 0x01, 0x06, 0x32,
    0x05, 0x06, 0x2f, 0x0f, 0x06, 0x10, 0x4b, 0x06, 0x78, 0x09, 0x01, 0x08, 0x00, 0x06, 0xab, 0x05, 0x06, 0x10, 0x0f, 0x06, 0x15, 0x02, 0x03, 0x02,
    0x01, 0x06, 0x14, 0x03, 0x06, 0x2d, 0x3d, 0x06, 0x78, 0x4b, 0x06, 0x78, 0x4b, 0x06, 0x78, 0x3d, 0x06, 0x78, 0x08, 0x08, 0x07, 0x06, 0xfe, 0x18,
    0x0f, 0x08, 0x06, 0xfe, 0x19, 0x0f, 0x09, 0x03, 0x01, 0x0a, 0x06, 0x33, 0x0b, 0x00, 0x0c, 0x01, 0x06, 0x00, 0x0d, 0x09, 0x07, 0x06, 0x00, 0x06,
    0xa7, 0x3d, 0x06, 0x95, 0x01, 0x06, 0x1c, 0x1d, 0x06, 0x2e, 0x02, 0x03, 0x02, 0x4b, 0x06, 0x95, 0x08, 0x08, 0x07, 0x06, 0xfe, 0x1a, 0x0f, 0x08,
    0x06, 0xfe, 0x1b, 0x0f, 0x09, 0x03, 0x01, 0x0a, 0x06, 0x21, 0x0b, 0x00, 0x0c, 0x01, 0x06, 0x00, 0x0d, 0x09, 0x05, 0x0d, 0x00, 0x06, 0xfe, 0x1c,
    0x0f, 0x01, 0x06, 0x38, 0x29, 0x03, 0x01, 0x28, 0x06, 0x34, 0x25, 0x02, 0x59, 0x02, 0x5d, 0x03, 0x01, 0x63, 0x06, 0x66, 0x12, 0x07, 0x01, 0x06,
    0x44, 0x13, 0x06, 0x17, 0x04, 0x06, 0x0e, 0xfe, 0x61, 0x01, 0x03, 0x04, 0xfe, 0x62, 0x01, 0x06, 0x1f, 0x08, 0x08, 0x07, 0x06, 0xfe, 0x1d, 0x0f,
    0x08, 0x06, 0xfe, 0x1e, 0x0f, 0x09, 0x03, 0x01, 0x0a, 0x06, 0x21, 0x0b, 0x00, 0x0c, 0x01, 0x06, 0x09, 0x01, 0x07, 0x00, 0x06, 0x5b, 0x05, 0x06,
    0x10, 0x2a, 0x06, 0x10, 0x0f, 0x06, 0x15, 0x02, 0x03, 0x01, 0x19, 0x02, 0x01, 0x06, 0x14, 0x0d, 0x09, 0x08, 0x0a, 0x00, 0x06, 0xfe, 0x1f, 0x0f,
    0x16, 0x09, 0x04, 0x06, 0x00, 0x06, 0xfe, 0x60, 0x02, 0x12, 0x07, 0x01, 0x06, 0x44, 0x04, 0x06, 0x0e, 0x13, 0x06, 0x17, 0x03, 0x06, 0x11, 0xd6,
    0x02, 0x05, 0x06, 0x17, 0x43, 0x03, 0x02, 0x3f, 0x06, 0x47, 0x27, 0x06, 0x31, 0x02, 0x03, 0x01, 0x03, 0x06, 0x11, 0x04, 0x06, 0x3c, 0x01, 0x06,
    0x30, 0x08, 0x08, 0x07, 0x06, 0xfe, 0x20, 0x0f, 0x08, 0x06, 0xfe, 0x21, 0x0f, 0x09, 0x03, 0x01, 0x0a, 0x06, 0x21, 0x0b, 0x00, 0x0c, 0x01, 0x06,
    0x00, 0x0d, 0x09, 0x0a, 0x06, 0x00, 0x06, 0xfe, 0x22, 0x0f, 0x01, 0x06, 0x23, 0x1e, 0x07, 0x03, 0x09, 0x06, 0x0d, 0x00, 0x06, 0xfe, 0x23, 0x0f,
    0x01, 0x06, 0x8a, 0x1b, 0x07, 0x01, 0x06, 0x87, 0x28, 0x06, 0xa3, 0x25, 0x02, 0x59, 0x02, 0x5d, 0x03, 0x01, 0x63, 0x06, 0x66, 0x12, 0x07, 0x01,
    0x06, 0xc7, 0x71, 0x06, 0x7e, 0x13, 0x06, 0x17, 0x04, 0x06, 0x0e, 0x29, 0x03, 0x02, 0x09, 0x06, 0x0e, 0x00, 0x06, 0xfe, 0x24, 0x0f, 0x02, 0x03,
    0x09, 0x01, 0x06, 0x8a, 0x1b, 0x07, 0x01, 0x06, 0x45, 0x28, 0x06, 0xa3, 0x25, 0x02, 0x59, 0x02, 0x5d, 0x03, 0x01, 0x63, 0x06, 0x66, 0x12, 0x07,
    0x01, 0x06, 0xc7, 0x71, 0x06, 0x7e, 0x13, 0x06, 0x17, 0x04, 0x06, 0x0e, 0x29, 0x03, 0x01, 0x09, 0x05, 0x0c, 0x00, 0x06, 0xfe, 0x08, 0x01, 0x01,
    0x06, 0x38, 0x29, 0x03, 0x01, 0x28, 0x06, 0x34, 0x25, 0x02, 0x59, 0x02, 0x5d, 0x03, 0x01, 0x63, 0x06, 0x66, 0x12, 0x07, 0x01, 0x06, 0xc7, 0x71,
    0x06, 0x7e, 0x13, 0x06, 0x17, 0x04, 0x06, 0x0e, 0x71, 0x06, 0x7e, 0x12, 0x07, 0x01, 0x06, 0xc7, 0x1b, 0x07, 0x02, 0x06, 0x87, 0x06, 0x45, 0x08,
    0x08, 0x07, 0x06, 0xfe, 0x25, 0x0f, 0x08, 0x06, 0xfe, 0x26, 0x0f, 0x09, 0x03, 0x01, 0x0a, 0x06, 0x37, 0x0b, 0x00, 0x0c, 0x01, 0x06, 0x00, 0x0d,
    0x09, 0x01, 0x09, 0x00, 0x06, 0xfe, 0x27, 0x0f, 0x16, 0x09, 0x01, 0x06, 0x02, 0x03, 0x05, 0x18, 0x06, 0x1f, 0x00, 0x06, 0xfe, 0x28, 0x0f, 0x13,
    0x06, 0x3a, 0x04, 0x06, 0x0e, 0x12, 0x07, 0x01, 0x06, 0xf8, 0x05, 0x06, 0x6c, 0x0f, 0x06, 0x2b, 0x27, 0x06, 0x31, 0x02, 0x03, 0x01, 0x03, 0x06,
    0x49, 0x04, 0x06, 0x0e, 0x01, 0x06, 0x14, 0x08, 0x08, 0x07, 0x06, 0xfe, 0x29, 0x0f, 0x08, 0x06, 0xfe, 0x2a, 0x0f, 0x09, 0x03, 0x01, 0x0a, 0x06,
    0x37, 0x0b, 0x00, 0x0c, 0x01, 0x06, 0x00, 0x0d, 0x09, 0x05, 0x06, 0x00, 0x06, 0xfe, 0x2b, 0x0f, 0x16, 0x09, 0x01, 0x05, 0x02, 0x03, 0x0b, 0x18,
    0x06, 0x1f, 0x00, 0x06, 0xfe, 0x7f, 0x01, 0x04, 0x06, 0x0e, 0x13, 0x06, 0x2b, 0x01, 0x06, 0x38, 0x29, 0x03, 0x01, 0x28, 0x06, 0x34, 0x25, 0x02,
    0x08, 0x08, 0x07, 0x06, 0xfe, 0x2c, 0x0f, 0x08, 0x06, 0xfe, 0x2d, 0x0f, 0x09, 0x03, 0x01, 0x0a, 0x06, 0x21, 0x0b, 0x00, 0x0c, 0x01, 0x06, 0x00,
    0x0d, 0x09, 0x0c, 0x0a, 0x00, 0x06, 0xfe, 0x2e, 0x0f, 0x16, 0x09, 0x01, 0x08, 0x02, 0x03, 0x02, 0x18, 0x06, 0x1f, 0x00, 0x06, 0xfe, 0x2f, 0x0f,
    0x7c, 0x06, 0x66, 0x03, 0x06, 0x11, 0x13, 0x06, 0x17, 0x04, 0x06, 0x0e, 0x12, 0x07, 0x01, 0x06, 0xda, 0x05, 0x06, 0x17, 0x03, 0x06, 0x11, 0x04,
    0x06, 0x0e, 0x19, 0x02, 0x01, 0x06, 0x7a, 0x98, 0x02, 0x5f, 0x07, 0x01, 0x06, 0xfe, 0x84, 0x02, 0x42, 0x02, 0x08, 0x08, 0x07, 0x06, 0xfe, 0x30,
    0x0f, 0x08, 0x06, 0xfe, 0x31, 0x0f, 0x09, 0x03, 0x01, 0x0a, 0x06, 0x21, 0x0b, 0x00, 0x0c, 0x01, 0x06, 0x00, 0x0d, 0x09, 0x05, 0x06, 0x00, 0x06,
    0xfe, 0xa0, 0x02, 0x16, 0x09, 0x01, 0x05, 0x02, 0x03, 0x09, 0x18, 0x06, 0x1f, 0x00, 0x06, 0xfe, 0xbd, 0x01, 0x04, 0x06, 0x0e, 0x13, 0x06, 0x2b,
    0x01, 0x06, 0x38, 0x29, 0x03, 0x01, 0x28, 0x06, 0x34, 0x25, 0x02, 0x08, 0x08, 0x07, 0x06, 0xfe, 0x32, 0x0f, 0x08, 0x06, 0xfe, 0x33, 0x0f, 0x09,
    0x03, 0x01, 0x0a, 0x06, 0x33, 0x0b, 0x00, 0x0c, 0x01, 0x06, 0x00, 0x0d, 0x09, 0x09, 0x06, 0x00, 0x06, 0xfe, 0x34, 0x0f, 0x05, 0x06, 0x17, 0x03,
    0x06, 0x11, 0x04, 0x06, 0x0e, 0x01, 0x06, 0xfe, 0x35, 0x0f, 0xfe, 0x36, 0x0f, 0x06, 0xfe, 0x8c, 0x01, 0x08, 0x08, 0x07, 0x06, 0xfe, 0x37, 0x0f,
    0x08, 0x06, 0xfe, 0x38, 0x0f, 0x09, 0x03, 0x01, 0x0a, 0x06, 0x37, 0x0b, 0x00, 0x0c, 0x01, 0x06, 0x00, 0x0d, 0x09, 0x05, 0x06, 0x00, 0x06, 0xfe,
    0x39, 0x0f, 0x16, 0x09, 0x01, 0x06, 0x00, 0x06, 0xfe, 0x3a, 0x0f, 0x04, 0x06, 0x0e, 0x13, 0x06, 0x17, 0xf1, 0x06, 0xfe, 0x3b, 0x0f, 0xfe, 0x31,
    0x01, 0x07, 0x01, 0x06, 0x21, 0x03, 0x06, 0x11, 0x01, 0x06, 0x38, 0x29, 0x03, 0x01, 0x28, 0x06, 0x34, 0x25, 0x02, 0x08, 0x08, 0x07, 0x06, 0xfe,
    0x3c, 0x0f, 0x08, 0x06, 0xfe, 0x3d, 0x0f, 0x09, 0x03, 0x01, 0x0a, 0x06, 0x20, 0x0b, 0x00, 0x0c, 0x01, 0x06, 0x00, 0x0d, 0x09, 0x0a, 0x03, 0x00,
    0x06, 0xfe, 0x3e, 0x0f, 0x01, 0x06, 0x23, 0x1e, 0x07, 0x02, 0x09, 0x04, 0x05, 0x00, 0x06, 0xfe, 0x3f, 0x0f, 0x05, 0x06, 0x9d, 0x04, 0x06, 0x0e,
    0x01, 0x06, 0x4c, 0x02, 0x03, 0x01, 0x09, 0x01, 0x07, 0x00, 0x06, 0xfe, 0x40, 0x0f, 0x05, 0x06, 0xf6, 0x02, 0x03, 0x01, 0x19, 0x02, 0x01, 0x06,
    0x14, 0x0f, 0x00, 0x03, 0x06, 0x2d, 0x08, 0x08, 0x07, 0x06, 0xfe, 0x41, 0x0f, 0x08, 0x06, 0xfe, 0x42, 0x0f, 0x09, 0x03, 0x01, 0x0a, 0x06, 0x41,
    0x0b, 0x03, 0x01, 0x0c, 0x01, 0x06, 0x09, 0x08, 0x05, 0x00, 0x06, 0xb9, 0x27, 0x06, 0x31, 0x03, 0x06, 0x11, 0x6e, 0x02, 0x01, 0x06, 0x30, 0x0d,
    0x09, 0x0a, 0x04, 0x00, 0x06, 0xfe, 0x43, 0x0f, 0x01, 0x06, 0x23, 0x1e, 0x07, 0x03, 0x09, 0x01, 0x07, 0x00, 0x06, 0xfe, 0x44, 0x0f, 0x05, 0x06,
    0x9d, 0x0f, 0x06, 0x15, 0x02, 0x03, 0x02, 0x04, 0x06, 0x0e, 0x01, 0x06, 0x14, 0x03, 0x06, 0x2d, 0x09, 0x08, 0x07, 0x00, 0x06, 0xfe, 0x45, 0x0f,
    0x27, 0x06, 0x67, 0x03, 0x06, 0x11, 0x01, 0x06, 0x30, 0x02, 0x03, 0x01, 0x16, 0x09, 0x01, 0x06, 0x00, 0x06, 0xfe, 0xb7, 0x01, 0x12, 0x07, 0x01,
    0x06, 0x46, 0x03, 0x06, 0x11, 0x02, 0x03, 0x02, 0x18, 0x06, 0x85, 0x05, 0x06, 0x88, 0x12, 0x07, 0x01, 0x06, 0x46, 0x09, 0x07, 0x06, 0x00, 0x06,
    0xa7, 0x1a, 0x06, 0x22, 0x01, 0x06, 0x1c, 0x1d, 0x06, 0x2e, 0x02, 0x03, 0x02, 0x16, 0x09, 0x01, 0x06, 0x00, 0x06, 0xfe, 0xb7, 0x01, 0x12, 0x07,
    0x01, 0x06, 0x46, 0x03, 0x06, 0x11, 0x02, 0x03, 0x02, 0x18, 0x06, 0x85, 0x05, 0x06, 0x88, 0x12, 0x07, 0x01, 0x06, 0x46, 0x08, 0x08, 0x07, 0x06,
    0xfe, 0x46, 0x0f, 0x08, 0x06, 0xfe, 0x47, 0x0f, 0x09, 0x03, 0x01, 0x0a, 0x06, 0x20, 0x0b, 0x00, 0x0c, 0x01, 0x06, 0x00, 0x0d, 0x09, 0x0a, 0x04,
    0x00, 0x06, 0xfe, 0x48, 0x0f, 0x01, 0x06, 0x23, 0x1e, 0x07, 0x01, 0x09, 0x07, 0x08, 0x00, 0x06, 0xfe, 0x49, 0x0f, 0x16, 0x09, 0x03, 0x05, 0x00,
    0x06, 0xfe, 0x4a, 0x0f, 0x39, 0x09, 0x03, 0x02, 0x26, 0x06, 0x9f, 0x72, 0x06, 0x7b, 0x74, 0x06, 0x7a, 0x12, 0x07, 0x01, 0x06, 0xd1, 0x03, 0x06,
    0x11, 0x01, 0x06, 0x1c, 0x1d, 0x06, 0x2e, 0x02, 0x03, 0x02, 0x1a, 0x06, 0x22, 0xfe, 0x13, 0x01, 0x06, 0xfe, 0x72, 0x01, 0x04, 0x06, 0x0e, 0x12,
    0x07, 0x02, 0x06, 0x46, 0x06, 0xd1, 0x08, 0x08, 0x07, 0x06, 0xfe, 0x4b, 0x0f, 0x08, 0x06, 0xfe, 0x4c, 0x0f, 0x09, 0x03, 0x01, 0x0a, 0x06, 0x20,
    0x0b, 0x00, 0x0c, 0x01, 0x06, 0x00, 0x0d, 0x09, 0x03, 0x04, 0x00, 0x06, 0xfe, 0x4d, 0x0f, 0x01, 0x06, 0xfe, 0x21, 0x01, 0xfe, 0x22, 0x01, 0x07,
    0x02, 0x06, 0xfe, 0x23, 0x01, 0x06, 0xfe, 0x24, 0x01, 0xfe, 0x25, 0x01, 0x07, 0x01, 0x09, 0x01, 0x08, 0x00, 0x06, 0xfe, 0x4e, 0x0f, 0x05, 0x06,
    0x15, 0x0f, 0x06, 0x7d, 0x96, 0x06, 0x97, 0x02, 0x03, 0x02, 0x03, 0x06, 0x11, 0x6b, 0x02, 0x01, 0x06, 0x14, 0x08, 0x08, 0x07, 0x06, 0xfe, 0x4f,
    0x0f, 0x08, 0x06, 0xfe, 0x50, 0x0f, 0x09, 0x03, 0x01, 0x0a, 0x06, 0x33, 0x0b, 0x00, 0x0c, 0x01, 0x06, 0x00, 0x0d, 0x09, 0x07, 0x09, 0x00, 0x06,
    0xfe, 0x14, 0x01, 0x16, 0x09, 0x02, 0x05, 0x00, 0x06, 0xfe, 0x51, 0x0f, 0x04, 0x06, 0x3c, 0x86, 0x06, 0x3e, 0x18, 0x06, 0x8b, 0x7f, 0x06, 0x0e,
    0x1a, 0x06, 0x5a, 0x40, 0x02, 0x01, 0x06, 0x1c, 0x1d, 0x06, 0x35, 0x02, 0x03, 0x01, 0x1b, 0x07, 0x01, 0x06, 0x45, 0x04, 0x06, 0x3c, 0x08, 0x08,
    0x07, 0x06, 0xfe, 0x52, 0x0f, 0x08, 0x06, 0xfe, 0x53, 0x0f, 0x09, 0x03, 0x01, 0x0a, 0x06, 0x21, 0x0b, 0x00, 0x0c, 0x01, 0x06, 0x00, 0x0d, 0x09,
    0x0a, 0x04, 0x00, 0x06, 0xfe, 0x54, 0x0f, 0x01, 0x06, 0x23, 0x1e, 0x07, 0x02, 0x09, 0x01, 0x07, 0x00, 0x06, 0xfe, 0x87, 0x02, 0x05, 0x06, 0x9d,
    0x0f, 0x06, 0x15, 0x02, 0x03, 0x01, 0x04, 0x06, 0x0e, 0x01, 0x06, 0x14, 0x03, 0x06, 0x2d, 0x09, 0x07, 0x07, 0x00, 0x06, 0xfe, 0x55, 0x0f, 0x16,
    0x09, 0x01, 0x04, 0x00, 0x06, 0xfe, 0x56, 0x0f, 0x03, 0x06, 0x24, 0x02, 0x03, 0x01, 0x18, 0x06, 0x1f, 0x01, 0x06, 0x1c, 0x1d, 0x06, 0x35, 0x02,
    0x03, 0x01, 0x1b, 0x07, 0x01, 0x06, 0x45, 0x1a, 0x06, 0x22, 0x1b, 0x07, 0x01, 0x06, 0x45, 0x08, 0x08, 0x07, 0x06, 0xfe, 0x57, 0x0f, 0x08, 0x06,
    0xfe, 0x58, 0x0f, 0x09, 0x03, 0x01, 0x0a, 0x06, 0x33, 0x0b, 0x00, 0x0c, 0x01, 0x06, 0x00, 0x0d, 0x09, 0x07, 0x09, 0x00, 0x06, 0xfe, 0x59, 0x0f,
    0x16, 0x09, 0x01, 0x07, 0x02, 0x03, 0x03, 0x18, 0x06, 0x1f, 0x00, 0x06, 0xfe, 0x5a, 0x0f, 0x7c, 0x06, 0x66, 0x03, 0x06, 0x11, 0x13, 0x06, 0x17,
    0x04, 0x06, 0x0e, 0x1a, 0x06, 0x5a, 0x40, 0x02, 0x01, 0x06, 0x1c, 0x1d, 0x06, 0x35, 0x02, 0x03, 0x03, 0x1b, 0x07, 0x03, 0x06, 0x45, 0x06, 0x4a,
    0x06, 0x4d, 0x04, 0x06, 0x0e, 0x08, 0x08, 0x07, 0x06, 0xfe, 0x5b, 0x0f, 0x08, 0x06, 0xfe, 0x5c, 0x0f, 0x09, 0x03, 0x01, 0x0a, 0x06, 0x20, 0x0b,
    0x00, 0x0c, 0x01, 0x06, 0x00, 0x0d, 0x09, 0x0a, 0x04, 0x00, 0x06, 0xfe, 0x5d, 0x0f, 0x01, 0x06, 0x23, 0x1e, 0x07, 0x02, 0x09, 0x01, 0x07, 0x00,
    0x06, 0xfe, 0x5e, 0x0f, 0x05, 0x06, 0x9d, 0x0f, 0x06, 0x15, 0x04, 0x06, 0x0e, 0x01, 0x06, 0x14, 0x03, 0x06, 0x2d, 0x02, 0x03, 0x01, 0x09, 0x07,
    0x07, 0x00, 0x06, 0xfe, 0x5f, 0x0f, 0x16, 0x09, 0x02, 0x07, 0x00, 0x06, 0xfe, 0x60, 0x0f, 0x03, 0x06, 0x11, 0x02, 0x03, 0x0a, 0x18, 0x06, 0x1f,
    0x64, 0x06, 0x06, 0x43, 0x03, 0x0a, 0x3f, 0x06, 0x1f, 0x01, 0x06, 0x1c, 0x1d, 0x06, 0x35, 0x02, 0x03, 0x02, 0x1b, 0x07, 0x02, 0x06, 0x45, 0x06,
    0x4d, 0x1a, 0x06, 0x22, 0x1b, 0x07, 0x02, 0x06, 0x45, 0x06, 0x4d, 0x08, 0x08, 0x07, 0x06, 0xfe, 0x61, 0x0f, 0x08, 0x06, 0xfe, 0x62, 0x0f, 0x09,
    0x03, 0x01, 0x0a, 0x06, 0x20, 0x0b, 0x00, 0x0c, 0x01, 0x06, 0x00, 0x0d, 0x09, 0x0c, 0x08, 0x00, 0x06, 0xfe, 0x63, 0x0f, 0x05, 0x06, 0x17, 0x02,
    0x03, 0x01, 0x03, 0x06, 0x11, 0x04, 0x06, 0x0e, 0x01, 0x06, 0x7a, 0xfe, 0x20, 0x02, 0x06, 0x3b, 0xe5, 0x06, 0x80, 0x08, 0x08, 0x07, 0x06, 0xfe,
    0x64, 0x0f, 0x08, 0x06, 0xfe, 0x65, 0x0f, 0x09, 0x03, 0x01, 0x0a, 0x06, 0x37, 0x0b, 0x00, 0x0c, 0x01, 0x06, 0x00, 0x0d, 0x09, 0x01, 0x0a, 0x00,
    0x06, 0xfe, 0x66, 0x0f, 0x05, 0x06, 0x15, 0x0f, 0x06, 0x7d, 0x96, 0x06, 0x97, 0x02, 0x03, 0x02, 0x04, 0x06, 0x0e, 0x12, 0x07, 0x01, 0x06, 0x46,
    0x6b, 0x02, 0x01, 0x06, 0x14, 0x03, 0x06, 0x2d, 0x08, 0x08, 0x07, 0x06, 0xfe, 0x67, 0x0f, 0x08, 0x06, 0xfe, 0x68, 0x0f, 0x09, 0x03, 0x01, 0x0a,
    0x06, 0x21, 0x0b, 0x00, 0x0c, 0x01, 0x06, 0x00, 0x0d, 0x09, 0x0a, 0x03, 0x00, 0x06, 0xfe, 0x69, 0x0f, 0x01, 0x06, 0x23, 0x1e, 0x07, 0x03, 0x09,
    0x01, 0x08, 0x00, 0x06, 0xfe, 0x6a, 0x0f, 0x16, 0x09, 0x01, 0x07, 0x02, 0x03, 0x03, 0x18, 0x06, 0x1f, 0x00, 0x06, 0xfe, 0x6b, 0x0f, 0x7c, 0x06,
    0x66, 0x03, 0x06, 0x11, 0x13, 0x06, 0x17, 0x04, 0x06, 0x0e, 0x05, 0x06, 0x9d, 0x0f, 0x06, 0x15, 0x02, 0x03, 0x05, 0x04, 0x06, 0x0e, 0x01, 0x06,
    0x14, 0x03, 0x06, 0x2d, 0x09, 0x02, 0x06, 0x00, 0x06, 0xfe, 0x6c, 0x0f, 0x16, 0x09, 0x01, 0x06, 0x02, 0x03, 0x03, 0x18, 0x06, 0x1f, 0x00, 0x06,
    0xfe, 0x6d, 0x0f, 0x03, 0x06, 0x11, 0x05, 0x06, 0x88, 0x13, 0x06, 0x17, 0x01, 0x06, 0x32, 0x02, 0x03, 0x01, 0x05, 0x06, 0x2f, 0x0f, 0x06, 0x10,
    0x09, 0x05, 0x06, 0x00, 0x06, 0xfe, 0x6e, 0x0f, 0x16, 0x09, 0x01, 0x06, 0x00, 0x06, 0xfe, 0xa0, 0x01, 0x03, 0x06, 0x11, 0x02, 0x03, 0x05, 0x18,
    0x06, 0x85, 0x05, 0x06, 0x88, 0x13, 0x06, 0x17, 0x01, 0x06, 0x38, 0x29, 0x03, 0x01, 0x28, 0x06, 0x34, 0x25, 0x02, 0x08, 0x08, 0x07, 0x06, 0xfe,
    0x6f, 0x0f, 0x08, 0x06, 0xfe, 0x70, 0x0f, 0x09, 0x03, 0x01, 0x0a, 0x06, 0x21, 0x0b, 0x00, 0x0c, 0x01, 0x06, 0x00, 0x0d, 0x09, 0x0a, 0x05, 0x00,
    0x06, 0xfe, 0x71, 0x0f, 0x01, 0x06, 0xef, 0xf0, 0x09, 0x05, 0x05, 0x00, 0x06, 0xfe, 0x75, 0x01, 0x01, 0x06, 0x38, 0x29, 0x03, 0x02, 0x28, 0x06,
    0x34, 0x13, 0x06, 0x17, 0x16, 0x09, 0x01, 0x08, 0x02, 0x03, 0x02, 0x18, 0x06, 0x1f, 0x00, 0x06, 0xfe, 0x72, 0x0f, 0x7c, 0x06, 0x66, 0x03, 0x06,
    0x11, 0x13, 0x06, 0x17, 0x04, 0x06, 0x0e, 0x12, 0x07, 0x01, 0x06, 0x46, 0x94, 0x09, 0x01, 0x09, 0x00, 0x06, 0xfe, 0x73, 0x0f, 0x0f, 0x06, 0x6c,
    0x02, 0x03, 0x01, 0x04, 0x06, 0x76, 0x19, 0x02, 0x01, 0x06, 0x14, 0x25, 0x02, 0x03, 0x06, 0x49, 0x13, 0x06, 0x17, 0x08, 0x08, 0x07, 0x06, 0xfe,
    0x74, 0x0f, 0x08, 0x06, 0xfe, 0x75, 0x0f, 0x09, 0x03, 0x01, 0x0a, 0x06, 0x21, 0x0b, 0x00, 0x0c, 0x01, 0x06, 0x00, 0x0d, 0x09, 0x0d, 0x0d, 0x00,
    0x06, 0xfe, 0x76, 0x0f, 0x1a, 0x06, 0x22, 0x05, 0x06, 0x17, 0x02, 0x03, 0x01, 0x03, 0x06, 0x11, 0x04, 0x06, 0x0e, 0x12, 0x07, 0x01, 0x06, 0x46,
    0x73, 0x03, 0x01, 0x01, 0x06, 0xe6, 0xb0, 0x06, 0x4a, 0x6a, 0x02, 0x25, 0x01, 0x1b, 0x07, 0x01, 0x06, 0x4a, 0x08, 0x08, 0x07, 0x06, 0xfe, 0x77,
    0x0f, 0x08, 0x06, 0xfe, 0x78, 0x0f, 0x09, 0x03, 0x01, 0x0a, 0x06, 0x37, 0x0b, 0x00, 0x0c, 0x01, 0x06, 0x00, 0x0d, 0x09, 0x0a, 0x04, 0x00, 0x06,
    0xfe, 0x79, 0x0f, 0x01, 0x06, 0x8d, 0x9b, 0x07, 0x02, 0x09, 0x0a, 0x03, 0x01, 0x06, 0x23, 0x1e, 0x07, 0x02, 0x09, 0x08, 0x0a, 0x00, 0x06, 0xfe,
    0xd7, 0x01, 0x05, 0x06, 0x17, 0x43, 0x03, 0x04, 0x3f, 0x06, 0x47, 0x27, 0x06, 0x31, 0x02, 0x03, 0x02, 0x03, 0x06, 0x11, 0x04, 0x06, 0x3c, 0x6b,
    0x02, 0x01, 0x06, 0x30, 0x09, 0x0b, 0x06, 0x00, 0x06, 0xfe, 0x7a, 0x0f, 0x03, 0x06, 0x11, 0x01, 0x06, 0xba, 0xbb, 0x06, 0xfe, 0x17, 0x01, 0xfe,
    0x18, 0x01, 0x02, 0x02, 0x03, 0x01, 0x00, 0x06, 0xfe, 0x7b, 0x0f, 0x09, 0x02, 0x05, 0x00, 0x06, 0x9c, 0x02, 0x03, 0x01, 0x01, 0x06, 0x32, 0x05,
    0x06, 0x2f, 0x0f, 0x06, 0x10, 0x02, 0x03, 0x01, 0x08, 0x08, 0x07, 0x06, 0xfe, 0x7c, 0x0f, 0x08, 0x06, 0xfe, 0x7d, 0x0f, 0x09, 0x03, 0x01, 0x0a,
    0x06, 0x37, 0x0b, 0x00, 0x0c, 0x01, 0x06, 0x00, 0x0d, 0x09, 0x01, 0x0a, 0x00, 0x06, 0xfe, 0x97, 0x02, 0x16, 0x09, 0x02, 0x05, 0x00, 0x06, 0xfe,
    0xff, 0x00, 0x7f, 0x06, 0x3c, 0x18, 0x06, 0x8b, 0x64, 0x06, 0x8c, 0x60, 0x06, 0x61, 0x05, 0x06, 0x3a, 0x65, 0x09, 0x03, 0x02, 0x26, 0x06, 0x3a,
    0x6d, 0x06, 0x89, 0x0f, 0x06, 0x10, 0x02, 0x03, 0x01, 0x04, 0x06, 0x0e, 0x12, 0x07, 0x01, 0x06, 0x36, 0x01, 0x06, 0x14, 0x03, 0x06, 0x2d, 0x08,
    0x08, 0x07, 0x06, 0xfe, 0x7e, 0x0f, 0x08, 0x06, 0xfe, 0x7f, 0x0f, 0x09, 0x03, 0x01, 0x0a, 0x06, 0x20, 0x0b, 0x00, 0x0c, 0x01, 0x06, 0x00, 0x0d,
    0x09, 0x02, 0x06, 0x00, 0x06, 0xfe, 0x80, 0x0f, 0x16, 0x09, 0x04, 0x06, 0x00, 0x06, 0xfe, 0x81, 0x0f, 0x12, 0x07, 0x01, 0x06, 0xfe, 0x82, 0x0f,
    0x04, 0x06, 0x0e, 0x13, 0x06, 0x17, 0x03, 0x06, 0x11, 0x02, 0x03, 0x03, 0x01, 0x06, 0x32, 0x02, 0x03, 0x01, 0x05, 0x06, 0x2f, 0x0f, 0x06, 0x10,
    0x08, 0x08, 0x07, 0x06, 0xfe, 0x83, 0x0f, 0x08, 0x06, 0xfe, 0x84, 0x0f, 0x09, 0x03, 0x01, 0x0a, 0x06, 0x57, 0x0b, 0x00, 0x0c, 0x01, 0x06, 0x00,
    0x0d, 0x09, 0x01, 0x09, 0x00, 0x06, 0xfe, 0x85, 0x0f, 0x16, 0x09, 0x01, 0x08, 0x02, 0x03, 0x01, 0x18, 0x06, 0x1f, 0x00, 0x06, 0xd5, 0x39, 0x09,
    0x03, 0x03, 0x26, 0x06, 0xad, 0x05, 0x06, 0x17, 0x0f, 0x06, 0x15, 0x03, 0x06, 0x11, 0x25, 0x02, 0x05, 0x06, 0x17, 0x0f, 0x06, 0x15, 0x05, 0x06,
    0x15, 0x0f, 0x06, 0x10, 0x02, 0x03, 0x01, 0x03, 0x06, 0x24, 0x04, 0x06, 0x0e, 0x12, 0x07, 0x01, 0x06, 0x36, 0x01, 0x06, 0x14, 0x08, 0x08, 0x07,
    0x06, 0xfe, 0x86, 0x0f, 0x08, 0x06, 0xfe, 0x87, 0x0f, 0x09, 0x03, 0x01, 0x0a, 0x06, 0x20, 0x0b, 0x00, 0x0c, 0x01, 0x06, 0x00, 0x0d, 0x09, 0x01,
    0x0a, 0x00, 0x06, 0xfe, 0x88, 0x0f, 0x05, 0x06, 0x6c, 0x0f, 0x06, 0x7d, 0x02, 0x03, 0x01, 0x03, 0x06, 0x49, 0x04, 0x06, 0x0e, 0x12, 0x07, 0x01,
    0x06, 0x36, 0x19, 0x02, 0x01, 0x06, 0xb6, 0xcc, 0x03, 0x01, 0x08, 0x08, 0x07, 0x06, 0xfe, 0x89, 0x0f, 0x08, 0x06, 0xfe, 0x8a, 0x0f, 0x09, 0x03,
    0x01, 0x0a, 0x06, 0x20, 0x0b, 0x00, 0x0c, 0x01, 0x06, 0x09, 0x01, 0x07, 0x00, 0x06, 0x5b, 0x05, 0x06, 0x10, 0x2a, 0x06, 0x10, 0x0f, 0x06, 0x15,
    0x02, 0x03, 0x01, 0x19, 0x02, 0x01, 0x06, 0x14, 0x0d, 0x09, 0x04, 0x06, 0x00, 0x06, 0xfe, 0xc9, 0x02, 0x01, 0x06, 0x53, 0x58, 0x09, 0x04, 0x05,
    0x00, 0x06, 0x8e, 0x05, 0x06, 0x2c, 0x02, 0x03, 0x05, 0x04, 0x06, 0x0e, 0x01, 0x06, 0x4c, 0x54, 0x09, 0x03, 0x09, 0x01, 0x06, 0x51, 0x0f, 0x06,
    0x10, 0x55, 0x02, 0x4e, 0x02, 0x02, 0x03, 0x01, 0x03, 0x06, 0x11, 0x19, 0x02, 0x12, 0x07, 0x01, 0x06, 0x36, 0x00, 0x06, 0xfe, 0xc9, 0x02, 0x19,
    0x02, 0x12, 0x07, 0x01, 0x06, 0x36, 0x08, 0x08, 0x07, 0x06, 0xfe, 0x8b, 0x0f, 0x08, 0x06, 0xfe, 0x8c, 0x0f, 0x09, 0x03, 0x01, 0x0a, 0x06, 0x57,
    0x0b, 0x00, 0x0c, 0x01, 0x06, 0x00, 0x0d, 0x09, 0x01, 0x09, 0x00, 0x06, 0xfe, 0x8d, 0x0f, 0x16, 0x09, 0x03, 0x07, 0x74, 0x06, 0x75, 0x04, 0x06,
    0x0e, 0x79, 0x02, 0x00, 0x06, 0xfe, 0x8e, 0x0f, 0x39, 0x09, 0x03, 0x03, 0x26, 0x06, 0x75, 0x72, 0x06, 0x7b, 0x13, 0x06, 0x15, 0x12, 0x07, 0x01,
    0x06, 0x36, 0x69, 0x07, 0x01, 0x06, 0x36, 0x05, 0x06, 0x6c, 0x0f, 0x06, 0x7d, 0x02, 0x03, 0x01, 0x03, 0x06, 0x49, 0x04, 0x06, 0x0e, 0x01, 0x06,
    0xb6, 0xcc, 0x03, 0x01, 0x08, 0x08, 0x07, 0x06, 0xfe, 0x8f, 0x0f, 0x08, 0x06, 0xfe, 0x90, 0x0f, 0x09, 0x03, 0x01, 0x0a, 0x06, 0x20, 0x0b, 0x00,
    0x0c, 0x01, 0x06, 0x00, 0x0d, 0x09, 0x0a, 0x04, 0x00, 0x06, 0xfe, 0x91, 0x0f, 0x01, 0x06, 0x23, 0x1e, 0x07, 0x02, 0x09, 0x01, 0x07, 0x00, 0x06,
    0xe8, 0x05, 0x06, 0x2c, 0x02, 0x03, 0x03, 0x0f, 0x06, 0x15, 0x04, 0x06, 0x0e, 0x01, 0x06, 0x14, 0x03, 0x06, 0x2d, 0x09, 0x07, 0x07, 0x00, 0x06,
    0xfe, 0x92, 0x0f, 0x16, 0x09, 0x01, 0x04, 0x00, 0x06, 0xfe, 0x93, 0x0f, 0x03, 0x06, 0x11, 0x18, 0x06, 0x1f, 0x02, 0x03, 0x01, 0x01, 0x06, 0x1c,
    0x1d, 0x06, 0x35, 0x02, 0x03, 0x01, 0x1b, 0x07, 0x01, 0x06, 0x4a, 0x1a, 0x06, 0x22, 0x1b, 0x07, 0x01, 0x06, 0x4a, 0x08, 0x08, 0x07, 0x06, 0xfe,
    0x94, 0x0f, 0x08, 0x06, 0xfe, 0x95, 0x0f, 0x09, 0x03, 0x01, 0x0a, 0x06, 0x57, 0x0b, 0x03, 0x01, 0x0c, 0x01, 0x06, 0x00, 0x0d, 0x09, 0x08, 0x06,
    0x00, 0x06, 0xfe, 0x96, 0x0f, 0x16, 0x09, 0x00, 0x02, 0x18, 0x06, 0x81, 0x70, 0x07, 0x02, 0x09, 0x06, 0x04, 0xaf, 0x06, 0xfe, 0x76, 0x01, 0x00,
    0x06, 0xfe, 0x97, 0x0f, 0x39, 0x09, 0x03, 0x02, 0x26, 0x06, 0x6f, 0xaf, 0x06, 0xfe, 0x76, 0x01, 0x13, 0x06, 0x17, 0x09, 0x04, 0x06, 0x00, 0x06,
    0xfe, 0xca, 0x02, 0x12, 0x07, 0x01, 0x06, 0x36, 0x04, 0x06, 0x0e, 0x13, 0x06, 0x17, 0x03, 0x06, 0x11, 0x02, 0x03, 0x01, 0x27, 0x06, 0x67, 0x03,
    0x06, 0x11, 0x01, 0x06, 0x30, 0x02, 0x03, 0x01, 0x08, 0x08, 0x07, 0x06, 0xfe, 0x98, 0x0f, 0x08, 0x06, 0xfe, 0x99, 0x0f, 0x09, 0x03, 0x01, 0x0a,
    0x06, 0x41, 0x0b, 0x03, 0x01, 0x0c, 0x01, 0x06, 0x09, 0x08, 0x05, 0x00, 0x06, 0xb9, 0x27, 0x06, 0x31, 0x03, 0x06, 0x11, 0x6e, 0x02, 0x01, 0x06,
    0x30, 0x0d, 0x09, 0x0a, 0x03, 0x00, 0x06, 0xfe, 0x2a, 0x01, 0x01, 0x06, 0x23, 0x1e, 0x07, 0x02, 0x09, 0x02, 0x05, 0x00, 0x06, 0x9a, 0x02, 0x03,
    0x02, 0x01, 0x06, 0x32, 0x05, 0x06, 0x2f, 0x0f, 0x06, 0x10, 0x09, 0x01, 0x06, 0x00, 0x06, 0xab, 0x05, 0x06, 0x10, 0x0f, 0x06, 0x15, 0x02, 0x03,
    0x02, 0x01, 0x06, 0x14, 0x03, 0x06, 0x2d, 0x08, 0x08, 0x07, 0x06, 0xfe, 0x9a, 0x0f, 0x08, 0x06, 0xfe, 0x9b, 0x0f, 0x09, 0x03, 0x01, 0x0a, 0x06,
    0x20, 0x0b, 0x00, 0x0c, 0x01, 0x06, 0x00, 0x0d, 0x09, 0x07, 0x08, 0x00, 0x06, 0xfe, 0x9c, 0x0f, 0x16, 0x09, 0x04, 0x06, 0x00, 0x06, 0xfe, 0x9d,
    0x0f, 0x12, 0x07, 0x01, 0x06, 0xfe, 0x9e, 0x0f, 0x04, 0x06, 0x0e, 0x13, 0x06, 0x17, 0x03, 0x06, 0x11, 0x02, 0x03, 0x03, 0x01, 0x06, 0x1c, 0x1d,
    0x06, 0x35, 0x02, 0x03, 0x01, 0x1b, 0x07, 0x01, 0x06, 0x4f, 0x1a, 0x06, 0x22, 0x04, 0x06, 0x0e, 0x08, 0x08, 0x07, 0x06, 0xfe, 0x9f, 0x0f, 0x08,
    0x06, 0xfe, 0xa0, 0x0f, 0x09, 0x03, 0x01, 0x0a, 0x06, 0x37, 0x0b, 0x00, 0x0c, 0x01, 0x06, 0x00, 0x0d, 0x09, 0x0a, 0x06, 0x00, 0x06, 0xfe, 0xa1,
    0x0f, 0x01, 0x06, 0x23, 0x1e, 0x07, 0x02, 0x09, 0x03, 0x08, 0x00, 0x06, 0xfe, 0xa2, 0x0f, 0x05, 0x06, 0x17, 0x02, 0x03, 0x01, 0x03, 0x06, 0x11,
    0x04, 0x06, 0x0e, 0x12, 0x07, 0x01, 0x06, 0x36, 0x01, 0x06, 0x80, 0x52, 0x02, 0x09, 0x05, 0x08, 0x00, 0x06, 0xfe, 0xa3, 0x0f, 0x16, 0x09, 0x01,
    0x07, 0x03, 0x06, 0x11, 0x13, 0x06, 0x17, 0x00, 0x06, 0xfe, 0xa4, 0x0f, 0x42, 0x02, 0xcd, 0x06, 0x76, 0x52, 0x02, 0x04, 0x06, 0x0e, 0x01, 0x06,
    0x38, 0x29, 0x03, 0x01, 0x28, 0x06, 0x34, 0x25, 0x02, 0x52, 0x02, 0x12, 0x07, 0x01, 0x06, 0x36, 0x42, 0x02, 0x12, 0x07, 0x01, 0x06, 0x36, 0x52,
    0x02, 0x08, 0x08, 0x07, 0x06, 0xfe, 0xa5, 0x0f, 0x08, 0x06, 0xfe, 0xa6, 0x0f, 0x09, 0x03, 0x01, 0x0a, 0x06, 0x21, 0x0b, 0x00, 0x0c, 0x01, 0x06,
    0x00, 0x0d, 0x09, 0x0a, 0x0a, 0x00, 0x06, 0xfe, 0xcb, 0x02, 0x01, 0x06, 0xfe, 0x00, 0x01, 0x16, 0x09, 0x00, 0x03, 0x18, 0x06, 0x81, 0x70, 0x07,
    0x02, 0x09, 0x01, 0x07, 0x03, 0x06, 0x24, 0x13, 0x06, 0x15, 0x12, 0x07, 0x01, 0x06, 0x36, 0x02, 0x03, 0x01, 0x18, 0x06, 0x1f, 0x04, 0x06, 0x0e,
    0x00, 0x06, 0xfe, 0xa7, 0x0f, 0x09, 0x01, 0x09, 0x03, 0x06, 0x11, 0x13, 0x06, 0x15, 0x83, 0x06, 0x90, 0x82, 0x02, 0x12, 0x07, 0x01, 0x06, 0x36,
    0x02, 0x03, 0x01, 0x18, 0x06, 0x1f, 0x04, 0x06, 0x0e, 0x00, 0x06, 0xfe, 0xa8, 0x0f, 0x00, 0x06, 0xfe, 0xa9, 0x0f, 0xfe, 0x01, 0x01, 0x09, 0x01,
    0x07, 0x01, 0x06, 0x14, 0x05, 0x06, 0x15, 0x0f, 0x06, 0x9d, 0x52, 0x02, 0xb7, 0x02, 0x04, 0x06, 0x0e, 0x00, 0x06, 0xfe, 0xcc, 0x02, 0xfe, 0x02,
    0x01, 0x09, 0x0a, 0x06, 0x01, 0x06, 0x23, 0x1e, 0x07, 0x02, 0x09, 0x01, 0x07, 0x01, 0x06, 0x14, 0x05, 0x06, 0x15, 0x0f, 0x06, 0x9d, 0x52, 0x02,
    0xb7, 0x02, 0x04, 0x06, 0x0e, 0x00, 0x06, 0xfe, 0xcc, 0x02, 0x09, 0x07, 0x0a, 0x01, 0x06, 0x1c, 0x1d, 0x06, 0x35, 0x1b, 0x07, 0x01, 0x06, 0x4f,
    0x03, 0x06, 0xfe, 0xaa, 0x0f, 0x52, 0x02, 0x1a, 0x06, 0x22, 0x12, 0x07, 0x01, 0x06, 0x36, 0x04, 0x06, 0x0e, 0x00, 0x06, 0xfe, 0xab, 0x0f, 0xb7,
    0x02, 0x00, 0x06, 0xfe, 0xcb, 0x02, 0x12, 0x07, 0x01, 0x06, 0x36, 0xb7, 0x02, 0x52, 0x02, 0xfe, 0x39, 0x01, 0x01, 0x12, 0x07, 0x01, 0x06, 0x36,
    0xb7, 0x02, 0x52, 0x02, 0x1b, 0x07, 0x01, 0x06, 0x4f, 0x08, 0x08, 0x07, 0x06, 0xfe, 0xac, 0x0f, 0x08, 0x06, 0xfe, 0xad, 0x0f, 0x09, 0x03, 0x01,
    0x0a, 0x06, 0x37, 0x0b, 0x00, 0x0c, 0x01, 0x06, 0x00, 0x0d, 0x09, 0x0a, 0x06, 0x00, 0x06, 0xfe, 0xae, 0x0f, 0x01, 0x06, 0xa9, 0x94, 0x09, 0x01,
    0x0b, 0x00, 0x06, 0xfe, 0xaf, 0x0f, 0x05, 0x06, 0x7d, 0x0f, 0x06, 0x2b, 0x03, 0x06, 0x49, 0x04, 0x06, 0x0e, 0x19, 0x02, 0x01, 0x06, 0xb6, 0x27,
    0x06, 0x31, 0xcc, 0x03, 0x01, 0xe5, 0x06, 0xfe, 0x59, 0x01, 0x52, 0x02, 0xaa, 0x09, 0x00, 0x05, 0x18, 0x06, 0x81, 0x70, 0x07, 0x02, 0x09, 0x01,
    0x05, 0x02, 0x03, 0x01, 0x18, 0x06, 0x1f, 0x00, 0x06, 0xfe, 0xb0, 0x0f, 0x03, 0x06, 0x49, 0x13, 0x06, 0x2b, 0x09, 0x01, 0x05, 0x02, 0x03, 0x0a,
    0x18, 0x06, 0x1f, 0x00, 0x06, 0xfe, 0x34, 0x02, 0x04, 0x06, 0x0e, 0x13, 0x06, 0x2b, 0x00, 0x06, 0xfe, 0xb1, 0x0f, 0x04, 0x06, 0x0e, 0x03, 0x06,
    0x49, 0x9e, 0x09, 0x05, 0x05, 0x00, 0x06, 0xfe, 0x08, 0x01, 0x01, 0x06, 0x38, 0x29, 0x03, 0x01, 0x28, 0x06, 0x34, 0x25, 0x02, 0x52, 0x02, 0x08,
    0x08, 0x07, 0x06, 0xfe, 0xb2, 0x0f, 0x08, 0x06, 0xfe, 0xb3, 0x0f, 0x09, 0x03, 0x01, 0x0a, 0x06, 0x37, 0x0b, 0x00, 0x0c, 0x01, 0x06, 0x00, 0x0d,
    0x09, 0x0a, 0x03, 0x00, 0x06, 0xfe, 0xb4, 0x0f, 0x01, 0x06, 0x23, 0x1e, 0x07, 0x02, 0x09, 0x01, 0x07, 0x00, 0x06, 0xfe, 0xb5, 0x0f, 0x05, 0x06,
    0x84, 0x0f, 0x06, 0x10, 0x03, 0x06, 0x24, 0x01, 0x06, 0x14, 0x25, 0x02, 0x02, 0x03, 0x01, 0x09, 0x01, 0x06, 0x00, 0x06, 0x77, 0x05, 0x06, 0x10,
    0x0f, 0x06, 0x15, 0x02, 0x03, 0x01, 0x01, 0x06, 0x14, 0x03, 0x06, 0x2d, 0x08, 0x08, 0x07, 0x06, 0xfe, 0xb6, 0x0f, 0x08, 0x06, 0xfe, 0xc7, 0x02,
    0x09, 0x03, 0x01, 0x0a, 0x06, 0x37, 0x0b, 0x00, 0x0c, 0x01, 0x06, 0x00, 0x0d, 0x09, 0x01, 0x07, 0x00, 0x06, 0xe8, 0x05, 0x06, 0x2c, 0x02, 0x03,
    0x03, 0x0f, 0x06, 0x15, 0x04, 0x06, 0x0e, 0x01, 0x06, 0x14, 0x03, 0x06, 0x2d, 0x08, 0x08, 0x07, 0x06, 0xfe, 0xb7, 0x0f, 0x08, 0x06, 0xfe, 0xb8,
    0x0f, 0x09, 0x03, 0x01, 0x0a, 0x06, 0x57, 0x0b, 0x03, 0x01, 0x0c, 0x01, 0x06, 0x00, 0x0d, 0x09, 0x05, 0x08, 0x00, 0x06, 0xfe, 0xb9, 0x0f, 0x16,
    0x09, 0x00, 0x04, 0x18, 0x06, 0x81, 0x70, 0x07, 0x02, 0x09, 0x04, 0x05, 0x00, 0x06, 0xfe, 0xba, 0x0f, 0x12, 0x07, 0x01, 0x06, 0x36, 0x13, 0x06,
    0x10, 0x03, 0x06, 0x24, 0x02, 0x03, 0x01, 0x09, 0x01, 0x07, 0x02, 0x03, 0x01, 0x18, 0x06, 0x1f, 0x00, 0x06, 0xfe, 0xbb, 0x0f, 0x39, 0x09, 0x03,
    0x02, 0x26, 0x06, 0xad, 0x0f, 0x06, 0x15, 0x04, 0x06, 0x0e, 0x0f, 0x06, 0x15, 0x13, 0x06, 0x10, 0x00, 0x06, 0xfe, 0xbc, 0x0f, 0x12, 0x07, 0x01,
    0x06, 0x36, 0x01, 0x06, 0x38, 0x29, 0x03, 0x01, 0x28, 0x06, 0x34, 0x25, 0x02, 0xde, 0x06, 0xdf, 0x12, 0x07, 0x01, 0x06, 0x36, 0x08, 0x08, 0x07,
    0x06, 0xfe, 0xbd, 0x0f, 0x08, 0x06, 0xfe, 0xbe, 0x0f, 0x09, 0x03, 0x01, 0x0a, 0x06, 0x20, 0x0b, 0x00, 0x0c, 0x01, 0x06, 0x00, 0x0d, 0x09, 0x02,
    0x06, 0x00, 0x06, 0xfe, 0xbf, 0x0f, 0x16, 0x09, 0x04, 0x06, 0x00, 0x06, 0xfe, 0xc0, 0x0f, 0x12, 0x07, 0x03, 0x06, 0xc7, 0x06, 0xf8, 0x06, 0xda,
    0x04, 0x06, 0x0e, 0x13, 0x06, 0x15, 0xfe, 0x03, 0x01, 0x07, 0x02, 0x06, 0x15, 0x06, 0x2f, 0x02, 0x03, 0x01, 0x01, 0x06, 0x32, 0x02, 0x03, 0x01,
    0x05, 0x06, 0x2f, 0x0f, 0x06, 0x10, 0x08, 0x08, 0x07, 0x06, 0xfe, 0xc1, 0x0f, 0x08, 0x06, 0xfe, 0xc2, 0x0f, 0x09, 0x03, 0x01, 0x0a, 0x06, 0x33,
    0x0b, 0x00, 0x0c, 0x01, 0x06, 0x00, 0x0d, 0x09, 0x0a, 0x08, 0x00, 0x06, 0xfe, 0xcf, 0x01, 0x16, 0x09, 0x04, 0x06, 0x00, 0x06, 0xfe, 0xc3, 0x0f,
    0x12, 0x07, 0x01, 0x06, 0xf8, 0x04, 0x06, 0x0e, 0x13, 0x06, 0x17, 0x03, 0x06, 0x11, 0x02, 0x03, 0x03, 0x1a, 0x06, 0x5a, 0x40, 0x02, 0x01, 0x06,
    0x23, 0x1e, 0x07, 0x02, 0x09, 0x07, 0x06, 0x01, 0x06, 0x1c, 0x1d, 0x06, 0x2e, 0x02, 0x03, 0x01, 0x03, 0x06, 0x2d, 0x1a, 0x06, 0x5a, 0x00, 0x06,
    0xfe, 0xcf, 0x01, 0x09, 0x07, 0x07, 0x01, 0x06, 0x1c, 0x1d, 0x06, 0x35, 0x1b, 0x07, 0x01, 0x06, 0x56, 0x02, 0x03, 0x01, 0x03, 0x06, 0x2d, 0x1a,
    0x06, 0x5a, 0x00, 0x06, 0xfe, 0xcf, 0x01, 0x1b, 0x07, 0x01, 0x06, 0x56, 0x02, 0x03, 0x02, 0x08, 0x08, 0x07, 0x06, 0xfe, 0xc4, 0x0f, 0x08, 0x06,
    0xfe, 0xc5, 0x0f, 0x09, 0x03, 0x01, 0x0a, 0x06, 0x57, 0x0b, 0x03, 0x01, 0x0c, 0x01, 0x06, 0x00, 0x0d, 0x09, 0x07, 0x06, 0x00, 0x06, 0xfe, 0xc6,
    0x0f, 0x16, 0x09, 0x03, 0x05, 0x00, 0x06, 0xdb, 0x39, 0x09, 0x03, 0x02, 0x26, 0x06, 0x9f, 0x72, 0x06, 0x7b, 0x74, 0x06, 0x7a, 0x03, 0x06, 0x11,
    0x25, 0x02, 0x01, 0x06, 0x1c, 0x1d, 0x06, 0x2e, 0x02, 0x03, 0x02, 0x1a, 0x06, 0x22, 0x08, 0x08, 0x07, 0x06, 0xfe, 0xc7, 0x0f, 0x08, 0x06, 0xfe,
    0xc8, 0x0f, 0x09, 0x03, 0x01, 0x0a, 0x06, 0x21, 0x0b, 0x00, 0x0c, 0x01, 0x06, 0x09, 0x07, 0x06, 0x00, 0x06, 0xa0, 0x19, 0x02, 0x3e, 0x03, 0x01,
    0x02, 0x03, 0x01, 0x01, 0x06, 0x48, 0x05, 0x06, 0x2b, 0x0d, 0x09, 0x02, 0x06, 0x00, 0x06, 0xfe, 0xc9, 0x0f, 0x16, 0x09, 0x04, 0x06, 0x00, 0x06,
    0xfe, 0xca, 0x0f, 0x12, 0x07, 0x01, 0x06, 0xc7, 0x04, 0x06, 0x0e, 0x13, 0x06, 0x17, 0x03, 0x06, 0x11, 0x02, 0x03, 0x03, 0x01, 0x06, 0x32, 0x02,
    0x03, 0x01, 0x05, 0x06, 0x2f, 0x0f, 0x06, 0x10, 0x08, 0x08, 0x07, 0x06, 0xfe, 0xcb, 0x0f, 0x08, 0x06, 0xfe, 0x07, 0x02, 0x09, 0x03, 0x01, 0x0a,
    0x06, 0x57, 0x0b, 0x03, 0x01, 0x0c, 0x01, 0x06, 0x00, 0x0d, 0x09, 0x07, 0x06, 0x00, 0x06, 0xfe, 0x08, 0x02, 0x16, 0x09, 0x02, 0x05, 0x00, 0x06,
    0xfe, 0x09, 0x02, 0x04, 0x06, 0x0e, 0x13, 0x06, 0x2b, 0x86, 0x06, 0x3e, 0x74, 0x06, 0xfe, 0x5f, 0x01, 0x01, 0x06, 0x1c, 0x1d, 0x06, 0x2e, 0x02,
    0x03, 0x01, 0x1a, 0x06, 0x22, 0x08, 0x08, 0x07, 0x06, 0xfe, 0xcc, 0x0f, 0x08, 0x06, 0xfe, 0xcd, 0x02, 0x09, 0x03, 0x01, 0x0a, 0x06, 0x20, 0x0b,
    0x00, 0x0c, 0x01, 0x06, 0x00, 0x0d, 0x09, 0x0a, 0x03, 0x00, 0x06, 0xfe, 0xce, 0x02, 0x01, 0x06, 0x23, 0x1e, 0x07, 0x02, 0x09, 0x01, 0x08, 0x00,
    0x06, 0xd4, 0x05, 0x06, 0x6c, 0x0f, 0x06, 0x2b, 0x27, 0x06, 0x31, 0x02, 0x03, 0x01, 0x03, 0x06, 0x49, 0x04, 0x06, 0x0e, 0x01, 0x06, 0x14, 0x09,
    0x0b, 0x06, 0x00, 0x06, 0xfe, 0x9a, 0x01, 0x03, 0x06, 0x49, 0x01, 0x06, 0xba, 0xbb, 0x06, 0xfe, 0x17, 0x01, 0xfe, 0x18, 0x01, 0x02, 0x02, 0x03,
    0x01, 0x08, 0x08, 0x07, 0x06, 0xfe, 0xcd, 0x0f, 0x08, 0x06, 0xfe, 0xce, 0x0f, 0x09, 0x03, 0x01, 0x0a, 0x06, 0x20, 0x0b, 0x00, 0x0c, 0x01, 0x06,
    0x09, 0x01, 0x08, 0x00, 0x06, 0xfe, 0x87, 0x01, 0x05, 0x06, 0x10, 0x2a, 0x06, 0x10, 0x0f, 0x06, 0x15, 0x02, 0x03, 0x01, 0x03, 0x06, 0x24, 0x19,
    0x02, 0x01, 0x06, 0x14, 0x0d, 0x09, 0x04, 0x04, 0x00, 0x06, 0xfe, 0xcf, 0x0f, 0x01, 0x06, 0x53, 0x58, 0x09, 0x04, 0x05, 0x00, 0x06, 0x8e, 0x05,
    0x06, 0x2c, 0x02, 0x03, 0x05, 0x04, 0x06, 0x0e, 0x01, 0x06, 0x4c, 0x54, 0x09, 0x03, 0x05, 0x01, 0x06, 0x51, 0x55, 0x02, 0x00, 0x06, 0xfe, 0x0b,
    0x01, 0x0f, 0x06, 0x10, 0x02, 0x03, 0x01, 0x08, 0x08, 0x07, 0x06, 0xfe, 0xd0, 0x0f, 0x08, 0x06, 0xfe, 0xd1, 0x0f, 0x09, 0x03, 0x01, 0x0a, 0x06,
    0x20, 0x0b, 0x00, 0x0c, 0x01, 0x06, 0x00, 0x0d, 0x09, 0x01, 0x08, 0x00, 0x06, 0xfe, 0xd2, 0x0f, 0x16, 0x09, 0x01, 0x08, 0x02, 0x03, 0x03, 0x18,
    0x06, 0x1f, 0x00, 0x06, 0xfe, 0xd3, 0x0f, 0x7c, 0x06, 0x66, 0x03, 0x06, 0x11, 0x13, 0x06, 0x17, 0x04, 0x06, 0x0e, 0x12, 0x07, 0x01, 0x06, 0xda,
    0x05, 0x06, 0x15, 0x0f, 0x06, 0x10, 0x02, 0x03, 0x01, 0x03, 0x06, 0x24, 0x04, 0x06, 0x0e, 0x01, 0x06, 0x14, 0x08, 0x08, 0x07, 0x06, 0xfe, 0xd4,
    0x0f, 0x08, 0x06, 0xfe, 0xd5, 0x0f, 0x09, 0x03, 0x01, 0x0a, 0x06, 0x33, 0x0b, 0x00, 0x0c, 0x01, 0x06, 0x00, 0x0d, 0x09, 0x07, 0x07, 0x00, 0x06,
    0xa7, 0x16, 0x09, 0x02, 0x05, 0x00, 0x06, 0xfe, 0xab, 0x01, 0x04, 0x06, 0x0e, 0x86, 0x06, 0x3e, 0x18, 0x06, 0x8b, 0x7f, 0x06, 0x3c, 0x1a, 0x06,
    0x5a, 0x40, 0x02, 0x01, 0x06, 0x1c, 0x1d, 0x06, 0x2e, 0x02, 0x03, 0x02, 0x08, 0x08, 0x07, 0x06, 0xfe, 0xd6, 0x0f, 0x08, 0x06, 0xfe, 0xd7, 0x0f,
    0x09, 0x03, 0x01, 0x0a, 0x06, 0x41, 0x0b, 0x03, 0x01, 0x0c, 0x01, 0x06, 0x09, 0x01, 0x04, 0x00, 0x06, 0xfe, 0xd8, 0x0f, 0x0f, 0x06, 0x6c, 0x02,
    0x03, 0x01, 0x01, 0x06, 0x14, 0x0d, 0x09, 0x0c, 0x06, 0x00, 0x06, 0xfe, 0x9f, 0x01, 0x03, 0x06, 0x11, 0x01, 0x06, 0x7a, 0x04, 0x00, 0x42, 0x02,
    0x5f, 0x07, 0x01, 0x06, 0xfc, 0x08, 0x08, 0x07, 0x06, 0xfe, 0xd9, 0x0f, 0x08, 0x06, 0xfe, 0xda, 0x0f, 0x09, 0x03, 0x01, 0x0a, 0x06, 0x21, 0x0b,
    0x00, 0x0c, 0x01, 0x06, 0x00, 0x0d, 0x09, 0x07, 0x09, 0x00, 0x06, 0xfe, 0xdb, 0x0f, 0x1a, 0x06, 0x22, 0x02, 0x03, 0x01, 0x04, 0x06, 0x0e, 0x69,
    0x07, 0x01, 0x06, 0xfe, 0x78, 0x01, 0xd7, 0x09, 0x03, 0x02, 0x00, 0x06, 0xfe, 0x78, 0x01, 0xd8, 0x06, 0xbe, 0x73, 0x03, 0x01, 0x01, 0x06, 0x1c,
    0x1d, 0x06, 0x2e, 0x08, 0x08, 0x07, 0x06, 0xfe, 0xdc, 0x0f, 0x08, 0x06, 0xfe, 0xdd, 0x0f, 0x09, 0x03, 0x01, 0x0a, 0x06, 0x21, 0x0b, 0x00, 0x0c,
    0x01, 0x06, 0x09, 0x01, 0x05, 0x00, 0x06, 0xfe, 0x9b, 0x01, 0x0f, 0x06, 0x6c, 0x02, 0x03, 0x01, 0x19, 0x02, 0x01, 0x06, 0x14, 0x0d, 0x09, 0x0a,
    0x04, 0x00, 0x06, 0xfe, 0xde, 0x0f, 0x16, 0x09, 0x01, 0x04, 0x00, 0x06, 0xfe, 0xdf, 0x0f, 0x69, 0x07, 0x01, 0x06, 0xfe, 0xb5, 0x02, 0x04, 0x06,
    0x0e, 0x13, 0x06, 0x17, 0x01, 0x06, 0x23, 0x1e, 0x07, 0x02, 0x09, 0x02, 0x05, 0x00, 0x06, 0x9a, 0x02, 0x03, 0x02, 0x01, 0x06, 0x32, 0x05, 0x06,
    0x2f, 0x0f, 0x06, 0x10, 0x09, 0x01, 0x06, 0x00, 0x06, 0x77, 0x05, 0x06, 0x10, 0x0f, 0x06, 0x15, 0x02, 0x03, 0x01, 0x01, 0x06, 0x14, 0x03, 0x06,
    0x2d, 0x08, 0x08, 0x07, 0x06, 0xfe, 0xe0, 0x0f, 0x08, 0x06, 0xfe, 0xe1, 0x0f, 0x09, 0x03, 0x01, 0x0a, 0x06, 0x21, 0x0b, 0x00, 0x0c, 0x01, 0x06,
    0x09, 0x01, 0x05, 0x00, 0x06, 0xfe, 0x9b, 0x01, 0x0f, 0x06, 0x6c, 0x02, 0x03, 0x01, 0x19, 0x02, 0x01, 0x06, 0x14, 0x0d, 0x09, 0x05, 0x06, 0x00,
    0x06, 0xfe, 0xe2, 0x0f, 0x16, 0x09, 0x02, 0x05, 0x00, 0x06, 0xfe, 0x0a, 0x02, 0x04, 0x06, 0x0e, 0x86, 0x06, 0x3e, 0x18, 0x06, 0x8b, 0x7f, 0x06,
    0x3c, 0x01, 0x06, 0x38, 0x29, 0x03, 0x01, 0x28, 0x06, 0x34, 0x25, 0x02, 0x08, 0x08, 0x07, 0x06, 0xfe, 0xe3, 0x0f, 0x08, 0x06, 0xfe, 0xcd, 0x02,
    0x09, 0x03, 0x01, 0x0a, 0x06, 0x37, 0x0b, 0x00, 0x0c, 0x01, 0x06, 0x00, 0x0d, 0x09, 0x0a, 0x03, 0x00, 0x06, 0xfe, 0xce, 0x02, 0x01, 0x06, 0x23,
    0x1e, 0x07, 0x02, 0x09, 0x01, 0x08, 0x00, 0x06, 0xd4, 0x05, 0x06, 0x6c, 0x0f, 0x06, 0x2b, 0x27, 0x06, 0x31, 0x02, 0x03, 0x01, 0x03, 0x06, 0x49,
    0x04, 0x06, 0x0e, 0x01, 0x06, 0x14, 0x09, 0x0b, 0x06, 0x00, 0x06, 0xfe, 0x9a, 0x01, 0x03, 0x06, 0x49, 0x01, 0x06, 0xba, 0xbb, 0x06, 0xfe, 0x17,
    0x01, 0xfe, 0x18, 0x01, 0x02, 0x02, 0x03, 0x01, 0x08, 0x08, 0x07, 0x06, 0xfe, 0xe4, 0x0f, 0x08, 0x06, 0xfe, 0xe5, 0x0f, 0x09, 0x03, 0x01, 0x0a,
    0x06, 0x21, 0x0b, 0x00, 0x0c, 0x01, 0x06, 0x00, 0x0d, 0x09, 0x07, 0x09, 0x00, 0x06, 0xfe, 0xe6, 0x0f, 0x16, 0x09, 0x04, 0x08, 0x00, 0x06, 0xfe,
    0xe7, 0x0f, 0x12, 0x07, 0x01, 0x06, 0x44, 0x04, 0x06, 0x0e, 0x13, 0x06, 0x15, 0xfe, 0x03, 0x01, 0x07, 0x02, 0x06, 0x15, 0x06, 0x2f, 0x03, 0x06,
    0x11, 0x02, 0x03, 0x09, 0xb7, 0x02, 0x03, 0x06, 0x11, 0x04, 0x06, 0x0e, 0x01, 0x06, 0x1c, 0x1d, 0x06, 0x2e, 0x52, 0x02, 0x1a, 0x06, 0x22, 0xb7,
    0x02, 0x08, 0x08, 0x07, 0x06, 0xfe, 0xe8, 0x0f, 0x08, 0x06, 0xfe, 0xe9, 0x0f, 0x09, 0x03, 0x01, 0x0a, 0x06, 0x37, 0x0b, 0x00, 0x0c, 0x01, 0x06,
    0x00, 0x0d, 0x09, 0x05, 0x06, 0x00, 0x06, 0xfe, 0xea, 0x0f, 0x16, 0x09, 0x01, 0x04, 0x13, 0x06, 0x3a, 0x04, 0x06, 0x0e, 0x00, 0x06, 0xfe, 0xeb,
    0x0f, 0x12, 0x07, 0x01, 0x06, 0x44, 0x01, 0x06, 0x38, 0x29, 0x03, 0x01, 0x28, 0x06, 0x34, 0x25, 0x02, 0x08, 0x08, 0x07, 0x06, 0xfe, 0xec, 0x0f,
    0x08, 0x06, 0xfe, 0xed, 0x0f, 0x09, 0x03, 0x01, 0x0a, 0x06, 0x33, 0x0b, 0x00, 0x0c, 0x01, 0x06, 0x00, 0x0d, 0x09, 0x0d, 0x0a, 0x00, 0x06, 0xfe,
    0xee, 0x0f, 0x16, 0x09, 0x00, 0x05, 0x18, 0x06, 0x81, 0x70, 0x07, 0x03, 0x09, 0x01, 0x06, 0x69, 0x07, 0x01, 0x06, 0xfe, 0xef, 0x0f, 0x13, 0x06,
    0x15, 0x02, 0x03, 0x01, 0x18, 0x06, 0x1f, 0x04, 0x06, 0x0e, 0x00, 0x06, 0xfe, 0xf0, 0x0f, 0x09, 0x01, 0x06, 0x69, 0x07, 0x01, 0x06, 0xfe, 0x37,
    0x01, 0x13, 0x06, 0x15, 0x02, 0x03, 0x01, 0x18, 0x06, 0x1f, 0x04, 0x06, 0x0e, 0x00, 0x06, 0xfe, 0xf1, 0x0f, 0x09, 0x01, 0x06, 0x69, 0x07, 0x01,
    0x06, 0xfe, 0x78, 0x01, 0x13, 0x06, 0x15, 0x02, 0x03, 0x01, 0x18, 0x06, 0x1f, 0x04, 0x06, 0x0e, 0x00, 0x06, 0xfe, 0xf2, 0x0f, 0x00, 0x06, 0xfe,
    0xf3, 0x0f, 0x13, 0x06, 0x15, 0x69, 0x07, 0x01, 0x06, 0xfe, 0x78, 0x01, 0x01, 0x06, 0xa2, 0x28, 0x06, 0xd9, 0x29, 0x03, 0x0a, 0x05, 0x06, 0x10,
    0x13, 0x06, 0x10, 0x03, 0x06, 0x11, 0x25, 0x02, 0x02, 0x03, 0x01, 0x08, 0x08, 0x07, 0x06, 0xfe, 0xf4, 0x0f, 0x08, 0x06, 0xfe, 0xf5, 0x0f, 0x09,
    0x03, 0x01, 0x0a, 0x06, 0x20, 0x0b, 0x00, 0x0c, 0x01, 0x06, 0x00, 0x0d, 0x09, 0x01, 0x07, 0x00, 0x06, 0xfe, 0x09, 0x01, 0x05, 0x06, 0x15, 0x0f,
    0x06, 0x10, 0x02, 0x03, 0x01, 0x03, 0x06, 0x24, 0x04, 0x06, 0x0e, 0x01, 0x06, 0x14, 0x08, 0x08, 0x07, 0x06, 0xfe, 0xf6, 0x0f, 0x08, 0x06, 0xfe,
    0xbb, 0x01, 0x09, 0x03, 0x01, 0x0a, 0x06, 0x37, 0x0b, 0x00, 0x0c, 0x01, 0x06, 0x00, 0x0d, 0x09, 0x01, 0x07, 0x00, 0x06, 0xfe, 0x0a, 0x01, 0x05,
    0x06, 0x15, 0x0f, 0x06, 0x10, 0x02, 0x03, 0x01, 0x03, 0x06, 0x11, 0x04, 0x06, 0x0e, 0x01, 0x06, 0x14, 0x08, 0x08, 0x07, 0x06, 0xfe, 0xf7, 0x0f,
    0x08, 0x06, 0xfe, 0xf8, 0x0f, 0x09, 0x03, 0x01, 0x0a, 0x06, 0x41, 0x0b, 0x03, 0x01, 0x0c, 0x01, 0x06, 0x09, 0x07, 0x05, 0x00, 0x06, 0xa1, 0x3e,
    0x03, 0x02, 0x02, 0x03, 0x02, 0x01, 0x06, 0x48, 0x05, 0x06, 0x2b, 0x0d, 0x09, 0x01, 0x08, 0x00, 0x06, 0xfe, 0x0d, 0x01, 0x05, 0x06, 0x15, 0x0f,
    0x06, 0x10, 0x02, 0x03, 0x01, 0x03, 0x06, 0x24, 0x04, 0x06, 0x0e, 0x12, 0x07, 0x01, 0x06, 0x36, 0x01, 0x06, 0x14, 0x08, 0x08, 0x07, 0x06, 0xfe,
    0xf9, 0x0f, 0x08, 0x06, 0xfe, 0xfa, 0x0f, 0x09, 0x03, 0x01, 0x0a, 0x06, 0x33, 0x0b, 0x00, 0x0c, 0x01, 0x06, 0x00, 0x0d, 0x09, 0x0d, 0x0c, 0x00,
    0x06, 0xfe, 0xad, 0x01, 0x16, 0x09, 0x04, 0x05, 0x00, 0x06, 0xfe, 0xfb, 0x0f, 0x12, 0x07, 0x01, 0x06, 0x36, 0x04, 0x06, 0x0e, 0x13, 0x06, 0x5e,
    0x03, 0x06, 0x24, 0x1a, 0x06, 0x5a, 0x40, 0x02, 0x05, 0x06, 0x10, 0x03, 0x06, 0x11, 0x01, 0x06, 0xa2, 0x28, 0x06, 0xc3, 0x13, 0x06, 0x10, 0x29,
    0x03, 0x02, 0x02, 0x03, 0x02, 0x25, 0x02, 0x08, 0x08, 0x07, 0x06, 0xfe, 0xfc, 0x0f, 0x08, 0x06, 0xfe, 0xfd, 0x0f, 0x09, 0x03, 0x01, 0x0a, 0x06,
    0x21, 0x0b, 0x00, 0x0c, 0x01, 0x06, 0x09, 0x01, 0x07, 0x00, 0x06, 0xdc, 0x05, 0x06, 0x10, 0x2a, 0x06, 0x10, 0x0f, 0x06, 0x15, 0x02, 0x03, 0x02,
    0x19, 0x02, 0x01, 0x06, 0x14, 0x0d, 0x09, 0x0a, 0x03, 0x00, 0x06, 0xfe, 0xfe, 0x0f, 0x01, 0x06, 0x23, 0x1e, 0x07, 0x02, 0x09, 0x0d, 0x05, 0x00,
    0x06, 0xec, 0x02, 0x03, 0x01, 0x01, 0x06, 0xed, 0x8d, 0x02, 0x04, 0x06, 0x0e, 0x09, 0x07, 0x05, 0x00, 0x06, 0xfe, 0xff, 0x0f, 0x1a, 0x06, 0x22,
    0x02, 0x03, 0x02, 0x01, 0x06, 0x1c, 0x1d, 0x06, 0x35, 0x08, 0x08, 0x07, 0x06, 0xfe, 0x00, 0x10, 0x08, 0x06, 0xfe, 0x01, 0x10, 0x09, 0x03, 0x01,
    0x0a, 0x06, 0x21, 0x0b, 0x00, 0x0c, 0x01, 0x06, 0x09, 0x08, 0x07, 0x00, 0x06, 0xfe, 0x89, 0x02, 0x27, 0x06, 0x31, 0x02, 0x03, 0x01, 0x03, 0x06,
    0x11, 0x12, 0x07, 0x01, 0x06, 0x36, 0x19, 0x02, 0x01, 0x06, 0x30, 0x0d, 0x09, 0x07, 0x05, 0x00, 0x06, 0xa7, 0x1a, 0x06, 0x22, 0x01, 0x06, 0x1c,
    0x1d, 0x06, 0x2e, 0x02, 0x03, 0x02, 0x08, 0x08, 0x07, 0x06, 0xfe, 0x02, 0x10, 0x08, 0x06, 0xfe, 0x03, 0x10, 0x09, 0x03, 0x01, 0x0a, 0x06, 0x20,
    0x0b, 0x00, 0x0c, 0x01, 0x06, 0x00, 0x0d, 0x09, 0x04, 0x06, 0x00, 0x06, 0xfe, 0x73, 0x01, 0x01, 0x06, 0x53, 0x58, 0x09, 0x04, 0x05, 0x00, 0x06,
    0xc9, 0x05, 0x06, 0x2c, 0x02, 0x03, 0x03, 0x04, 0x06, 0x0e, 0x01, 0x06, 0x4c, 0x54, 0x09, 0x03, 0x08, 0x01, 0x06, 0x51, 0x0f, 0x06, 0x10, 0x55,
    0x02, 0x4e, 0x02, 0x02, 0x03, 0x01, 0x19, 0x02, 0x12, 0x07, 0x01, 0x06, 0x36, 0x00, 0x06, 0xfe, 0x73, 0x01, 0x19, 0x02, 0x12, 0x07, 0x01, 0x06,
    0x36, 0x08, 0x08, 0x07, 0x06, 0xfe, 0x04, 0x10, 0x08, 0x06, 0xfe, 0x82, 0x02, 0x09, 0x03, 0x01, 0x0a, 0x06, 0x20, 0x0b, 0x00, 0x0c, 0x01, 0x06,
    0x00, 0x0d, 0x09, 0x02, 0x05, 0x00, 0x06, 0xfe, 0x5e, 0x01, 0x02, 0x03, 0x02, 0x01, 0x06, 0x32, 0x05, 0x06, 0x2f, 0x0f, 0x06, 0x10, 0x08, 0x08,
    0x07, 0x06, 0xfe, 0x05, 0x10, 0x08, 0x06, 0xfe, 0x06, 0x10, 0x09, 0x03, 0x01, 0x0a, 0x06, 0x57, 0x0b, 0x03, 0x01, 0x0c, 0x01, 0x06, 0x00, 0x0d,
    0x09, 0x0a, 0x04, 0x00, 0x06, 0xfe, 0x07, 0x10, 0x16, 0x09, 0x04, 0x06, 0x00, 0x06, 0xfe, 0xca, 0x02, 0x12, 0x07, 0x01, 0x06, 0x36, 0x04, 0x06,
    0x0e, 0x13, 0x06, 0x17, 0x03, 0x06, 0x11, 0x02, 0x03, 0x01, 0x01, 0x06, 0x23, 0x1e, 0x07, 0x02, 0x09, 0x08, 0x05, 0x00, 0x06, 0xfe, 0x08, 0x10,
    0x27, 0x06, 0x67, 0x03, 0x06, 0x11, 0x01, 0x06, 0x30, 0x02, 0x03, 0x01, 0x09, 0x07, 0x06, 0x00, 0x06, 0xfe, 0x09, 0x10, 0x1a, 0x06, 0x22, 0x03,
    0x06, 0x11, 0x01, 0x06, 0x1c, 0x1d, 0x06, 0x2e, 0x02, 0x03, 0x02, 0x08, 0x08, 0x07, 0x06, 0xfe, 0x0a, 0x10, 0x08, 0x06, 0xfe, 0x0b, 0x10, 0x09,
    0x03, 0x01, 0x0a, 0x06, 0xc0, 0x0b, 0x00, 0x0c, 0x01, 0x06, 0x00, 0x0d, 0x09, 0x08, 0x0c, 0x00, 0x06, 0xfe, 0x0c, 0x10, 0x16, 0x09, 0x04, 0x06,
    0x00, 0x06, 0xfe, 0x0d, 0x10, 0x12, 0x07, 0x01, 0x06, 0x36, 0x04, 0x06, 0x0e, 0x13, 0x06, 0x17, 0x03, 0x06, 0x11, 0xd6, 0x02, 0x05, 0x06, 0x17,
    0x27, 0x06, 0x31, 0x02, 0x03, 0x01, 0x03, 0x06, 0x11, 0x04, 0x06, 0x3c, 0x01, 0x06, 0x30, 0x6a, 0x02, 0xae, 0x03, 0x02, 0xac, 0x06, 0x47, 0x5f,
    0x07, 0x01, 0x06, 0xbf, 0x08, 0x08, 0x07, 0x06, 0xfe, 0x0e, 0x10, 0x08, 0x06, 0xfe, 0x0f, 0x10, 0x09, 0x03, 0x01, 0x0a, 0x06, 0x41, 0x0b, 0x03,
    0x01, 0x0c, 0x01, 0x06, 0x09, 0x0a, 0x03, 0x00, 0x06, 0xfe, 0x9c, 0x01, 0x01, 0x06, 0x92, 0x1e, 0x07, 0x02, 0x09, 0x08, 0x05, 0x00, 0x06, 0xe2,
    0x27, 0x06, 0x31, 0x03, 0x06, 0x11, 0x6e, 0x02, 0x01, 0x06, 0x30, 0x09, 0x01, 0x06, 0x00, 0x06, 0x77, 0x05, 0x06, 0x10, 0x2a, 0x06, 0x10, 0x0f,
    0x06, 0x15, 0x02, 0x03, 0x01, 0x01, 0x06, 0x14, 0x0d, 0x09, 0x02, 0x06, 0x00, 0x06, 0x9c, 0x01, 0x06, 0x32, 0x02, 0x03, 0x01, 0x05, 0x06, 0x2f,
    0x0f, 0x06, 0x10, 0x5f, 0x07, 0x01, 0x06, 0xbf, 0x08, 0x08, 0x07, 0x06, 0xfe, 0x10, 0x10, 0x08, 0x06, 0xfe, 0x11, 0x10, 0x09, 0x03, 0x01, 0x0a,
    0x06, 0x21, 0x0b, 0x00, 0x0c, 0x01, 0x06, 0x09, 0x07, 0x06, 0x00, 0x06, 0xa0, 0x19, 0x02, 0x3e, 0x03, 0x01, 0x02, 0x03, 0x01, 0x01, 0x06, 0x48,
    0x05, 0x06, 0x2b, 0x0d, 0x09, 0x08, 0x07, 0x00, 0x06, 0xfe, 0x12, 0x10, 0x05, 0x06, 0x17, 0x27, 0x06, 0x67, 0x02, 0x03, 0x01, 0x03, 0x06, 0x11,
    0x04, 0x06, 0x0e, 0x01, 0x06, 0x30, 0x08, 0x08, 0x07, 0x06, 0xfe, 0x13, 0x10, 0x08, 0x06, 0xfe, 0x14, 0x10, 0x09, 0x03, 0x01, 0x0a, 0x06, 0x20,
    0x0b, 0x00, 0x0c, 0x01, 0x06, 0x00, 0x0d, 0x09, 0x07, 0x06, 0x00, 0x06, 0xfe, 0x73, 0x02, 0x1a, 0x06, 0x22, 0x01, 0x06, 0x1c, 0x1d, 0x06, 0x35,
    0x02, 0x03, 0x01, 0x1b, 0x07, 0x01, 0x06, 0x4d, 0x08, 0x08, 0x07, 0x06, 0xfe, 0x15, 0x10, 0x08, 0x06, 0xfe, 0x16, 0x10, 0x09, 0x03, 0x01, 0x0a,
    0x06, 0x21, 0x0b, 0x00, 0x0c, 0x01, 0x06, 0x00, 0x0d, 0x09, 0x08, 0x0a, 0x00, 0x06, 0xfe, 0x70, 0x01, 0x05, 0x06, 0x17, 0x43, 0x03, 0x02, 0x3f,
    0x06, 0x47, 0x27, 0x06, 0x31, 0x02, 0x03, 0x01, 0x03, 0x06, 0x11, 0x04, 0x06, 0x3c, 0x01, 0x06, 0x30, 0x5f, 0x07, 0x01, 0x06, 0xbf, 0x08, 0x08,
    0x07, 0x06, 0xfe, 0x17, 0x10, 0x08, 0x06, 0xfe, 0x18, 0x10, 0x09, 0x03, 0x01, 0x0a, 0x06, 0x20, 0x0b, 0x00, 0x0c, 0x01, 0x06, 0x00, 0x0d, 0x09,
    0x08, 0x0a, 0x00, 0x06, 0xfe, 0x28, 0x01, 0x05, 0x06, 0x17, 0x43, 0x03, 0x04, 0x3f, 0x06, 0x47, 0x27, 0x06, 0x31, 0x02, 0x03, 0x01, 0x03, 0x06,
    0x11, 0x04, 0x06, 0x3c, 0x01, 0x06, 0x30, 0x5f, 0x07, 0x01, 0x06, 0xbf,
];

/// Byte offsets into `BYTECODE`. `OFFSETS[i]..OFFSETS[i+1]` is the binary-JSON
/// slice for `unique_abilities[i]`. Stored as `u32` to support large ROM data.
pub const OFFSETS: &[u32] = &[0, 73, 146, 243, 305, 381, 406, 506, 583, 661, 722, 802, 876, 921, 999, 1077, 1120, 1225, 1303, 1398, 1469, 1555, 1605, 1711, 1842, 1946, 2098, 2195, 2320, 2392, 2542, 2622, 2698, 2773, 2893, 3021, 3129, 3262, 3315, 3566, 3695, 3782, 3891, 4007, 4063, 4119, 4197, 4256, 4325, 4423, 4521, 4625, 4783, 4877, 4997, 5070, 5146, 5224, 5332, 5456, 5528, 5609, 5836, 5970, 6056, 6153, 6223, 6348, 6548, 6627, 6684, 6730, 6820, 6911, 7018, 7071, 7153, 7209, 7319, 7454, 7557, 7690, 7862, 8003, 8071, 8167, 8218, 8268, 8412, 8536, 8623, 8812, 8946, 9030, 9115, 9180, 9282, 9431, 9636, 9847, 9934, 10030, 10140, 10245, 10321, 10432, 10531, 10776, 10847, 10908, 11044, 11133, 11288, 11394, 11514, 11647, 11722, 11808, 11891, 11959, 12025, 12117, 12223, 12391, 12460, 12677, 12782, 12887, 13035, 13213, 13299, 13379, 13483, 13546, 13756, 13822, 13903, 13960, 14040, 14124, 14243, 14294, 14347, 14497, 14623, 14736, 14879, 14941, 15044, 15232, 15293, 15387, 15441, 15521, 15603, 15661, 15717, 15783, 15898, 16101, 16170, 16244, 16344, 16407, 16501, 16567, 16673, 16801, 16896, 16959, 17002, 17067, 17244, 17409, 17504, 17564, 17658, 17719, 17785, 17907, 17991, 18053, 18147, 18253, 18278, 18374, 18451, 18516, 18583, 18653, 18728, 18781, 18846, 18912, 19019, 19098, 19196, 19353, 19434, 19500, 19642, 19727, 19819, 19921, 20044, 20201, 20298, 20369, 20483, 20563, 20633, 20772, 20856, 20932, 20997, 21065, 21222, 21329, 21489, 21560, 21674, 21831, 21998, 22054, 22107, 22160, 22213, 22282, 22480, 22559, 22637, 22707, 22864, 22915, 22998, 23075, 23159, 23266, 23317, 23417, 23483, 23545, 23677, 23749, 23844, 23919, 24045, 24122, 24170, 24293, 24366, 24489, 24551, 24621, 24686, 24773, 24886, 25022, 25091, 25206, 25305, 25399, 25541, 25744, 25862, 25966, 26079, 26186, 26249, 26326, 26397, 26461, 26513, 26657, 26702, 26839, 26911, 26985, 27079, 27227, 27306, 27415, 27554, 27634, 27826, 27910, 27993, 28045, 28132, 28212, 28286, 28398, 28524, 28654, 28722, 28828, 28908, 29007, 29056, 29119, 29217, 29342, 29419, 29492, 29642, 29771, 29846, 29988, 30064, 30125, 30274, 30352, 30459, 30528, 30623, 30701, 30799, 30852, 30911, 30990, 31040, 31121, 31220, 31323, 31429, 31491, 31624, 31762, 31880, 31933, 32054, 32177, 32285, 32333, 32417, 32591, 32704, 32896, 33117, 33221, 33285, 33367, 33599, 33662, 33776, 33958, 34039, 34098, 34148, 34223, 34317, 34375, 34516, 34595, 34705, 34798, 34911, 35060, 35129, 35204, 35279, 35401, 35532, 35620, 35677, 35752, 35834, 35909, 36023, 36089, 36240, 36311, 36424, 36499, 36626, 36741, 36881, 36927, 37025, 37113, 37190, 37291, 37367, 37501, 37549, 37609, 37706, 37782, 37881, 37964, 38020, 38126, 38195, 38248, 38321, 38500, 38581, 38790, 38869, 38930, 39039, 39117, 39168, 39314, 39417, 39473, 39562, 39654, 39720, 39812, 39934, 40026, 40117, 40209, 40300, 40422, 40544, 40635, 40757, 40849, 40940, 41037, 41080, 41150, 41273, 41405, 41480, 41544, 41628, 41699, 41767, 41838, 41986, 42125, 42245, 42333, 42465, 42581, 42710, 42867, 43072, 43242, 43356, 43484, 43542, 43615, 43711, 43807, 43897, 44053, 44130, 44202, 44288, 44372, 44448, 44513, 44634, 44750, 44896, 44966, 45059, 45151, 45329, 45435, 45544, 45745, 45861, 45918, 45985, 46095, 46181, 46238, 46371, 46464, 46568, 46630, 46691, 46812, 46875, 47047, 47210, 47418, 47488, 47603, 47736, 47796, 47862, 48016, 48093, 48164, 48248, 48345, 48434, 48598, 48643, 48775, 48858, 48936, 49003, 49081, 49196, 49274, 49362, 49506, 49589, 49726, 49802, 49928, 50002, 50124, 50184, 50249, 50370, 50420, 50505, 50586, 50671, 50758, 50900, 51010, 51063, 51158, 51260, 51319, 51419, 51551, 51624, 51696, 51773, 51889, 52014, 52073, 52145, 52205, 52270, 52383, 52449, 52517, 52585, 52710, 52823, 52879, 52949, 53031, 53103, 53159, 53221, 53334, 53428, 53555, 53661, 53730, 53817, 53880, 53972, 54064, 54166, 54313, 54428, 54522, 54648, 54756, 54879, 55020, 55082, 55148, 55242, 55322, 55406, 55500, 55591, 55720, 55849, 55922, 55991, 56096, 56264, 56315, 56428, 56522, 56624, 56717, 56789, 56871, 56949, 57021, 57094, 57174, 57309, 57386, 57455, 57533, 57589, 57661, 57722, 57797, 57912, 57984, 58097, 58210, 58323, 58409, 58472, 58537, 58612, 58693, 58774, 58855, 58974, 59093, 59175, 59290, 59356, 59487, 59769, 59835, 59928, 60021, 60114, 60187, 60234, 60332, 60460, 60588, 60716, 60798, 60855, 60941, 61097, 61167, 61331, 61407, 61549, 61614, 61695, 61771, 61839, 61906, 62007, 62144, 62242, 62389, 62503, 62599, 62698, 62797, 62914, 63055, 63193, 63263, 63324, 63414, 63480, 63608, 63728, 63789, 63884, 63972, 64040, 64147, 64224, 64307, 64390, 64467, 64542, 64670, 64748, 64833, 64974, 65047, 65106, 65252, 65305, 65407, 65455, 65552, 65740, 65824, 65939, 66079, 66217, 66387, 66561, 66630, 66714, 66833, 66911, 67030, 67103, 67248, 67347, 67446, 67553, 67644, 67754, 67839, 67964, 68069, 68126, 68246, 68351, 68645, 68775, 68847, 68933, 69019, 69104, 69155, 69235, 69320, 69406, 69505, 69579, 69672, 69774, 69866, 69934, 70056, 70178, 70386, 70494, 70560, 70647, 70811, 70896, 70947, 71023, 71131, 71193, 71290, 71409, 71519, 71596, 71669, 71785, 71889, 71960, 72045, 72192, 72315, 72388, 72470, 72538, 72614, 72787, 72987, 73083, 73138, 73292, 73348, 73413, 73567, 73665, 73751, 73877, 74010, 74090, 74180, 74286, 74361, 74486, 74640, 74763, 74841, 74942, 75039, 75130, 75208, 75302, 75385, 75492, 75583, 75663, 75781, 75847, 75964, 76020, 76133, 76333, 76401, 76483, 76550, 76643, 76751, 76846, 76922, 77047, 77215, 77343, 77427, 77505, 77591, 77669, 77749, 77834, 77950, 78023, 78121, 78252, 78358, 78473, 78575, 78656, 78764, 78807, 78912, 79050, 79223, 79372, 79437, 79499, 79620, 79733, 79866, 79959, 80029, 80098, 80238, 80343, 80425, 80618, 80808, 80923, 81009, 81093, 81240, 81341, 81533, 81609, 81753, 81820, 81897, 81995, 82081, 82156, 82232, 82332, 82377, 82455, 82531, 82596, 82740, 82840, 82928, 83039, 83087, 83194, 83282, 83360, 83443, 83564, 83647, 83722, 83793, 83858, 83995, 84059, 84196, 84303, 84360, 84459, 84596, 84642, 84738, 84834, 84880, 84953, 85057, 85247, 85327, 85392, 85482, 85547, 85601, 85675, 85758, 85940, 86046, 86130, 86206, 86319, 86405, 86531, 86587, 86648, 86827, 86947, 87018, 87152, 87239, 87312, 87405, 87466, 87582, 87676, 87787, 87896, 87991, 88072, 88201, 88449, 88607, 88692, 88741, 88869, 88950, 89079, 89150, 89240, 89309, 89401, 89503, 89586, 89652, 89717, 89787, 89905, 89988, 90080, 90169, 90233, 90395, 90446, 90497, 90571, 90655, 90753, 90822, 90913, 90958, 91067, 91156, 91256, 91326, 91376, 91438, 91500];

/// Interned strings: object keys and string values. Indexed by the 2-byte
/// `u16` references inside `BYTECODE`.
pub const STRINGS: &[&str] = &["text", "action", "count", "card_type", "target", "source", "cost", "full_text", "triggerless_text", "card_count", "triggers", "use_limit", "is_null", "effect", "self", "destination", "hand", "member_card", "group_names", "location", "move_cards", "discard", "condition", "stage", "operator", "optional", "duration", "heart_colors", "gain_resource", "resource", "actions", ">=", "登場", "ライブ開始時", "live_end", "sequential", "live_card", "self_target", "type", "state_change", "operation", "value", "zone", "energy_zone", "deck_top", "card", "blade", "deck", "change_state", "wait", "draw_card", "常時", "add", "heart", "虹ヶ咲", "ライブ成功時", "modify_score", "trigger_event", "revealed_cards", "center", "opponent", "position", "energy", "cost_limit_operator", "conditional", "起動", "exclude_self", "cost_limit", "Liella!", "heart02", "Aqours", "<=", "pay_energy", "energy_card", "heart04", "activation_position", "look_at", "heart05", "reveal", "heart01", "μ's", "select_cards", "all", "look_and_select", "select_action", "discard_remaining", "heart06", "自動", "look_action", "per_unit", "as_long_as", "手札を1枚控え室に置いてもよい", "蓮ノ空", "per_unit_count", "success_live_card_zone", "parenthetical", "aggregate", "total", "heart03", "per_unit_type", "comparison_type", "dynamic_count", "人", "active", "appearance", "characters", "original_value", "max", "energy_deck", "reference", "self_cost", "temporal", "conditions", "distinct", "tense", "target_count", "movement", "baton_touch", "both", "手札を1枚控え室に置く", "left_side", "baton_touch_trigger", "position_change", "past", "unit", "under_member", "card_name", "comparison_target", "select", "and", "negation", "card_property", "live_card_zone", "=", "resource_type", "heart00", "preceding_moved", "previous_reveal", "modify_required_hearts", ">", "score", "choice", "自分のデッキの上からカードを5枚見る。", "this_turn", "has_blade_heart", "枚", "sequential_cost", "みらくらぱーく！", "primary_effect", "right_side", "placement_order", "any_order", "multiple_targets", "any_number", "カードを2枚引き", "options", "カードを1枚引く", "deck_bottom", "followup_action", "area_move", "{{icon_energy.png|E}}支払ってもよい", "{{icon_energy.png|E}}{{icon_energy.png|E}}", "modify_cost", "decrease", "カードを1枚引き", "ライブの合計スコアを+1する", "DOLLCHESTRA", "{{icon_blade.png|ブレード}}{{icon_blade.png|ブレード}}を得る", "success_live_zone", "conditional_on_result", "result_condition", "手札を2枚控え室に置く", "blade_limit_operator", "zone_change", "blade_limit", "phase", "heart_type", "{{icon_energy.png|E}}{{icon_energy.png|E}}支払ってもよい", "gain_ability", "ability_gain_trigger", "ability_gain", "gained_effect", "place_energy_under_member", "shuffle", "state", "このメンバーをウェイトにする", "restriction", "restriction_type", "スリーズブーケ", "or", "character", "ウェイト状態のメンバーが持つ{{icon_blade.png|ブレード}}は、エールで公開する枚数を増やさない。", "ライブ開始時, 登場", "activation_condition_parsed", "【常時】ライブの合計スコアを+1する。", "subtract", "<", "mode", "{{icon_blade.png|ブレード}}を得る", "CatChu!", "このメンバーをステージから控え室に置く", "自分のデッキの上からカードを3枚見る。", "自分のデッキの上からカードを2枚見る。", "yell_trigger", "energy_count", "scope", "equals", "surplus_heart", "phase_target", "SaintSnow", "event_type", "このメンバーをウェイトにしてもよい", "自分のエネルギーデッキから、エネルギーカードを1枚ウェイト状態で置く", "このメンバーがステージから控え室に置かれたとき", "all_members", "quoted_text", "quoted_type", "set", "5yncri5e!", "このメンバーがエリアを移動したとき", "手札を2枚控え室に置いてもよい", "自分のデッキの上からカードを4枚見る。", "trigger_type", "each_time", "main", "group_reference", "このメンバーをウェイトにし", "好きな枚数を好きな順番でデッキの上に置き、残りを控え室に置く", "same_area", "target_member", "set_heart_type", "EdelNote", "自分のデッキの上からカードを3枚控え室に置く", "action_by", "lilywhite", "has_moved", "好きなハートの色を1つ指定する", "specify_heart_color", "{{icon_energy.png|E}}", "conditional_alternative", "alternative_effect", "ability_filter", "selected_cards", "empty_area", "previous_moved_cards", "has_score_icon", "looked_at", "temporal_scope", "KALEIDOSCORE", "Printemps", "appearance_source", "カードを1枚引き、手札を1枚控え室に置く", "このメンバーを今いるエリア以外のエリアに移動させる。そのエリアにメンバーがいる場合、そのメンバーはこのメンバーがいたエリアに移動させる。", "{{icon_energy.png|E}}{{icon_energy.png|E}}手札を1枚控え室に置く", "cost_total", "ライブの合計スコアが相手より高い場合", "conditional_on_optional", "optional_action", "conditional_action", "locations", "澁谷かのん", "徒町小鈴", "中須かすみ", "エールをすべて行った後、エールで出た{{icon_draw.png|ドロー}}1つにつき、カードを1枚引く。", "このカードのスコアを+1する", "自分の控え室からライブカードを1枚手札に加える", "自分の控え室からメンバーカードを1枚手札に加える", "1枚を手札に加え、残りを控え室に置く", "", "自分の控え室から『虹ヶ咲』のライブカードを1枚手札に加える", "check_self", "alternative_condition", "events", "{{heart_03.png|heart03}}を得る", "position_compare", "timing_condition", "{{heart_02.png|heart02}}を得る", "per_unit_source", "{{heart_05.png|heart05}}{{icon_blade.png|ブレード}}を得る", "cannot_active", "delayed", "自分の成功ライブカード置き場にあるカードのスコアの合計が6以上の場合", "このメンバーをウェイトにし、手札を1枚控え室に置いてもよい", "different_group_names", "max_repeats", "対戦相手のカードの効果でも発動する。", "ライブ終了時まで、自分のステージにいる「澁谷かのん」1人は{{heart_05.png|heart05}}{{icon_blade.png|ブレード}}を、「唐可可」1人は{{heart_01.png|heart01}}{{icon_blade.png|ブレード}}を得る。", "大沢瑠璃乃", "安養寺姫芽", "choose_target_player", "choice_options", "自分", "相手", "effect_steps", "BiBi", "{{heart_06.png|heart06}}を得る", "相手のステージにいるコスト4以下のメンバー1人をウェイトにする", "エネルギーを2枚アクティブにする", "カードを2枚引き、手札を2枚控え室に置く", "そのハートを1つ得る", "increase", "cost_comparison", "relative_to", "activating", "自分の控え室から『μ's』のライブカードを1枚手札に加える", "ability_filter_triggers", "live_success", "equality", "{{icon_blade.png|ブレード}}{{icon_blade.png|ブレード}}{{icon_blade.png|ブレード}}を得る", "自分がエールしたとき", "ライブ終了時まで、{{icon_blade.png|ブレード}}{{icon_blade.png|ブレード}}を得る", "優木せつ菜", "or_card_types", "conditional_negation", "filter_targets_by_heart_colors", "ライブカードかコスト10以上のメンバーカードのどちらか1つを選ぶ。選んだカードが公開されるまで、自分のデッキの一番上からカードを1枚ずつ公開する。そのカードを手札に加え、これにより公開されたほかのすべてのカードを控え室に置く", "left_side,right_side", "during_live", "自分の成功ライブカード置き場にカードが2枚以上ある場合", "answers", "このメンバーが元々持つハートは選んだハートになる", "selected", "カードを1枚引き、手札を1枚控え室に置く。", "自分のデッキの上からカードを2枚見る。その中から好きな枚数を好きな順番でデッキの上に置き、残りを控え室に置く", "エネルギーを2枚アクティブにする。", "{{heart_01.png|heart01}}か{{heart_03.png|heart03}}か{{heart_06.png|heart06}}のうち、1つを選ぶ", "好きなハートの色を1つ指定する。ライブ終了時まで、そのハートを1つ得る", "all_areas", "activate_ability", "target_trigger", "ability_text", "same_name", "カードを1枚引く。", "手札を1枚控え室に置いてもよい。", "この能力はセンターエリアに登場している場合のみ起動できる。", "min_baton_touch_count", "自分のエネルギーが7枚以上ある場合", "moves", "calculation", "calculation_value", "group_name", "exclude_group_names", "types", "エネルギー置き場にあるエネルギー1枚をこのメンバーの下に置く", "{{heart_01.png|heart01}}を得る", "this_member", "choice_condition", "nonpast", "same_group_name", "自分のデッキの上からカードを5枚公開する", "カードを2枚引く", "moved", "either", "need_heart_total", "need_heart_operator", "active_phase", "唐可可", "exclude_characters", "perform_yell", "藤島慈", "ミア・テイラー", "source_character", "A-RISE", "card_names", "front", "sign", "negative", "控え室から登場している場合", "相手のステージにいるコスト2以下のメンバー1人をウェイトにする", "百生吟子", "moved_this_turn", "自分のデッキの上からカードを3枚見る。その中から『虹ヶ咲』のカードを1枚公開して手札に加えてもよい。残りを控え室に置く", "必要ハートを確認する時、エールで出た{{icon_b_all.png|ALLブレード}}は任意の色のハートとして扱う。", "スコアを+2する", "live_phase", "このターン、このメンバーがエリアを移動している場合", "嵐千砂都", "自分のデッキの上からカードを3枚見る。その中から好きな枚数を好きな順番でデッキの上に置き、残りを控え室に置く", "カードを2枚引き、手札を1枚控え室に置く", "このメンバーをポジションチェンジしてもよい", "temporal_count", "自分のライブ中のカードが3枚以上あり、その中に『虹ヶ咲』のライブカードを1枚以上含む場合、{{icon_all.png|ハート}}{{icon_all.png|ハート}}{{icon_blade.png|ブレード}}{{icon_blade.png|ブレード}}を得る", "values", "自分のエネルギーが11枚以上ある場合", "invalidate_ability", "バトンタッチして登場した場合", "登場_ability", "modify_required_hearts_global", "これにより控え室に置いたカードがメンバーカードの場合、控え室に置いたカードと同じ名前を持つメンバー1人は、ライブ終了時まで、{{heart_04.png|heart04}}{{icon_blade.png|ブレード}}を得る", "自分の成功ライブカード置き場にカードがある場合", "選んだハートを1つ得る", "手札のライブカードを1枚控え室に置いてもよい", "cost_reference", "previous_moved_card", "メンバーの下に置かれているエネルギーカードではコストを支払えない。メンバーがステージから離れたとき、下に置かれているエネルギーカードはエネルギーデッキに置く。", "no_ability_type", "live_start", "それらを好きな順番でデッキの上に置く", "自分のデッキの上からカードを5枚控え室に置く", "このメンバーが登場か、エリアを移動したとき", "unit_count", "no_ability", "デッキの上からカードを3枚控え室に置く", "自分のメインフェイズの間", "those_cards", "deck_top_or_bottom", "自分のライブカード置き場にカードが2枚以上ある場合", "その差", "自分のステージにいる『蓮ノ空』のメンバーのコストの合計が、相手のステージにいるメンバーのコストの合計より高い場合、ライブ終了時まで、{{heart_05.png|heart05}}{{icon_blade.png|ブレード}}を得る", "これにより控え室に置いたカードの中に『虹ヶ咲』のライブカードかブレードハートを持たない『虹ヶ咲』のメンバーカードがある場合", "そのエネルギーカードは、次のターンのアクティブフェイズにアクティブしない", "エネルギー置き場にあるエネルギー1枚をエネルギーデッキに置いてもよい", "このメンバーをウェイトにし、手札を1枚控え室に置く", "{{icon_energy.png|E}}{{icon_energy.png|E}}このメンバーをステージから控え室に置く", "need_heart_color", "このメンバーはポジションチェンジする", "それらがすべてメンバーカードの場合", "自分のエネルギーが12枚以上ある場合", "自分のエネルギーデッキから、エネルギーカードを1枚ウェイト状態で置く。", "このメンバーが登場か、エリアを移動する", "鬼塚冬毬", "村野さやか", "do_nothing", "「{{jyouji.png|常時}}ライブの合計スコアを+1する。」を得る", "from_state", "to_state", "この効果で登場したメンバーのいるエリアには、このターンにメンバーは登場できない。", "自分のエネルギーが相手より多いかぎり", "自分のステージにいる、「澁谷かのん」「ウィーン・マルガレーテ」「鬼塚冬毬」のうちのメンバー1人と、これにより選んだメンバー以外の『Liella!』のメンバー1人は、{{icon_blade.png|ブレード}}を得る", "手札にあるこのメンバーカードの{{icon_energy.png|E}}は2減る", "上原歩夢", "DreamBelievers", "{{heart_04.png|heart04}}{{icon_blade.png|ブレード}}を得る", "自分の手札からカードが1枚以上控え室に置かれるたび、ライブ終了時まで、{{heart_01.png|heart01}}{{icon_blade.png|ブレード}}を得る", "{{heart_01.png|heart01}}{{icon_blade.png|ブレード}}を得る", "自分の控え室から『蓮ノ空』のカードを1枚手札に加える", "自分の控え室にある{{heart_03.png|heart03}}を持つメンバーカード1枚までと、必要ハートに{{heart_03.png|heart03}}を含むライブカード1枚までを手札に加える", "自分のライブが成功するか、このメンバーがエリアを移動したとき", "『Aqours』のメンバーからバトンタッチして登場した場合、自分と相手はそれぞれ、自身の手札のカードを3枚まで選び、選んだカード以外のカードをシャッフルし、自身のデッキの下に置く。その後、自分と相手はそれぞれカードを3枚引く", "それらがすべて『Aqours』のメンバーカードの場合", "自分と相手のステージにメンバーが合計6人いるかぎり", "{{heart_04.png|heart04}}{{heart_04.png|heart04}}{{icon_blade.png|ブレード}}{{icon_blade.png|ブレード}}を得る", "{{heart_05.png|heart05}}{{heart_05.png|heart05}}{{icon_blade.png|ブレード}}{{icon_blade.png|ブレード}}を得る", "自分の控え室からメンバーカードを1枚手札に加える。", "自分のステージに『蓮ノ空』のメンバーがいる場合", "自分のエネルギーが9枚以上ある場合", "エールにより公開された自分のカードの中にブレードハートを持つカードがないとき", "{{heart_00.png|heart0}}", "自分のステージに、このターン中にバトンタッチして登場した『蓮ノ空』のメンバーが2人以上いる場合", "heart_color_count", "no_excess_heart", "このカードが自分の成功ライブカード置き場にあるかぎり", "DIVE!", "このカードのスコアを+2し", "このカードのスコアを+1し", "SunnyPassion", "自分のステージに名前とコストが両方ともそれぞれ異なるメンバーが3人以上いる場合", "自分のステージにいるこのメンバー以外の『蓮ノ空』のメンバー1人は、{{heart_01.png|heart01}}{{icon_blade.png|ブレード}}を得る", "自分の控え室から『スリーズブーケ』のメンバーカード1枚と『蓮ノ空』のライブカード1枚を手札に加える", "自分の控え室からライブカードとメンバーカードをそれぞれ1枚まで手札に加える", "自分のステージにいるメンバー1人は、{{heart_05.png|heart05}}{{icon_blade.png|ブレード}}を得る", "自分のエネルギーが6枚以上あるかぎり", "8枚以上あるかぎり", "{{heart_06.png|heart06}}{{icon_blade.png|ブレード}}を得る", "自分のデッキの上からカードを3枚見る。その中から1枚を手札に加え、残りを控え室に置く", "自分のデッキの上からカードを3枚見る。その中から好きな枚数を好きな順番でデッキの上に置き、残りを控え室に置く。", "カードを2枚引き、手札を1枚控え室に置く。", "play_baton_touch", "自分の成功ライブカード置き場にあるカード1枚につき、選んだハートを1つ得る", "カードを2枚引き、手札を2枚控え室に置く。", "{{icon_energy.png|E}}{{icon_energy.png|E}}{{icon_energy.png|E}}", "相手のステージにいるコスト4以下のメンバーを2人までウェイトにする", "このメンバーをポジションチェンジしてもよい。(このメンバーを今いるエリア以外のエリアに移動させる。そのエリアにメンバーがいる場合、そのメンバーはこのメンバーがいたエリアに移動させる。)", "自分のデッキの上からカードを5枚見る。その中からライブカードを1枚公開して手札に加えてもよい。残りを控え室に置く", "allow_occupied_stage", "名前が異なる場合", "自分の控え室から『蓮ノ空』のライブカードを1枚手札に加える", "自分のステージにほかのメンバーがいる場合", "自分のデッキの上からカードを7枚見る。その中から{{heart_02.png|heart02}}か{{heart_04.png|heart04}}か{{heart_05.png|heart05}}を持つメンバーカードを3枚まで公開して手札に加えてもよい。残りを控え室に置く", "自分のデッキの上からカードを7枚見る。", "hand_count", "自分のステージのエリアすべてに『Aqours』のメンバーが登場しており、かつ名前が異なる場合、「{{live_success.png|ライブ成功時}}エールにより公開された自分のカードの中にライブカードが1枚以上ある場合、ライブの合計スコアを＋１する。ライブカードが3枚以上ある場合、代わりに合計スコアを＋２する。」を得る。", "自分の控え室から『Liella!』のカードを1枚手札に加える", "{{toujyou.png|登場}}能力がコストを持つ場合、支払って発動させる。", "自分のデッキの上からカードを5枚見る。その中から『Liella!』のメンバーカードを1枚公開して手札に加えてもよい。残りを控え室に置く", "modify_yell_count", "{{heart_03.png|heart03}}{{heart_03.png|heart03}}を得る", "{{heart_01.png|heart01}}か{{heart_03.png|heart03}}か{{heart_06.png|heart06}}のうち、1つを選ぶ。ライブ終了時まで、選んだハートを1つ得る", "手札を2枚まで控え室に置いてもよい", "{{center.png|センター}}このメンバーをウェイトにし、手札を1枚控え室に置く", "{{center.png|センター}}このメンバーをウェイトにし", "このメンバー以外の『Aqours』のメンバー1人を自分のステージから控え室に置く。そうした場合、自分の控え室から、そのメンバーのコストに2を足した数に等しいコストの『Aqours』のメンバーカードを1枚、そのメンバーがいたエリアに登場させる", "このメンバー以外の『Aqours』のメンバー1人を自分のステージから控え室に置く。", "自分の控え室から、そのメンバーのコストに2を足した数に等しいコストの『Aqours』のメンバーカードを1枚、そのメンバーがいたエリアに登場させる", "cost_offset", "自分のエネルギー置き場にあるエネルギー1枚をこのメンバーの下に置いてもよい。", "draw_until_count", "{{heart_06.png|heart06}}{{heart_06.png|heart06}}を得る", "自分の控え室からコスト2以下のメンバーカードを1枚手札に加える", "{{heart_02.png|heart02}}{{heart_02.png|heart02}}を得る", "自分のエネルギーが10枚以上あるかぎり", "{{icon_energy.png|E}}{{icon_energy.png|E}}{{icon_energy.png|E}}{{icon_energy.png|E}}", "per_unit_location", "相手のステージにいるコスト4以下のメンバー1人をウェイトにする。", "エネルギーを1枚アクティブにする", "カードを3枚引き", "{{icon_energy.png|E}}支払ってもよい。", "自分のデッキの上からカードを4枚控え室に置く", "それらの中にライブカードがある場合", "手札のライブカードを1枚公開する", "このメンバーを『Aqours』か『SaintSnow』のメンバーがいるエリアにポジションチェンジする", "自分のライブカード置き場にカードが2枚以上ある場合、その中から{{live_start.png|ライブ開始時}}能力を持たない『Aqours』のライブカードを1枚選び、デッキの一番上に置いてもよい。そうした場合、ライブ終了時まで、{{heart_02.png|heart02}}と{{heart_04.png|heart04}}を得る", "require_all_heart_colors", "手札にある", "cannot_baton_touch", "津島善子", "custom", "デッキの上からカードを5枚控え室に置く", "これにより公開したカードをこのメンバーの下に置く", "自分のカードの効果によって、自分のエネルギー置き場にエネルギーが置かれたとき、ライブ終了時まで、{{icon_blade.png|ブレード}}を得る。", "自分のカードの効果によって、自分のエネルギー置き場にエネルギーが置かれたとき、ライブ終了時まで、{{icon_blade.png|ブレード}}を得る", "自分のカードの効果によって、自分のエネルギー置き場にエネルギーが置かれたとき", "自分のエネルギーが相手より多い場合", "自分のデッキの上からカードを5枚見る。その中からメンバーカードを1枚公開して手札に加えてもよい。残りを控え室に置く", "相手のエネルギーが自分より多い場合", "自分のステージにほかのメンバーがおり、かつこれにより公開した手札の中にライブカードがない場合、自分のデッキの上からカードを5枚見る。その中からライブカードを1枚公開して手札に加えてもよい。残りを控え室に置く", "{{icon_energy.png|E}}{{icon_energy.png|E}}支払わないかぎり、自分の手札を2枚控え室に置く", "{{icon_energy.png|E}}{{icon_energy.png|E}}{{icon_energy.png|E}}{{icon_energy.png|E}}{{icon_energy.png|E}}{{icon_energy.png|E}}支払ってもよい", "drawn_cards", "previous_draw", "自分のデッキの上からカードを5枚見る。その中から『虹ヶ咲』のライブカードを1枚まで公開して手札に加えてもよい。残りを控え室に置く", "heart_02", "自分のデッキの上からカードを5枚見る。その中からコスト9以上の『μ's』のメンバーカードを1枚公開して手札に加えてもよい。残りを控え室に置く", "このメンバーよりコストが低いメンバーからバトンタッチして登場した場合", "自分の成功ライブカード置き場にあるカードのスコアの合計が6以上であるかぎり", "自分のデッキの上からカードを5枚見る。その中からコスト9以上の『Aqours』のメンバーカードを1枚公開して手札に加えてもよい。残りを控え室に置く", "自分のデッキの上からカードを4枚見る。その中からハートに{{heart_04.png|heart04}}を2つ以上持つメンバーカードを1枚公開して手札に加えてもよい。残りを控え室に置く", "==", "cannot_activate", "自分のデッキの上からカードを5枚見る。その中からコスト9以上の『虹ヶ咲』のメンバーカードを1枚公開して手札に加えてもよい。残りを控え室に置く", "自分のデッキの上からカードを5枚見る。その中から各グループ名につき1枚ずつ公開し、3枚まで手札に加えてもよい。残りを控え室に置く", "自分のデッキの上からカードを5枚見る。その中からコスト9以上の『Liella!』のメンバーカードを1枚公開して手札に加えてもよい。残りを控え室に置く", "自分のデッキの一番上のカードを控え室に置いてもよい。そうした場合、ライブ終了時まで、{{icon_blade.png|ブレード}}を得る。これにより控え室に置いたカードがライブカードの場合、このメンバーをウェイトにする。自分はこの手順をさらに4回まで繰り返してもよい", "自分のデッキの一番上のカードを控え室に置いてもよい", "source_position", "手札の『DOLLCHESTRA』のカードを1枚控え室に置いてもよい", "{{heart_01.png|heart01}}{{heart_01.png|heart01}}を得る", "自分のデッキの上からカードを5枚見る。その中からコスト9以上の『蓮ノ空』のメンバーカードを1枚公開して手札に加えてもよい。残りを控え室に置く", "自分の控え室にあるカードの枚数が8枚未満の場合", "これにより控え室に置いたカードの中から、ライブカード1枚をデッキの一番上に置いてもよい", "自分のデッキの上からカードを2枚控え室に置く", "ライブカードが公開されるまで、自分のデッキの一番上のカードを公開し続ける。そのライブカードを手札に加え、これにより公開されたほかのすべてのカードを控え室に置く", "looked_at_remaining", "cannot_live", "自分のデッキの上からカードを5枚見る。その中から『Liella!』のカードを1枚まで公開して手札に加えてもよい。残りを控え室に置く", "自分のデッキの上からカードを5枚見る。その中から『Liella!』のカードを1枚公開して手札に加えてもよい。残りを控え室に置く", "heart_color", "自分の控え室からコスト15以下の『蓮ノ空』のメンバーカードを1枚、このメンバーがいたエリアに登場させる", "自分のデッキの上からカードを5枚見る。その中から『みらくらぱーく！』のカードを1枚公開して手札に加えてもよい。残りを控え室に置く", "自分のステージにいるメンバーが『5yncri5e!』のみの場合", "{{icon_energy.png|E}}{{icon_energy.png|E}}{{icon_energy.png|E}}支払ってもよい", "このメンバーをそのエリアに移動する", "選んだエリアにメンバーがいる場合、そのメンバーは、このメンバーがいたエリアに移動させる", "選んだエリアにメンバーがいる場合", "自分のエネルギーが10枚以上ある場合", "自分の成功ライブカード置き場のカードが0枚で、", "自分の控え室から『Aqours』のライブカードを1枚手札に加える", "エールにより公開された自分のカードの中にライブカードが1枚以上あるとき", "エールにより公開された自分のカードの中にライブカードがないとき", "そのエールで得たブレードハートを失い、もう一度エールを行う", "ブレードハートを失い", "re_yell", "lose_blade_hearts", "もう一度エールを行う", "cannot_place", "自分のデッキの上からカードを3枚見る。その中からコスト11以上のカードを1枚公開して手札に加えてもよい。残りを控え室に置く", "自分のデッキの上からカードを7枚見る。その中から『Liella!』のカードを1枚公開して手札に加えてもよい。残りを控え室に置く", "ウィーン・マルガレーテ", "自分のデッキの上からカードを2枚見る。その中から好きな枚数を好きな順番でデッキの上に置き、残りを控え室に置く。", "{{icon_blade.png|ブレード}}{{icon_blade.png|ブレード}}{{icon_blade.png|ブレード}}{{icon_blade.png|ブレード}}を得る", "自分のステージにいるメンバーを1人までアクティブにする。", "自分のステージにいるメンバーを1人までアクティブにする", "自分のデッキの上からカードを4枚見る。その中からメンバーカードを1枚公開して手札に加えてもよい。残りを控え室に置く", "自分か相手を選ぶ。自分は、そのプレイヤーの控え室にあるライブカードを1枚、そのプレイヤーのデッキの一番下に置く。そうした場合、自分はカードを1枚引く", "自分は、そのプレイヤーの控え室にあるライブカードを1枚、そのプレイヤーのデッキの一番下に置く。そうした場合、自分はカードを1枚引く", "自分は、そのプレイヤーの控え室にあるライブカードを1枚、そのプレイヤーのデッキの一番下に置く。", "自分はカードを1枚引く", "自分のデッキの上からカードを6枚見る。その中から『Aqours』のメンバーカードを1枚公開して手札に加えてもよい。残りを控え室に置く", "自分のデッキの上からカードを6枚見る。", "自分のデッキの上からカードを4枚見る。その中から『虹ヶ咲』のカードを1枚公開して手札に加えてもよい。残りを控え室に置く", "自分のステージにいる『虹ヶ咲』のメンバー1人につき、自分のデッキの上からカードを1枚見る。その中から1枚までをデッキの上に置き、残りを控え室に置く。その後、自分のデッキの一番上のカードを1枚公開する。これによりライブカードを公開した場合、このカードのスコアを+1する", "自分のデッキの上からカードを1枚見る", "この能力はセンターエリアに登場した場合のみ発動する。", "相手のステージにウェイト状態のメンバーがいる場合", "自分のステージに名前の異なる『BiBi』のメンバーが2人以上いる場合", "blind", "picker", "相手は、自身のステージにいるアクティブ状態のメンバー1人をウェイトにする", "この能力はセンターエリアにいる場合のみ発動する。", "自分のデッキの上からカードを4枚見る。その中から『lilywhite』のカードを1枚公開して手札に加えてもよい。残りを控え室に置く", "自分のステージにいるメンバーのコストの合計が相手より低い場合", "自分の成功ライブカード置き場にあるカードのスコアの合計が3以上の場合、自分のデッキの上からカードを5枚見る。その中から『μ's』のメンバーカードを1枚公開して手札に加えてもよい。残りを控え室に置く", "自分の成功ライブカード置き場にあるカードのスコアの合計が3以上の場合", "自分のデッキの上からカードを4枚見る。その中から必要ハートの合計が8以上の『Liella!』のライブカードを1枚公開して手札に加えてもよい。残りを控え室に置く", "この能力は左サイドエリアか右サイドエリアに登場した場合のみ発動する。", "set_blade_type", "blade_type", "自分のステージのセンターエリアにいる『Liella!』のメンバーが、このターン中に移動している場合", "自分のステージにいるメンバーが『Liella!』のみの場合", "メンバーをそれぞれ好きなエリアに移動させる。この効果で1つのエリアに2人以上のメンバーを移動させることはできない。", "メンバーがステージから離れたとき、下に置かれているエネルギーカードはエネルギーデッキに戻す。", "このカードを手札から控え室に置く", "このカードが手札にある場合", "このターンにこのメンバーが移動していないかぎり", "自分のデッキの一番上のカードを公開する", "公開したカードがコスト9以下のメンバーカードの場合", "桜坂しずく", "自分のデッキの上からカードを2枚見る。その中から「朝香果林」のメンバーカードを1枚公開して手札に加えてもよい。残りを控え室に置く", "朝香果林", "宮下愛", "自分のデッキの上からカードを2枚見る。その中から「近江彼方」のメンバーカードを1枚公開して手札に加えてもよい。残りを控え室に置く", "エマ・ヴェルデ", "自分のデッキの上からカードを2枚見る。その中から「天王寺璃奈」のメンバーカードを1枚公開して手札に加えてもよい。残りを控え室に置く", "天王寺璃奈", "三船栞子", "自分のデッキの上からカードを2枚見る。その中から「鐘嵐珠」のメンバーカードを1枚公開して手札に加えてもよい。残りを控え室に置く", "相手のステージにいるコスト9以下のメンバー1人をウェイトにする", "{{heart_05.png|heart05}}を得る", "このメンバーがエリアを移動したとき、エネルギーを2枚アクティブにする", "自分のステージにほかのメンバーがいないかぎり", "自分のデッキの上からカードを2枚見る。その中から能力を持たない『μ's』のカードか{{jyouji.png|常時}}能力を持つ『μ's』のカードを1枚公開して手札に加えてもよい。残りを控え室に置く", "自分のデッキの上からカードを5枚見る。その中から『μ's』のメンバーカードを1枚公開して手札に加えてもよい。残りを控え室に置く", "自分のデッキの上からカードを2枚見る。その中から{{heart_02.png|heart02}}と{{heart_04.png|heart04}}と{{heart_05.png|heart05}}をすべて持つメンバーカードを1枚公開して手札に加えてもよい。残りを控え室に置く", "相手のステージにいるコスト2以下のメンバー1人をウェイトにする。", "コスト4以下の『Liella!』のメンバーカードを1枚まで公開する。そのカードを自分のステージのメンバーのいないエリアに登場させるか、手札に加える。残りを控え室に置く", "choice_modifier", "alternative_count_type", "gain_ability_from_source", "source_location", "trigger_filter", "自分の控え室から『Liella!』のライブカードを1枚手札に加える", "手札を1枚控え室に置かないかぎり、自分のエネルギー1枚をエネルギーデッキに置く", "カードを2枚引く。", "ライブ終了時まで、{{icon_blade.png|ブレード}}{{icon_blade.png|ブレード}}を得る。", "メンバーをそれぞれ好きなエリアに移動させてもよい。", "渡辺曜", "黒澤ダイヤ", "自分のデッキの下からカードを1枚控え室に置く", "DiverDiva", "『虹ヶ咲』のメンバー1人をウェイトにしてもよい", "自分のステージにいる『虹ヶ咲』のメンバー1人は、{{icon_blade.png|ブレード}}を得る", "そのメンバーは{{icon_blade.png|ブレード}}を得る", "自分のデッキの上からカードを5枚見る。その中から『μ's』のライブカードを1枚公開して手札に加えてもよい。残りを控え室に置く", "自分のデッキの上からカードを10枚控え室に置く", "choice_type", "answer_based", "question", "それ以外", "choice_maker", "手札の同じユニット名を持つカード2枚を控え室に置いてもよい", "same_unit_name", "日野下花帆", "手札のこのカードもこの効果で控え室に置ける。", "ライブの合計スコアが相手より高い場合、エールにより公開された自分のカードの中から、『虹ヶ咲』のカードを1枚手札に加える", "per_unit_heart_colors", "自分のステージに『虹ヶ咲』のメンバーがいる場合", "ライブの合計スコアが相手より高い場合、自分のエネルギーデッキから、エネルギーカードを1枚ウェイト状態で置く", "自分のステージに「澁谷かのん」と「唐可可」がいる場合、カードを1枚引く", "自分のステージに「澁谷かのん」と「唐可可」がいる場合", "自分のエネルギーが12枚以上ある場合、このカードのスコアを+1する", "{{heart_04.png|heart04}}を得る", "自分のステージにいるメンバーが持つ{{icon_blade.png|ブレード}}の合計が10以上の場合", "自分のエネルギーが9枚以上ある場合、このカードのスコアを+1する", "自分のデッキの上からカードを5枚見る。その中から『CatChu!』のカードを1枚公開して手札に加えてもよい。残りを控え室に置く", "自分のデッキの上からカードを5枚見る。その中から『KALEIDOSCORE』のカードを1枚公開して手札に加えてもよい。残りを控え室に置く", "自分のデッキの上からカードを5枚見る。その中から『5yncri5e!』のカードを1枚公開して手札に加えてもよい。残りを控え室に置く", "このメンバーがステージから控え室に置かれたとき、自分のデッキの上からカードを5枚見る。その中からメンバーカードを1枚公開して手札に加えてもよい。残りを控え室に置く", "このメンバーがステージから控え室に置かれたとき、自分のデッキの上からカードを5枚見る。その中からライブカードを1枚公開して手札に加えてもよい。残りを控え室に置く", "次のライブカードセットフェイズで自分がライブカード置き場に置けるカード枚数の上限が1枚減る", "reduce_live_card_set_limit", "このターン、相手が余剰のハートを持たずにライブを成功させていた場合", "自分のデッキの上から、自分と相手のステージにいるメンバー1人につき、1枚公開する。それらの中にあるライブカード1枚につき、このカードのスコアを+1する。その後、これにより公開したカードを控え室に置く", "自分の成功ライブカード置き場にカードが2枚以上ある場合、このカードのスコアを+1する", "このターン、自分が余剰ハートを持たない場合", "このターン、エールにより公開された自分のカードの中にブレードハートを持たないカードが0枚の場合か、または自分が余剰ハートを2つ以上持っている場合、このカードのスコアは4になる", "自分の成功ライブカード置き場に『μ's』のカードがある場合、カードを1枚引く", "自分の成功ライブカード置き場に『μ's』のカードがある場合", "turn_number", "。自分の成功ライブカード置き場に『虹ヶ咲』のカードがある場合、代わりに1つ以上を選ぶ。", "このターン、このメンバーがエリアを移動している場合、ライブ終了時まで、{{icon_blade.png|ブレード}}{{icon_blade.png|ブレード}}を得る", "この能力は左サイドエリアにいる場合のみ発動する。", "この能力は右サイドエリアにいる場合のみ発動する。", "自分のデッキの上からカードを5枚見る。その中から「絢瀬絵里」か「朝香果林」か「葉月恋」のメンバーカードを1枚公開して手札に加えてもよい。残りを控え室に置く。その後、相手のステージにいる、これにより公開したカードのコスト以下で、かつ元々持つ{{icon_blade.png|ブレード}}の数が3つ以下のメンバーをすべてウェイトにする", "葉月恋", "自分のデッキの上からカードを4枚見る。その中からハートに{{heart_05.png|heart05}}か{{heart_06.png|heart06}}を持つメンバーカードを1枚公開して手札に加えてもよい。残りを控え室に置く", "つ", "2人以上いる場合", "自分のステージにいるメンバーが持つハートの中に{{heart_01.png|heart01}}、{{heart_02.png|heart02}}、{{heart_03.png|heart03}}、{{heart_04.png|heart04}}、{{heart_05.png|heart05}}、{{heart_06.png|heart06}}がすべてある場合", "自分か相手の成功ライブカード置き場にカードが2枚以上あり、", "自分のデッキの上からカードを5枚見る。その中から『SunnyPassion』のメンバーカードかブレードハートを持つ『Liella!』のメンバーカードを1枚公開して手札に加えてもよい。残りを控え室に置く", "このターン、自分のステージにいるほかのメンバーがエリアを移動している場合", "自分のステージにいる『Liella!』のメンバーがこのターンにエリアを移動しているかぎり", "このメンバーがエリアを移動したとき、ライブ終了時まで、{{icon_blade.png|ブレード}}を得る", "このターンに自分のステージにいるメンバーがエリアを移動している場合", "自分のデッキの上からカードを5枚見る。その中からメンバーカードを1枚公開して手札に加えてもよい。残りを控え室に置く。これにより『蓮ノ空』のカードを手札に加えた場合、ライブ終了時まで、{{heart_05.png|heart05}}{{icon_blade.png|ブレード}}を得る", "自分のデッキの上からカードを5枚見る。その中から『Aqours』のライブカードを1枚公開して手札に加えてもよい。残りを控え室に置く", "自分のデッキの上からカードを5枚見る。その中から『DOLLCHESTRA』のカードを1枚公開して手札に加えてもよい。残りを控え室に置く", "non_stackable", "original_count", "original_operator", "自分のステージのセンターエリアにいる『μ's』のメンバーの{{live_success.png|ライブ成功時}}能力が解決したとき、そのメンバーがこのターン中に移動している場合", "自分のデッキの上からカードを3枚控え室に置く。", "自分のエネルギーが7枚以上ある場合、ライブ終了時まで、このメンバーと自分のステージにいるほかの『Liella!』のメンバー1人は、{{icon_blade.png|ブレード}}を得る", "自分のデッキの上からカードを5枚見る。その中からブレードハートを持たない『虹ヶ咲』のメンバーカードを1枚公開して手札に加えてもよい。残りを控え室に置く", "自分のステージにいる『虹ヶ咲』のメンバー1人がウェイト状態になったとき", "自分の控え室に『虹ヶ咲』のライブカードと、ブレードハートを持たない『虹ヶ咲』のメンバーカードがある場合、自分の控え室にあるすべてのカードをシャッフルし、デッキの下に置いてもよい。そうしたとき、ライブ終了時まで、自分のステージにいるすべての『虹ヶ咲』のメンバーは{{heart_01.png|heart01}}を得る", "自分の控え室にあるすべてのカードをシャッフルし、デッキの下に置いてもよい", "自分のエネルギーデッキから、エネルギーカードを1枚ウェイト状態で置く。そのエネルギーカードは、次のターンのアクティブフェイズにアクティブしない。", "自分のエネルギーデッキから、エネルギーカードを1枚ウェイト状態で置く。そのエネルギーカードは、次のターンのアクティブフェイズにアクティブしない", "{{kidou.png|起動}}このメンバーをステージから控え室に置く：自分の控え室からライブカードを1枚手札に加える。", "このメンバーをステージから控え室に置く：自分の控え室からライブカードを1枚手札に加える。", "{{kidou.png|起動}}このメンバーをステージから控え室に置く：自分の控え室からメンバーカードを1枚手札に加える。", "このメンバーをステージから控え室に置く：自分の控え室からメンバーカードを1枚手札に加える。", "{{toujyou.png|登場}}手札を1枚控え室に置いてもよい：自分のデッキの上からカードを3枚見る。その中から1枚を手札に加え、残りを控え室に置く。", "手札を1枚控え室に置いてもよい：自分のデッキの上からカードを3枚見る。その中から1枚を手札に加え、残りを控え室に置く。", "{{live_start.png|ライブ開始時}}{{icon_energy.png|E}}支払ってもよい：ライブ終了時まで、{{icon_blade.png|ブレード}}{{icon_blade.png|ブレード}}を得る。", "{{icon_energy.png|E}}支払ってもよい：ライブ終了時まで、{{icon_blade.png|ブレード}}{{icon_blade.png|ブレード}}を得る。", "{{toujyou.png|登場}}カードを1枚引き、手札を1枚控え室に置く。", "(必要ハートを確認する時、エールで出た{{icon_b_all.png|ALLブレード}}は任意の色のハートとして扱う。)", "{{toujyou.png|登場}}このメンバーをウェイトにしてもよい：自分のデッキの上からカードを2枚見る。その中から好きな枚数を好きな順番でデッキの上に置き、残りを控え室に置く。（ウェイト状態のメンバーが持つ{{icon_blade.png|ブレード}}は、エールで公開する枚数を増やさない。）", "このメンバーをウェイトにしてもよい：自分のデッキの上からカードを2枚見る。その中から好きな枚数を好きな順番でデッキの上に置き、残りを控え室に置く。（ウェイト状態のメンバーが持つ{{icon_blade.png|ブレード}}は、エールで公開する枚数を増やさない。）", "{{toujyou.png|登場}}自分のデッキの上からカードを3枚見る。その中から好きな枚数を好きな順番でデッキの上に置き、残りを控え室に置く。", "{{toujyou.png|登場}}手札を1枚控え室に置いてもよい：自分の控え室から『虹ヶ咲』のライブカードを1枚手札に加える。", "手札を1枚控え室に置いてもよい：自分の控え室から『虹ヶ咲』のライブカードを1枚手札に加える。", "{{kidou.png|起動}}{{turn1.png|ターン1回}}{{icon_energy.png|E}}{{icon_energy.png|E}}：カードを1枚引く。", "{{icon_energy.png|E}}{{icon_energy.png|E}}：カードを1枚引く。", "{{toujyou.png|登場}}/{{live_start.png|ライブ開始時}}このメンバーをウェイトにしてもよい：相手のステージにいるコスト4以下のメンバー1人をウェイトにする。（ウェイト状態のメンバーが持つ{{icon_blade.png|ブレード}}は、エールで公開する枚数を増やさない。）", "このメンバーをウェイトにしてもよい：相手のステージにいるコスト4以下のメンバー1人をウェイトにする。（ウェイト状態のメンバーが持つ{{icon_blade.png|ブレード}}は、エールで公開する枚数を増やさない。）", "{{toujyou.png|登場}}手札を1枚控え室に置いてもよい：自分のエネルギーデッキから、エネルギーカードを1枚ウェイト状態で置く。", "手札を1枚控え室に置いてもよい：自分のエネルギーデッキから、エネルギーカードを1枚ウェイト状態で置く。", "{{toujyou.png|登場}}エネルギーを2枚アクティブにする。", "{{toujyou.png|登場}}カードを2枚引き、手札を1枚控え室に置く。", "{{live_success.png|ライブ成功時}}カードを2枚引き、手札を1枚控え室に置く。", "{{jyouji.png|常時}}このカードのプレイに際し、2人のメンバーとバトンタッチしてもよい。", "このカードのプレイに際し、2人のメンバーとバトンタッチしてもよい。", "このカードのプレイに際し、2人のメンバーとバトンタッチしてもよい", "{{live_start.png|ライブ開始時}}{{heart_01.png|heart01}}か{{heart_03.png|heart03}}か{{heart_06.png|heart06}}のうち、1つを選ぶ。ライブ終了時まで、自分の成功ライブカード置き場にあるカード1枚につき、選んだハートを1つ得る。", "{{heart_01.png|heart01}}か{{heart_03.png|heart03}}か{{heart_06.png|heart06}}のうち、1つを選ぶ。ライブ終了時まで、自分の成功ライブカード置き場にあるカード1枚につき、選んだハートを1つ得る。", "{{heart_01.png|heart01}}か{{heart_03.png|heart03}}か{{heart_06.png|heart06}}のうち、1つを選ぶ。ライブ終了時まで、自分の成功ライブカード置き場にあるカード1枚につき、選んだハートを1つ得る", "{{toujyou.png|登場}}カードを2枚引き、手札を2枚控え室に置く。", "{{live_start.png|ライブ開始時}}{{icon_energy.png|E}}支払ってもよい：好きなハートの色を1つ指定する。ライブ終了時まで、そのハートを1つ得る。", "{{icon_energy.png|E}}支払ってもよい：好きなハートの色を1つ指定する。ライブ終了時まで、そのハートを1つ得る。", "{{kidou.png|起動}}{{turn1.png|ターン1回}}{{icon_energy.png|E}}{{icon_energy.png|E}}{{icon_energy.png|E}}：自分の控え室からライブカードを1枚手札に加える。", "{{icon_energy.png|E}}{{icon_energy.png|E}}{{icon_energy.png|E}}：自分の控え室からライブカードを1枚手札に加える。", "{{toujyou.png|登場}}手札を1枚控え室に置いてもよい：相手のステージにいるコスト4以下のメンバーを2人までウェイトにする。（ウェイト状態のメンバーが持つ{{icon_blade.png|ブレード}}は、エールで公開する枚数を増やさない。）", "手札を1枚控え室に置いてもよい：相手のステージにいるコスト4以下のメンバーを2人までウェイトにする。（ウェイト状態のメンバーが持つ{{icon_blade.png|ブレード}}は、エールで公開する枚数を増やさない。）", "{{toujyou.png|登場}}このメンバーをポジションチェンジしてもよい。(このメンバーを今いるエリア以外のエリアに移動させる。そのエリアにメンバーがいる場合、そのメンバーはこのメンバーがいたエリアに移動させる。)", "{{toujyou.png|登場}}手札を1枚控え室に置いてもよい：自分のデッキの上からカードを5枚見る。その中からライブカードを1枚公開して手札に加えてもよい。残りを控え室に置く。", "手札を1枚控え室に置いてもよい：自分のデッキの上からカードを5枚見る。その中からライブカードを1枚公開して手札に加えてもよい。残りを控え室に置く。", "{{kidou.png|起動}}{{icon_energy.png|E}}{{icon_energy.png|E}}手札を1枚控え室に置く：このカードを控え室からステージに登場させる。この能力は、このカードが控え室にある場合のみ起動できる。", "{{icon_energy.png|E}}{{icon_energy.png|E}}手札を1枚控え室に置く：このカードを控え室からステージに登場させる。この能力は、このカードが控え室にある場合のみ起動できる。", "このカードを控え室からステージに登場させる", "このカードが控え室にある場合", "{{kidou.png|起動}}{{turn1.png|ターン1回}}手札を1枚控え室に置く：このターン、自分のステージに『虹ヶ咲』のメンバーが登場している場合、エネルギーを2枚アクティブにする。", "手札を1枚控え室に置く：このターン、自分のステージに『虹ヶ咲』のメンバーが登場している場合、エネルギーを2枚アクティブにする。", "このターン、自分のステージに『虹ヶ咲』のメンバーが登場している場合、エネルギーを2枚アクティブにする", "このターン、自分のステージに『虹ヶ咲』のメンバーが登場している場合", "{{jyouji.png|常時}}自分のライブ中のカードが3枚以上あり、その中に『虹ヶ咲』のライブカードを1枚以上含む場合、{{icon_all.png|ハート}}{{icon_all.png|ハート}}{{icon_blade.png|ブレード}}{{icon_blade.png|ブレード}}を得る。", "自分のライブ中のカードが3枚以上あり、その中に『虹ヶ咲』のライブカードを1枚以上含む場合、{{icon_all.png|ハート}}{{icon_all.png|ハート}}{{icon_blade.png|ブレード}}{{icon_blade.png|ブレード}}を得る。", "自分のライブ中のカードが3枚以上", "その中に『虹ヶ咲』のライブカードを1枚以上含む場合", "自分のライブ中のカードが3枚以上あり、その中に『虹ヶ咲』のライブカードを1枚以上含む場合", "{{toujyou.png|登場}}{{icon_energy.png|E}}{{icon_energy.png|E}}支払ってもよい：ステージの左サイドエリアに登場しているなら、カードを2枚引く。", "{{icon_energy.png|E}}{{icon_energy.png|E}}支払ってもよい：ステージの左サイドエリアに登場しているなら、カードを2枚引く。", "ステージの左サイドエリアに登場しているなら、カードを2枚引く", "ステージの左サイドエリアに登場しているなら", "{{kidou.png|起動}}{{turn1.png|ターン1回}}手札にあるメンバーカードを好きな枚数公開する：公開したカードのコストの合計が、10、20、30、40、50のいずれかの場合、ライブ終了時まで、「{{jyouji.png|常時}}ライブの合計スコアを＋１する。」を得る。", "手札にあるメンバーカードを好きな枚数公開する：公開したカードのコストの合計が、10、20、30、40、50のいずれかの場合、ライブ終了時まで、「{{jyouji.png|常時}}ライブの合計スコアを＋１する。」を得る。", "手札にあるメンバーカードを好きな枚数公開する", "公開したカードのコストの合計が、10、20、30、40、50のいずれかの場合、ライブ終了時まで、「{{jyouji.png|常時}}ライブの合計スコアを+1する。」を得る", "公開したカードのコストの合計が、10、20、30、40、50のいずれかの場合", "{{toujyou.png|登場}}自分のエネルギーが11枚以上ある場合、自分の控え室からライブカードを1枚手札に加える。", "自分のエネルギーが11枚以上ある場合、自分の控え室からライブカードを1枚手札に加える。", "自分のエネルギーが11枚以上ある場合、自分の控え室からライブカードを1枚手札に加える", "{{jyouji.png|常時}}自分のステージのエリアすべてに『蓮ノ空』のメンバーが登場しており、かつ名前が異なる場合、「{{jyouji.png|常時}}ライブの合計スコアを＋１する。」を得る。", "自分のステージのエリアすべてに『蓮ノ空』のメンバーが登場しており、かつ名前が異なる場合、「{{jyouji.png|常時}}ライブの合計スコアを＋１する。」を得る。", "自分のステージのエリアすべてに『蓮ノ空』のメンバーが登場しており、かつ名前が異なる場合、「{{jyouji.png|常時}}ライブの合計スコアを+1する。」を得る", "自分のステージのエリアすべてに『蓮ノ空』のメンバーが登場しており、", "自分のステージのエリアすべてに『蓮ノ空』のメンバーが登場しており、かつ名前が異なる場合", "{{kidou.png|起動}}{{turn1.png|ターン1回}}{{icon_energy.png|E}}：自分の控え室から4コスト以下の『蓮ノ空』のメンバーカードを1枚手札に加える。", "{{icon_energy.png|E}}：自分の控え室から4コスト以下の『蓮ノ空』のメンバーカードを1枚手札に加える。", "自分の控え室から4コスト以下の『蓮ノ空』のメンバーカードを1枚手札に加える", "{{kidou.png|起動}}{{turn1.png|ターン1回}}{{icon_energy.png|E}}{{icon_energy.png|E}}{{icon_energy.png|E}}：自分の控え室から『蓮ノ空』のライブカードを1枚手札に加える。", "{{icon_energy.png|E}}{{icon_energy.png|E}}{{icon_energy.png|E}}：自分の控え室から『蓮ノ空』のライブカードを1枚手札に加える。", "{{live_start.png|ライブ開始時}}{{icon_energy.png|E}}支払ってもよい：ライブ終了時まで、自分のライブ中のカード1枚につき、{{icon_blade.png|ブレード}}を得る。", "{{icon_energy.png|E}}支払ってもよい：ライブ終了時まで、自分のライブ中のカード1枚につき、{{icon_blade.png|ブレード}}を得る。", "自分のライブ中のカード1枚につき、{{icon_blade.png|ブレード}}を得る", "{{live_start.png|ライブ開始時}}手札を1枚控え室に置いてもよい：自分のステージにほかのメンバーがいる場合、好きなハートの色を1つ指定する。ライブ終了時まで、そのハートを1つ得る。", "手札を1枚控え室に置いてもよい：自分のステージにほかのメンバーがいる場合、好きなハートの色を1つ指定する。ライブ終了時まで、そのハートを1つ得る。", "自分のステージにほかのメンバーがいる場合、好きなハートの色を1つ指定する。ライブ終了時まで、そのハートを1つ得る", "{{toujyou.png|登場}}手札を1枚控え室に置いてもよい：自分のデッキの上からカードを7枚見る。その中から{{heart_02.png|heart02}}か{{heart_04.png|heart04}}か{{heart_05.png|heart05}}を持つメンバーカードを3枚まで公開して手札に加えてもよい。残りを控え室に置く。", "手札を1枚控え室に置いてもよい：自分のデッキの上からカードを7枚見る。その中から{{heart_02.png|heart02}}か{{heart_04.png|heart04}}か{{heart_05.png|heart05}}を持つメンバーカードを3枚まで公開して手札に加えてもよい。残りを控え室に置く。", "{{jidou.png|自動}}［ターン1回］エールにより公開された自分のカードの中にライブカードが1枚以上あるとき、自分の手札が7枚以下の場合、カードを1枚引く。", "エールにより公開された自分のカードの中にライブカードが1枚以上あるとき、自分の手札が7枚以下の場合、カードを1枚引く。", "エールにより公開された自分のカードの中にライブカードが1枚以上あるとき、自分の手札が7枚以下の場合、カードを1枚引く", "エールにより公開された自分のカードの中にライブカードが1枚以上あるとき、", "自分の手札が7枚以下の場合", "エールにより公開された自分のカードの中にライブカードが1枚以上あるとき、自分の手札が7枚以下の場合", "{{live_start.png|ライブ開始時}}手札のライブカードを1枚公開し、デッキの一番下に置いてもよい：自分のデッキの上からカードを2枚見る。その中から好きな枚数を好きな順番でデッキの上に置き、残りを控え室に置く。", "手札のライブカードを1枚公開し、デッキの一番下に置いてもよい：自分のデッキの上からカードを2枚見る。その中から好きな枚数を好きな順番でデッキの上に置き、残りを控え室に置く。", "手札のライブカードを1枚公開し、デッキの一番下に置いてもよい", "手札のライブカードを1枚公開し", "デッキの一番下に置いてもよい", "{{toujyou.png|登場}}自分の控え室からライブカードを1枚までデッキの一番下に置く。", "自分の控え室からライブカードを1枚までデッキの一番下に置く。", "自分の控え室からライブカードを1枚までデッキの一番下に置く", "{{jyouji.png|常時}}自分のステージのエリアすべてに『Aqours』のメンバーが登場しており、かつ名前が異なる場合、「{{live_success.png|ライブ成功時}}エールにより公開された自分のカードの中にライブカードが1枚以上ある場合、ライブの合計スコアを＋１する。ライブカードが3枚以上ある場合、代わりに合計スコアを＋２する。」を得る。", "【ライブ成功時】エールにより公開された自分のカードの中にライブカードが1枚以上ある場合、ライブの合計スコアを＋１する。ライブカードが3枚以上ある場合、代わりに合計スコアを＋２する。", "自分のステージのエリアすべてに『Aqours』のメンバーが登場しており、", "自分のステージのエリアすべてに『Aqours』のメンバーが登場しており、かつ名前が異なる場合", "エールにより公開された自分のカードの中にライブカードが1枚以上ある場合、ライブの合計スコアを+1する。ライブカードが3枚以上ある場合、代わりに合計スコアを+2する", "合計スコアを+2する", "エールにより公開された自分のカードの中にライブカードが1枚以上ある場合", "ライブカードが3枚以上ある場合", "ライブの合計スコアを+1する。", "{{toujyou.png|登場}}自分のステージにいる『Liella!』のメンバー1人のすべての{{live_start.png|ライブ開始時}}能力を、ライブ終了時まで、無効にしてもよい。これにより無効にした場合、自分の控え室から『Liella!』のカードを1枚手札に加える。", "自分のステージにいる『Liella!』のメンバー1人のすべての{{live_start.png|ライブ開始時}}能力を、ライブ終了時まで、無効にしてもよい。これにより無効にした場合、自分の控え室から『Liella!』のカードを1枚手札に加える。", "自分のステージにいる『Liella!』のメンバー1人のすべての{{live_start.png|ライブ開始時}}能力を、ライブ終了時まで、無効にしてもよい。これにより無効にした場合、自分の控え室から『Liella!』のカードを1枚手札に加える", "自分のステージにいる『Liella!』のメンバー1人のすべての{{live_start.png|ライブ開始時}}能力を、ライブ終了時まで、無効にしてもよい", "これにより無効にした場合", "action_reference", "{{toujyou.png|登場}}バトンタッチして登場した場合、このバトンタッチで控え室に置かれた『Liella!』のメンバーカードを1枚手札に加える。", "バトンタッチして登場した場合、このバトンタッチで控え室に置かれた『Liella!』のメンバーカードを1枚手札に加える。", "バトンタッチして登場した場合、このバトンタッチで控え室に置かれた『Liella!』のメンバーカードを1枚手札に加える", "recently_moved", "{{kidou.png|起動}}{{turn1.png|ターン1回}}手札のコスト4以下の『Liella!』のメンバーカードを1枚控え室に置く：これにより控え室に置いたメンバーカードの{{toujyou.png|登場}}能力1つを発動させる。\n({{toujyou.png|登場}}能力がコストを持つ場合、支払って発動させる。)", "手札のコスト4以下の『Liella!』のメンバーカードを1枚控え室に置く：これにより控え室に置いたメンバーカードの{{toujyou.png|登場}}能力1つを発動させる。\n({{toujyou.png|登場}}能力がコストを持つ場合、支払って発動させる。)", "手札のコスト4以下の『Liella!』のメンバーカードを1枚控え室に置く", "これにより控え室に置いたメンバーカードの{{toujyou.png|登場}}能力1つを発動させる", "source_card", "cost_card", "これにより控え室に置いたメンバーカードの{{toujyou.png|登場}}能力", "{{toujyou.png|登場}}手札を1枚控え室に置いてもよい：自分のデッキの上からカードを5枚見る。その中から『Liella!』のメンバーカードを1枚公開して手札に加えてもよい。残りを控え室に置く。", "手札を1枚控え室に置いてもよい：自分のデッキの上からカードを5枚見る。その中から『Liella!』のメンバーカードを1枚公開して手札に加えてもよい。残りを控え室に置く。", "{{live_start.png|ライブ開始時}}ライブ終了時まで、自分の手札2枚につき、{{icon_blade.png|ブレード}}を得る。", "ライブ終了時まで、自分の手札2枚につき、{{icon_blade.png|ブレード}}を得る。", "自分の手札2枚につき、{{icon_blade.png|ブレード}}を得る", "{{jyouji.png|常時}}相手のライブカード置き場にあるすべてのライブカードは、成功させるための必要ハートが{{heart_00.png|heart0}}多くなる。", "相手のライブカード置き場にあるすべてのライブカードは、成功させるための必要ハートが{{heart_00.png|heart0}}多くなる。", "相手のライブカード置き場にあるすべてのライブカードは、成功させるための必要ハートが{{heart_00.png|heart0}}多くなる", "{{live_start.png|ライブ開始時}}自分のステージにこのメンバー以外のメンバーが1人以上いる場合、ライブ終了時まで、エールによって公開される自分のカードの枚数が8枚減る。", "自分のステージにこのメンバー以外のメンバーが1人以上いる場合、ライブ終了時まで、エールによって公開される自分のカードの枚数が8枚減る。", "自分のステージにこのメンバー以外のメンバーが1人以上いる場合、ライブ終了時まで、エールによって公開される自分のカードの枚数が8枚減る", "自分のステージにこのメンバー以外のメンバーが1人以上いる場合", "{{toujyou.png|登場}}自分の控え室からコスト2以下のメンバーカードを2枚まで手札に加える。", "自分の控え室からコスト2以下のメンバーカードを2枚まで手札に加える。", "自分の控え室からコスト2以下のメンバーカードを2枚まで手札に加える", "{{jyouji.png|常時}}自分のステージに、このメンバーよりコストの大きいメンバーがいる場合、{{icon_blade.png|ブレード}}{{icon_blade.png|ブレード}}{{icon_blade.png|ブレード}}を得る。", "自分のステージに、このメンバーよりコストの大きいメンバーがいる場合、{{icon_blade.png|ブレード}}{{icon_blade.png|ブレード}}{{icon_blade.png|ブレード}}を得る。", "自分のステージに、このメンバーよりコストの大きいメンバーがいる場合、{{icon_blade.png|ブレード}}{{icon_blade.png|ブレード}}{{icon_blade.png|ブレード}}を得る", "自分のステージに、このメンバーよりコストの大きいメンバーがいる場合", "{{toujyou.png|登場}}手札を1枚控え室に置いてもよい：自分のステージにほかのメンバーがいる場合、自分の控え室から『みらくらぱーく！』のカードを1枚手札に加える。", "手札を1枚控え室に置いてもよい：自分のステージにほかのメンバーがいる場合、自分の控え室から『みらくらぱーく！』のカードを1枚手札に加える。", "自分のステージにほかのメンバーがいる場合、自分の控え室から『みらくらぱーく！』のカードを1枚手札に加える", "{{live_start.png|ライブ開始時}}{{icon_energy.png|E}}支払ってもよい：自分のステージのエリアすべてにメンバーが登場している場合、ライブ終了時まで、{{icon_blade.png|ブレード}}{{icon_blade.png|ブレード}}を得る。", "{{icon_energy.png|E}}支払ってもよい：自分のステージのエリアすべてにメンバーが登場している場合、ライブ終了時まで、{{icon_blade.png|ブレード}}{{icon_blade.png|ブレード}}を得る。", "自分のステージのエリアすべてにメンバーが登場している場合、ライブ終了時まで、{{icon_blade.png|ブレード}}{{icon_blade.png|ブレード}}を得る", "自分のステージのエリアすべてにメンバーが登場している場合", "{{toujyou.png|登場}}このメンバーよりコストが低い『スリーズブーケ』のメンバーからバトンタッチして登場した場合、自分の控え室から『蓮ノ空』のライブカードを1枚手札に加える。", "このメンバーよりコストが低い『スリーズブーケ』のメンバーからバトンタッチして登場した場合、自分の控え室から『蓮ノ空』のライブカードを1枚手札に加える。", "このメンバーよりコストが低い『スリーズブーケ』のメンバーからバトンタッチして登場した場合、自分の控え室から『蓮ノ空』のライブカードを1枚手札に加える", "このメンバーよりコストが低い『スリーズブーケ』のメンバーからバトンタッチして登場した場合", "{{live_start.png|ライブ開始時}}手札を1枚控え室に置いてもよい：これにより控え室に置いたカードがメンバーカードの場合、控え室に置いたカードと同じ名前を持つメンバー1人は、ライブ終了時まで、{{heart_04.png|heart04}}{{icon_blade.png|ブレード}}を得る。", "手札を1枚控え室に置いてもよい：これにより控え室に置いたカードがメンバーカードの場合、控え室に置いたカードと同じ名前を持つメンバー1人は、ライブ終了時まで、{{heart_04.png|heart04}}{{icon_blade.png|ブレード}}を得る。", "これにより控え室に置いたカードがメンバーカードの場合", "{{toujyou.png|登場}}自分のステージにいるメンバー1人につき、カードを1枚引く。その後、手札を1枚控え室に置く。", "自分のステージにいるメンバー1人につき、カードを1枚引く。その後、手札を1枚控え室に置く。", "自分のステージにいるメンバー1人につき、カードを1枚引く。その後、手札を1枚控え室に置く", "{{live_start.png|ライブ開始時}}自分の成功ライブカード置き場にカードがある場合、手札を1枚控え室に置いてもよい。そうした場合、自分の控え室から『μ's』のライブカードを1枚手札に加える。", "自分の成功ライブカード置き場にカードがある場合、手札を1枚控え室に置いてもよい。そうした場合、自分の控え室から『μ's』のライブカードを1枚手札に加える。", "自分の成功ライブカード置き場にカードがある場合、手札を1枚控え室に置いてもよい。そうした場合、自分の控え室から『μ's』のライブカードを1枚手札に加える", "{{kidou.png|起動}}{{turn1.png|ターン1回}}このメンバーをウェイトにする：自分の控え室から『μ's』のライブカードを1枚手札に加える。", "このメンバーをウェイトにする：自分の控え室から『μ's』のライブカードを1枚手札に加える。", "{{live_start.png|ライブ開始時}}『μ's』のメンバー1人をウェイトにしてもよい：ライブ終了時まで、{{heart_03.png|heart03}}{{heart_03.png|heart03}}を得る。", "『μ's』のメンバー1人をウェイトにしてもよい：ライブ終了時まで、{{heart_03.png|heart03}}{{heart_03.png|heart03}}を得る。", "『μ's』のメンバー1人をウェイトにしてもよい", "{{toujyou.png|登場}}自分のステージにコスト13以上のメンバーがいる場合、カードを1枚引く。", "自分のステージにコスト13以上のメンバーがいる場合、カードを1枚引く。", "自分のステージにコスト13以上のメンバーがいる場合、カードを1枚引く", "自分のステージにコスト13以上のメンバーがいる場合", "{{kidou.png|起動}}{{turn1.png|ターン1回}}このメンバーをウェイトにする：{{heart_01.png|heart01}}か{{heart_03.png|heart03}}か{{heart_06.png|heart06}}のうち、1つを選ぶ。ライブ終了時まで、選んだハートを1つ得る。", "このメンバーをウェイトにする：{{heart_01.png|heart01}}か{{heart_03.png|heart03}}か{{heart_06.png|heart06}}のうち、1つを選ぶ。ライブ終了時まで、選んだハートを1つ得る。", "{{kidou.png|起動}}{{center.png|センター}}{{turn1.png|ターン1回}}メンバー1人をウェイトにする：ライブ終了時まで、これによってウェイト状態になったメンバーは、「{{jyouji.png|常時}}ライブの合計スコアを＋１する。」を得る。（この能力はセンターエリアに登場している場合のみ起動できる。）", "{{center.png|センター}}メンバー1人をウェイトにする：ライブ終了時まで、これによってウェイト状態になったメンバーは、「{{jyouji.png|常時}}ライブの合計スコアを＋１する。」を得る。（この能力はセンターエリアに登場している場合のみ起動できる。）", "{{center.png|センター}}メンバー1人をウェイトにする", "これによってウェイト状態になったメンバーは、「{{jyouji.png|常時}}ライブの合計スコアを+1する。」を得る", "{{toujyou.png|登場}}手札のライブカードを1枚控え室に置いてもよい：カードを3枚引く。", "手札のライブカードを1枚控え室に置いてもよい：カードを3枚引く。", "カードを3枚引く", "{{live_start.png|ライブ開始時}}手札を2枚まで控え室に置いてもよい：ライブ終了時まで、これによって控え室に置いたカード1枚につき、{{icon_blade.png|ブレード}}{{icon_blade.png|ブレード}}を得る。", "手札を2枚まで控え室に置いてもよい：ライブ終了時まで、これによって控え室に置いたカード1枚につき、{{icon_blade.png|ブレード}}{{icon_blade.png|ブレード}}を得る。", "これによって控え室に置いたカード1枚につき、{{icon_blade.png|ブレード}}{{icon_blade.png|ブレード}}を得る", "{{kidou.png|起動}}{{center.png|センター}}{{turn1.png|ターン1回}}このメンバーをウェイトにし、手札を1枚控え室に置く：このメンバー以外の『Aqours』のメンバー1人を自分のステージから控え室に置く。そうした場合、自分の控え室から、そのメンバーのコストに2を足した数に等しいコストの『Aqours』のメンバーカードを1枚、そのメンバーがいたエリアに登場させる。（この能力はセンターエリアに登場している場合のみ起動できる。）", "{{center.png|センター}}このメンバーをウェイトにし、手札を1枚控え室に置く：このメンバー以外の『Aqours』のメンバー1人を自分のステージから控え室に置く。そうした場合、自分の控え室から、そのメンバーのコストに2を足した数に等しいコストの『Aqours』のメンバーカードを1枚、そのメンバーがいたエリアに登場させる。（この能力はセンターエリアに登場している場合のみ起動できる。）", "{{live_start.png|ライブ開始時}}自分のエネルギー置き場にあるエネルギー1枚をこのメンバーの下に置いてもよい。そうした場合、カードを1枚引き、ライブ終了時まで、自分のステージにいるメンバーは{{icon_blade.png|ブレード}}{{icon_blade.png|ブレード}}を得る。（メンバーの下に置かれているエネルギーカードではコストを支払えない。メンバーがステージから離れたとき、下に置かれているエネルギーカードはエネルギーデッキに置く。）", "自分のエネルギー置き場にあるエネルギー1枚をこのメンバーの下に置いてもよい。そうした場合、カードを1枚引き、ライブ終了時まで、自分のステージにいるメンバーは{{icon_blade.png|ブレード}}{{icon_blade.png|ブレード}}を得る。（メンバーの下に置かれているエネルギーカードではコストを支払えない。メンバーがステージから離れたとき、下に置かれているエネルギーカードはエネルギーデッキに置く。）", "自分のエネルギー置き場にあるエネルギー1枚をこのメンバーの下に置いてもよい。そうした場合、カードを1枚引き、ライブ終了時まで、自分のステージにいるメンバーは{{icon_blade.png|ブレード}}{{icon_blade.png|ブレード}}を得る", "カードを1枚引き、ライブ終了時まで、自分のステージにいるメンバーは{{icon_blade.png|ブレード}}{{icon_blade.png|ブレード}}を得る", "自分のステージにいるメンバーは{{icon_blade.png|ブレード}}{{icon_blade.png|ブレード}}を得る", "{{jidou.png|自動}}このターン、自分のステージにメンバーが3回登場したとき、手札が5枚になるまでカードを引く。", "このターン、自分のステージにメンバーが3回登場したとき、手札が5枚になるまでカードを引く。", "このターン、自分のステージにメンバーが3回登場したとき、手札が5枚になるまでカードを引く", "このターン、自分のステージにメンバーが3回登場したとき", "{{live_start.png|ライブ開始時}}このターン、自分のステージにメンバーが2回以上登場している場合、ライブ終了時まで、「{{jyouji.png|常時}}ライブの合計スコアを＋１する。」を得る。", "このターン、自分のステージにメンバーが2回以上登場している場合、ライブ終了時まで、「{{jyouji.png|常時}}ライブの合計スコアを＋１する。」を得る。", "このターン、自分のステージにメンバーが2回以上登場している場合、ライブ終了時まで、「{{jyouji.png|常時}}ライブの合計スコアを+1する。」を得る", "このターン、自分のステージにメンバーが2回以上登場している場合", "{{kidou.png|起動}}{{turn1.png|ターン1回}}このメンバー以外の『虹ヶ咲』のメンバー1人をウェイトにする：カードを1枚引く。", "このメンバー以外の『虹ヶ咲』のメンバー1人をウェイトにする：カードを1枚引く。", "このメンバー以外の『虹ヶ咲』のメンバー1人をウェイトにする", "{{live_start.png|ライブ開始時}}手札を2枚控え室に置いてもよい：自分のステージにいるこのメンバー以外のウェイト状態のメンバー1人をアクティブにする。そうした場合、ライブ終了時まで、これによりアクティブにしたメンバーと、このメンバーは、それぞれ{{heart_04.png|heart04}}を得る。", "手札を2枚控え室に置いてもよい：自分のステージにいるこのメンバー以外のウェイト状態のメンバー1人をアクティブにする。そうした場合、ライブ終了時まで、これによりアクティブにしたメンバーと、このメンバーは、それぞれ{{heart_04.png|heart04}}を得る。", "自分のステージにいるこのメンバー以外のウェイト状態のメンバー1人をアクティブにする。そうした場合、ライブ終了時まで、これによりアクティブにしたメンバーと、このメンバーは、それぞれ{{heart_04.png|heart04}}を得る", "自分のステージにいるこのメンバー以外のウェイト状態のメンバー1人をアクティブにする。", "それぞれ{{heart_04.png|heart04}}を得る", "{{live_start.png|ライブ開始時}}控え室にあるメンバーカード2枚を好きな順番でデッキの一番下に置いてもよい：それらのカードのコストの合計が、6の場合、カードを1枚引く。合計が8の場合、ライブ終了時まで、{{icon_all.png|ハート}}を得る。合計が25の場合、ライブ終了時まで、「{{jyouji.png|常時}}ライブの合計スコアを＋１する。」を得る。", "控え室にあるメンバーカード2枚を好きな順番でデッキの一番下に置いてもよい：それらのカードのコストの合計が、6の場合、カードを1枚引く。合計が8の場合、ライブ終了時まで、{{icon_all.png|ハート}}を得る。合計が25の場合、ライブ終了時まで、「{{jyouji.png|常時}}ライブの合計スコアを＋１する。」を得る。", "控え室にあるメンバーカード2枚を好きな順番でデッキの一番下に置いてもよい", "それらのカードのコストの合計が、6の場合、カードを1枚引く。合計が8の場合、ライブ終了時まで、{{icon_all.png|ハート}}を得る。合計が25の場合、ライブ終了時まで、「{{jyouji.png|常時}}ライブの合計スコアを+1する。」を得る", "それらのカードのコストの合計が、6の場合、カードを1枚引く", "それらのカードのコストの合計が、6の場合", "合計が8の場合、ライブ終了時まで、{{icon_all.png|ハート}}を得る", "合計が8の場合", "合計が25の場合、ライブ終了時まで、「{{jyouji.png|常時}}ライブの合計スコアを+1する", "合計が25の場合", "{{jyouji.png|常時}}自分のライブ中のライブカードに、{{live_start.png|ライブ開始時}}能力も{{live_success.png|ライブ成功時}}能力も持たないカードがあるかぎり、{{heart_06.png|heart06}}{{heart_06.png|heart06}}を得る。", "自分のライブ中のライブカードに、{{live_start.png|ライブ開始時}}能力も{{live_success.png|ライブ成功時}}能力も持たないカードがあるかぎり、{{heart_06.png|heart06}}{{heart_06.png|heart06}}を得る。", "自分のライブ中のライブカードに、{{live_start.png|ライブ開始時}}能力も{{live_success.png|ライブ成功時}}能力も持たないカードがあるかぎり", "{{toujyou.png|登場}}自分の控え室からコスト2以下のメンバーカードを1枚手札に加える。", "自分の控え室からコスト2以下のメンバーカードを1枚手札に加える。", "{{jyouji.png|常時}}{{center.png|センター}}ライブの合計スコアを＋１する。", "{{center.png|センター}}ライブの合計スコアを＋１する。", "{{live_start.png|ライブ開始時}}自分のステージに{{icon_blade.png|ブレード}}を5つ以上持つ『μ's』のメンバーがいない場合、このメンバーはセンターエリア以外にポジションチェンジする。(このメンバーを今いるエリア以外のエリアに移動させる。そのエリアにメンバーがいる場合、そのメンバーはこのメンバーがいたエリアに移動させる。)", "自分のステージに{{icon_blade.png|ブレード}}を5つ以上持つ『μ's』のメンバーがいない場合、このメンバーはセンターエリア以外にポジションチェンジする。(このメンバーを今いるエリア以外のエリアに移動させる。そのエリアにメンバーがいる場合、そのメンバーはこのメンバーがいたエリアに移動させる。)", "自分のステージに{{icon_blade.png|ブレード}}を5つ以上持つ『μ's』のメンバーがいない場合、このメンバーはセンターエリア以外にポジションチェンジする", "自分のステージに{{icon_blade.png|ブレード}}を5つ以上持つ『μ's』のメンバーがいない場合", "exclude_position", "{{live_start.png|ライブ開始時}}カードを1枚引く。相手のステージにいるコスト9以下のメンバーを1人までウェイトにする。", "カードを1枚引く。相手のステージにいるコスト9以下のメンバーを1人までウェイトにする。", "カードを1枚引く。相手のステージにいるコスト9以下のメンバーを1人までウェイトにする", "相手のステージにいるコスト9以下のメンバーを1人までウェイトにする", "{{live_start.png|ライブ開始時}}相手のステージにいるウェイト状態のメンバーの数まで、自分の控え室にある『虹ヶ咲』のメンバーカードを選ぶ。それらを好きな順番でデッキの上に置く。", "相手のステージにいるウェイト状態のメンバーの数まで、自分の控え室にある『虹ヶ咲』のメンバーカードを選ぶ。それらを好きな順番でデッキの上に置く。", "相手のステージにいるウェイト状態のメンバーの数まで、自分の控え室にある『虹ヶ咲』のメンバーカードを選ぶ。それらを好きな順番でデッキの上に置く", "相手のステージにいるウェイト状態のメンバーの数まで、自分の控え室にある『虹ヶ咲』のメンバーカードを選ぶ", "相手のステージにいるウェイト状態のメンバー", "{{toujyou.png|登場}}自分と相手はそれぞれ、自身の控え室からライブカードを1枚手札に加える。", "自分と相手はそれぞれ、自身の控え室からライブカードを1枚手札に加える。", "自分と相手はそれぞれ、自身の控え室からライブカードを1枚手札に加える", "{{jyouji.png|常時}}自分と相手のエネルギーの合計が15枚以上あるかぎり、{{heart_02.png|heart02}}{{heart_02.png|heart02}}を得る。", "自分と相手のエネルギーの合計が15枚以上あるかぎり、{{heart_02.png|heart02}}{{heart_02.png|heart02}}を得る。", "自分と相手のエネルギーの合計が15枚以上あるかぎり", "{{live_success.png|ライブ成功時}}自分と相手はそれぞれ、自身のエネルギーデッキから、エネルギーカードを1枚ウェイト状態で置く。", "自分と相手はそれぞれ、自身のエネルギーデッキから、エネルギーカードを1枚ウェイト状態で置く。", "自分と相手はそれぞれ、自身のエネルギーデッキから、エネルギーカードを1枚ウェイト状態で置く", "{{toujyou.png|登場}}自分の成功ライブカード置き場にある『虹ヶ咲』のライブカードを1枚控え室に置いてもよい。そうした場合、自分の控え室にある『虹ヶ咲』のライブカードを1枚成功ライブカード置き場に置く。", "自分の成功ライブカード置き場にある『虹ヶ咲』のライブカードを1枚控え室に置いてもよい。そうした場合、自分の控え室にある『虹ヶ咲』のライブカードを1枚成功ライブカード置き場に置く。", "自分の成功ライブカード置き場にある『虹ヶ咲』のライブカードを1枚控え室に置いてもよい。そうした場合、自分の控え室にある『虹ヶ咲』のライブカードを1枚成功ライブカード置き場に置く", "自分の成功ライブカード置き場にある『虹ヶ咲』のライブカードを1枚控え室に置いてもよい。", "自分の控え室にある『虹ヶ咲』のライブカードを1枚成功ライブカード置き場に置く", "{{live_start.png|ライブ開始時}}自分のライブ中の『虹ヶ咲』のライブカードを1枚選ぶ。それと同じカード名のカードが自分の成功ライブカード置き場にある場合、ライブ終了時まで、{{heart_04.png|heart04}}を得る。", "自分のライブ中の『虹ヶ咲』のライブカードを1枚選ぶ。それと同じカード名のカードが自分の成功ライブカード置き場にある場合、ライブ終了時まで、{{heart_04.png|heart04}}を得る。", "自分のライブ中の『虹ヶ咲』のライブカードを1枚選ぶ。それと同じカード名のカードが自分の成功ライブカード置き場にある場合、ライブ終了時まで、{{heart_04.png|heart04}}を得る", "自分のライブ中の『虹ヶ咲』のライブカードを1枚選ぶ", "それと同じカード名のカードが自分の成功ライブカード置き場にある場合、ライブ終了時まで、{{heart_04.png|heart04}}を得る", "それと同じカード名のカードが自分の成功ライブカード置き場にある場合", "reference_card", "previous_selected", "{{live_start.png|ライブ開始時}}手札のライブカードを1枚控え室に置いてもよい：好きなハートの色を1つ指定する。ライブ終了時まで、そのハートを1つ得る。", "手札のライブカードを1枚控え室に置いてもよい：好きなハートの色を1つ指定する。ライブ終了時まで、そのハートを1つ得る。", "{{live_success.png|ライブ成功時}}自分のデッキの上からカードを5枚控え室に置く。その後、自分の控え室にカード名の異なる『虹ヶ咲』のライブカードが3枚以上ある場合、自分の控え室から『虹ヶ咲』のライブカードを1枚手札に加える。", "自分のデッキの上からカードを5枚控え室に置く。その後、自分の控え室にカード名の異なる『虹ヶ咲』のライブカードが3枚以上ある場合、自分の控え室から『虹ヶ咲』のライブカードを1枚手札に加える。", "自分のデッキの上からカードを5枚控え室に置く。その後、自分の控え室にカード名の異なる『虹ヶ咲』のライブカードが3枚以上ある場合、自分の控え室から『虹ヶ咲』のライブカードを1枚手札に加える", "自分の控え室にカード名の異なる『虹ヶ咲』のライブカードが3枚以上ある場合、自分の控え室から『虹ヶ咲』のライブカードを1枚手札に加える", "自分の控え室にカード名の異なる『虹ヶ咲』のライブカードが3枚以上ある場合", "{{toujyou.png|登場}}{{center.png|センター}}『Liella!』のメンバー2人からバトンタッチして登場している場合、カードを2枚引き、自分の控え室にあるコスト4以下の『Liella!』のメンバーカード1枚を自分のステージのメンバーのいないエリアに登場させる。", "{{center.png|センター}}『Liella!』のメンバー2人からバトンタッチして登場している場合、カードを2枚引き、自分の控え室にあるコスト4以下の『Liella!』のメンバーカード1枚を自分のステージのメンバーのいないエリアに登場させる。", "『Liella!』のメンバー2人からバトンタッチして登場している場合、カードを2枚引き、自分の控え室にあるコスト4以下の『Liella!』のメンバーカード1枚を自分のステージのメンバーのいないエリアに登場させる", "『Liella!』のメンバー2人からバトンタッチして登場している場合", "自分の控え室にあるコスト4以下の『Liella!』のメンバーカード1枚を自分のステージのメンバーのいないエリアに登場させる", "{{toujyou.png|登場}}『Liella!』のメンバーからバトンタッチして登場しており、かつ自分のエネルギーが7枚以上ある場合、自分のエネルギーデッキから、エネルギーカードを2枚ウェイト状態で置く。", "『Liella!』のメンバーからバトンタッチして登場しており、かつ自分のエネルギーが7枚以上ある場合、自分のエネルギーデッキから、エネルギーカードを2枚ウェイト状態で置く。", "『Liella!』のメンバーからバトンタッチして登場しており、かつ自分のエネルギーが7枚以上ある場合、自分のエネルギーデッキから、エネルギーカードを2枚ウェイト状態で置く", "『Liella!』のメンバーからバトンタッチして登場しており、", "『Liella!』のメンバーからバトンタッチして登場しており、かつ自分のエネルギーが7枚以上ある場合", "{{jyouji.png|常時}}自分のエネルギーが10枚以上あるかぎり、{{icon_blade.png|ブレード}}{{icon_blade.png|ブレード}}{{icon_blade.png|ブレード}}を得る。", "自分のエネルギーが10枚以上あるかぎり、{{icon_blade.png|ブレード}}{{icon_blade.png|ブレード}}{{icon_blade.png|ブレード}}を得る。", "{{toujyou.png|登場}}{{leftside.png|左サイド}}カードを2枚引き、手札を1枚控え室に置く。", "{{leftside.png|左サイド}}カードを2枚引き、手札を1枚控え室に置く。", "{{toujyou.png|登場}}{{rightside.png|右サイド}}エネルギーを2枚アクティブにする。", "{{rightside.png|右サイド}}エネルギーを2枚アクティブにする。", "{{live_start.png|ライブ開始時}}このメンバーをポジションチェンジしてもよい。(このメンバーを今いるエリア以外のエリアに移動させる。そのエリアにメンバーがいる場合、そのメンバーはこのメンバーがいたエリアに移動させる。)", "{{jidou.png|自動}}このメンバーが登場か、エリアを移動したとき、相手のステージにいる元々持つ{{icon_blade.png|ブレード}}の数が3つ以下のメンバー1人をウェイトにする。", "このメンバーが登場か、エリアを移動したとき、相手のステージにいる元々持つ{{icon_blade.png|ブレード}}の数が3つ以下のメンバー1人をウェイトにする。", "このメンバーが登場か、エリアを移動したとき、相手のステージにいる元々持つ{{icon_blade.png|ブレード}}の数が3つ以下のメンバー1人をウェイトにする", "{{live_success.png|ライブ成功時}}手札を1枚控え室に置いてもよい：自分のデッキの上から、自分のライブの合計スコアに2を足した数に等しい枚数見る。その中からカードを1枚手札に加える。残りを控え室に置く。", "手札を1枚控え室に置いてもよい：自分のデッキの上から、自分のライブの合計スコアに2を足した数に等しい枚数見る。その中からカードを1枚手札に加える。残りを控え室に置く。", "自分のデッキの上から、自分のライブの合計スコアに2を足した数に等しい枚数見る。その中からカードを1枚手札に加える。残りを控え室に置く", "自分のデッキの上から、自分のライブの合計スコアに2を足した数に等しい枚数見る。", "total_live_score", "カードを1枚手札に加える。残りを控え室に置く", "{{jyouji.png|常時}}自分のステージに名前が異なるメンバーが3人以上いるかぎり、{{heart_03.png|heart03}}を得る。", "自分のステージに名前が異なるメンバーが3人以上いるかぎり、{{heart_03.png|heart03}}を得る。", "自分のステージに名前が異なるメンバーが3人以上いるかぎり", "{{kidou.png|起動}}{{turn1.png|ターン1回}}{{icon_energy.png|E}}{{icon_energy.png|E}}手札を1枚控え室に置く：これにより控え室に置いたカードが『μ's』のカードの場合、自分のデッキの上からカードを4枚見る。その中からカードを2枚手札に加える。残りを控え室に置く。『μ's』のカード以外の場合、自分の控え室からライブカードを1枚手札に加える。", "{{icon_energy.png|E}}{{icon_energy.png|E}}手札を1枚控え室に置く：これにより控え室に置いたカードが『μ's』のカードの場合、自分のデッキの上からカードを4枚見る。その中からカードを2枚手札に加える。残りを控え室に置く。『μ's』のカード以外の場合、自分の控え室からライブカードを1枚手札に加える。", "これにより控え室に置いたカードが『μ's』のカードの場合、自分のデッキの上からカードを4枚見る。その中からカードを2枚手札に加える。残りを控え室に置く。『μ's』のカード以外の場合、自分の控え室からライブカードを1枚手札に加える", "これにより控え室に置いたカードが『μ's』のカードの場合", "自分のデッキの上からカードを4枚見る。その中からカードを2枚手札に加える。残りを控え室に置く", "カードを2枚手札に加える。残りを控え室に置く", "{{kidou.png|起動}}{{icon_energy.png|E}}{{icon_energy.png|E}}{{icon_energy.png|E}}{{icon_energy.png|E}}：相手のステージにいるコスト10以下のメンバー1人をウェイトにする。この能力を起動するためのコストは自分のステージにいるメンバーの中のグループ名1種類につき、{{icon_energy.png|E}}減る。", "{{icon_energy.png|E}}{{icon_energy.png|E}}{{icon_energy.png|E}}{{icon_energy.png|E}}：相手のステージにいるコスト10以下のメンバー1人をウェイトにする。この能力を起動するためのコストは自分のステージにいるメンバーの中のグループ名1種類につき、{{icon_energy.png|E}}減る。", "相手のステージにいるコスト10以下のメンバー1人をウェイトにする。この能力を起動するためのコストは自分のステージにいるメンバーの中のグループ名1種類につき、{{icon_energy.png|E}}減る", "相手のステージにいるコスト10以下のメンバー1人をウェイトにする", "{{icon_energy.png|E}}減る", "{{jidou.png|自動}}{{turn1.png|ターン1回}}自分がエールしたとき、エールにより公開された自分のカードの中にブレードハートを持たないメンバーカードが3枚以上ある場合、ライブ終了時まで、{{icon_all.png|ハート}}を得る。", "自分がエールしたとき、エールにより公開された自分のカードの中にブレードハートを持たないメンバーカードが3枚以上ある場合、ライブ終了時まで、{{icon_all.png|ハート}}を得る。", "自分がエールしたとき、エールにより公開された自分のカードの中にブレードハートを持たないメンバーカードが3枚以上ある場合、ライブ終了時まで、{{icon_all.png|ハート}}を得る", "自分がエールしたとき、エールにより公開された自分のカードの中にブレードハートを持たないメンバーカードが3枚以上ある場合", "{{toujyou.png|登場}}能力を持たないメンバーからバトンタッチして登場した場合、カードを1枚引く。", "能力を持たないメンバーからバトンタッチして登場した場合、カードを1枚引く。", "能力を持たないメンバーからバトンタッチして登場した場合、カードを1枚引く", "能力を持たないメンバーからバトンタッチして登場した場合", "{{jyouji.png|常時}}能力を持たないメンバーカードを自分の手札から登場させるためのコストは1減る。", "能力を持たないメンバーカードを自分の手札から登場させるためのコストは1減る。", "能力を持たないメンバーカードを自分の手札から登場させるための{{icon_energy.png|E}}は1減る", "{{live_start.png|ライブ開始時}}{{center.png|センター}}自分のステージの右サイドエリアと左サイドエリアにいるメンバーのコストが同じ場合、相手のステージにいる元々持つ{{icon_blade.png|ブレード}}の数が3つ以下のすべてのメンバーをウェイトにする。", "{{center.png|センター}}自分のステージの右サイドエリアと左サイドエリアにいるメンバーのコストが同じ場合、相手のステージにいる元々持つ{{icon_blade.png|ブレード}}の数が3つ以下のすべてのメンバーをウェイトにする。", "{{center.png|センター}}自分のステージの右サイドエリアと左サイドエリアにいるメンバーのコストが同じ場合、相手のステージにいる元々持つ{{icon_blade.png|ブレード}}の数が3つ以下のすべてのメンバーをウェイトにする", "自分のステージの右サイドエリアと左サイドエリアにいるメンバーのコストが同じ場合", "require_position_cards", "{{live_start.png|ライブ開始時}}手札を1枚控え室に置いてもよい：{{heart_03.png|heart03}}か{{heart_04.png|heart04}}か{{heart_05.png|heart05}}のうち、1つを選ぶ。ライブ終了時まで、自分のステージにいるこのターンに登場したメンバーのうち、『Aqours』以外のすべてのメンバーは選んだハートを1つ得る。", "手札を1枚控え室に置いてもよい：{{heart_03.png|heart03}}か{{heart_04.png|heart04}}か{{heart_05.png|heart05}}のうち、1つを選ぶ。ライブ終了時まで、自分のステージにいるこのターンに登場したメンバーのうち、『Aqours』以外のすべてのメンバーは選んだハートを1つ得る。", "{{heart_03.png|heart03}}か{{heart_04.png|heart04}}か{{heart_05.png|heart05}}のうち、1つを選ぶ。ライブ終了時まで、自分のステージにいるこのターンに登場したメンバーのうち、『Aqours』以外のすべてのメンバーは選んだハートを1つ得る", "{{heart_03.png|heart03}}か{{heart_04.png|heart04}}か{{heart_05.png|heart05}}のうち、1つを選ぶ", "自分のステージにいるこのターンに登場したメンバーのうち、『Aqours』以外のすべてのメンバーは選んだハートを1つ得る", "appeared_this_turn", "{{jidou.png|自動}}{{turn1.png|ターン1回}}自分がエールしたとき、エールにより公開された自分のカードが持つブレードハートの中に{{heart_01.png|heart01}}、{{heart_02.png|heart02}}、{{heart_03.png|heart03}}、{{heart_04.png|heart04}}、{{heart_05.png|heart05}}、{{heart_06.png|heart06}}、{{icon_all.png|ハート}}のうち、3種類以上ある場合、ライブ終了時まで、{{heart_01.png|heart01}}を得る。6種類以上ある場合、さらにライブ終了時まで、「{{jyouji.png|常時}}ライブの合計スコアを＋１する。」を得る。", "自分がエールしたとき、エールにより公開された自分のカードが持つブレードハートの中に{{heart_01.png|heart01}}、{{heart_02.png|heart02}}、{{heart_03.png|heart03}}、{{heart_04.png|heart04}}、{{heart_05.png|heart05}}、{{heart_06.png|heart06}}、{{icon_all.png|ハート}}のうち、3種類以上ある場合、ライブ終了時まで、{{heart_01.png|heart01}}を得る。6種類以上ある場合、さらにライブ終了時まで、「{{jyouji.png|常時}}ライブの合計スコアを＋１する。」を得る。", "自分がエールしたとき、エールにより公開された自分のカードが持つブレードハートの中に{{heart_01.png|heart01}}、{{heart_02.png|heart02}}、{{heart_03.png|heart03}}、{{heart_04.png|heart04}}、{{heart_05.png|heart05}}、{{heart_06.png|heart06}}、{{icon_all.png|ハート}}のうち、3種類以上ある場合、ライブ終了時まで、{{heart_01.png|heart01}}を得る。6種類以上ある場合、さらにライブ終了時まで、「{{jyouji.png|常時}}ライブの合計スコアを+1する。」を得る", "自分がエールしたとき、エールにより公開された自分のカードが持つブレードハートの中に{{heart_01.png|heart01}}、{{heart_02.png|heart02}}、{{heart_03.png|heart03}}、{{heart_04.png|heart04}}、{{heart_05.png|heart05}}、{{heart_06.png|heart06}}、{{icon_all.png|ハート}}のうち、3種類以上ある場合、ライブ終了時まで、{{heart_01.png|heart01}}を得る", "自分がエールしたとき、エールにより公開された自分のカードが持つブレードハートの中に{{heart_01.png|heart01}}、{{heart_02.png|heart02}}、{{heart_03.png|heart03}}、{{heart_04.png|heart04}}、{{heart_05.png|heart05}}、{{heart_06.png|heart06}}、{{icon_all.png|ハート}}のうち、3種類以上ある場合", "heart_source", "6種類以上ある場合、ライブ終了時まで、「{{jyouji.png|常時}}ライブの合計スコアを+1する。」を得る", "6種類以上ある場合", "{{jidou.png|自動}}このメンバーがステージから控え室に置かれたとき、このメンバーがコスト10以上のブレードハートを持たない『虹ヶ咲』のメンバーとバトンタッチしていた場合、エネルギーを2枚アクティブにする。コスト15以上のブレードハートを持たない『虹ヶ咲』のメンバーの場合、さらにカードを1枚引く。", "このメンバーがステージから控え室に置かれたとき、このメンバーがコスト10以上のブレードハートを持たない『虹ヶ咲』のメンバーとバトンタッチしていた場合、エネルギーを2枚アクティブにする。コスト15以上のブレードハートを持たない『虹ヶ咲』のメンバーの場合、さらにカードを1枚引く。", "このメンバーがステージから控え室に置かれたとき、このメンバーがコスト10以上のブレードハートを持たない『虹ヶ咲』のメンバーとバトンタッチしていた場合、エネルギーを2枚アクティブにする。コスト15以上のブレードハートを持たない『虹ヶ咲』のメンバーの場合、さらにカードを1枚引く", "このメンバーがステージから控え室に置かれたとき、このメンバーがコスト10以上のブレードハートを持たない『虹ヶ咲』のメンバーとバトンタッチしていた場合、エネルギーを2枚アクティブにする", "このメンバーがステージから控え室に置かれたとき、このメンバーがコスト10以上のブレードハートを持たない『虹ヶ咲』のメンバーとバトンタッチしていた場合", "コスト15以上のブレードハートを持たない『虹ヶ咲』のメンバーの場合、カードを1枚引く", "コスト15以上のブレードハートを持たない『虹ヶ咲』のメンバーの場合", "{{live_start.png|ライブ開始時}}自分と相手の成功ライブカード置き場にあるカードの枚数が同じ場合、ライブ終了時まで、{{heart_02.png|heart02}}{{heart_02.png|heart02}}を得る。", "自分と相手の成功ライブカード置き場にあるカードの枚数が同じ場合、ライブ終了時まで、{{heart_02.png|heart02}}{{heart_02.png|heart02}}を得る。", "自分と相手の成功ライブカード置き場にあるカードの枚数が同じ場合、ライブ終了時まで、{{heart_02.png|heart02}}{{heart_02.png|heart02}}を得る", "自分と相手の成功ライブカード置き場にあるカードの枚数が同じ場合", "{{live_success.png|ライブ成功時}}自分が余剰ハートを1つ以上持っている場合、カードを2枚引き、手札を1枚控え室に置く。", "自分が余剰ハートを1つ以上持っている場合、カードを2枚引き、手札を1枚控え室に置く。", "自分が余剰ハートを1つ以上持っている場合、カードを2枚引き、手札を1枚控え室に置く", "自分が余剰ハートを1つ以上持っている場合", "{{kidou.png|起動}}{{turn1.png|ターン1回}}エネルギー置き場にあるエネルギー1枚をこのメンバーの下に置く：カードを1枚引き、ライブ終了時まで、{{heart_01.png|heart01}}を得る。", "エネルギー置き場にあるエネルギー1枚をこのメンバーの下に置く：カードを1枚引き、ライブ終了時まで、{{heart_01.png|heart01}}を得る。", "カードを1枚引き、ライブ終了時まで、{{heart_01.png|heart01}}を得る", "{{live_success.png|ライブ成功時}}ライブの合計スコアが相手より高い場合、自分のエネルギーデッキから、このメンバーの下にあるエネルギーカードの枚数に1を足した枚数のエネルギーカードをウェイト状態で置く。", "ライブの合計スコアが相手より高い場合、自分のエネルギーデッキから、このメンバーの下にあるエネルギーカードの枚数に1を足した枚数のエネルギーカードをウェイト状態で置く。", "ライブの合計スコアが相手より高い場合、自分のエネルギーデッキから、このメンバーの下にあるエネルギーカードの枚数に1を足した枚数のエネルギーカードをウェイト状態で置く", "energy_cards_under_this_member", "{{live_success.png|ライブ成功時}}カードを1枚引き、手札を1枚控え室に置く。", "{{toujyou.png|登場}}/{{live_start.png|ライブ開始時}}{{icon_energy.png|E}}支払ってもよい：以下から1つを選ぶ。\n・相手のステージにいるコスト4以下のメンバー1人をウェイトにする。\n・カードを1枚引く。", "{{icon_energy.png|E}}支払ってもよい：以下から1つを選ぶ。\n・相手のステージにいるコスト4以下のメンバー1人をウェイトにする。\n・カードを1枚引く。", "以下から1つを選ぶ。\n・相手のステージにいるコスト4以下のメンバー1人をウェイトにする。\n・カードを1枚引く", "{{kidou.png|起動}}{{turn1.png|ターン1回}}このメンバーをウェイトにするか、手札を1枚控え室に置く：エネルギーを1枚アクティブにする。", "このメンバーをウェイトにするか、手札を1枚控え室に置く：エネルギーを1枚アクティブにする。", "このメンバーをウェイトにするか、手札を1枚控え室に置く", "{{kidou.png|起動}}{{leftside.png|左サイド}}{{turn1.png|ターン1回}}このメンバーをウェイトにする：カードを3枚引き、手札を2枚控え室に置く。これにより控え室に置いたカードの中にブレードハートを持たないメンバーカードが1枚以上ある場合、このメンバーをアクティブにする。2枚ある場合、さらにライブ終了時まで、{{icon_blade.png|ブレード}}{{icon_blade.png|ブレード}}を得る。", "{{leftside.png|左サイド}}このメンバーをウェイトにする：カードを3枚引き、手札を2枚控え室に置く。これにより控え室に置いたカードの中にブレードハートを持たないメンバーカードが1枚以上ある場合、このメンバーをアクティブにする。2枚ある場合、さらにライブ終了時まで、{{icon_blade.png|ブレード}}{{icon_blade.png|ブレード}}を得る。", "{{leftside.png|左サイド}}このメンバーをウェイトにする", "カードを3枚引き、手札を2枚控え室に置く。これにより控え室に置いたカードの中にブレードハートを持たないメンバーカードが1枚以上ある場合、このメンバーをアクティブにする。2枚ある場合、さらにライブ終了時まで、{{icon_blade.png|ブレード}}{{icon_blade.png|ブレード}}を得る", "カードを3枚引き、手札を2枚控え室に置く", "これにより控え室に置いたカードの中にブレードハートを持たないメンバーカードが1枚以上ある場合", "このメンバーをアクティブにする。2枚ある場合、ライブ終了時まで、{{icon_blade.png|ブレード}}{{icon_blade.png|ブレード}}を得る", "このメンバーをアクティブにする", "2枚ある場合、ライブ終了時まで、{{icon_blade.png|ブレード}}{{icon_blade.png|ブレード}}を得る", "2枚ある場合", "{{jyouji.png|常時}}コスト10の『Liella!』のメンバーカードを自分の手札から登場させるためのコストは2減る。", "コスト10の『Liella!』のメンバーカードを自分の手札から登場させるためのコストは2減る。", "{{icon_energy.png|E}}10の『Liella!』のメンバーカードを自分の手札から登場させるためのコストは2減る", "{{live_start.png|ライブ開始時}}{{center.png|センター}}自分のステージにいるすべての『Liella!』のメンバーと、自分のすべてのエネルギーをアクティブにする。", "{{center.png|センター}}自分のステージにいるすべての『Liella!』のメンバーと、自分のすべてのエネルギーをアクティブにする。", "自分のステージにいるすべての『Liella!』のメンバーと、自分のすべてのエネルギーをアクティブにする", "{{jidou.png|自動}}{{turn1.png|ターン1回}}自分のカードの効果によって、このメンバーがエリアを移動するか自分のエネルギー置き場にエネルギーが置かれたとき、カードを1枚引き、ライブ終了時まで、{{heart_02.png|heart02}}を得る。", "自分のカードの効果によって、このメンバーがエリアを移動するか自分のエネルギー置き場にエネルギーが置かれたとき、カードを1枚引き、ライブ終了時まで、{{heart_02.png|heart02}}を得る。", "自分のカードの効果によって、このメンバーがエリアを移動するか自分のエネルギー置き場にエネルギーが置かれたとき、カードを1枚引き、ライブ終了時まで、{{heart_02.png|heart02}}を得る", "自分のカードの効果によって、このメンバーがエリアを移動するか自分のエネルギー置き場にエネルギーが置かれたとき", "self_effect_only", "energy_placed", "{{kidou.png|起動}}{{turn1.png|ターン1回}}デッキの上からカードを3枚控え室に置く：ライブ終了時まで、これにより控え室に置いた『Liella!』のメンバーカード1枚につき、{{icon_blade.png|ブレード}}を得る。", "デッキの上からカードを3枚控え室に置く：ライブ終了時まで、これにより控え室に置いた『Liella!』のメンバーカード1枚につき、{{icon_blade.png|ブレード}}を得る。", "これにより控え室に置いた『Liella!』のメンバーカード1枚につき、{{icon_blade.png|ブレード}}を得る", "{{jidou.png|自動}}{{turn1.png|ターン1回}}自分のメインフェイズの間、自分のカードが1枚以上いずれかの領域から控え室に置かれるたび、{{icon_energy.png|E}}支払ってもよい。そうした場合、それらのカードの中から1枚手札に加える。", "自分のメインフェイズの間、自分のカードが1枚以上いずれかの領域から控え室に置かれるたび、{{icon_energy.png|E}}支払ってもよい。そうした場合、それらのカードの中から1枚手札に加える。", "自分のカードが1枚以上いずれかの領域から控え室に置かれるたび、{{icon_energy.png|E}}支払ってもよい。そうした場合、それらのカードの中から1枚手札に加える", "自分のカードが1枚以上いずれかの領域から控え室に置かれる", "それらのカードの中から1枚手札に加える", "{{toujyou.png|登場}}自分のデッキの上からカードを4枚控え室に置く。それらの中にライブカードがある場合、ライブ終了時まで、{{icon_blade.png|ブレード}}{{icon_blade.png|ブレード}}を得る。", "自分のデッキの上からカードを4枚控え室に置く。それらの中にライブカードがある場合、ライブ終了時まで、{{icon_blade.png|ブレード}}{{icon_blade.png|ブレード}}を得る。", "自分のデッキの上からカードを4枚控え室に置く。それらの中にライブカードがある場合、ライブ終了時まで、{{icon_blade.png|ブレード}}{{icon_blade.png|ブレード}}を得る", "それらの中にライブカードがある場合、ライブ終了時まで、{{icon_blade.png|ブレード}}{{icon_blade.png|ブレード}}を得る", "{{kidou.png|起動}}{{turn1.png|ターン1回}}{{icon_energy.png|E}}{{icon_energy.png|E}}手札のライブカードを1枚公開する：自分の控え室から、これにより公開したカードのカード名がすべて含まれるライブカードを1枚手札に加える。", "{{icon_energy.png|E}}{{icon_energy.png|E}}手札のライブカードを1枚公開する：自分の控え室から、これにより公開したカードのカード名がすべて含まれるライブカードを1枚手札に加える。", "{{icon_energy.png|E}}{{icon_energy.png|E}}手札のライブカードを1枚公開する", "自分の控え室から、これにより公開したカードのカード名がすべて含まれるライブカードを1枚手札に加える", "name_constraint", "contains_all", "name_constraint_source", "revealed_card", "{{jyouji.png|常時}}自分のステージにコストがそれぞれ異なるメンバーが3人以上いるかぎり、{{heart_05.png|heart05}}{{icon_blade.png|ブレード}}を得る。", "自分のステージにコストがそれぞれ異なるメンバーが3人以上いるかぎり、{{heart_05.png|heart05}}{{icon_blade.png|ブレード}}を得る。", "自分のステージにコストがそれぞれ異なるメンバーが3人以上いるかぎり", "{{kidou.png|起動}}{{turn1.png|ターン1回}}{{icon_energy.png|E}}{{icon_energy.png|E}}：自分の控え室からコスト2以下のメンバーカードを1枚、メンバーのいないエリアに登場させる。", "{{icon_energy.png|E}}{{icon_energy.png|E}}：自分の控え室からコスト2以下のメンバーカードを1枚、メンバーのいないエリアに登場させる。", "自分の控え室からコスト2以下のメンバーカードを1枚、メンバーのいないエリアに登場させる", "{{jidou.png|自動}}このメンバーがステージから控え室に置かれたとき、メンバー1人をポジションチェンジさせてもよい。", "このメンバーがステージから控え室に置かれたとき、メンバー1人をポジションチェンジさせてもよい。", "このメンバーがステージから控え室に置かれたとき、メンバー1人をポジションチェンジさせてもよい", "{{live_start.png|ライブ開始時}}手札を1枚控え室に置いてもよい：ライブ終了時まで、これにより控え室に置いたカードと同じグループ名を持つメンバー1人は、{{heart_01.png|heart01}}を得る。", "手札を1枚控え室に置いてもよい：ライブ終了時まで、これにより控え室に置いたカードと同じグループ名を持つメンバー1人は、{{heart_01.png|heart01}}を得る。", "これにより控え室に置いたカードと同じグループ名を持つメンバー1人は、{{heart_01.png|heart01}}を得る", "{{kidou.png|起動}}{{turn1.png|ターン1回}}{{icon_energy.png|E}}：このメンバーを『Aqours』か『SaintSnow』のメンバーがいるエリアにポジションチェンジする。", "{{icon_energy.png|E}}：このメンバーを『Aqours』か『SaintSnow』のメンバーがいるエリアにポジションチェンジする。", "{{jyouji.png|常時}}自分のエネルギーがちょうど8枚あるかぎり、ライブの合計スコアを＋１する。", "自分のエネルギーがちょうど8枚あるかぎり、ライブの合計スコアを＋１する。", "自分のエネルギーがちょうど8枚あるかぎり", "{{live_start.png|ライブ開始時}}{{center.png|センター}}自分のライブカード置き場に『µ's』のカードがある場合、ライブ終了時まで、自分のステージにいるすべての『μ's』のメンバーは{{icon_blade.png|ブレード}}を得る。", "{{center.png|センター}}自分のライブカード置き場に『µ's』のカードがある場合、ライブ終了時まで、自分のステージにいるすべての『μ's』のメンバーは{{icon_blade.png|ブレード}}を得る。", "自分のライブカード置き場に『µ's』のカードがある場合、ライブ終了時まで、自分のステージにいるすべての『μ's』のメンバーは{{icon_blade.png|ブレード}}を得る", "自分のライブカード置き場に『µ's』のカードがある場合", "µ's", "{{live_success.png|ライブ成功時}}エールにより公開された自分のカードの中に、ブレードハートを持たない『μ's』のメンバーカードがある場合、カードを1枚引き、手札を1枚控え室に置く。", "エールにより公開された自分のカードの中に、ブレードハートを持たない『μ's』のメンバーカードがある場合、カードを1枚引き、手札を1枚控え室に置く。", "エールにより公開された自分のカードの中に、ブレードハートを持たない『μ's』のメンバーカードがある場合、カードを1枚引き、手札を1枚控え室に置く", "エールにより公開された自分のカードの中に、ブレードハートを持たない『μ's』のメンバーカードがある場合", "{{live_start.png|ライブ開始時}}{{center.png|センター}}手札にあるコスト2以下の『μ's』のメンバーカードを1枚公開し、このメンバーの下に置いてもよい。そうした場合、好きなハートの色を1つ指定する。ライブ終了時まで、そのハートを1つ得る。", "{{center.png|センター}}手札にあるコスト2以下の『μ's』のメンバーカードを1枚公開し、このメンバーの下に置いてもよい。そうした場合、好きなハートの色を1つ指定する。ライブ終了時まで、そのハートを1つ得る。", "手札にあるコスト2以下の『μ's』のメンバーカードを1枚公開し、このメンバーの下に置いてもよい。そうした場合、好きなハートの色を1つ指定する。ライブ終了時まで、そのハートを1つ得る", "手札にあるコスト2以下の『μ's』のメンバーカードを1枚公開し、このメンバーの下に置いてもよい。", "{{live_success.png|ライブ成功時}}このメンバーの下にあるコスト2以下の『μ's』のメンバーカードを1枚、メンバーのいないエリアに登場させてもよい。", "このメンバーの下にあるコスト2以下の『μ's』のメンバーカードを1枚、メンバーのいないエリアに登場させてもよい。", "このメンバーの下にあるコスト2以下の『μ's』のメンバーカードを1枚、メンバーのいないエリアに登場させてもよい", "{{kidou.png|起動}}{{turn1.png|ターン1回}}手札を1枚控え室に置く：好きなハートの色を1つ指定する。その後、自分のデッキの上からカードを5枚公開する。公開されたカードの中に指定した色のハートを持つメンバーカードと必要ハートに指定した色を含むライブカードが合計5枚含まれる場合、その中から『μ's』のカードを1枚手札に加え、ライブ終了時まで、{{icon_blade.png|ブレード}}{{icon_blade.png|ブレード}}{{icon_blade.png|ブレード}}を得る。公開した残りのカードを控え室に置く。", "手札を1枚控え室に置く：好きなハートの色を1つ指定する。その後、自分のデッキの上からカードを5枚公開する。公開されたカードの中に指定した色のハートを持つメンバーカードと必要ハートに指定した色を含むライブカードが合計5枚含まれる場合、その中から『μ's』のカードを1枚手札に加え、ライブ終了時まで、{{icon_blade.png|ブレード}}{{icon_blade.png|ブレード}}{{icon_blade.png|ブレード}}を得る。公開した残りのカードを控え室に置く。", "好きなハートの色を1つ指定する。その後、自分のデッキの上からカードを5枚公開する。公開されたカードの中に指定した色のハートを持つメンバーカードと必要ハートに指定した色を含むライブカードが合計5枚含まれる場合、その中から『μ's』のカードを1枚手札に加え、ライブ終了時まで、{{icon_blade.png|ブレード}}{{icon_blade.png|ブレード}}{{icon_blade.png|ブレード}}を得る。公開した残りのカードを控え室に置く", "cache", "公開されたカードの中に指定した色に合致するカードが合計5枚含まれる場合", "ブレードを得る", "公開した残りのカードを控え室に置く", "{{live_success.png|ライブ成功時}}自分のデッキの一番上のカードを公開し、手札に加える。それがブレードハートを持たないメンバーカードの場合、ライブの合計スコアを＋１する。", "自分のデッキの一番上のカードを公開し、手札に加える。それがブレードハートを持たないメンバーカードの場合、ライブの合計スコアを＋１する。", "自分のデッキの一番上のカードを公開し、手札に加える。それがブレードハートを持たないメンバーカードの場合、ライブの合計スコアを+1する", "自分のデッキの一番上のカードを公開し、手札に加える", "それがブレードハートを持たないメンバーカードの場合、ライブの合計スコアを+1する", "それがブレードハートを持たないメンバーカードの場合", "{{jidou.png|自動}}{{turn1.png|ターン1回}}『Aqours』のライブカードが自分のライブカード置き場から控え室に置かれたとき、そのライブカードをデッキの一番上か一番下に置いてもよい。", "『Aqours』のライブカードが自分のライブカード置き場から控え室に置かれたとき、そのライブカードをデッキの一番上か一番下に置いてもよい。", "『Aqours』のライブカードが自分のライブカード置き場から控え室に置かれたとき、そのライブカードをデッキの一番上か一番下に置いてもよい", "『Aqours』のライブカードが自分のライブカード置き場から控え室に置かれたとき", "{{live_start.png|ライブ開始時}}自分のライブカード置き場にあるカードが『Aqours』のみで、かつそれらの必要ハートに含まれる{{heart_02.png|heart02}}と{{heart_04.png|heart04}}と{{heart_05.png|heart05}}の合計が12以上の場合、ライブ終了時まで、{{icon_all.png|ハート}}{{icon_all.png|ハート}}を得る。", "自分のライブカード置き場にあるカードが『Aqours』のみで、かつそれらの必要ハートに含まれる{{heart_02.png|heart02}}と{{heart_04.png|heart04}}と{{heart_05.png|heart05}}の合計が12以上の場合、ライブ終了時まで、{{icon_all.png|ハート}}{{icon_all.png|ハート}}を得る。", "自分のライブカード置き場にあるカードが『Aqours』のみで、かつそれらの必要ハートに含まれる{{heart_02.png|heart02}}と{{heart_04.png|heart04}}と{{heart_05.png|heart05}}の合計が12以上の場合、ライブ終了時まで、{{icon_all.png|ハート}}{{icon_all.png|ハート}}を得る", "自分のライブカード置き場にあるカードが『Aqours』のみで、", "それらの必要ハートに含まれる{{heart_02.png|heart02}}と{{heart_04.png|heart04}}と{{heart_05.png|heart05}}の合計が12以上の場合", "自分のライブカード置き場にあるカードが『Aqours』のみで、かつそれらの必要ハートに含まれる{{heart_02.png|heart02}}と{{heart_04.png|heart04}}と{{heart_05.png|heart05}}の合計が12以上の場合", "{{live_start.png|ライブ開始時}}自分のライブカード置き場にカードが2枚以上ある場合、その中から{{live_start.png|ライブ開始時}}能力を持たない『Aqours』のライブカードを1枚選び、デッキの一番上に置いてもよい。そうした場合、ライブ終了時まで、{{heart_02.png|heart02}}と{{heart_04.png|heart04}}を得る。", "自分のライブカード置き場にカードが2枚以上ある場合、その中から{{live_start.png|ライブ開始時}}能力を持たない『Aqours』のライブカードを1枚選び、デッキの一番上に置いてもよい。そうした場合、ライブ終了時まで、{{heart_02.png|heart02}}と{{heart_04.png|heart04}}を得る。", "その中から{{live_start.png|ライブ開始時}}能力を持たない『Aqours』のライブカードを1枚選び、デッキの一番上に置いてもよい。", "{{heart_02.png|heart02}}と{{heart_04.png|heart04}}を得る", "{{jyouji.png|常時}}相手の成功ライブカード置き場にあるカードの枚数が自分より多いかぎり、その差に等しい数の{{icon_blade.png|ブレード}}を得る。", "相手の成功ライブカード置き場にあるカードの枚数が自分より多いかぎり、その差に等しい数の{{icon_blade.png|ブレード}}を得る。", "その差に等しい数の{{icon_blade.png|ブレード}}を得る", "相手の成功ライブカード置き場にあるカードの枚数が自分より多いかぎり", "{{live_success.png|ライブ成功時}}{{center.png|センター}}エールにより公開された自分のカードの中に、{{icon_score.png|スコア}}を持つ『Aqours』のライブカードがある場合、ライブの合計スコアを＋１する。", "{{center.png|センター}}エールにより公開された自分のカードの中に、{{icon_score.png|スコア}}を持つ『Aqours』のライブカードがある場合、ライブの合計スコアを＋１する。", "エールにより公開された自分のカードの中に、{{icon_score.png|スコア}}を持つ『Aqours』のライブカードがある場合、ライブの合計スコアを+1する", "エールにより公開された自分のカードの中に、{{icon_score.png|スコア}}を持つ『Aqours』のライブカードがある場合", "{{toujyou.png|登場}}自分のデッキの上から、自分のステージにいるメンバーの数に2を足した数に等しい枚数見る。その中から1枚をデッキの一番上に置き、残りを控え室に置く。", "自分のデッキの上から、自分のステージにいるメンバーの数に2を足した数に等しい枚数見る。その中から1枚をデッキの一番上に置き、残りを控え室に置く。", "自分のデッキの上から、自分のステージにいるメンバーの数に2を足した数に等しい枚数見る。その中から1枚をデッキの一番上に置き、残りを控え室に置く", "自分のデッキの上から、自分のステージにいるメンバーの数に2を足した数に等しい枚数見る。", "自分のステージにいるメンバーの数", "1枚をデッキの一番上に置き、残りを控え室に置く", "{{live_success.png|ライブ成功時}}エールにより公開された自分のカードの中から、カードを1枚デッキの一番上に置いてもよい。", "エールにより公開された自分のカードの中から、カードを1枚デッキの一番上に置いてもよい。", "エールにより公開された自分のカードの中から、カードを1枚デッキの一番上に置いてもよい", "{{live_start.png|ライブ開始時}}手札を1枚控え室に置いてもよい：ライブ終了時まで、このメンバーのコストを＋６する。その後、自分のステージにいる『蓮ノ空』のメンバーのコストの合計が、相手のステージにいるメンバーのコストの合計より高い場合、さらにライブ終了時まで、{{heart_05.png|heart05}}{{icon_blade.png|ブレード}}を得る。", "手札を1枚控え室に置いてもよい：ライブ終了時まで、このメンバーのコストを＋６する。その後、自分のステージにいる『蓮ノ空』のメンバーのコストの合計が、相手のステージにいるメンバーのコストの合計より高い場合、さらにライブ終了時まで、{{heart_05.png|heart05}}{{icon_blade.png|ブレード}}を得る。", "このメンバーのコストを+6する。その後、自分のステージにいる『蓮ノ空』のメンバーのコストの合計が、相手のステージにいるメンバーのコストの合計より高い場合、さらにライブ終了時まで、{{heart_05.png|heart05}}{{icon_blade.png|ブレード}}を得る", "このメンバーの{{icon_energy.png|E}}を+6する", "自分のステージにいる『蓮ノ空』のメンバーのコストの合計が、相手のステージにいるメンバーのコストの合計より高い場合", "{{live_success.png|ライブ成功時}}エールにより公開された自分のカードの中から、『DOLLCHESTRA』のメンバーカードを1枚手札に加える。", "エールにより公開された自分のカードの中から、『DOLLCHESTRA』のメンバーカードを1枚手札に加える。", "エールにより公開された自分のカードの中から、『DOLLCHESTRA』のメンバーカードを1枚手札に加える", "{{jyouji.png|常時}}手札にあるこのメンバーカードのコストは、自分のステージにいる『みらくらぱーく！』のメンバー1人につき、2少なくなる。", "手札にあるこのメンバーカードのコストは、自分のステージにいる『みらくらぱーく！』のメンバー1人につき、2少なくなる。", "手札にあるこのメンバーカードのコストは、自分のステージにいる『みらくらぱーく！』のメンバー1人につき、2少なくなる", "{{jyouji.png|常時}}このメンバーは『みらくらぱーく！』以外のメンバーカードとのバトンタッチで控え室に置けない。", "このメンバーは『みらくらぱーく！』以外のメンバーカードとのバトンタッチで控え室に置けない。", "このメンバーは『みらくらぱーく！』以外のメンバーカードとのバトンタッチで控え室に置けない", "{{live_success.png|ライブ成功時}}このメンバーをウェイトにし、次のターンのアクティブフェイズにアクティブしない。", "このメンバーをウェイトにし、次のターンのアクティブフェイズにアクティブしない。", "このメンバーをウェイトにし、次のターンのアクティブフェイズにアクティブしない", "次のターンのアクティブフェイズにアクティブしない", "{{toujyou.png|登場}}/{{live_start.png|ライブ開始時}}自分のデッキの一番上のカードを見る。それをデッキの一番下に置いてもよい。", "自分のデッキの一番上のカードを見る。それをデッキの一番下に置いてもよい。", "自分のデッキの一番上のカードを見る。それをデッキの一番下に置いてもよい", "自分のデッキの一番上のカードを見る", "それをデッキの一番下に置いてもよい", "{{toujyou.png|登場}}以下から1つを選ぶ。\n・ライブ終了時まで、自分のステージにいる元々持つ{{icon_blade.png|ブレード}}の数が3つ以下の『Aqours』のメンバーは、相手の効果によってはウェイトしない。\n・このメンバーを『Aqours』か『SaintSnow』のメンバーがいるエリアにポジションチェンジする。", "以下から1つを選ぶ。\n・ライブ終了時まで、自分のステージにいる元々持つ{{icon_blade.png|ブレード}}の数が3つ以下の『Aqours』のメンバーは、相手の効果によってはウェイトしない。\n・このメンバーを『Aqours』か『SaintSnow』のメンバーがいるエリアにポジションチェンジする。", "以下から1つを選ぶ。\n・ライブ終了時まで、自分のステージにいる元々持つ{{icon_blade.png|ブレード}}の数が3つ以下の『Aqours』のメンバーは、相手の効果によってはウェイトしない。\n・このメンバーを『Aqours』か『SaintSnow』のメンバーがいるエリアにポジションチェンジする", "ライブ終了時まで、自分のステージにいる元々持つ{{icon_blade.png|ブレード}}の数が3つ以下の『Aqours』のメンバーは、相手の効果によってはウェイトしない。", "cannot_wait_by_effect", "{{toujyou.png|登場}}自分の控え室にあるメンバーカード1枚を、自分のステージにいるメンバー1人の下に置く。", "自分の控え室にあるメンバーカード1枚を、自分のステージにいるメンバー1人の下に置く。", "自分の控え室にあるメンバーカード1枚を、自分のステージにいるメンバー1人の下に置く", "{{jyouji.png|常時}}自分のステージにいる、メンバーカードが下に置かれている『Aqours』のメンバーは、{{icon_blade.png|ブレード}}を得る。", "自分のステージにいる、メンバーカードが下に置かれている『Aqours』のメンバーは、{{icon_blade.png|ブレード}}を得る。", "自分のステージにいる、メンバーカードが下に置かれている『Aqours』のメンバーは、{{icon_blade.png|ブレード}}を得る", "{{kidou.png|起動}}{{center.png|センター}}{{turn1.png|ターン1回}}手札を2枚控え室に置く：このメンバーと自分のステージにいるほかの『Aqours』のメンバー1人を選ぶ。それらが持つ{{toujyou.png|登場}}能力それぞれ1つを発動させる。", "{{center.png|センター}}手札を2枚控え室に置く：このメンバーと自分のステージにいるほかの『Aqours』のメンバー1人を選ぶ。それらが持つ{{toujyou.png|登場}}能力それぞれ1つを発動させる。", "{{center.png|センター}}手札を2枚控え室に置く", "このメンバーと自分のステージにいるほかの『Aqours』のメンバー1人を選ぶ。それらが持つ{{toujyou.png|登場}}能力それぞれ1つを発動させる", "このメンバーと自分のステージにいるほかの『Aqours』のメンバー1人を選ぶ", "それらが持つ{{toujyou.png|登場}}能力それぞれ1つを発動させる", "それらが持つ{{toujyou.png|登場}}能力", "{{toujyou.png|登場}}自分の控え室からコスト2以下のメンバーカードを1枚手札に加える。これによって「津島善子」か「黒澤ルビィ」を手札に加えた場合、そのカードを自分のステージのメンバーのいないエリアに登場させてもよい。", "自分の控え室からコスト2以下のメンバーカードを1枚手札に加える。これによって「津島善子」か「黒澤ルビィ」を手札に加えた場合、そのカードを自分のステージのメンバーのいないエリアに登場させてもよい。", "自分の控え室からコスト2以下のメンバーカードを1枚手札に加える。これによって「津島善子」か「黒澤ルビィ」を手札に加えた場合、そのカードを自分のステージのメンバーのいないエリアに登場させてもよい", "これによって「津島善子」か「黒澤ルビィ」を手札に加えた場合", "黒澤ルビィ", "そのカードを自分のステージのメンバーのいないエリアに登場させてもよい", "{{live_start.png|ライブ開始時}}自分の控え室から『Aqours』のメンバーカードを3枚まで好きな順番でデッキの下に置く。ライブ終了時まで、これによりデッキに置かれたカード1枚につき、{{icon_blade.png|ブレード}}を得る。", "自分の控え室から『Aqours』のメンバーカードを3枚まで好きな順番でデッキの下に置く。ライブ終了時まで、これによりデッキに置かれたカード1枚につき、{{icon_blade.png|ブレード}}を得る。", "自分の控え室から『Aqours』のメンバーカードを3枚まで好きな順番でデッキの下に置く。ライブ終了時まで、これによりデッキに置かれたカード1枚につき、{{icon_blade.png|ブレード}}を得る", "自分の控え室から『Aqours』のメンバーカードを3枚まで好きな順番でデッキの下に置く", "これによりデッキに置かれたカード1枚につき、{{icon_blade.png|ブレード}}を得る", "{{kidou.png|起動}}{{turn1.png|ターン1回}}デッキの上からカードを5枚控え室に置く：自分の控え室にあるコスト17以下の『虹ヶ咲』のメンバーカード1枚をこのメンバーの下に置く。そうしたとき、ライブ終了時まで、このメンバーが元々持つハートは、これにより下に置いたメンバーカードが持つハートと同じになる。", "デッキの上からカードを5枚控え室に置く：自分の控え室にあるコスト17以下の『虹ヶ咲』のメンバーカード1枚をこのメンバーの下に置く。そうしたとき、ライブ終了時まで、このメンバーが元々持つハートは、これにより下に置いたメンバーカードが持つハートと同じになる。", "自分の控え室にあるコスト17以下の『虹ヶ咲』のメンバーカード1枚をこのメンバーの下に置く。そうしたとき、ライブ終了時まで、このメンバーが元々持つハートは、これにより下に置いたメンバーカードが持つハートと同じになる", "自分の控え室にあるコスト17以下の『虹ヶ咲』のメンバーカード1枚をこのメンバーの下に置く。", "ライブ終了時まで、このメンバーが元々持つハートは、これにより下に置いたメンバーカードが持つハートと同じになる", "ref_value", "placed_under", "{{live_start.png|ライブ開始時}}ライブ終了時まで、このメンバーの下に置かれている名前の異なるメンバーカード1枚につき、{{icon_blade.png|ブレード}}を得る。", "ライブ終了時まで、このメンバーの下に置かれている名前の異なるメンバーカード1枚につき、{{icon_blade.png|ブレード}}を得る。", "このメンバーの下に置かれている名前の異なるメンバーカード1枚につき、{{icon_blade.png|ブレード}}を得る", "{{kidou.png|起動}}{{turn1.png|ターン1回}}{{icon_energy.png|E}}：自分のデッキの上からカードを4枚見る。その後、それらを好きな順番でデッキの上に置く。", "{{icon_energy.png|E}}：自分のデッキの上からカードを4枚見る。その後、それらを好きな順番でデッキの上に置く。", "自分のデッキの上からカードを4枚見る。その後、それらを好きな順番でデッキの上に置く", "自分のデッキの上からカードを4枚見る", "{{kidou.png|起動}}{{turn2.png|ターン2回}}デッキの上からカードを3枚控え室に置く：これにより控え室に置いたカードの中に『虹ヶ咲』のライブカードかブレードハートを持たない『虹ヶ咲』のメンバーカードがある場合、以下から1つを選ぶ。\n・エネルギーを2枚アクティブにする。\n・ライブ終了時まで、{{icon_blade.png|ブレード}}{{icon_blade.png|ブレード}}を得る。", "デッキの上からカードを3枚控え室に置く：これにより控え室に置いたカードの中に『虹ヶ咲』のライブカードかブレードハートを持たない『虹ヶ咲』のメンバーカードがある場合、以下から1つを選ぶ。\n・エネルギーを2枚アクティブにする。\n・ライブ終了時まで、{{icon_blade.png|ブレード}}{{icon_blade.png|ブレード}}を得る。", "これにより控え室に置いたカードの中に『虹ヶ咲』のライブカードかブレードハートを持たない『虹ヶ咲』のメンバーカードがある場合、以下から1つを選ぶ。\n・エネルギーを2枚アクティブにする。\n・ライブ終了時まで、{{icon_blade.png|ブレード}}{{icon_blade.png|ブレード}}を得る", "{{jyouji.png|常時}}このメンバーの下にあるエネルギーカード1枚につき、{{heart_02.png|heart02}}を得る。", "このメンバーの下にあるエネルギーカード1枚につき、{{heart_02.png|heart02}}を得る。", "このメンバーの下にあるエネルギーカード1枚につき、{{heart_02.png|heart02}}を得る", "{{jyouji.png|常時}}自分のエネルギーが6枚より多いかぎり、その差に等しい数の{{heart_02.png|heart02}}を得る。", "自分のエネルギーが6枚より多いかぎり、その差に等しい数の{{heart_02.png|heart02}}を得る。", "その差に等しい数の{{heart_02.png|heart02}}を得る", "自分のエネルギーが6枚より多いかぎり", "{{live_success.png|ライブ成功時}}自分のエネルギーデッキから、エネルギーカード1枚をこのメンバーの下に置く。", "自分のエネルギーデッキから、エネルギーカード1枚をこのメンバーの下に置く。", "自分のエネルギーデッキから、エネルギーカード1枚をこのメンバーの下に置く", "{{jidou.png|自動}}このカードがデッキから控え室に置かれたとき、手札を1枚控え室に置いてもよい。そうしたとき、控え室からこのカードを手札に加える。", "このカードがデッキから控え室に置かれたとき、手札を1枚控え室に置いてもよい。そうしたとき、控え室からこのカードを手札に加える。", "このカードがデッキから控え室に置かれたとき、手札を1枚控え室に置いてもよい。そうしたとき、控え室からこのカードを手札に加える", "このカードがデッキから控え室に置かれたとき", "{{jyouji.png|常時}}このカードをプレイする際、自分の控え室にあるすべてのメンバーカードをシャッフルし、デッキの下に置いてもよい。そうしたとき、このカードのコストは２減る。", "このカードをプレイする際、自分の控え室にあるすべてのメンバーカードをシャッフルし、デッキの下に置いてもよい。そうしたとき、このカードのコストは２減る。", "このカードをプレイする際、自分の控え室にあるすべてのメンバーカードをシャッフルし、デッキの下に置いてもよい。そうしたとき、このカードのコストは2減る", "このカードをプレイする際、自分の控え室にあるすべてのメンバーカードをシャッフルし、デッキの下に置いてもよい。そうしたとき", "{{live_success.png|ライブ成功時}}自分の控え室にある『虹ヶ咲』のカード1枚をデッキの一番上に置いてもよい。", "自分の控え室にある『虹ヶ咲』のカード1枚をデッキの一番上に置いてもよい。", "自分の控え室にある『虹ヶ咲』のカード1枚をデッキの一番上に置いてもよい", "{{jyouji.png|常時}}このメンバーの下に置かれているメンバーカード1枚につき、{{icon_blade.png|ブレード}}を得る。", "このメンバーの下に置かれているメンバーカード1枚につき、{{icon_blade.png|ブレード}}を得る。", "このメンバーの下に置かれているメンバーカード1枚につき、{{icon_blade.png|ブレード}}を得る", "{{jyouji.png|常時}}このメンバーの下にメンバーカードが3枚以上置かれているかぎり、ライブの合計スコアを＋１する。", "このメンバーの下にメンバーカードが3枚以上置かれているかぎり、ライブの合計スコアを＋１する。", "このメンバーの下にメンバーカードが3枚以上置かれているかぎり", "{{kidou.png|起動}}{{turn1.png|ターン1回}}手札のコストが10か20のメンバーカードを1枚公開する：これにより公開したカードをこのメンバーの下に置く。その後、カードを2枚引く。", "手札のコストが10か20のメンバーカードを1枚公開する：これにより公開したカードをこのメンバーの下に置く。その後、カードを2枚引く。", "手札のコストが10か20のメンバーカードを1枚公開する", "これにより公開したカードをこのメンバーの下に置く。その後、カードを2枚引く", "{{jidou.png|自動}}{{turn1.png|ターン1回}}このメンバーが登場するか、自分のエネルギーがエネルギー置き場からエネルギーデッキに置かれたとき、自分のエネルギーデッキから、エネルギーカードを1枚ウェイト状態で置く。そのエネルギーカードは、次のターンのアクティブフェイズにアクティブしない。", "このメンバーが登場するか、自分のエネルギーがエネルギー置き場からエネルギーデッキに置かれたとき、自分のエネルギーデッキから、エネルギーカードを1枚ウェイト状態で置く。そのエネルギーカードは、次のターンのアクティブフェイズにアクティブしない。", "このメンバーが登場するか、自分のエネルギーがエネルギー置き場からエネルギーデッキに置かれたとき、自分のエネルギーデッキから、エネルギーカードを1枚ウェイト状態で置く。そのエネルギーカードは、次のターンのアクティブフェイズにアクティブしない", "このメンバーが登場", "自分のエネルギーがエネルギー置き場からエネルギーデッキに置かれたとき", "このメンバーが登場するか、自分のエネルギーがエネルギー置き場からエネルギーデッキに置かれたとき", "{{jidou.png|自動}}{{turn2.png|ターン2回}}自分のカードの効果によって、自分のエネルギー置き場にエネルギーが置かれたとき、ライブ終了時まで、{{icon_blade.png|ブレード}}を得る。", "{{toujyou.png|登場}}エネルギー置き場にあるエネルギー1枚をエネルギーデッキに置いてもよい：自分の控え室にある『Liella!』のメンバーカードを1枚手札に加える。", "エネルギー置き場にあるエネルギー1枚をエネルギーデッキに置いてもよい：自分の控え室にある『Liella!』のメンバーカードを1枚手札に加える。", "自分の控え室にある『Liella!』のメンバーカードを1枚手札に加える", "{{live_success.png|ライブ成功時}}{{center.png|センター}}このターン、自分のエネルギーがエネルギー置き場からエネルギーデッキに置かれていた場合、ライブの合計スコアを＋１する。", "{{center.png|センター}}このターン、自分のエネルギーがエネルギー置き場からエネルギーデッキに置かれていた場合、ライブの合計スコアを＋１する。", "このターン、自分のエネルギーがエネルギー置き場からエネルギーデッキに置かれていた場合、ライブの合計スコアを+1する", "このターン、自分のエネルギーがエネルギー置き場からエネルギーデッキに置かれていた場合", "{{live_start.png|ライブ開始時}}エネルギー置き場にあるエネルギー2枚をエネルギーデッキに置いてもよい：ライブ終了時まで、{{icon_blade.png|ブレード}}{{icon_blade.png|ブレード}}{{icon_blade.png|ブレード}}を得る。", "エネルギー置き場にあるエネルギー2枚をエネルギーデッキに置いてもよい：ライブ終了時まで、{{icon_blade.png|ブレード}}{{icon_blade.png|ブレード}}{{icon_blade.png|ブレード}}を得る。", "エネルギー置き場にあるエネルギー2枚をエネルギーデッキに置いてもよい", "{{live_success.png|ライブ成功時}}自分のエネルギーデッキから、エネルギーカードを2枚ウェイト状態で置く。それらのエネルギーカードは、次のターンのアクティブフェイズにアクティブしない。", "自分のエネルギーデッキから、エネルギーカードを2枚ウェイト状態で置く。それらのエネルギーカードは、次のターンのアクティブフェイズにアクティブしない。", "自分のエネルギーデッキから、エネルギーカードを2枚ウェイト状態で置く。それらのエネルギーカードは、次のターンのアクティブフェイズにアクティブしない", "自分のエネルギーデッキから、エネルギーカードを2枚ウェイト状態で置く", "それらのエネルギーカードは、次のターンのアクティブフェイズにアクティブしない", "{{live_success.png|ライブ成功時}}自分のエネルギーが相手より多い場合、エネルギーを6枚アクティブにする。", "自分のエネルギーが相手より多い場合、エネルギーを6枚アクティブにする。", "自分のエネルギーが相手より多い場合、エネルギーを6枚アクティブにする", "{{toujyou.png|登場}}手札を1枚控え室に置いてもよい：自分のデッキの上からカードを5枚見る。その中からメンバーカードを1枚公開して手札に加えてもよい。残りを控え室に置く。", "手札を1枚控え室に置いてもよい：自分のデッキの上からカードを5枚見る。その中からメンバーカードを1枚公開して手札に加えてもよい。残りを控え室に置く。", "{{toujyou.png|登場}}以下から1つを選ぶ。\n・カードを1枚引き、手札を1枚控え室に置く。\n・相手のステージにいるすべてのコスト2以下のメンバーをウェイトにする。", "以下から1つを選ぶ。\n・カードを1枚引き、手札を1枚控え室に置く。\n・相手のステージにいるすべてのコスト2以下のメンバーをウェイトにする。", "以下から1つを選ぶ。\n・カードを1枚引き、手札を1枚控え室に置く。\n・相手のステージにいるすべてのコスト2以下のメンバーをウェイトにする", "相手のステージにいるすべてのコスト2以下のメンバーをウェイトにする", "{{kidou.png|起動}}{{turn1.png|ターン1回}}このメンバーをウェイトにし、手札を1枚控え室に置く：カードを1枚引く。", "このメンバーをウェイトにし、手札を1枚控え室に置く：カードを1枚引く。", "{{jyouji.png|常時}}相手のエネルギーが自分より多い場合、{{icon_blade.png|ブレード}}{{icon_blade.png|ブレード}}{{icon_blade.png|ブレード}}を得る。", "相手のエネルギーが自分より多い場合、{{icon_blade.png|ブレード}}{{icon_blade.png|ブレード}}{{icon_blade.png|ブレード}}を得る。", "相手のエネルギーが自分より多い場合、{{icon_blade.png|ブレード}}{{icon_blade.png|ブレード}}{{icon_blade.png|ブレード}}を得る", "{{toujyou.png|登場}}ライブ終了時まで、{{icon_blade.png|ブレード}}を得る。", "ライブ終了時まで、{{icon_blade.png|ブレード}}を得る。", "{{jyouji.png|常時}}自分か相手のステージにコスト13以上のメンバーがいる場合、{{icon_blade.png|ブレード}}{{icon_blade.png|ブレード}}を得る。", "自分か相手のステージにコスト13以上のメンバーがいる場合、{{icon_blade.png|ブレード}}{{icon_blade.png|ブレード}}を得る。", "自分か相手のステージにコスト13以上のメンバーがいる場合、{{icon_blade.png|ブレード}}{{icon_blade.png|ブレード}}を得る", "自分か相手のステージにコスト13以上のメンバーがいる場合", "{{kidou.png|起動}}{{icon_energy.png|E}}{{icon_energy.png|E}}このメンバーをステージから控え室に置く：自分の手札からコスト13以下の「優木せつ菜」のメンバーカードを1枚、このメンバーがいたエリアに登場させる。その後、自分のエネルギー置き場にあるエネルギー1枚をそのメンバーの下に置く。（メンバーの下に置かれているエネルギーカードではコストを支払えない。メンバーがステージから離れたとき、下に置かれているエネルギーカードはエネルギーデッキに置く。）", "{{icon_energy.png|E}}{{icon_energy.png|E}}このメンバーをステージから控え室に置く：自分の手札からコスト13以下の「優木せつ菜」のメンバーカードを1枚、このメンバーがいたエリアに登場させる。その後、自分のエネルギー置き場にあるエネルギー1枚をそのメンバーの下に置く。（メンバーの下に置かれているエネルギーカードではコストを支払えない。メンバーがステージから離れたとき、下に置かれているエネルギーカードはエネルギーデッキに置く。）", "自分の手札からコスト13以下の「優木せつ菜」のメンバーカードを1枚、このメンバーがいたエリアに登場させる。その後、自分のエネルギー置き場にあるエネルギー1枚をそのメンバーの下に置く", "自分の手札からコスト13以下の「優木せつ菜」のメンバーカードを1枚、このメンバーがいたエリアに登場させる", "自分のエネルギー置き場にあるエネルギー1枚をそのメンバーの下に置く", "{{kidou.png|起動}}{{turn1.png|ターン1回}}手札をすべて公開する：自分のステージにほかのメンバーがおり、かつこれにより公開した手札の中にライブカードがない場合、自分のデッキの上からカードを5枚見る。その中からライブカードを1枚公開して手札に加えてもよい。残りを控え室に置く。", "手札をすべて公開する：自分のステージにほかのメンバーがおり、かつこれにより公開した手札の中にライブカードがない場合、自分のデッキの上からカードを5枚見る。その中からライブカードを1枚公開して手札に加えてもよい。残りを控え室に置く。", "手札をすべて公開する", "自分のステージにほかのメンバーがおり、", "これにより公開した手札の中にライブカードがない場合", "自分のステージにほかのメンバーがおり、かつこれにより公開した手札の中にライブカードがない場合", "{{live_success.png|ライブ成功時}}手札を1枚控え室に置いてもよい：エールにより公開された自分のカードの中から、コスト2以下のメンバーカードか、スコア２以下のライブカードを1枚手札に加える。", "手札を1枚控え室に置いてもよい：エールにより公開された自分のカードの中から、コスト2以下のメンバーカードか、スコア２以下のライブカードを1枚手札に加える。", "エールにより公開された自分のカードの中から、コスト2以下のメンバーカードか、スコア2以下のライブカードを1枚手札に加える", "{{jyouji.png|常時}}ステージのセンターエリアにいる場合、{{icon_blade.png|ブレード}}{{icon_blade.png|ブレード}}{{icon_blade.png|ブレード}}{{icon_blade.png|ブレード}}{{icon_blade.png|ブレード}}を得る。", "ステージのセンターエリアにいる場合、{{icon_blade.png|ブレード}}{{icon_blade.png|ブレード}}{{icon_blade.png|ブレード}}{{icon_blade.png|ブレード}}{{icon_blade.png|ブレード}}を得る。", "ステージのセンターエリアにいる場合、{{icon_blade.png|ブレード}}{{icon_blade.png|ブレード}}{{icon_blade.png|ブレード}}{{icon_blade.png|ブレード}}{{icon_blade.png|ブレード}}を得る", "ステージのセンターエリアにいる場合", "{{live_start.png|ライブ開始時}}{{icon_energy.png|E}}{{icon_energy.png|E}}支払わないかぎり、自分の手札を2枚控え室に置く。", "{{icon_energy.png|E}}{{icon_energy.png|E}}支払わないかぎり、自分の手札を2枚控え室に置く。", "自分の手札を2枚控え室に置く", "{{live_success.png|ライブ成功時}}{{icon_energy.png|E}}{{icon_energy.png|E}}{{icon_energy.png|E}}{{icon_energy.png|E}}{{icon_energy.png|E}}{{icon_energy.png|E}}支払ってもよい：ライブの合計スコアを＋１する。", "{{icon_energy.png|E}}{{icon_energy.png|E}}{{icon_energy.png|E}}{{icon_energy.png|E}}{{icon_energy.png|E}}{{icon_energy.png|E}}支払ってもよい：ライブの合計スコアを＋１する。", "{{toujyou.png|登場}}自分のエネルギーが7枚以上ある場合、カードを1枚引く。", "自分のエネルギーが7枚以上ある場合、カードを1枚引く。", "自分のエネルギーが7枚以上ある場合、カードを1枚引く", "{{live_start.png|ライブ開始時}}手札を1枚控え室に置いてもよい：ライブ終了時まで、{{icon_blade.png|ブレード}}を得る。これによりライブカードを控え室に置いた場合、さらにカードを1枚引く。", "手札を1枚控え室に置いてもよい：ライブ終了時まで、{{icon_blade.png|ブレード}}を得る。これによりライブカードを控え室に置いた場合、さらにカードを1枚引く。", "{{icon_blade.png|ブレード}}を得る。これによりライブカードを控え室に置いた場合、さらにカードを1枚引く", "これによりライブカードを控え室に置いた場合", "さらにカードを1枚引く", "{{toujyou.png|登場}}手札を3枚まで控え室に置いてもよい：これにより置いた枚数分カードを引く。", "手札を3枚まで控え室に置いてもよい：これにより置いた枚数分カードを引く。", "手札を3枚まで控え室に置いてもよい", "これにより置いた枚数分カードを引く", "{{live_start.png|ライブ開始時}}{{icon_energy.png|E}}{{icon_energy.png|E}}支払ってもよい：ライブ終了時まで、{{icon_blade.png|ブレード}}を得る。", "{{icon_energy.png|E}}{{icon_energy.png|E}}支払ってもよい：ライブ終了時まで、{{icon_blade.png|ブレード}}を得る。", "{{toujyou.png|登場}}{{icon_energy.png|E}}支払ってもよい：自分のデッキの上からカードを3枚見る。その中から1枚を手札に加え、残りを控え室に置く。", "{{icon_energy.png|E}}支払ってもよい：自分のデッキの上からカードを3枚見る。その中から1枚を手札に加え、残りを控え室に置く。", "{{live_start.png|ライブ開始時}}自分の、ステージと控え室に名前の異なる『Liella!』のメンバーが5人以上いる場合、このカードを成功させるための必要ハートは{{heart_02.png|heart02}}{{heart_02.png|heart02}}{{heart_03.png|heart03}}{{heart_03.png|heart03}}{{heart_06.png|heart06}}{{heart_06.png|heart06}}になる。", "自分の、ステージと控え室に名前の異なる『Liella!』のメンバーが5人以上いる場合、このカードを成功させるための必要ハートは{{heart_02.png|heart02}}{{heart_02.png|heart02}}{{heart_03.png|heart03}}{{heart_03.png|heart03}}{{heart_06.png|heart06}}{{heart_06.png|heart06}}になる。", "自分の、ステージと控え室に名前の異なる『Liella!』のメンバーが5人以上いる場合、このカードを成功させるための必要ハートは{{heart_02.png|heart02}}{{heart_02.png|heart02}}{{heart_03.png|heart03}}{{heart_03.png|heart03}}{{heart_06.png|heart06}}{{heart_06.png|heart06}}になる", "自分の、ステージと控え室に名前の異なる『Liella!』のメンバーが5人以上いる場合", "(エールで出た{{icon_score.png|スコア}}1つにつき、成功したライブのスコアの合計に1を加算する。)", "{{toujyou.png|登場}}自分のデッキの上からカードを5枚見る。その中から『虹ヶ咲』のライブカードを1枚まで公開して手札に加えてもよい。残りを控え室に置く。", "自分のデッキの上からカードを5枚見る。その中から『虹ヶ咲』のライブカードを1枚まで公開して手札に加えてもよい。残りを控え室に置く。", "{{live_start.png|ライブ開始時}}{{icon_energy.png|E}}支払ってもよい：ライブ終了時まで、自分のステージにいるほかの『虹ヶ咲』のメンバーは{{icon_blade.png|ブレード}}を得る。", "{{icon_energy.png|E}}支払ってもよい：ライブ終了時まで、自分のステージにいるほかの『虹ヶ咲』のメンバーは{{icon_blade.png|ブレード}}を得る。", "自分のステージにいるほかの『虹ヶ咲』のメンバーは{{icon_blade.png|ブレード}}を得る", "{{live_start.png|ライブ開始時}}手札を1枚控え室に置いてもよい：ライブ終了時まで、{{icon_blade.png|ブレード}}{{icon_blade.png|ブレード}}を得る。", "手札を1枚控え室に置いてもよい：ライブ終了時まで、{{icon_blade.png|ブレード}}{{icon_blade.png|ブレード}}を得る。", "{{live_start.png|ライブ開始時}}手札を2枚控え室に置いてもよい：ライブ終了時まで、{{icon_blade.png|ブレード}}{{icon_blade.png|ブレード}}{{icon_blade.png|ブレード}}{{icon_blade.png|ブレード}}{{icon_blade.png|ブレード}}を得る。", "手札を2枚控え室に置いてもよい：ライブ終了時まで、{{icon_blade.png|ブレード}}{{icon_blade.png|ブレード}}{{icon_blade.png|ブレード}}{{icon_blade.png|ブレード}}{{icon_blade.png|ブレード}}を得る。", "{{icon_blade.png|ブレード}}{{icon_blade.png|ブレード}}{{icon_blade.png|ブレード}}{{icon_blade.png|ブレード}}{{icon_blade.png|ブレード}}を得る", "{{kidou.png|起動}}{{turn1.png|ターン1回}}{{icon_energy.png|E}}{{icon_energy.png|E}}：自分のエネルギーデッキから、エネルギーカードを1枚ウェイト状態で置く。", "{{icon_energy.png|E}}{{icon_energy.png|E}}：自分のエネルギーデッキから、エネルギーカードを1枚ウェイト状態で置く。", "{{live_start.png|ライブ開始時}}自分のステージにいる、このターン中に登場、またはエリアを移動した『5yncri5e!』のメンバー1人につき、このカードを成功させるための必要ハートを{{heart_00.png|heart0}}減らす。", "自分のステージにいる、このターン中に登場、またはエリアを移動した『5yncri5e!』のメンバー1人につき、このカードを成功させるための必要ハートを{{heart_00.png|heart0}}減らす。", "自分のステージにいる、このターン中に登場、またはエリアを移動した『5yncri5e!』のメンバー1人につき、このカードを成功させるための必要ハートを{{heart_00.png|heart0}}減らす", "appeared_or_moved_this_turn", "{{toujyou.png|登場}}自分の控え室からカードを1枚までデッキの一番上に置く。", "自分の控え室からカードを1枚までデッキの一番上に置く。", "自分の控え室からカードを1枚までデッキの一番上に置く", "{{live_success.png|ライブ成功時}}自分の手札の枚数が相手より多い場合、このカードのスコアを＋１する。", "自分の手札の枚数が相手より多い場合、このカードのスコアを＋１する。", "自分の手札の枚数が相手より多い場合、このカードのスコアを+1する", "自分の手札の枚数が相手より多い場合", "{{jyouji.png|常時}}すべての領域にあるこのカードは『スリーズブーケ』、『DOLLCHESTRA』、『みらくらぱーく！』として扱う。", "すべての領域にあるこのカードは『スリーズブーケ』、『DOLLCHESTRA』、『みらくらぱーく！』として扱う。", "すべての領域にあるこのカードは『スリーズブーケ』、『DOLLCHESTRA』、『みらくらぱーく！』として扱う", "set_card_identity", "identities", "all_regions", "{{kidou.png|起動}}{{turn1.png|ターン1回}}手札を2枚控え室に置く：自分の控え室から『μ's』のライブカードを1枚手札に加える。この能力は、自分の成功ライブカード置き場にあるカードのスコアの合計が６以上の場合のみ起動できる。", "手札を2枚控え室に置く：自分の控え室から『μ's』のライブカードを1枚手札に加える。この能力は、自分の成功ライブカード置き場にあるカードのスコアの合計が６以上の場合のみ起動できる。", "{{live_start.png|ライブ開始時}}自分のセンターエリアにいる『Liella!』のメンバーのコストが、相手のセンターエリアにいるメンバーより高い場合、このカードのスコアを＋１する。", "自分のセンターエリアにいる『Liella!』のメンバーのコストが、相手のセンターエリアにいるメンバーより高い場合、このカードのスコアを＋１する。", "自分のセンターエリアにいる『Liella!』のメンバーのコストが、相手のセンターエリアにいるメンバーより高い場合、このカードのスコアを+1する", "自分のセンターエリアにいる『Liella!』のメンバーのコストが、相手のセンターエリアにいるメンバーより高い場合", "{{live_start.png|ライブ開始時}}自分のステージの左サイドエリアにいる『Liella!』のメンバーが{{heart_02.png|heart02}}を3つ以上持つ場合、そのメンバーは、ライブ終了時まで、{{icon_blade.png|ブレード}}{{icon_blade.png|ブレード}}を得る。", "自分のステージの左サイドエリアにいる『Liella!』のメンバーが{{heart_02.png|heart02}}を3つ以上持つ場合、そのメンバーは、ライブ終了時まで、{{icon_blade.png|ブレード}}{{icon_blade.png|ブレード}}を得る。", "自分のステージの左サイドエリアにいる『Liella!』のメンバーが{{heart_02.png|heart02}}を3つ以上持つ場合、そのメンバーは、ライブ終了時まで、{{icon_blade.png|ブレード}}{{icon_blade.png|ブレード}}を得る", "自分のステージの左サイドエリアにいる『Liella!』のメンバーが{{heart_02.png|heart02}}を3つ以上持つ場合", "{{toujyou.png|登場}}このメンバーをウェイトにし、手札を1枚控え室に置いてもよい：自分のデッキの上からカードを5枚見る。その中からコスト9以上の『μ's』のメンバーカードを1枚公開して手札に加えてもよい。残りを控え室に置く。", "このメンバーをウェイトにし、手札を1枚控え室に置いてもよい：自分のデッキの上からカードを5枚見る。その中からコスト9以上の『μ's』のメンバーカードを1枚公開して手札に加えてもよい。残りを控え室に置く。", "{{toujyou.png|登場}}自分の成功ライブカード置き場にあるカードのスコアの合計が６以上の場合、自分のエネルギーデッキから、エネルギーカードを1枚アクティブ状態で置く。", "自分の成功ライブカード置き場にあるカードのスコアの合計が６以上の場合、自分のエネルギーデッキから、エネルギーカードを1枚アクティブ状態で置く。", "自分の成功ライブカード置き場にあるカードのスコアの合計が6以上の場合、自分のエネルギーデッキから、エネルギーカードを1枚アクティブ状態で置く", "{{live_start.png|ライブ開始時}}自分のライブカード置き場にカードが2枚以上ある場合、カードを1枚引く。", "自分のライブカード置き場にカードが2枚以上ある場合、カードを1枚引く。", "自分のライブカード置き場にカードが2枚以上ある場合、カードを1枚引く", "{{toujyou.png|登場}}このメンバーよりコストが低いメンバーからバトンタッチして登場した場合、自分と相手はそれぞれ自身の手札の枚数が3枚になるまで手札を控え室に置き、その後、自分と相手はそれぞれカードを3枚引く。", "このメンバーよりコストが低いメンバーからバトンタッチして登場した場合、自分と相手はそれぞれ自身の手札の枚数が3枚になるまで手札を控え室に置き、その後、自分と相手はそれぞれカードを3枚引く。", "このメンバーよりコストが低いメンバーからバトンタッチして登場した場合、自分と相手はそれぞれ自身の手札の枚数が3枚になるまで手札を控え室に置き、その後、自分と相手はそれぞれカードを3枚引く", "このメンバーよりコストが低いメンバーからバトンタッチして登場した場合、自分と相手はそれぞれ自身の手札の枚数が3枚になるまで手札を控え室に置き、", "discard_until_count", "自分と相手はそれぞれカードを3枚引く", "{{jyouji.png|常時}}自分の成功ライブカード置き場にあるカードのスコアの合計が６以上であるかぎり、{{heart_03.png|heart03}}{{heart_03.png|heart03}}を得る。", "自分の成功ライブカード置き場にあるカードのスコアの合計が６以上であるかぎり、{{heart_03.png|heart03}}{{heart_03.png|heart03}}を得る。", "{{kidou.png|起動}}{{turn1.png|ターン1回}}手札を2枚控え室に置く：自分の控え室から必要ハートに{{heart_06.png|heart06}}を3以上含むライブカードを1枚手札に加える。", "手札を2枚控え室に置く：自分の控え室から必要ハートに{{heart_06.png|heart06}}を3以上含むライブカードを1枚手札に加える。", "自分の控え室から必要ハートに{{heart_06.png|heart06}}を3以上含むライブカードを1枚手札に加える", "{{toujyou.png|登場}}手札のブレードハートを持たないメンバーカードを2枚まで控え室に置いてもよい：自分の控え室から、これにより控え室に置いたカードと同じ枚数の『Aqours』のライブカードを手札に加える。", "手札のブレードハートを持たないメンバーカードを2枚まで控え室に置いてもよい：自分の控え室から、これにより控え室に置いたカードと同じ枚数の『Aqours』のライブカードを手札に加える。", "手札のブレードハートを持たないメンバーカードを2枚まで控え室に置いてもよい", "自分の控え室から、これにより控え室に置いたカードと同じ枚数の『Aqours』のライブカードを手札に加える", "{{toujyou.png|登場}}以下から1つを選ぶ。\n・自分のステージにいるこのメンバー以外の『Aqours』のメンバー1人は、ライブ終了時まで、{{icon_blade.png|ブレード}}を得る。\n・自分のステージにいる『SaintSnow』のメンバー1人をポジションチェンジさせる。(このメンバーを今いるエリア以外のエリアに移動させる。そのエリアにメンバーがいる場合、そのメンバーはこのメンバーがいたエリアに移動させる。)", "以下から1つを選ぶ。\n・自分のステージにいるこのメンバー以外の『Aqours』のメンバー1人は、ライブ終了時まで、{{icon_blade.png|ブレード}}を得る。\n・自分のステージにいる『SaintSnow』のメンバー1人をポジションチェンジさせる。(このメンバーを今いるエリア以外のエリアに移動させる。そのエリアにメンバーがいる場合、そのメンバーはこのメンバーがいたエリアに移動させる。)", "以下から1つを選ぶ。\n・自分のステージにいるこのメンバー以外の『Aqours』のメンバー1人は、ライブ終了時まで、{{icon_blade.png|ブレード}}を得る。\n・自分のステージにいる『SaintSnow』のメンバー1人をポジションチェンジさせる", "自分のステージにいるこのメンバー以外の『Aqours』のメンバー1人は、ライブ終了時まで、{{icon_blade.png|ブレード}}を得る。", "自分のステージにいる『SaintSnow』のメンバー1人をポジションチェンジさせる", "{{toujyou.png|登場}}このメンバーをウェイトにし、手札を1枚控え室に置いてもよい：自分のデッキの上からカードを5枚見る。その中からコスト9以上の『Aqours』のメンバーカードを1枚公開して手札に加えてもよい。残りを控え室に置く。", "このメンバーをウェイトにし、手札を1枚控え室に置いてもよい：自分のデッキの上からカードを5枚見る。その中からコスト9以上の『Aqours』のメンバーカードを1枚公開して手札に加えてもよい。残りを控え室に置く。", "{{live_success.png|ライブ成功時}}自分のデッキの上からカードを4枚見る。その中からハートに{{heart_04.png|heart04}}を2つ以上持つメンバーカードを1枚公開して手札に加えてもよい。残りを控え室に置く。", "自分のデッキの上からカードを4枚見る。その中からハートに{{heart_04.png|heart04}}を2つ以上持つメンバーカードを1枚公開して手札に加えてもよい。残りを控え室に置く。", "{{jyouji.png|常時}}相手の余剰ハートが2つ以上あるかぎり、自分のライブの合計スコアを＋１する。", "相手の余剰ハートが2つ以上あるかぎり、自分のライブの合計スコアを＋１する。", "自分のライブの合計スコアを+1する", "相手の余剰ハートが2つ以上あるかぎり", "{{toujyou.png|登場}}{{icon_energy.png|E}}支払ってもよい：自分の控え室から『SaintSnow』のカードを1枚手札に加える。そうした場合、ライブ終了時まで、{{icon_blade.png|ブレード}}{{icon_blade.png|ブレード}}を得る。", "{{icon_energy.png|E}}支払ってもよい：自分の控え室から『SaintSnow』のカードを1枚手札に加える。そうした場合、ライブ終了時まで、{{icon_blade.png|ブレード}}{{icon_blade.png|ブレード}}を得る。", "自分の控え室から『SaintSnow』のカードを1枚手札に加える。そうした場合、ライブ終了時まで、{{icon_blade.png|ブレード}}{{icon_blade.png|ブレード}}を得る", "自分の控え室から『SaintSnow』のカードを1枚手札に加える。", "{{toujyou.png|登場}}カードを1枚引き、手札を1枚デッキの一番下に置く。", "カードを1枚引き、手札を1枚デッキの一番下に置く。", "カードを1枚引き、手札を1枚デッキの一番下に置く", "手札を1枚デッキの一番下に置く", "{{jyouji.png|常時}}自分と相手のステージの中で、このメンバーがほかのすべてのメンバーより多くのハートを持つかぎり、ライブの合計スコアを＋１する。", "自分と相手のステージの中で、このメンバーがほかのすべてのメンバーより多くのハートを持つかぎり、ライブの合計スコアを＋１する。", "自分と相手のステージの中で、このメンバーがほかのすべてのメンバーより多くのハートを持つかぎり", "{{kidou.png|起動}}{{turn1.png|ターン1回}}手札を1枚控え室に置く：自分の控え室にあるライブカードを1枚選び、そのカードのスコアに等しい数の{{icon_energy.png|E}}を支払ってもよい。そうした場合、そのライブカードを手札に加える。", "手札を1枚控え室に置く：自分の控え室にあるライブカードを1枚選び、そのカードのスコアに等しい数の{{icon_energy.png|E}}を支払ってもよい。そうした場合、そのライブカードを手札に加える。", "自分の控え室にあるライブカードを1枚選び、そのカードのスコアに等しい数の{{icon_energy.png|E}}を支払ってもよい。そうした場合、そのライブカードを手札に加える", "自分の控え室にあるライブカードを1枚選び、", "そのカードのスコアに等しい数の{{icon_energy.png|E}}を支払ってもよい。", "selected_card_score", "そのライブカードを手札に加える", "{{toujyou.png|登場}}/{{live_start.png|ライブ開始時}}このメンバーをウェイトにしてもよい：相手のステージにいる元々持つ{{icon_blade.png|ブレード}}の数がちょうど4つのメンバー1人をウェイトにする。（ウェイト状態のメンバーが持つ{{icon_blade.png|ブレード}}は、エールで公開する枚数を増やさない。）", "このメンバーをウェイトにしてもよい：相手のステージにいる元々持つ{{icon_blade.png|ブレード}}の数がちょうど4つのメンバー1人をウェイトにする。（ウェイト状態のメンバーが持つ{{icon_blade.png|ブレード}}は、エールで公開する枚数を増やさない。）", "相手のステージにいる元々持つ{{icon_blade.png|ブレード}}の数がちょうど4つのメンバー1人をウェイトにする", "{{jyouji.png|常時}}このメンバーは自分のアクティブフェイズにアクティブにしない。", "このメンバーは自分のアクティブフェイズにアクティブにしない。", "このメンバーはアクティブにしない", "自分のアクティブフェイズに", "{{live_success.png|ライブ成功時}}自分のステージにこのメンバー以外のメンバーがいる場合、このメンバーをウェイトにする。", "自分のステージにこのメンバー以外のメンバーがいる場合、このメンバーをウェイトにする。", "自分のステージにこのメンバー以外のメンバーがいる場合、このメンバーをウェイトにする", "自分のステージにこのメンバー以外のメンバーがいる場合", "{{kidou.png|起動}}{{turn1.png|ターン1回}}エネルギー置き場にあるエネルギー1枚をこのメンバーの下に置く：エネルギーを2枚アクティブにする。", "エネルギー置き場にあるエネルギー1枚をこのメンバーの下に置く：エネルギーを2枚アクティブにする。", "{{toujyou.png|登場}}このメンバーをウェイトにし、手札を1枚控え室に置いてもよい：自分のデッキの上からカードを5枚見る。その中からコスト9以上の『虹ヶ咲』のメンバーカードを1枚公開して手札に加えてもよい。残りを控え室に置く。", "このメンバーをウェイトにし、手札を1枚控え室に置いてもよい：自分のデッキの上からカードを5枚見る。その中からコスト9以上の『虹ヶ咲』のメンバーカードを1枚公開して手札に加えてもよい。残りを控え室に置く。", "{{live_success.png|ライブ成功時}}自分が余剰ハートを持たない場合、ライブの合計スコアを＋１する。自分が余剰ハートを2つ以上持つ場合、ライブの合計スコアを－１する。この効果ではライブの合計スコアは０未満にはならない。", "自分が余剰ハートを持たない場合、ライブの合計スコアを＋１する。自分が余剰ハートを2つ以上持つ場合、ライブの合計スコアを－１する。この効果ではライブの合計スコアは０未満にはならない。", "自分が余剰ハートを持たない場合、ライブの合計スコアを+1する。自分が余剰ハートを2つ以上持つ場合、ライブの合計スコアを-1する。この効果ではライブの合計スコアは0未満にはならない", "自分が余剰ハートを持たない場合、ライブの合計スコアを+1する", "自分が余剰ハートを持たない場合", "自分が余剰ハートを2つ以上持つ場合、ライブの合計スコアを-1する", "自分が余剰ハートを2つ以上持つ場合", "remove", "{{toujyou.png|登場}}以下から1つを選ぶ。\n・自分の控え室にカード名が異なるライブカードが3枚以上ある場合、自分の控え室からライブカードを1枚手札に加える。\n・自分の控え室にグループ名が異なるライブカードが3枚以上ある場合、自分の控え室からライブカードを2枚手札に加える。", "以下から1つを選ぶ。\n・自分の控え室にカード名が異なるライブカードが3枚以上ある場合、自分の控え室からライブカードを1枚手札に加える。\n・自分の控え室にグループ名が異なるライブカードが3枚以上ある場合、自分の控え室からライブカードを2枚手札に加える。", "以下から1つを選ぶ。\n・自分の控え室にカード名が異なるライブカードが3枚以上ある場合、自分の控え室からライブカードを1枚手札に加える。\n・自分の控え室にグループ名が異なるライブカードが3枚以上ある場合、自分の控え室からライブカードを2枚手札に加える", "自分の控え室にカード名が異なるライブカードが3枚以上ある場合、自分の控え室からライブカードを1枚手札に加える。", "自分の控え室にカード名が異なるライブカードが3枚以上ある場合", "自分の控え室にグループ名が異なるライブカードが3枚以上ある場合、自分の控え室からライブカードを2枚手札に加える", "自分の控え室にグループ名が異なるライブカードが3枚以上ある場合", "{{kidou.png|起動}}{{turn1.png|ターン1回}}デッキの上からカードを3枚控え室に置く：このメンバーはポジションチェンジする。(このメンバーを今いるエリア以外のエリアに移動させる。そのエリアにメンバーがいる場合、そのメンバーはこのメンバーがいたエリアに移動させる。)", "デッキの上からカードを3枚控え室に置く：このメンバーはポジションチェンジする。(このメンバーを今いるエリア以外のエリアに移動させる。そのエリアにメンバーがいる場合、そのメンバーはこのメンバーがいたエリアに移動させる。)", "{{toujyou.png|登場}}手札を1枚控え室に置いてもよい：自分のデッキの上からカードを5枚見る。その中から各グループ名につき1枚ずつ公開し、3枚まで手札に加えてもよい。残りを控え室に置く。", "手札を1枚控え室に置いてもよい：自分のデッキの上からカードを5枚見る。その中から各グループ名につき1枚ずつ公開し、3枚まで手札に加えてもよい。残りを控え室に置く。", "per_group", "per_group_count", "{{toujyou.png|登場}}このメンバーをウェイトにし、手札を1枚控え室に置いてもよい：自分のデッキの上からカードを5枚見る。その中からコスト9以上の『Liella!』のメンバーカードを1枚公開して手札に加えてもよい。残りを控え室に置く。", "このメンバーをウェイトにし、手札を1枚控え室に置いてもよい：自分のデッキの上からカードを5枚見る。その中からコスト9以上の『Liella!』のメンバーカードを1枚公開して手札に加えてもよい。残りを控え室に置く。", "{{live_start.png|ライブ開始時}}自分のデッキの一番上のカードを控え室に置いてもよい。そうした場合、ライブ終了時まで、{{icon_blade.png|ブレード}}を得る。これにより控え室に置いたカードがライブカードの場合、このメンバーをウェイトにする。自分はこの手順をさらに4回まで繰り返してもよい。", "自分のデッキの一番上のカードを控え室に置いてもよい。そうした場合、ライブ終了時まで、{{icon_blade.png|ブレード}}を得る。これにより控え室に置いたカードがライブカードの場合、このメンバーをウェイトにする。自分はこの手順をさらに4回まで繰り返してもよい。", "これにより控え室に置いたカードがライブカードの場合", "自分はこの手順を4回まで繰り返してもよい", "repeat_procedure", "{{toujyou.png|登場}}自分と相手は、自身のステージのセンターにいるメンバーをポジションチェンジする。(センターにいるメンバーを今いるエリア以外のエリアに移動させる。そのエリアにメンバーがいる場合、そのメンバーはセンターエリアに移動させる。)", "自分と相手は、自身のステージのセンターにいるメンバーをポジションチェンジする。(センターにいるメンバーを今いるエリア以外のエリアに移動させる。そのエリアにメンバーがいる場合、そのメンバーはセンターエリアに移動させる。)", "自分と相手は、自身のステージのセンターにいるメンバーをポジションチェンジする", "センターにいるメンバーを今いるエリア以外のエリアに移動させる。そのエリアにメンバーがいる場合、そのメンバーはセンターエリアに移動させる。", "{{jyouji.png|常時}}{{leftside.png|左サイド}}{{heart_02.png|heart02}}{{heart_02.png|heart02}}{{heart_02.png|heart02}}を得る。", "{{leftside.png|左サイド}}{{heart_02.png|heart02}}{{heart_02.png|heart02}}{{heart_02.png|heart02}}を得る。", "{{heart_02.png|heart02}}{{heart_02.png|heart02}}{{heart_02.png|heart02}}を得る", "{{jyouji.png|常時}}{{center.png|センター}}{{heart_03.png|heart03}}{{heart_03.png|heart03}}{{heart_03.png|heart03}}を得る。", "{{center.png|センター}}{{heart_03.png|heart03}}{{heart_03.png|heart03}}{{heart_03.png|heart03}}を得る。", "{{heart_03.png|heart03}}{{heart_03.png|heart03}}{{heart_03.png|heart03}}を得る", "{{jyouji.png|常時}}{{rightside.png|右サイド}}{{heart_05.png|heart05}}{{heart_05.png|heart05}}{{heart_05.png|heart05}}を得る。", "{{rightside.png|右サイド}}{{heart_05.png|heart05}}{{heart_05.png|heart05}}{{heart_05.png|heart05}}を得る。", "{{heart_05.png|heart05}}{{heart_05.png|heart05}}{{heart_05.png|heart05}}を得る", "{{jyouji.png|常時}}自分のステージにいるコスト4以上の『スリーズブーケ』以外のメンバー1人につき、{{icon_blade.png|ブレード}}{{icon_blade.png|ブレード}}を得る。", "自分のステージにいるコスト4以上の『スリーズブーケ』以外のメンバー1人につき、{{icon_blade.png|ブレード}}{{icon_blade.png|ブレード}}を得る。", "自分のステージにいるコスト4以上の『スリーズブーケ』以外のメンバー1人につき、{{icon_blade.png|ブレード}}{{icon_blade.png|ブレード}}を得る", "{{live_start.png|ライブ開始時}}手札の『DOLLCHESTRA』のカードを1枚控え室に置いてもよい：自分のステージにいる『DOLLCHESTRA』のメンバー1人を選ぶ。ライブ終了時まで、このメンバーのコストは、選んだメンバーが元々持つコストより1低い値に等しくなる。これによりこのカードのコストが10以上になった場合、ライブ終了時まで、{{heart_05.png|heart05}}を得る。", "手札の『DOLLCHESTRA』のカードを1枚控え室に置いてもよい：自分のステージにいる『DOLLCHESTRA』のメンバー1人を選ぶ。ライブ終了時まで、このメンバーのコストは、選んだメンバーが元々持つコストより1低い値に等しくなる。これによりこのカードのコストが10以上になった場合、ライブ終了時まで、{{heart_05.png|heart05}}を得る。", "自分のステージにいる『DOLLCHESTRA』のメンバー1人を選ぶ。ライブ終了時まで、このメンバーのコストは、選んだメンバーが元々持つコストより1低い値に等しくなる。これによりこのカードのコストが10以上になった場合、ライブ終了時まで、{{heart_05.png|heart05}}を得る", "自分のステージにいる『DOLLCHESTRA』のメンバー1人を選ぶ。ライブ終了時まで、このメンバーのコストは、選んだメンバーが元々持つコストより1低い値に等しくなる", "自分のステージにいる『DOLLCHESTRA』のメンバー1人を選ぶ", "ライブ終了時まで、このメンバーのコストは、選んだメンバーが元々持つコストより1低い値に等しくなる", "これによりこのカードのコストが10以上になった場合", "ライブ終了時まで、{{heart_05.png|heart05}}を得る", "{{live_start.png|ライブ開始時}}手札の同じグループ名を持つカード2枚を控え室に置いてもよい：ライブ終了時まで、{{heart_01.png|heart01}}{{heart_01.png|heart01}}を得る。", "手札の同じグループ名を持つカード2枚を控え室に置いてもよい：ライブ終了時まで、{{heart_01.png|heart01}}{{heart_01.png|heart01}}を得る。", "手札の同じグループ名を持つカード2枚を控え室に置いてもよい", "{{toujyou.png|登場}}手札を2枚控え室に置いてもよい：自分の控え室から『EdelNote』のライブカードを1枚手札に加える。", "手札を2枚控え室に置いてもよい：自分の控え室から『EdelNote』のライブカードを1枚手札に加える。", "自分の控え室から『EdelNote』のライブカードを1枚手札に加える", "{{jyouji.png|常時}}自分のステージにこのメンバー以外の『EdelNote』のメンバーがいるかぎり、{{icon_blade.png|ブレード}}{{icon_blade.png|ブレード}}を得る。", "自分のステージにこのメンバー以外の『EdelNote』のメンバーがいるかぎり、{{icon_blade.png|ブレード}}{{icon_blade.png|ブレード}}を得る。", "自分のステージにこのメンバー以外の『EdelNote』のメンバーがいるかぎり", "{{toujyou.png|登場}}このメンバーをウェイトにし、手札を1枚控え室に置いてもよい：自分のデッキの上からカードを5枚見る。その中からコスト9以上の『蓮ノ空』のメンバーカードを1枚公開して手札に加えてもよい。残りを控え室に置く。", "このメンバーをウェイトにし、手札を1枚控え室に置いてもよい：自分のデッキの上からカードを5枚見る。その中からコスト9以上の『蓮ノ空』のメンバーカードを1枚公開して手札に加えてもよい。残りを控え室に置く。", "{{toujyou.png|登場}}自分のデッキの上からカードを5枚控え室に置く。", "自分のデッキの上からカードを5枚控え室に置く。", "{{jidou.png|自動}}{{turn1.png|ターン1回}}このメンバーがエリアを移動したとき、ライブ終了時まで、{{heart_06.png|heart06}}を得る。\n(対戦相手のカードの効果でも発動する。)", "このメンバーがエリアを移動したとき、ライブ終了時まで、{{heart_06.png|heart06}}を得る。\n(対戦相手のカードの効果でも発動する。)", "このメンバーがエリアを移動したとき、ライブ終了時まで、{{heart_06.png|heart06}}を得る", "{{live_success.png|ライブ成功時}}自分のデッキの上からカードを3枚見る。その中から好きな枚数を好きな順番でデッキの上に置き、残りを控え室に置く。", "{{jidou.png|自動}}このメンバーがステージから控え室に置かれたとき、メンバー1人をアクティブにしてもよい。", "このメンバーがステージから控え室に置かれたとき、メンバー1人をアクティブにしてもよい。", "このメンバーがステージから控え室に置かれたとき、メンバー1人をアクティブにしてもよい", "{{toujyou.png|登場}}このメンバーよりコストが低いメンバーからバトンタッチして登場した場合、自分の手札からコスト4以下のメンバーカードを1枚ステージに登場させてもよい。", "このメンバーよりコストが低いメンバーからバトンタッチして登場した場合、自分の手札からコスト4以下のメンバーカードを1枚ステージに登場させてもよい。", "このメンバーよりコストが低いメンバーからバトンタッチして登場した場合、自分の手札からコスト4以下のメンバーカードを1枚ステージに登場させてもよい", "{{toujyou.png|登場}}自分の控え室から、スコア6以上のライブカードを1枚手札に加える。", "自分の控え室から、スコア6以上のライブカードを1枚手札に加える。", "自分の控え室から、スコア6以上のライブカードを1枚手札に加える", "{{live_start.png|ライブ開始時}}{{center.png|センター}}自分のライブカード置き場にあるライブカードのスコアの合計が８以上の場合、「{{jyouji.png|常時}}ライブの合計スコアを＋１する。」を得る。", "{{center.png|センター}}自分のライブカード置き場にあるライブカードのスコアの合計が８以上の場合、「{{jyouji.png|常時}}ライブの合計スコアを＋１する。」を得る。", "自分のライブカード置き場にあるライブカードのスコアの合計が8以上の場合、「{{jyouji.png|常時}}ライブの合計スコアを+1する。」を得る", "自分のライブカード置き場にあるライブカードのスコアの合計が8以上の場合", "{{jyouji.png|常時}}自分のエネルギーがちょうど7枚あるかぎり、{{icon_blade.png|ブレード}}{{icon_blade.png|ブレード}}を得る。", "自分のエネルギーがちょうど7枚あるかぎり、{{icon_blade.png|ブレード}}{{icon_blade.png|ブレード}}を得る。", "自分のエネルギーがちょうど7枚あるかぎり", "{{live_start.png|ライブ開始時}}{{icon_energy.png|E}}{{icon_energy.png|E}}支払ってもよい：ライブ終了時まで、{{icon_blade.png|ブレード}}{{icon_blade.png|ブレード}}を得る。", "{{icon_energy.png|E}}{{icon_energy.png|E}}支払ってもよい：ライブ終了時まで、{{icon_blade.png|ブレード}}{{icon_blade.png|ブレード}}を得る。", "{{jyouji.png|常時}}自分のステージにいるメンバーがちょうど2人であるかぎり、{{heart_05.png|heart05}}{{icon_blade.png|ブレード}}を得る。", "自分のステージにいるメンバーがちょうど2人であるかぎり、{{heart_05.png|heart05}}{{icon_blade.png|ブレード}}を得る。", "自分のステージにいるメンバーがちょうど2人であるかぎり", "{{jyouji.png|常時}}自分と相手の成功ライブカード置き場にカードが合計4枚以上あるかぎり、{{icon_blade.png|ブレード}}{{icon_blade.png|ブレード}}を得る。", "自分と相手の成功ライブカード置き場にカードが合計4枚以上あるかぎり、{{icon_blade.png|ブレード}}{{icon_blade.png|ブレード}}を得る。", "自分と相手の成功ライブカード置き場にカードが合計4枚以上あるかぎり", "{{jidou.png|自動}}{{turn1.png|ターン1回}}自分がエールしたとき、エールにより公開された自分のカードの中に同じグループ名を持つメンバーカードが3枚以上ある場合、ライブ終了時まで、{{heart_01.png|heart01}}{{heart_04.png|heart04}}を得る。", "自分がエールしたとき、エールにより公開された自分のカードの中に同じグループ名を持つメンバーカードが3枚以上ある場合、ライブ終了時まで、{{heart_01.png|heart01}}{{heart_04.png|heart04}}を得る。", "自分がエールしたとき、エールにより公開された自分のカードの中に同じグループ名を持つメンバーカードが3枚以上ある場合、ライブ終了時まで、{{heart_01.png|heart01}}{{heart_04.png|heart04}}を得る", "自分がエールしたとき、エールにより公開された自分のカードの中に同じグループ名を持つメンバーカードが3枚以上ある場合", "{{toujyou.png|登場}}手札を2枚控え室に置いてもよい：自分の手札が5枚になるまでカードを引く。", "手札を2枚控え室に置いてもよい：自分の手札が5枚になるまでカードを引く。", "自分の手札が5枚になるまでカードを引く", "{{toujyou.png|登場}}自分の控え室にあるカードの枚数が8枚未満の場合、自分のデッキの上からカードをその差に等しい枚数控え室に置く。その後、これにより控え室に置いたカードの中から、ライブカード1枚をデッキの一番上に置いてもよい。", "自分の控え室にあるカードの枚数が8枚未満の場合、自分のデッキの上からカードをその差に等しい枚数控え室に置く。その後、これにより控え室に置いたカードの中から、ライブカード1枚をデッキの一番上に置いてもよい。", "自分の控え室にあるカードの枚数が8枚未満の場合、自分のデッキの上からカードをその差に等しい枚数控え室に置く。その後、これにより控え室に置いたカードの中から、ライブカード1枚をデッキの一番上に置いてもよい", "自分の控え室にあるカードの枚数が8枚未満の場合、自分のデッキの上からカードをその差に等しい枚数控え室に置く", "自分のデッキの上からカードをその差", "{{kidou.png|起動}}{{turn1.png|ターン1回}}手札を2枚控え室に置く：自分の控え室から『虹ヶ咲』のメンバーカードを1枚手札に加える。", "手札を2枚控え室に置く：自分の控え室から『虹ヶ咲』のメンバーカードを1枚手札に加える。", "自分の控え室から『虹ヶ咲』のメンバーカードを1枚手札に加える", "{{toujyou.png|登場}}デッキの上からカードを5枚控え室に置く。", "デッキの上からカードを5枚控え室に置く。", "{{toujyou.png|登場}}自分のデッキの上からカードを3枚控え室に置く。それらがすべて{{heart_04.png|heart04}}を持つメンバーカードの場合、ライブ終了時まで、{{heart_04.png|heart04}}を得る。", "自分のデッキの上からカードを3枚控え室に置く。それらがすべて{{heart_04.png|heart04}}を持つメンバーカードの場合、ライブ終了時まで、{{heart_04.png|heart04}}を得る。", "自分のデッキの上からカードを3枚控え室に置く。それらがすべて{{heart_04.png|heart04}}を持つメンバーカードの場合、ライブ終了時まで、{{heart_04.png|heart04}}を得る", "それらがすべて{{heart_04.png|heart04}}を持つメンバーカードの場合、ライブ終了時まで、{{heart_04.png|heart04}}を得る", "それらがすべて{{heart_04.png|heart04}}を持つメンバーカードの場合", "{{live_start.png|ライブ開始時}}{{icon_energy.png|E}}支払ってもよい：自分の控え室にあるメンバーカード2枚を好きな順番でデッキの一番上に置く。", "{{icon_energy.png|E}}支払ってもよい：自分の控え室にあるメンバーカード2枚を好きな順番でデッキの一番上に置く。", "自分の控え室にあるメンバーカード2枚を好きな順番でデッキの一番上に置く", "{{toujyou.png|登場}}自分のデッキの上からカードを3枚控え室に置く。それらがすべて{{heart_01.png|heart01}}を持つメンバーカードの場合、ライブ終了時まで、{{heart_01.png|heart01}}を得る。", "自分のデッキの上からカードを3枚控え室に置く。それらがすべて{{heart_01.png|heart01}}を持つメンバーカードの場合、ライブ終了時まで、{{heart_01.png|heart01}}を得る。", "自分のデッキの上からカードを3枚控え室に置く。それらがすべて{{heart_01.png|heart01}}を持つメンバーカードの場合、ライブ終了時まで、{{heart_01.png|heart01}}を得る", "それらがすべて{{heart_01.png|heart01}}を持つメンバーカードの場合、ライブ終了時まで、{{heart_01.png|heart01}}を得る", "それらがすべて{{heart_01.png|heart01}}を持つメンバーカードの場合", "{{live_start.png|ライブ開始時}}{{icon_energy.png|E}}支払ってもよい：ライブ終了時まで、{{icon_blade.png|ブレード}}を得る。", "{{icon_energy.png|E}}支払ってもよい：ライブ終了時まで、{{icon_blade.png|ブレード}}を得る。", "{{toujyou.png|登場}}自分のステージにほかの『虹ヶ咲』のメンバーがいる場合、エネルギーを1枚アクティブにする。", "自分のステージにほかの『虹ヶ咲』のメンバーがいる場合、エネルギーを1枚アクティブにする。", "自分のステージにほかの『虹ヶ咲』のメンバーがいる場合、エネルギーを1枚アクティブにする", "自分のステージにほかの『虹ヶ咲』のメンバーがいる場合", "{{live_start.png|ライブ開始時}}手札を1枚控え室に置いてもよい：ライブ終了時まで、{{icon_blade.png|ブレード}}を得る。", "手札を1枚控え室に置いてもよい：ライブ終了時まで、{{icon_blade.png|ブレード}}を得る。", "{{kidou.png|起動}}{{turn1.png|ターン1回}}手札のメンバーカードを1枚控え室に置く：自分の控え室から、これにより控え室に置いたメンバーカードより、コストの低いメンバーカードを1枚手札に加える。", "手札のメンバーカードを1枚控え室に置く：自分の控え室から、これにより控え室に置いたメンバーカードより、コストの低いメンバーカードを1枚手札に加える。", "手札のメンバーカードを1枚控え室に置く", "自分の控え室から、これにより控え室に置いたメンバーカードより、コストの低いメンバーカードを1枚手札に加える", "{{toujyou.png|登場}}手札を1枚控え室に置いてもよい：自分のデッキの上からカードを2枚控え室に置く。その後、自分の控え室からメンバーカードを1枚手札に加える。", "手札を1枚控え室に置いてもよい：自分のデッキの上からカードを2枚控え室に置く。その後、自分の控え室からメンバーカードを1枚手札に加える。", "自分のデッキの上からカードを2枚控え室に置く。その後、自分の控え室からメンバーカードを1枚手札に加える", "{{toujyou.png|登場}}手札を1枚控え室に置いてもよい：ライブカードが公開されるまで、自分のデッキの一番上のカードを公開し続ける。そのライブカードを手札に加え、これにより公開されたほかのすべてのカードを控え室に置く。", "手札を1枚控え室に置いてもよい：ライブカードが公開されるまで、自分のデッキの一番上のカードを公開し続ける。そのライブカードを手札に加え、これにより公開されたほかのすべてのカードを控え室に置く。", "reveal_until_live_card", "そのライブカードを手札に加え", "これにより公開されたほかのすべてのカードを控え室に置く", "{{jyouji.png|常時}}自分のステージにほかのメンバーがいない場合、自分はライブできない。", "自分のステージにほかのメンバーがいない場合、自分はライブできない。", "自分のステージにほかのメンバーがいない場合、自分はライブできない", "自分のステージにほかのメンバーがいない場合", "{{toujyou.png|登場}}手札を1枚控え室に置いてもよい：自分のデッキの上からカードを5枚見る。その中から『Liella!』のカードを1枚まで公開して手札に加えてもよい。残りを控え室に置く。", "手札を1枚控え室に置いてもよい：自分のデッキの上からカードを5枚見る。その中から『Liella!』のカードを1枚まで公開して手札に加えてもよい。残りを控え室に置く。", "{{toujyou.png|登場}}カードを1枚引く。自分のステージに「米女メイ」がいる場合、さらにカードを1枚引く。", "カードを1枚引く。自分のステージに「米女メイ」がいる場合、さらにカードを1枚引く。", "カードを1枚引く。自分のステージに「米女メイ」がいる場合、さらにカードを1枚引く", "自分のステージに「米女メイ」がいる場合、カードを1枚引く", "自分のステージに「米女メイ」がいる場合", "米女メイ", "{{kidou.png|起動}}{{turn1.png|ターン1回}}{{icon_energy.png|E}}：カードを1枚引き、手札を1枚控え室に置く。", "{{icon_energy.png|E}}：カードを1枚引き、手札を1枚控え室に置く。", "{{kidou.png|起動}}{{turn1.png|ターン1回}}{{icon_energy.png|E}}{{icon_energy.png|E}}手札を1枚控え室に置く：自分のデッキの上からカードを5枚見る。その中から『Liella!』のカードを1枚公開して手札に加えてもよい。残りを控え室に置く。", "{{icon_energy.png|E}}{{icon_energy.png|E}}手札を1枚控え室に置く：自分のデッキの上からカードを5枚見る。その中から『Liella!』のカードを1枚公開して手札に加えてもよい。残りを控え室に置く。", "{{live_start.png|ライブ開始時}}ライブ終了時まで、自分のステージにいる「澁谷かのん」1人は{{heart_05.png|heart05}}{{icon_blade.png|ブレード}}を、「唐可可」1人は{{heart_01.png|heart01}}{{icon_blade.png|ブレード}}を得る。", "{{kidou.png|起動}}{{icon_energy.png|E}}{{icon_energy.png|E}}、このメンバーをステージから控え室に置く：自分の控え室からコスト15以下の『蓮ノ空』のメンバーカードを1枚、このメンバーがいたエリアに登場させる。", "{{icon_energy.png|E}}{{icon_energy.png|E}}、このメンバーをステージから控え室に置く：自分の控え室からコスト15以下の『蓮ノ空』のメンバーカードを1枚、このメンバーがいたエリアに登場させる。", "{{icon_energy.png|E}}{{icon_energy.png|E}}、このメンバーをステージから控え室に置く", "、このメンバーをステージから控え室に置く", "{{toujyou.png|登場}}自分のデッキの上からカードを3枚控え室に置く。それらがすべてメンバーカードの場合、カードを1枚引く。", "自分のデッキの上からカードを3枚控え室に置く。それらがすべてメンバーカードの場合、カードを1枚引く。", "自分のデッキの上からカードを3枚控え室に置く。それらがすべてメンバーカードの場合、カードを1枚引く", "それらがすべてメンバーカードの場合、カードを1枚引く", "{{toujyou.png|登場}}手札を1枚控え室に置いてもよい：自分のデッキの上からカードを5枚見る。その中から『みらくらぱーく！』のカードを1枚公開して手札に加えてもよい。残りを控え室に置く。", "手札を1枚控え室に置いてもよい：自分のデッキの上からカードを5枚見る。その中から『みらくらぱーく！』のカードを1枚公開して手札に加えてもよい。残りを控え室に置く。", "{{kidou.png|起動}}{{turn1.png|ターン1回}}{{icon_energy.png|E}}{{icon_energy.png|E}}手札を1枚控え室に置く：自分の控え室から『虹ヶ咲』のライブカードを1枚手札に加える。", "{{icon_energy.png|E}}{{icon_energy.png|E}}手札を1枚控え室に置く：自分の控え室から『虹ヶ咲』のライブカードを1枚手札に加える。", "{{jyouji.png|常時}}自分のエネルギーが12枚以上ある場合、ライブの合計スコアを＋１する。", "自分のエネルギーが12枚以上ある場合、ライブの合計スコアを＋１する。", "自分のエネルギーが12枚以上ある場合、ライブの合計スコアを+1する", "{{toujyou.png|登場}}自分のステージにいるメンバーが『5yncri5e!』のみの場合、自分と対戦相手は、センターエリアのメンバーを左サイドエリアに、左サイドエリアのメンバーを右サイドエリアに、右サイドエリアのメンバーをセンターエリアに、それぞれ移動させる。", "自分のステージにいるメンバーが『5yncri5e!』のみの場合、自分と対戦相手は、センターエリアのメンバーを左サイドエリアに、左サイドエリアのメンバーを右サイドエリアに、右サイドエリアのメンバーをセンターエリアに、それぞれ移動させる。", "自分のステージにいるメンバーが『5yncri5e!』のみの場合、自分と対戦相手は、センターエリアのメンバーを左サイドエリアに、左サイドエリアのメンバーを右サイドエリアに、右サイドエリアのメンバーをセンターエリアに、それぞれ移動させる", "{{live_start.png|ライブ開始時}}{{icon_energy.png|E}}{{icon_energy.png|E}}支払ってもよい：自分のエネルギーデッキから、エネルギーカードを1枚ウェイト状態で置く。", "{{icon_energy.png|E}}{{icon_energy.png|E}}支払ってもよい：自分のエネルギーデッキから、エネルギーカードを1枚ウェイト状態で置く。", "{{live_success.png|ライブ成功時}}{{icon_energy.png|E}}{{icon_energy.png|E}}{{icon_energy.png|E}}支払ってもよい：カードを1枚引く。", "{{icon_energy.png|E}}{{icon_energy.png|E}}{{icon_energy.png|E}}支払ってもよい：カードを1枚引く。", "{{toujyou.png|登場}}自分のエネルギーデッキから、エネルギーカードを1枚ウェイト状態で置く。", "{{jidou.png|自動}}このメンバーが登場か、エリアを移動するたび、ライブ終了時まで、{{icon_blade.png|ブレード}}{{icon_blade.png|ブレード}}を得る。\n(対戦相手のカードの効果でも発動する。)", "このメンバーが登場か、エリアを移動するたび、ライブ終了時まで、{{icon_blade.png|ブレード}}{{icon_blade.png|ブレード}}を得る。\n(対戦相手のカードの効果でも発動する。)", "このメンバーが登場か、エリアを移動するたび、ライブ終了時まで、{{icon_blade.png|ブレード}}{{icon_blade.png|ブレード}}を得る", "{{live_start.png|ライブ開始時}}エネルギーを2枚アクティブにする。", "{{toujyou.png|登場}}カードを1枚引く。その後、登場したエリアとは別の自分のエリア1つを選ぶ。このメンバーをそのエリアに移動する。選んだエリアにメンバーがいる場合、そのメンバーは、このメンバーがいたエリアに移動させる。", "カードを1枚引く。その後、登場したエリアとは別の自分のエリア1つを選ぶ。このメンバーをそのエリアに移動する。選んだエリアにメンバーがいる場合、そのメンバーは、このメンバーがいたエリアに移動させる。", "カードを1枚引く。その後、登場したエリアとは別の自分のエリア1つを選ぶ。このメンバーをそのエリアに移動する。選んだエリアにメンバーがいる場合、そのメンバーは、このメンバーがいたエリアに移動させる", "登場したエリアとは別の自分のエリア1つを選ぶ。このメンバーをそのエリアに移動する。選んだエリアにメンバーがいる場合、そのメンバーは、このメンバーがいたエリアに移動させる", "登場したエリアとは別の自分のエリア1つを選ぶ", "{{toujyou.png|登場}}自分のステージにほかの『5yncri5e!』のメンバーがいる場合、カードを1枚引く。", "自分のステージにほかの『5yncri5e!』のメンバーがいる場合、カードを1枚引く。", "自分のステージにほかの『5yncri5e!』のメンバーがいる場合、カードを1枚引く", "自分のステージにほかの『5yncri5e!』のメンバーがいる場合", "{{jyouji.png|常時}}自分のエネルギーが10枚以上ある場合、ステージにいるこのメンバーのコストを＋４する。", "自分のエネルギーが10枚以上ある場合、ステージにいるこのメンバーのコストを＋４する。", "自分のエネルギーが10枚以上ある場合、ステージにいるこのメンバーのコストを+4する", "{{toujyou.png|登場}}「鬼塚冬毬」以外の『Liella!』のメンバー1人をステージから控え室に置いてもよい：自分の控え室から、これにより控え室に置いたメンバーカードを1枚、そのメンバーがいたエリアに登場させる。", "「鬼塚冬毬」以外の『Liella!』のメンバー1人をステージから控え室に置いてもよい：自分の控え室から、これにより控え室に置いたメンバーカードを1枚、そのメンバーがいたエリアに登場させる。", "「鬼塚冬毬」以外の『Liella!』のメンバー1人をステージから控え室に置いてもよい", "自分の控え室から、これにより控え室に置いたメンバーカードを1枚、そのメンバーがいたエリアに登場させる", "{{live_start.png|ライブ開始時}}自分のステージに名前の異なる『CatChu!』のメンバーが2人以上いる場合、エネルギーを6枚までアクティブにする。その後、自分のエネルギーがすべてアクティブ状態の場合、このカードのスコアを＋１する。", "自分のステージに名前の異なる『CatChu!』のメンバーが2人以上いる場合、エネルギーを6枚までアクティブにする。その後、自分のエネルギーがすべてアクティブ状態の場合、このカードのスコアを＋１する。", "自分のステージに名前の異なる『CatChu!』のメンバーが2人以上いる場合、エネルギーを6枚までアクティブにする。その後、自分のエネルギーがすべてアクティブ状態の場合、このカードのスコアを+1する", "自分のステージに名前の異なる『CatChu!』のメンバーが2人以上いる場合、エネルギーを6枚までアクティブにする", "自分のステージに名前の異なる『CatChu!』のメンバーが2人以上いる場合", "自分のエネルギーがすべてアクティブ状態の場合、このカードのスコアを+1する", "自分のエネルギーがすべてアクティブ状態の場合", "{{live_start.png|ライブ開始時}}自分のステージに名前の異なる『KALEIDOSCORE』のメンバーが2人以上いる場合、このカードのスコアを＋１する。", "自分のステージに名前の異なる『KALEIDOSCORE』のメンバーが2人以上いる場合、このカードのスコアを＋１する。", "自分のステージに名前の異なる『KALEIDOSCORE』のメンバーが2人以上いる場合、このカードのスコアを+1する", "自分のステージに名前の異なる『KALEIDOSCORE』のメンバーが2人以上いる場合", "{{jyouji.png|常時}}自分の成功ライブカード置き場のカードが0枚で、かつ相手の成功ライブカード置き場にカードが1枚以上ある場合、{{icon_blade.png|ブレード}}{{icon_blade.png|ブレード}}{{icon_blade.png|ブレード}}を得る。", "自分の成功ライブカード置き場のカードが0枚で、かつ相手の成功ライブカード置き場にカードが1枚以上ある場合、{{icon_blade.png|ブレード}}{{icon_blade.png|ブレード}}{{icon_blade.png|ブレード}}を得る。", "自分の成功ライブカード置き場のカードが0枚で、かつ相手の成功ライブカード置き場にカードが1枚以上ある場合、{{icon_blade.png|ブレード}}{{icon_blade.png|ブレード}}{{icon_blade.png|ブレード}}を得る", "相手の成功ライブカード置き場にカードが1枚以上ある場合", "自分の成功ライブカード置き場のカードが0枚で、かつ相手の成功ライブカード置き場にカードが1枚以上ある場合", "{{jidou.png|自動}}このメンバーがステージから控え室に置かれたとき、手札を1枚控え室に置いてもよい。そうした場合、自分の控え室から『Aqours』のライブカードを1枚手札に加える。", "このメンバーがステージから控え室に置かれたとき、手札を1枚控え室に置いてもよい。そうした場合、自分の控え室から『Aqours』のライブカードを1枚手札に加える。", "このメンバーがステージから控え室に置かれたとき、手札を1枚控え室に置いてもよい。そうした場合、自分の控え室から『Aqours』のライブカードを1枚手札に加える", "{{jidou.png|自動}}［ターン1回］エールにより公開された自分のカードの中にライブカードが1枚以上あるとき、ライブ終了時まで、{{heart_04.png|heart04}}を得る。", "エールにより公開された自分のカードの中にライブカードが1枚以上あるとき、ライブ終了時まで、{{heart_04.png|heart04}}を得る。", "エールにより公開された自分のカードの中にライブカードが1枚以上あるとき、ライブ終了時まで、{{heart_04.png|heart04}}を得る", "{{jidou.png|自動}}［ターン1回］エールにより公開された自分のカードの中にライブカードがないとき、それらのカードをすべて控え室に置いてもよい。これにより1枚以上のカードが控え室に置かれた場合、そのエールで得たブレードハートを失い、もう一度エールを行う。", "エールにより公開された自分のカードの中にライブカードがないとき、それらのカードをすべて控え室に置いてもよい。これにより1枚以上のカードが控え室に置かれた場合、そのエールで得たブレードハートを失い、もう一度エールを行う。", "エールにより公開された自分のカードの中にライブカードがないとき、それらのカードをすべて控え室に置いてもよい。これにより1枚以上のカードが控え室に置かれた場合、そのエールで得たブレードハートを失い、もう一度エールを行う", "エールにより公開された自分のカードの中にライブカードがないとき、それらのカードをすべて控え室に置いてもよい", "これにより1枚以上のカードが控え室に置かれた場合", "{{toujyou.png|登場}}{{icon_energy.png|E}}{{icon_energy.png|E}}{{icon_energy.png|E}}{{icon_energy.png|E}}支払ってもよい：自分の控え室から、コストの合計が4以下になるようにメンバーカードを2枚までステージに登場させる。", "{{icon_energy.png|E}}{{icon_energy.png|E}}{{icon_energy.png|E}}{{icon_energy.png|E}}支払ってもよい：自分の控え室から、コストの合計が4以下になるようにメンバーカードを2枚までステージに登場させる。", "{{icon_energy.png|E}}{{icon_energy.png|E}}{{icon_energy.png|E}}{{icon_energy.png|E}}支払ってもよい", "自分の控え室から、コストの合計が4以下になるようにメンバーカードを2枚までステージに登場させる", "cost_total_operator", "{{live_start.png|ライブ開始時}}自分のライブカード置き場に「MY舞☆TONIGHT」以外の『Aqours』のライブカードがある場合、ライブ終了時まで、自分のステージのメンバーは{{icon_blade.png|ブレード}}を得る。", "自分のライブカード置き場に「MY舞☆TONIGHT」以外の『Aqours』のライブカードがある場合、ライブ終了時まで、自分のステージのメンバーは{{icon_blade.png|ブレード}}を得る。", "自分のライブカード置き場に「MY舞☆TONIGHT」以外の『Aqours』のライブカードがある場合、ライブ終了時まで、自分のステージのメンバーは{{icon_blade.png|ブレード}}を得る", "自分のライブカード置き場に「MY舞☆TONIGHT」以外の『Aqours』のライブカードがある場合", "MY舞☆TONIGHT", "{{jyouji.png|常時}}このカードは成功ライブカード置き場に置くことができない。", "このカードは成功ライブカード置き場に置くことができない。", "このカードは成功ライブカード置き場に置くことができない", "{{toujyou.png|登場}}自分のデッキの上からカードを3枚見る。その中からコスト11以上のカードを1枚公開して手札に加えてもよい。残りを控え室に置く。", "自分のデッキの上からカードを3枚見る。その中からコスト11以上のカードを1枚公開して手札に加えてもよい。残りを控え室に置く。", "{{jidou.png|自動}}{{turn1.png|ターン1回}}このメンバーがエリアを移動したとき、自分のエネルギーデッキから、エネルギーカードを1枚ウェイト状態で置く。", "このメンバーがエリアを移動したとき、自分のエネルギーデッキから、エネルギーカードを1枚ウェイト状態で置く。", "このメンバーがエリアを移動したとき、自分のエネルギーデッキから、エネルギーカードを1枚ウェイト状態で置く", "{{jyouji.png|常時}}自分のステージにいるメンバーのうち、センターエリアにいるメンバーが最も大きいコストを持つ場合、{{heart_03.png|heart03}}を得る。", "自分のステージにいるメンバーのうち、センターエリアにいるメンバーが最も大きいコストを持つ場合、{{heart_03.png|heart03}}を得る。", "自分のステージにいるメンバーのうち、センターエリアにいるメンバーが最も大きいコストを持つ場合、{{heart_03.png|heart03}}を得る", "自分のステージにいるメンバーのうち、センターエリアにいるメンバーが最も大きいコストを持つ場合", "{{toujyou.png|登場}}{{icon_energy.png|E}}{{icon_energy.png|E}}支払ってもよい：自分のデッキの上からカードを7枚見る。その中から『Liella!』のカードを1枚公開して手札に加えてもよい。残りを控え室に置く。", "{{icon_energy.png|E}}{{icon_energy.png|E}}支払ってもよい：自分のデッキの上からカードを7枚見る。その中から『Liella!』のカードを1枚公開して手札に加えてもよい。残りを控え室に置く。", "{{kidou.png|起動}}{{turn1.png|ターン1回}}{{icon_energy.png|E}}：このメンバーがいるエリアとは別の自分のエリア1つを選ぶ。このメンバーをそのエリアに移動する。選んだエリアにメンバーがいる場合、そのメンバーは、このメンバーがいたエリアに移動させる。", "{{icon_energy.png|E}}：このメンバーがいるエリアとは別の自分のエリア1つを選ぶ。このメンバーをそのエリアに移動する。選んだエリアにメンバーがいる場合、そのメンバーは、このメンバーがいたエリアに移動させる。", "このメンバーがいるエリアとは別の自分のエリア1つを選ぶ。このメンバーをそのエリアに移動する。選んだエリアにメンバーがいる場合、そのメンバーは、このメンバーがいたエリアに移動させる", "このメンバーがいるエリアとは別の自分のエリア1つを選ぶ", "{{toujyou.png|登場}}自分の控え室にある、カード名の異なるライブカードを2枚選ぶ。そうした場合、相手はそれらのカードのうち1枚を選ぶ。これにより相手に選ばれたカードを自分の手札に加える。", "自分の控え室にある、カード名の異なるライブカードを2枚選ぶ。そうした場合、相手はそれらのカードのうち1枚を選ぶ。これにより相手に選ばれたカードを自分の手札に加える。", "自分の控え室にある、カード名の異なるライブカードを2枚選ぶ。そうした場合、相手はそれらのカードのうち1枚を選ぶ。これにより相手に選ばれたカードを自分の手札に加える", "自分の控え室にある、カード名の異なるライブカードを2枚選ぶ。", "相手はそれらのカードのうち1枚を選ぶ。これにより相手に選ばれたカードを自分の手札に加える", "相手はそれらのカードのうち1枚を選ぶ。", "これにより相手に選ばれたカードを自分の手札に加える", "{{live_start.png|ライブ開始時}}自分の成功ライブカード置き場のカード枚数が相手より少ない場合、このカードのスコアを＋１する。", "自分の成功ライブカード置き場のカード枚数が相手より少ない場合、このカードのスコアを＋１する。", "自分の成功ライブカード置き場のカード枚数が相手より少ない場合、このカードのスコアを+1する", "自分の成功ライブカード置き場のカード枚数が相手より少ない場合", "{{live_success.png|ライブ成功時}}自分のステージに「澁谷かのん」、「ウィーン・マルガレーテ」、「鬼塚冬毬」のうち、名前の異なるメンバーが2人以上いる場合、エールにより公開された自分のカードの中から、カードを1枚手札に加える。", "自分のステージに「澁谷かのん」、「ウィーン・マルガレーテ」、「鬼塚冬毬」のうち、名前の異なるメンバーが2人以上いる場合、エールにより公開された自分のカードの中から、カードを1枚手札に加える。", "自分のステージに「澁谷かのん」、「ウィーン・マルガレーテ」、「鬼塚冬毬」のうち、名前の異なるメンバーが2人以上いる場合、エールにより公開された自分のカードの中から、カードを1枚手札に加える", "自分のステージに「澁谷かのん」、「ウィーン・マルガレーテ」、「鬼塚冬毬」のうち、名前の異なるメンバーが2人以上いる場合", "{{kidou.png|起動}}{{turn1.png|ターン1回}}{{icon_energy.png|E}}{{icon_energy.png|E}}：自分の控え室からスコア3以下の『蓮ノ空』のライブカードを1枚手札に加える。", "{{icon_energy.png|E}}{{icon_energy.png|E}}：自分の控え室からスコア3以下の『蓮ノ空』のライブカードを1枚手札に加える。", "自分の控え室からスコア3以下の『蓮ノ空』のライブカードを1枚手札に加える", "{{live_start.png|ライブ開始時}}手札を1枚控え室に置いてもよい：自分のデッキの上からカードを3枚見る。その中から好きな枚数を好きな順番でデッキの上に置き、残りを控え室に置く。", "手札を1枚控え室に置いてもよい：自分のデッキの上からカードを3枚見る。その中から好きな枚数を好きな順番でデッキの上に置き、残りを控え室に置く。", "{{toujyou.png|登場}}自分のステージにいるメンバーを、それぞれ好きなエリアに移動させてもよい。", "自分のステージにいるメンバーを、それぞれ好きなエリアに移動させてもよい。", "自分のステージにいるメンバーを、それぞれ好きなエリアに移動させてもよい", "{{jyouji.png|常時}}自分のステージにいるほかの『みらくらぱーく！』のメンバー1人につき、{{icon_blade.png|ブレード}}を得る。", "自分のステージにいるほかの『みらくらぱーく！』のメンバー1人につき、{{icon_blade.png|ブレード}}を得る。", "自分のステージにいるほかの『みらくらぱーく！』のメンバー1人につき、{{icon_blade.png|ブレード}}を得る", "{{toujyou.png|登場}}このメンバーよりコストが低い『DOLLCHESTRA』のメンバーからバトンタッチして登場した場合、ライブ終了時まで、{{icon_blade.png|ブレード}}{{icon_blade.png|ブレード}}を得る。", "このメンバーよりコストが低い『DOLLCHESTRA』のメンバーからバトンタッチして登場した場合、ライブ終了時まで、{{icon_blade.png|ブレード}}{{icon_blade.png|ブレード}}を得る。", "このメンバーよりコストが低い『DOLLCHESTRA』のメンバーからバトンタッチして登場した場合、ライブ終了時まで、{{icon_blade.png|ブレード}}{{icon_blade.png|ブレード}}を得る", "このメンバーよりコストが低い『DOLLCHESTRA』のメンバーからバトンタッチして登場した場合", "{{toujyou.png|登場}}{{icon_energy.png|E}}支払ってもよい：このメンバーよりコストが低い『みらくらぱーく！』のメンバーからバトンタッチして登場した場合、ライブ終了時まで、{{heart_01.png|heart01}}{{heart_01.png|heart01}}を得る。", "{{icon_energy.png|E}}支払ってもよい：このメンバーよりコストが低い『みらくらぱーく！』のメンバーからバトンタッチして登場した場合、ライブ終了時まで、{{heart_01.png|heart01}}{{heart_01.png|heart01}}を得る。", "このメンバーよりコストが低い『みらくらぱーく！』のメンバーからバトンタッチして登場した場合、ライブ終了時まで、{{heart_01.png|heart01}}{{heart_01.png|heart01}}を得る", "このメンバーよりコストが低い『みらくらぱーく！』のメンバーからバトンタッチして登場した場合", "{{toujyou.png|登場}}自分のデッキの上からカードを2枚見る。その中から好きな枚数を好きな順番でデッキの上に置き、残りを控え室に置く。", "{{live_start.png|ライブ開始時}}自分の控え室に『スリーズブーケ』のライブカードが3枚以上ある場合、このカードのスコアを＋１する。", "自分の控え室に『スリーズブーケ』のライブカードが3枚以上ある場合、このカードのスコアを＋１する。", "自分の控え室に『スリーズブーケ』のライブカードが3枚以上ある場合、このカードのスコアを+1する", "自分の控え室に『スリーズブーケ』のライブカードが3枚以上ある場合", "{{live_start.png|ライブ開始時}}自分のステージに「徒町小鈴」が登場しており、かつ「徒町小鈴」よりコストの大きい「村野さやか」が登場している場合、このカードを成功させるための必要ハートを{{heart_00.png|heart0}}{{heart_00.png|heart0}}{{heart_00.png|heart0}}減らす。", "自分のステージに「徒町小鈴」が登場しており、かつ「徒町小鈴」よりコストの大きい「村野さやか」が登場している場合、このカードを成功させるための必要ハートを{{heart_00.png|heart0}}{{heart_00.png|heart0}}{{heart_00.png|heart0}}減らす。", "自分のステージに「徒町小鈴」が登場しており、かつ「徒町小鈴」よりコストの大きい「村野さやか」が登場している場合、このカードを成功させるための必要ハートを{{heart_00.png|heart0}}{{heart_00.png|heart0}}{{heart_00.png|heart0}}減らす", "自分のステージに「徒町小鈴」が登場しており、", "「徒町小鈴」よりコストの大きい「村野さやか」が登場している場合", "cost_reference_character", "cost_reference_operator", "cost_reference_type", "自分のステージに「徒町小鈴」が登場しており、かつ「徒町小鈴」よりコストの大きい「村野さやか」が登場している場合", "{{live_start.png|ライブ開始時}}自分のステージの右サイドエリアに「大沢瑠璃乃」が、左サイドエリアに「安養寺姫芽」が、センターエリアに「藤島慈」がそれぞれ登場している場合、このカードのスコアを＋２する。", "自分のステージの右サイドエリアに「大沢瑠璃乃」が、左サイドエリアに「安養寺姫芽」が、センターエリアに「藤島慈」がそれぞれ登場している場合、このカードのスコアを＋２する。", "自分のステージの右サイドエリアに「大沢瑠璃乃」が、左サイドエリアに「安養寺姫芽」が、センターエリアに「藤島慈」がそれぞれ登場している場合、このカードのスコアを+2する", "自分のステージの右サイドエリアに「大沢瑠璃乃」が、左サイドエリアに「安養寺姫芽」が、センターエリアに「藤島慈」がそれぞれ登場している場合", "positions_characters", "center,left_side,right_side", "{{toujyou.png|登場}}相手の手札の枚数が自分より2枚以上多い場合、自分の控え室からライブカードを1枚手札に加える。", "相手の手札の枚数が自分より2枚以上多い場合、自分の控え室からライブカードを1枚手札に加える。", "相手の手札の枚数が自分より2枚以上多い場合、自分の控え室からライブカードを1枚手札に加える", "相手の手札の枚数が自分より2枚以上多い場合", "{{toujyou.png|登場}}相手は手札からライブカードを1枚控え室に置いてもよい。そうしなかった場合、ライブ終了時まで、「{{jyouji.png|常時}}ライブの合計スコアを＋１する。」を得る。", "相手は手札からライブカードを1枚控え室に置いてもよい。そうしなかった場合、ライブ終了時まで、「{{jyouji.png|常時}}ライブの合計スコアを＋１する。」を得る。", "相手は手札からライブカードを1枚控え室に置いてもよい。そうしなかった場合、ライブ終了時まで、「{{jyouji.png|常時}}ライブの合計スコアを+1する。」を得る", "相手は手札からライブカードを1枚控え室に置いてもよい。", "そうしなかった場合、ライブ終了時まで、「{{jyouji.png|常時}}ライブの合計スコアを+1する。」を得る", "{{live_start.png|ライブ開始時}}{{icon_energy.png|E}}{{icon_energy.png|E}}支払ってもよい：ライブ終了時まで、このメンバーが元々持つハートはすべて{{heart_04.png|heart04}}になる。", "{{icon_energy.png|E}}{{icon_energy.png|E}}支払ってもよい：ライブ終了時まで、このメンバーが元々持つハートはすべて{{heart_04.png|heart04}}になる。", "このメンバーが元々持つハートはすべて{{heart_04.png|heart04}}になる", "{{live_success.png|ライブ成功時}}エールにより公開された自分のカードの中から、ライブカードを1枚手札に加える。", "エールにより公開された自分のカードの中から、ライブカードを1枚手札に加える。", "エールにより公開された自分のカードの中から、ライブカードを1枚手札に加える", "{{kidou.png|起動}}{{turn1.png|ターン1回}}手札のライブカードを1枚公開する：相手は手札を1枚控え室に置いてもよい。そうしなかった場合、ライブ終了時まで、{{icon_blade.png|ブレード}}{{icon_blade.png|ブレード}}{{icon_blade.png|ブレード}}{{icon_blade.png|ブレード}}を得る。", "手札のライブカードを1枚公開する：相手は手札を1枚控え室に置いてもよい。そうしなかった場合、ライブ終了時まで、{{icon_blade.png|ブレード}}{{icon_blade.png|ブレード}}{{icon_blade.png|ブレード}}{{icon_blade.png|ブレード}}を得る。", "相手は手札を1枚控え室に置いてもよい。そうしなかった場合、ライブ終了時まで、{{icon_blade.png|ブレード}}{{icon_blade.png|ブレード}}{{icon_blade.png|ブレード}}{{icon_blade.png|ブレード}}を得る", "相手は手札を1枚控え室に置いてもよい。", "そうしなかった場合、ライブ終了時まで、{{icon_blade.png|ブレード}}{{icon_blade.png|ブレード}}{{icon_blade.png|ブレード}}{{icon_blade.png|ブレード}}を得る", "{{live_success.png|ライブ成功時}}エールにより公開された自分のカードの中にライブカードが1枚以上あるとき、自分のエネルギーデッキから、エネルギーカードを1枚ウェイト状態で置く。", "エールにより公開された自分のカードの中にライブカードが1枚以上あるとき、自分のエネルギーデッキから、エネルギーカードを1枚ウェイト状態で置く。", "エールにより公開された自分のカードの中にライブカードが1枚以上あるとき、自分のエネルギーデッキから、エネルギーカードを1枚ウェイト状態で置く", "{{live_start.png|ライブ開始時}}自分か相手を選ぶ。自分は、そのプレイヤーのデッキの上からカードを2枚見る。その中から好きな枚数を好きな順番でデッキの上に置き、残りを控え室に置く。", "自分か相手を選ぶ。自分は、そのプレイヤーのデッキの上からカードを2枚見る。その中から好きな枚数を好きな順番でデッキの上に置き、残りを控え室に置く。", "自分か相手を選ぶ。自分は、そのプレイヤーのデッキの上からカードを2枚見る。その中から好きな枚数を好きな順番でデッキの上に置き、残りを控え室に置く", "自分は、そのプレイヤーのデッキの上からカードを2枚見る。その中から好きな枚数を好きな順番でデッキの上に置き、残りを控え室に置く", "自分は、そのプレイヤーのデッキの上からカードを2枚見る。", "{{jyouji.png|常時}}自分と相手の成功ライブカード置き場にカードが合計3枚以上ある場合、{{icon_blade.png|ブレード}}{{icon_blade.png|ブレード}}{{icon_blade.png|ブレード}}を得る。", "自分と相手の成功ライブカード置き場にカードが合計3枚以上ある場合、{{icon_blade.png|ブレード}}{{icon_blade.png|ブレード}}{{icon_blade.png|ブレード}}を得る。", "自分と相手の成功ライブカード置き場にカードが合計3枚以上ある場合、{{icon_blade.png|ブレード}}{{icon_blade.png|ブレード}}{{icon_blade.png|ブレード}}を得る", "自分と相手の成功ライブカード置き場にカードが合計3枚以上ある場合", "{{live_success.png|ライブ成功時}}このターン、ライブに勝利するプレイヤーを決定するとき、自分と相手のライブの合計スコアが同じ場合、ライブ終了時まで、自分と相手は成功ライブカード置き場にカードを置くことができない。", "このターン、ライブに勝利するプレイヤーを決定するとき、自分と相手のライブの合計スコアが同じ場合、ライブ終了時まで、自分と相手は成功ライブカード置き場にカードを置くことができない。", "このターン、ライブに勝利するプレイヤーを決定するとき、自分と相手のライブの合計スコアが同じ場合、ライブ終了時まで、自分と相手は成功ライブカード置き場にカードを置くことができない", "このターン、ライブに勝利するプレイヤーを決定するとき、自分と相手のライブの合計スコアが同じ場合", "{{live_success.png|ライブ成功時}}カードを2枚引き、手札を2枚控え室に置く。", "{{kidou.png|起動}}{{turn1.png|ターン1回}}このメンバーをウェイトにする：カードを1枚引き、手札を1枚控え室に置く。（ウェイト状態のメンバーが持つ{{icon_blade.png|ブレード}}は、エールで公開する枚数を増やさない。）", "このメンバーをウェイトにする：カードを1枚引き、手札を1枚控え室に置く。（ウェイト状態のメンバーが持つ{{icon_blade.png|ブレード}}は、エールで公開する枚数を増やさない。）", "{{live_start.png|ライブ開始時}}自分のステージにいるメンバーを1人までアクティブにする。", "{{jyouji.png|常時}}相手のステージにいるウェイト状態のメンバー1人につき、{{icon_blade.png|ブレード}}を得る。", "相手のステージにいるウェイト状態のメンバー1人につき、{{icon_blade.png|ブレード}}を得る。", "相手のステージにいるウェイト状態のメンバー1人につき、{{icon_blade.png|ブレード}}を得る", "{{toujyou.png|登場}}このメンバーをウェイトにしてもよい：自分の控え室から『μ's』のメンバーカードを1枚手札に加える。（ウェイト状態のメンバーが持つ{{icon_blade.png|ブレード}}は、エールで公開する枚数を増やさない。）", "このメンバーをウェイトにしてもよい：自分の控え室から『μ's』のメンバーカードを1枚手札に加える。（ウェイト状態のメンバーが持つ{{icon_blade.png|ブレード}}は、エールで公開する枚数を増やさない。）", "自分の控え室から『μ's』のメンバーカードを1枚手札に加える", "{{toujyou.png|登場}}自分のステージにいるすべてのメンバーをアクティブにする。", "自分のステージにいるすべてのメンバーをアクティブにする。", "自分のステージにいるすべてのメンバーをアクティブにする", "{{live_start.png|ライブ開始時}}手札を1枚控え室に置いてもよい：ライブ終了時まで、自分の成功ライブカード置き場にあるカード1枚につき、{{icon_blade.png|ブレード}}{{icon_blade.png|ブレード}}を得る。", "手札を1枚控え室に置いてもよい：ライブ終了時まで、自分の成功ライブカード置き場にあるカード1枚につき、{{icon_blade.png|ブレード}}{{icon_blade.png|ブレード}}を得る。", "自分の成功ライブカード置き場にあるカード1枚につき、{{icon_blade.png|ブレード}}{{icon_blade.png|ブレード}}を得る", "{{live_start.png|ライブ開始時}}手札を2枚控え室に置いてもよい：自分のデッキの上からカードを3枚見る。その中から1枚を手札に加え、1枚をデッキの上に置き、1枚を控え室に置く。", "手札を2枚控え室に置いてもよい：自分のデッキの上からカードを3枚見る。その中から1枚を手札に加え、1枚をデッキの上に置き、1枚を控え室に置く。", "自分のデッキの上からカードを3枚見る。その中から1枚を手札に加え、1枚をデッキの上に置き、1枚を控え室に置く", "1枚を手札に加え、1枚をデッキの上に置き、1枚を控え室に置く", "{{live_success.png|ライブ成功時}}ライブの合計スコアが相手より高い場合、このカードを手札に加えてもよい。この能力は、このカードが自分のエールによって公開されている場合のみ発動する。", "ライブの合計スコアが相手より高い場合、このカードを手札に加えてもよい。この能力は、このカードが自分のエールによって公開されている場合のみ発動する。", "ライブの合計スコアが相手より高い場合、このカードを手札に加えてもよい", "このカードが自分のエールによって公開されている場合", "{{toujyou.png|登場}}手札を1枚控え室に置いてもよい：自分のデッキの上からカードを4枚見る。その中からメンバーカードを1枚公開して手札に加えてもよい。残りを控え室に置く。", "手札を1枚控え室に置いてもよい：自分のデッキの上からカードを4枚見る。その中からメンバーカードを1枚公開して手札に加えてもよい。残りを控え室に置く。", "{{live_success.png|ライブ成功時}}エールにより公開された自分のカードの枚数が、相手がエールによって公開したカードの枚数より少ない場合、カードを1枚引く。", "エールにより公開された自分のカードの枚数が、相手がエールによって公開したカードの枚数より少ない場合、カードを1枚引く。", "エールにより公開された自分のカードの枚数が、相手がエールによって公開したカードの枚数より少ない場合、カードを1枚引く", "エールにより公開された自分のカードの枚数が、相手がエールによって公開したカードの枚数より少ない場合", "{{kidou.png|起動}}{{turn1.png|ターン1回}}{{icon_energy.png|E}}：自分か相手を選ぶ。自分は、そのプレイヤーの控え室にあるライブカードを1枚、そのプレイヤーのデッキの一番下に置く。そうした場合、自分はカードを1枚引く。", "{{icon_energy.png|E}}：自分か相手を選ぶ。自分は、そのプレイヤーの控え室にあるライブカードを1枚、そのプレイヤーのデッキの一番下に置く。そうした場合、自分はカードを1枚引く。", "{{kidou.png|起動}}このメンバーをステージから控え室に置く：自分の控え室からライブカードを1枚手札に加える。それがスコア6以上の『Aqours』のライブカードの場合、エネルギーを4枚アクティブにする。", "このメンバーをステージから控え室に置く：自分の控え室からライブカードを1枚手札に加える。それがスコア6以上の『Aqours』のライブカードの場合、エネルギーを4枚アクティブにする。", "自分の控え室からライブカードを1枚手札に加える。それがスコア6以上の『Aqours』のライブカードの場合、エネルギーを4枚アクティブにする", "それがスコア6以上の『Aqours』のライブカードの場合、エネルギーを4枚アクティブにする", "それがスコア6以上の『Aqours』のライブカードの場合", "{{toujyou.png|登場}}手札を1枚控え室に置いてもよい：自分のデッキの上からカードを6枚見る。その中から『Aqours』のメンバーカードを1枚公開して手札に加えてもよい。残りを控え室に置く。", "手札を1枚控え室に置いてもよい：自分のデッキの上からカードを6枚見る。その中から『Aqours』のメンバーカードを1枚公開して手札に加えてもよい。残りを控え室に置く。", "{{toujyou.png|登場}}自分のステージにいるメンバーを1人までアクティブにする。", "{{live_start.png|ライブ開始時}}手札を1枚控え室に置いてもよい：好きなハートの色を1つ指定する。ライブ終了時まで、自分のステージにいるこのメンバー以外の『虹ヶ咲』のメンバー1人は、そのハートを1つ得る。", "手札を1枚控え室に置いてもよい：好きなハートの色を1つ指定する。ライブ終了時まで、自分のステージにいるこのメンバー以外の『虹ヶ咲』のメンバー1人は、そのハートを1つ得る。", "好きなハートの色を1つ指定する。ライブ終了時まで、自分のステージにいるこのメンバー以外の『虹ヶ咲』のメンバー1人は、そのハートを1つ得る", "自分のステージにいるこのメンバー以外の『虹ヶ咲』のメンバー1人は、そのハートを1つ得る", "{{toujyou.png|登場}}自分の控え室にあるコスト4以下の『虹ヶ咲』のメンバーカードを1枚選ぶ。そのカードの{{toujyou.png|登場}}能力1つを発動させる。\n（{{toujyou.png|登場}}能力がコストを持つ場合、支払って発動させる。）", "自分の控え室にあるコスト4以下の『虹ヶ咲』のメンバーカードを1枚選ぶ。そのカードの{{toujyou.png|登場}}能力1つを発動させる。\n（{{toujyou.png|登場}}能力がコストを持つ場合、支払って発動させる。）", "自分の控え室にあるコスト4以下の『虹ヶ咲』のメンバーカードを1枚選ぶ。そのカードの{{toujyou.png|登場}}能力1つを発動させる", "自分の控え室にあるコスト4以下の『虹ヶ咲』のメンバーカードを1枚選ぶ", "そのカードの{{toujyou.png|登場}}能力1つを発動させる", "そのカードの{{toujyou.png|登場}}能力", "{{kidou.png|起動}}{{turn1.png|ターン1回}}このメンバーをウェイトにし、手札を1枚控え室に置く：自分の控え室から『虹ヶ咲』のライブカードを1枚手札に加える。", "このメンバーをウェイトにし、手札を1枚控え室に置く：自分の控え室から『虹ヶ咲』のライブカードを1枚手札に加える。", "{{toujyou.png|登場}}このメンバーをウェイトにする。（ウェイト状態のメンバーが持つ{{icon_blade.png|ブレード}}は、エールで公開する枚数を増やさない。）", "このメンバーをウェイトにする。（ウェイト状態のメンバーが持つ{{icon_blade.png|ブレード}}は、エールで公開する枚数を増やさない。）", "{{live_start.png|ライブ開始時}}自分か相手を選ぶ。自分は、そのプレイヤーの控え室にあるメンバーカードを2枚まで、好きな順番でデッキの一番下に置く。", "自分か相手を選ぶ。自分は、そのプレイヤーの控え室にあるメンバーカードを2枚まで、好きな順番でデッキの一番下に置く。", "自分か相手を選ぶ。自分は、そのプレイヤーの控え室にあるメンバーカードを2枚まで、好きな順番でデッキの一番下に置く", "自分は、そのプレイヤーの控え室にあるメンバーカードを2枚まで、好きな順番でデッキの一番下に置く", "{{toujyou.png|登場}}相手のステージにいる「ミア・テイラー」以外のメンバーを1人選ぶ。そのメンバーが持つハートと、このメンバーが持つハートの中に同じ色のハートがある場合、ライブ終了時まで、{{icon_blade.png|ブレード}}を得る。それぞれのメンバーのコストが同じ場合、元々の{{icon_blade.png|ブレード}}の数が同じ場合についても同じことを行う。", "相手のステージにいる「ミア・テイラー」以外のメンバーを1人選ぶ。そのメンバーが持つハートと、このメンバーが持つハートの中に同じ色のハートがある場合、ライブ終了時まで、{{icon_blade.png|ブレード}}を得る。それぞれのメンバーのコストが同じ場合、元々の{{icon_blade.png|ブレード}}の数が同じ場合についても同じことを行う。", "相手のステージにいる「ミア・テイラー」以外のメンバーを1人選ぶ。そのメンバーが持つハートと、このメンバーが持つハートの中に同じ色のハートがある場合、ライブ終了時まで、{{icon_blade.png|ブレード}}を得る。それぞれのメンバーのコストが同じ場合、元々の{{icon_blade.png|ブレード}}の数が同じ場合についても同じことを行う", "相手のステージにいる「ミア・テイラー」以外のメンバーを1人選ぶ", "そのメンバーが持つハートと、このメンバーが持つハートの中に同じ色のハートがある場合、ライブ終了時まで、{{icon_blade.png|ブレード}}を得る", "そのメンバーが持つハートと、このメンバーが持つハートの中に同じ色のハートがある場合", "それぞれのメンバーのコストが同じ場合、元々の{{icon_blade.png|ブレード}}の数が同じ場合についても同じことを行う", "それぞれのメンバーのコストが同じ場合", "{{toujyou.png|登場}}手札を1枚控え室に置いてもよい：自分のデッキの上からカードを4枚見る。その中から『虹ヶ咲』のカードを1枚公開して手札に加えてもよい。残りを控え室に置く。", "手札を1枚控え室に置いてもよい：自分のデッキの上からカードを4枚見る。その中から『虹ヶ咲』のカードを1枚公開して手札に加えてもよい。残りを控え室に置く。", "{{live_start.png|ライブ開始時}}自分のステージにいる『虹ヶ咲』のメンバー1人につき、自分のデッキの上からカードを1枚見る。その中から1枚までをデッキの上に置き、残りを控え室に置く。その後、自分のデッキの一番上のカードを1枚公開する。これによりライブカードを公開した場合、このカードのスコアを＋１する。", "自分のステージにいる『虹ヶ咲』のメンバー1人につき、自分のデッキの上からカードを1枚見る。その中から1枚までをデッキの上に置き、残りを控え室に置く。その後、自分のデッキの一番上のカードを1枚公開する。これによりライブカードを公開した場合、このカードのスコアを＋１する。", "その中から1枚までをデッキの上に置き、残りを控え室に置く", "1枚までをデッキの上に置き、残りを控え室に置く", "自分のデッキの一番上のカードを1枚公開する。これによりライブカードを公開した場合、このカードのスコアを+1する", "{{kidou.png|起動}}{{center.png|センター}}{{turn1.png|ターン1回}}このメンバーをウェイトにし、手札を1枚控え室に置く：ライブカードかコスト10以上のメンバーカードのどちらか1つを選ぶ。選んだカードが公開されるまで、自分のデッキの一番上からカードを１枚ずつ公開する。そのカードを手札に加え、これにより公開されたほかのすべてのカードを控え室に置く。", "{{center.png|センター}}このメンバーをウェイトにし、手札を1枚控え室に置く：ライブカードかコスト10以上のメンバーカードのどちらか1つを選ぶ。選んだカードが公開されるまで、自分のデッキの一番上からカードを１枚ずつ公開する。そのカードを手札に加え、これにより公開されたほかのすべてのカードを控え室に置く。", "{{toujyou.png|登場}}/{{live_start.png|ライブ開始時}}このメンバーをウェイトにしてもよい：自分のステージにいるメンバーが『BiBi』のみの場合、相手のステージにいる元々持つ{{icon_blade.png|ブレード}}の数が3つ以下のメンバー1人をウェイトにする。", "このメンバーをウェイトにしてもよい：自分のステージにいるメンバーが『BiBi』のみの場合、相手のステージにいる元々持つ{{icon_blade.png|ブレード}}の数が3つ以下のメンバー1人をウェイトにする。", "自分のステージにいるメンバーが『BiBi』のみの場合、相手のステージにいる元々持つ{{icon_blade.png|ブレード}}の数が3つ以下のメンバー1人をウェイトにする", "自分のステージにいるメンバーが『BiBi』のみの場合", "{{jyouji.png|常時}}相手のステージにいるウェイト状態のメンバー1人につき、{{heart_06.png|heart06}}を得る。", "相手のステージにいるウェイト状態のメンバー1人につき、{{heart_06.png|heart06}}を得る。", "相手のステージにいるウェイト状態のメンバー1人につき、{{heart_06.png|heart06}}を得る", "{{toujyou.png|登場}}このメンバーをウェイトにしてもよい：自分のステージにいる『Printemps』のメンバー1人につき、エネルギーを1枚アクティブにする。", "このメンバーをウェイトにしてもよい：自分のステージにいる『Printemps』のメンバー1人につき、エネルギーを1枚アクティブにする。", "自分のステージにいる『Printemps』のメンバー1人につき、エネルギーを1枚アクティブにする", "{{toujyou.png|登場}}{{center.png|センター}}自分の成功ライブカード置き場に{{icon_score.png|スコア}}を持つ『μ's』のカードが1枚ある場合、ライブ終了時まで、「{{jyouji.png|常時}}ライブの合計スコアを＋１する。」を得る。2枚以上ある場合、代わりに「{{jyouji.png|常時}}ライブの合計スコアを＋２する。」を得る。（この能力はセンターエリアに登場した場合のみ発動する。）", "{{center.png|センター}}自分の成功ライブカード置き場に{{icon_score.png|スコア}}を持つ『μ's』のカードが1枚ある場合、ライブ終了時まで、「{{jyouji.png|常時}}ライブの合計スコアを＋１する。」を得る。2枚以上ある場合、代わりに「{{jyouji.png|常時}}ライブの合計スコアを＋２する。」を得る。（この能力はセンターエリアに登場した場合のみ発動する。）", "自分の成功ライブカード置き場に{{icon_score.png|スコア}}を持つ『μ's』のカードが1枚ある場合、ライブ終了時まで、「{{jyouji.png|常時}}ライブの合計スコアを+1する。」を得る。2枚以上ある場合、代わりに「{{jyouji.png|常時}}ライブの合計スコアを+2する。」を得る", "「{{jyouji.png|常時}}ライブの合計スコアを+2する。」を得る", "【常時】ライブの合計スコアを+2する。", "ライブの合計スコアを+2する", "自分の成功ライブカード置き場に{{icon_score.png|スコア}}を持つ『μ's』のカードが1枚ある場合", "2枚以上ある場合", "{{toujyou.png|登場}}自分の成功ライブカード置き場にカードがある場合、カードを1枚引く。", "自分の成功ライブカード置き場にカードがある場合、カードを1枚引く。", "自分の成功ライブカード置き場にカードがある場合、カードを1枚引く", "{{toujyou.png|登場}}自分の控え室から『μ's』のライブカードを1枚までデッキの一番上に置く。その後、相手のステージにウェイト状態のメンバーがいる場合、カードを1枚引く。", "自分の控え室から『μ's』のライブカードを1枚までデッキの一番上に置く。その後、相手のステージにウェイト状態のメンバーがいる場合、カードを1枚引く。", "自分の控え室から『μ's』のライブカードを1枚までデッキの一番上に置く。その後、相手のステージにウェイト状態のメンバーがいる場合、カードを1枚引く", "自分の控え室から『μ's』のライブカードを1枚までデッキの一番上に置く", "相手のステージにウェイト状態のメンバーがいる場合、カードを1枚引く", "{{kidou.png|起動}}{{turn1.png|ターン1回}}手札を3枚控え室に置く：自分のステージにほかの『lilywhite』のメンバーがいる場合、自分の控え室から『μ's』のライブカードを1枚手札に加える。この能力を起動するためのコストは、自分の成功ライブカード置き場にあるカード1枚につき、控え室に置く手札の数が1枚減る。", "手札を3枚控え室に置く：自分のステージにほかの『lilywhite』のメンバーがいる場合、自分の控え室から『μ's』のライブカードを1枚手札に加える。この能力を起動するためのコストは、自分の成功ライブカード置き場にあるカード1枚につき、控え室に置く手札の数が1枚減る。", "手札を3枚控え室に置く", "自分のステージにほかの『lilywhite』のメンバーがいる場合、自分の控え室から『μ's』のライブカードを1枚手札に加える。この能力を起動するためのコストは、自分の成功ライブカード置き場にあるカード1枚につき、控え室に置く手札の数が1枚減る", "自分のステージにほかの『lilywhite』のメンバーがいる場合、自分の控え室から『μ's』のライブカードを1枚手札に加える", "自分のステージにほかの『lilywhite』のメンバーがいる場合", "控え室に置く手札の数が1枚減る", "{{toujyou.png|登場}}メンバーを3人までウェイトにしてもよい：これによりウェイト状態にしたメンバー1人につき、カードを1枚引く。", "メンバーを3人までウェイトにしてもよい：これによりウェイト状態にしたメンバー1人につき、カードを1枚引く。", "メンバーを3人までウェイトにしてもよい", "これによりウェイト状態にしたメンバー1人につき、カードを1枚引く", "{{toujyou.png|登場}}相手のステージにいる元々持つ{{icon_blade.png|ブレード}}の数が1つ以下のメンバー1人をウェイトにする。", "相手のステージにいる元々持つ{{icon_blade.png|ブレード}}の数が1つ以下のメンバー1人をウェイトにする。", "相手のステージにいる元々持つ{{icon_blade.png|ブレード}}の数が1つ以下のメンバー1人をウェイトにする", "{{toujyou.png|登場}}このターン、自分と相手のステージにいるメンバーは、効果によってはアクティブにならない。", "このターン、自分と相手のステージにいるメンバーは、効果によってはアクティブにならない。", "このターン、自分と相手のステージにいるメンバーは、効果によってはアクティブにならない", "cannot_activate_by_effect", "{{live_start.png|ライブ開始時}}手札を1枚控え室に置いてもよい：ライブ終了時まで、自分のステージにいるほかのメンバーは{{icon_blade.png|ブレード}}を得る。", "手札を1枚控え室に置いてもよい：ライブ終了時まで、自分のステージにいるほかのメンバーは{{icon_blade.png|ブレード}}を得る。", "自分のステージにいるほかのメンバーは{{icon_blade.png|ブレード}}を得る", "{{toujyou.png|登場}}自分のステージに名前の異なる『BiBi』のメンバーが2人以上いる場合、相手のステージにいるコスト4以下のメンバー1人をウェイトにする。", "自分のステージに名前の異なる『BiBi』のメンバーが2人以上いる場合、相手のステージにいるコスト4以下のメンバー1人をウェイトにする。", "自分のステージに名前の異なる『BiBi』のメンバーが2人以上いる場合、相手のステージにいるコスト4以下のメンバー1人をウェイトにする", "{{toujyou.png|登場}}自分のステージにいる『Printemps』のメンバーを1人までアクティブにする。", "自分のステージにいる『Printemps』のメンバーを1人までアクティブにする。", "自分のステージにいる『Printemps』のメンバーを1人までアクティブにする", "{{kidou.png|起動}}{{turn1.png|ターン1回}}{{icon_energy.png|E}}{{icon_energy.png|E}}：自分の手札を、相手は見ないで1枚選び公開する。これにより公開されたカードがライブカードの場合、ライブ終了時まで、このメンバーは「{{jyouji.png|常時}}ライブの合計スコアを＋１する。」を得る。", "{{icon_energy.png|E}}{{icon_energy.png|E}}：自分の手札を、相手は見ないで1枚選び公開する。これにより公開されたカードがライブカードの場合、ライブ終了時まで、このメンバーは「{{jyouji.png|常時}}ライブの合計スコアを＋１する。」を得る。", "自分の手札を、相手は見ないで1枚選び公開する。これにより公開されたカードがライブカードの場合、ライブ終了時まで、このメンバーは「{{jyouji.png|常時}}ライブの合計スコアを+1する。」を得る", "自分の手札を、相手は見ないで1枚選び公開する", "これにより公開されたカードがライブカードの場合", "ライブ終了時まで、このメンバーは「{{jyouji.png|常時}}ライブの合計スコアを+1する。」を得る", "{{jyouji.png|常時}}自分の成功ライブカード置き場に『lilywhite』のカードがある場合、手札にあるこのメンバーカードのコストは2減る。", "自分の成功ライブカード置き場に『lilywhite』のカードがある場合、手札にあるこのメンバーカードのコストは2減る。", "自分の成功ライブカード置き場に『lilywhite』のカードがある場合、手札にあるこのメンバーカードのコストは2減る", "自分の成功ライブカード置き場に『lilywhite』のカードがある場合", "{{toujyou.png|登場}}/{{live_start.png|ライブ開始時}}{{center.png|センター}}『BiBi』のメンバー1人をウェイトにしてもよい：相手は、自身のステージにいるアクティブ状態のメンバー1人をウェイトにする。（この能力はセンターエリアにいる場合のみ発動する。）", "{{center.png|センター}}『BiBi』のメンバー1人をウェイトにしてもよい：相手は、自身のステージにいるアクティブ状態のメンバー1人をウェイトにする。（この能力はセンターエリアにいる場合のみ発動する。）", "{{center.png|センター}}『BiBi』のメンバー1人をウェイトにしてもよい", "{{jidou.png|自動}}{{turn1.png|ターン1回}}自分のカードの効果によって、相手のステージにいるアクティブ状態のコスト4以下のメンバーがウェイト状態になったとき、カードを1枚引く。", "自分のカードの効果によって、相手のステージにいるアクティブ状態のコスト4以下のメンバーがウェイト状態になったとき、カードを1枚引く。", "自分のカードの効果によって、相手のステージにいるアクティブ状態のコスト4以下のメンバーがウェイト状態になったとき、カードを1枚引く", "自分のカードの効果によって、相手のステージにいるアクティブ状態のコスト4以下のメンバーがウェイト状態になったとき", "{{toujyou.png|登場}}手札を1枚控え室に置いてもよい：自分のデッキの上からカードを4枚見る。その中から『lilywhite』のカードを1枚公開して手札に加えてもよい。残りを控え室に置く。", "手札を1枚控え室に置いてもよい：自分のデッキの上からカードを4枚見る。その中から『lilywhite』のカードを1枚公開して手札に加えてもよい。残りを控え室に置く。", "{{toujyou.png|登場}}このメンバーをウェイトにしてもよい：カードを1枚引く。その後、このメンバーが『Printemps』のメンバーからバトンタッチして登場していないかぎり、手札を1枚控え室に置く。", "このメンバーをウェイトにしてもよい：カードを1枚引く。その後、このメンバーが『Printemps』のメンバーからバトンタッチして登場していないかぎり、手札を1枚控え室に置く。", "カードを1枚引く。その後、このメンバーが『Printemps』のメンバーからバトンタッチして登場していないかぎり、手札を1枚控え室に置く", "このメンバーが『Printemps』のメンバーからバトンタッチして登場していない", "unless", "{{toujyou.png|登場}}自分と相手はそれぞれ、自身の控え室からコスト2以下のメンバーカードを1枚、メンバーのいないエリアにウェイト状態で登場させる。（この効果で登場したメンバーのいるエリアには、このターンにメンバーは登場できない。）", "自分と相手はそれぞれ、自身の控え室からコスト2以下のメンバーカードを1枚、メンバーのいないエリアにウェイト状態で登場させる。（この効果で登場したメンバーのいるエリアには、このターンにメンバーは登場できない。）", "自分と相手はそれぞれ、自身の控え室からコスト2以下のメンバーカードを1枚、メンバーのいないエリアにウェイト状態で登場させる", "{{live_start.png|ライブ開始時}}自分のステージにいるメンバーのコストの合計が相手より低い場合、カードを1枚引く。", "自分のステージにいるメンバーのコストの合計が相手より低い場合、カードを1枚引く。", "自分のステージにいるメンバーのコストの合計が相手より低い場合、カードを1枚引く", "{{toujyou.png|登場}}自分の成功ライブカード置き場にあるカードのスコアの合計が６以上の場合、エネルギーを2枚アクティブにする。", "自分の成功ライブカード置き場にあるカードのスコアの合計が６以上の場合、エネルギーを2枚アクティブにする。", "自分の成功ライブカード置き場にあるカードのスコアの合計が6以上の場合、エネルギーを2枚アクティブにする", "{{toujyou.png|登場}}自分の成功ライブカード置き場にあるカードのスコアの合計が３以上の場合、自分のデッキの上からカードを5枚見る。その中から『μ's』のメンバーカードを1枚公開して手札に加えてもよい。残りを控え室に置く。", "自分の成功ライブカード置き場にあるカードのスコアの合計が３以上の場合、自分のデッキの上からカードを5枚見る。その中から『μ's』のメンバーカードを1枚公開して手札に加えてもよい。残りを控え室に置く。", "{{toujyou.png|登場}}自分の成功ライブカード置き場にカードが1枚以上あり、かつスコアの合計が１以下の場合、ライブ終了時まで、「{{jyouji.png|常時}}ライブの合計スコアを＋１する。」を得る。", "自分の成功ライブカード置き場にカードが1枚以上あり、かつスコアの合計が１以下の場合、ライブ終了時まで、「{{jyouji.png|常時}}ライブの合計スコアを＋１する。」を得る。", "自分の成功ライブカード置き場にカードが1枚以上あり、かつスコアの合計が1以下の場合、ライブ終了時まで、「{{jyouji.png|常時}}ライブの合計スコアを+1する。」を得る", "自分の成功ライブカード置き場にカードが1枚以上あり、", "スコアの合計が1以下の場合", "自分の成功ライブカード置き場にカードが1枚以上あり、かつスコアの合計が1以下の場合", "{{jyouji.png|常時}}自分の成功ライブカード置き場にあるカードのスコアの合計が６以上であるかぎり、ステージにいるこのメンバーのコストを＋３する。", "自分の成功ライブカード置き場にあるカードのスコアの合計が６以上であるかぎり、ステージにいるこのメンバーのコストを＋３する。", "ステージにいるこのメンバーの{{icon_energy.png|E}}を+3する", "{{toujyou.png|登場}}相手は、自身のステージにいるアクティブ状態のメンバー1人をウェイトにする。", "相手は、自身のステージにいるアクティブ状態のメンバー1人をウェイトにする。", "{{toujyou.png|登場}}自分の成功ライブカード置き場にあるカードのスコアの合計が３以上の場合、カードを1枚引く。", "自分の成功ライブカード置き場にあるカードのスコアの合計が３以上の場合、カードを1枚引く。", "自分の成功ライブカード置き場にあるカードのスコアの合計が3以上の場合、カードを1枚引く", "{{live_start.png|ライブ開始時}}自分のセンターエリアに{{icon_blade.png|ブレード}}を9つ以上持つ『μ's』のメンバーがいる場合、このカードのスコアを＋２する。", "自分のセンターエリアに{{icon_blade.png|ブレード}}を9つ以上持つ『μ's』のメンバーがいる場合、このカードのスコアを＋２する。", "自分のセンターエリアに{{icon_blade.png|ブレード}}を9つ以上持つ『μ's』のメンバーがいる場合、このカードのスコアを+2する", "自分のセンターエリアに{{icon_blade.png|ブレード}}を9つ以上持つ『μ's』のメンバーがいる場合", "{{live_success.png|ライブ成功時}}自分のエネルギーが相手より少ない場合、自分のエネルギーデッキから、エネルギーカードを1枚ウェイト状態で置く。", "自分のエネルギーが相手より少ない場合、自分のエネルギーデッキから、エネルギーカードを1枚ウェイト状態で置く。", "自分のエネルギーが相手より少ない場合、自分のエネルギーデッキから、エネルギーカードを1枚ウェイト状態で置く", "自分のエネルギーが相手より少ない場合", "{{live_start.png|ライブ開始時}}自分か相手を選ぶ。自分は、そのプレイヤーのデッキの一番上のカードを見る。自分はそのカードを控え室に置いてもよい。", "自分か相手を選ぶ。自分は、そのプレイヤーのデッキの一番上のカードを見る。自分はそのカードを控え室に置いてもよい。", "自分か相手を選ぶ。自分は、そのプレイヤーのデッキの一番上のカードを見る。自分はそのカードを控え室に置いてもよい", "自分は、そのプレイヤーのデッキの一番上のカードを見る。自分はそのカードを控え室に置いてもよい", "自分は、そのプレイヤーのデッキの一番上のカードを見る", "自分はそのカードを控え室に置いてもよい", "{{live_success.png|ライブ成功時}}ライブの合計スコアが相手より高い場合、カードを1枚引く。", "ライブの合計スコアが相手より高い場合、カードを1枚引く。", "ライブの合計スコアが相手より高い場合、カードを1枚引く", "{{toujyou.png|登場}}{{icon_energy.png|E}}{{icon_energy.png|E}}支払ってもよい：自分の手札からコスト4以下の『虹ヶ咲』のメンバーカードを1枚ステージに登場させる。これにより登場したメンバーがブレードハートを持つ場合、このメンバーをウェイトにする。", "{{icon_energy.png|E}}{{icon_energy.png|E}}支払ってもよい：自分の手札からコスト4以下の『虹ヶ咲』のメンバーカードを1枚ステージに登場させる。これにより登場したメンバーがブレードハートを持つ場合、このメンバーをウェイトにする。", "自分の手札からコスト4以下の『虹ヶ咲』のメンバーカードを1枚ステージに登場させる。これにより登場したメンバーがブレードハートを持つ場合、このメンバーをウェイトにする", "自分の手札からコスト4以下の『虹ヶ咲』のメンバーカードを1枚ステージに登場させる", "これにより登場したメンバーがブレードハートを持つ場合", "{{kidou.png|起動}}{{turn1.png|ターン1回}}手札を1枚控え室に置く：エネルギー1枚か『虹ヶ咲』のメンバー1人をアクティブにする。", "手札を1枚控え室に置く：エネルギー1枚か『虹ヶ咲』のメンバー1人をアクティブにする。", "エネルギー1枚か『虹ヶ咲』のメンバー1人をアクティブにする", "{{live_start.png|ライブ開始時}}自分のステージにいるメンバーのコストの合計が相手より低い場合、カードを2枚引き、自分の手札を1枚デッキの一番上に置く。", "自分のステージにいるメンバーのコストの合計が相手より低い場合、カードを2枚引き、自分の手札を1枚デッキの一番上に置く。", "自分のステージにいるメンバーのコストの合計が相手より低い場合、カードを2枚引き、自分の手札を1枚デッキの一番上に置く", "自分の手札を1枚デッキの一番上に置く", "{{jyouji.png|常時}}相手の成功ライブカード置き場にあるカードのスコアの合計が６以上であるかぎり、ライブの合計スコアを＋１する。", "相手の成功ライブカード置き場にあるカードのスコアの合計が６以上であるかぎり、ライブの合計スコアを＋１する。", "相手の成功ライブカード置き場にあるカードのスコアの合計が6以上であるかぎり", "{{toujyou.png|登場}}自分のステージにいるメンバーが『Liella!』のみで、かつ自分のエネルギーが7枚以上ある場合、自分のエネルギーデッキから、エネルギーカードを1枚ウェイト状態で置く。", "自分のステージにいるメンバーが『Liella!』のみで、かつ自分のエネルギーが7枚以上ある場合、自分のエネルギーデッキから、エネルギーカードを1枚ウェイト状態で置く。", "自分のステージにいるメンバーが『Liella!』のみで、かつ自分のエネルギーが7枚以上ある場合、自分のエネルギーデッキから、エネルギーカードを1枚ウェイト状態で置く", "自分のステージにいるメンバーが『Liella!』のみで、", "自分のステージにいるメンバーが『Liella!』のみで、かつ自分のエネルギーが7枚以上ある場合", "{{toujyou.png|登場}}このメンバーをウェイトにしてもよい：自分のデッキの上からカードを4枚見る。その中から必要ハートの合計が8以上の『Liella!』のライブカードを1枚公開して手札に加えてもよい。残りを控え室に置く。", "このメンバーをウェイトにしてもよい：自分のデッキの上からカードを4枚見る。その中から必要ハートの合計が8以上の『Liella!』のライブカードを1枚公開して手札に加えてもよい。残りを控え室に置く。", "{{toujyou.png|登場}}{{leftside.png|左サイド}}{{rightside.png|右サイド}}カードを2枚引き、手札を2枚控え室に置く。（この能力は左サイドエリアか右サイドエリアに登場した場合のみ発動する。）", "{{leftside.png|左サイド}}{{rightside.png|右サイド}}カードを2枚引き、手札を2枚控え室に置く。（この能力は左サイドエリアか右サイドエリアに登場した場合のみ発動する。）", "{{leftside.png|左サイド}}{{rightside.png|右サイド}}カードを2枚引き、手札を2枚控え室に置く", "{{jyouji.png|常時}}{{center.png|センター}}{{icon_blade.png|ブレード}}{{icon_blade.png|ブレード}}を得る。", "{{center.png|センター}}{{icon_blade.png|ブレード}}{{icon_blade.png|ブレード}}を得る。", "{{live_success.png|ライブ成功時}}エールにより公開された自分のカードの中に、名前が異なる『Liella!』のメンバーカードが3枚以上ある場合、エールにより公開された自分のカードの中から『Liella!』のライブカードを1枚手札に加える。", "エールにより公開された自分のカードの中に、名前が異なる『Liella!』のメンバーカードが3枚以上ある場合、エールにより公開された自分のカードの中から『Liella!』のライブカードを1枚手札に加える。", "エールにより公開された自分のカードの中に、名前が異なる『Liella!』のメンバーカードが3枚以上ある場合、エールにより公開された自分のカードの中から『Liella!』のライブカードを1枚手札に加える", "エールにより公開された自分のカードの中に、名前が異なる『Liella!』のメンバーカードが3枚以上ある場合", "{{jidou.png|自動}}{{turn1.png|ターン1回}}このメンバーがエリアを移動したとき、自分の控え室から、スコア3以下の『Liella!』のライブカードを1枚手札に加える。", "このメンバーがエリアを移動したとき、自分の控え室から、スコア3以下の『Liella!』のライブカードを1枚手札に加える。", "このメンバーがエリアを移動したとき、自分の控え室から、スコア3以下の『Liella!』のライブカードを1枚手札に加える", "{{jyouji.png|常時}}自分のステージにいるメンバーのコストの合計が相手より低いかぎり、{{icon_blade.png|ブレード}}{{icon_blade.png|ブレード}}{{icon_blade.png|ブレード}}を得る。", "自分のステージにいるメンバーのコストの合計が相手より低いかぎり、{{icon_blade.png|ブレード}}{{icon_blade.png|ブレード}}{{icon_blade.png|ブレード}}を得る。", "自分のステージにいるメンバーのコストの合計が相手より低いかぎり", "{{kidou.png|起動}}{{turn1.png|ターン1回}}{{icon_energy.png|E}}このメンバーをウェイトにする：自分のエネルギーデッキから、エネルギーカードを1枚ウェイト状態で置く。", "{{icon_energy.png|E}}このメンバーをウェイトにする：自分のエネルギーデッキから、エネルギーカードを1枚ウェイト状態で置く。", "{{icon_energy.png|E}}このメンバーをウェイトにする", "{{jyouji.png|常時}}自分のエネルギーが相手より多いかぎり、{{heart_06.png|heart06}}を得る。", "自分のエネルギーが相手より多いかぎり、{{heart_06.png|heart06}}を得る。", "{{live_start.png|ライブ開始時}}ライブ終了時まで、自分のステージにいる、「澁谷かのん」「ウィーン・マルガレーテ」「鬼塚冬毬」のうちのメンバー1人と、これにより選んだメンバー以外の『Liella!』のメンバー1人は、{{icon_blade.png|ブレード}}を得る。", "ライブ終了時まで、自分のステージにいる、「澁谷かのん」「ウィーン・マルガレーテ」「鬼塚冬毬」のうちのメンバー1人と、これにより選んだメンバー以外の『Liella!』のメンバー1人は、{{icon_blade.png|ブレード}}を得る。", "exclude_selected", "{{live_start.png|ライブ開始時}}ライブ終了時まで、エールによって公開される自分のカードが持つ[桃ブレード]、[赤ブレード]、[黄ブレード]、[緑ブレード]、[青ブレード]、{{icon_b_all.png|ALLブレード}}は、すべて[紫ブレード]になる。", "ライブ終了時まで、エールによって公開される自分のカードが持つ[桃ブレード]、[赤ブレード]、[黄ブレード]、[緑ブレード]、[青ブレード]、{{icon_b_all.png|ALLブレード}}は、すべて[紫ブレード]になる。", "エールによって公開される自分のカードが持つ[桃ブレード]、[赤ブレード]、[黄ブレード]、[緑ブレード]、[青ブレード]、{{icon_b_all.png|ALLブレード}}は、すべて[紫ブレード]になる", "紫ブレード", "{{live_start.png|ライブ開始時}}ライブ終了時まで、自分のステージのセンターエリアにいる『Liella!』のメンバーが元々持つ{{icon_blade.png|ブレード}}の数は3つになる。", "ライブ終了時まで、自分のステージのセンターエリアにいる『Liella!』のメンバーが元々持つ{{icon_blade.png|ブレード}}の数は3つになる。", "自分のステージのセンターエリアにいる『Liella!』のメンバーが元々持つ{{icon_blade.png|ブレード}}の数は3つになる", "set_blade_count", "{{live_success.png|ライブ成功時}}自分のステージのセンターエリアにいる『Liella!』のメンバーが、このターン中に移動している場合、このカードのスコアを＋１する。", "自分のステージのセンターエリアにいる『Liella!』のメンバーが、このターン中に移動している場合、このカードのスコアを＋１する。", "自分のステージのセンターエリアにいる『Liella!』のメンバーが、このターン中に移動している場合、このカードのスコアを+1する", "{{live_success.png|ライブ成功時}}エールにより公開された自分のカードの中に名前が異なる『Liella!』のメンバーカードが5枚以上ある場合、このカードのスコアを＋１する。", "エールにより公開された自分のカードの中に名前が異なる『Liella!』のメンバーカードが5枚以上ある場合、このカードのスコアを＋１する。", "エールにより公開された自分のカードの中に名前が異なる『Liella!』のメンバーカードが5枚以上ある場合、このカードのスコアを+1する", "エールにより公開された自分のカードの中に名前が異なる『Liella!』のメンバーカードが5枚以上ある場合", "{{live_success.png|ライブ成功時}}自分のエネルギーが11枚以上ある場合、カードを2枚引き、手札を1枚控え室に置く。", "自分のエネルギーが11枚以上ある場合、カードを2枚引き、手札を1枚控え室に置く。", "自分のエネルギーが11枚以上ある場合、カードを2枚引き、手札を1枚控え室に置く", "{{live_success.png|ライブ成功時}}自分のステージにいるメンバーが『Liella!』のみの場合、自分のステージにいるメンバーをフォーメーションチェンジしてもよい。(メンバーをそれぞれ好きなエリアに移動させる。この効果で1つのエリアに2人以上のメンバーを移動させることはできない。)", "自分のステージにいるメンバーが『Liella!』のみの場合、自分のステージにいるメンバーをフォーメーションチェンジしてもよい。(メンバーをそれぞれ好きなエリアに移動させる。この効果で1つのエリアに2人以上のメンバーを移動させることはできない。)", "自分のステージにいるメンバーが『Liella!』のみの場合、自分のステージにいるメンバーをフォーメーションチェンジしてもよい", "{{live_start.png|ライブ開始時}}アクティブ状態の自分のエネルギーがある場合、このカードのスコアを＋１する。", "アクティブ状態の自分のエネルギーがある場合、このカードのスコアを＋１する。", "アクティブ状態の自分のエネルギーがある場合、このカードのスコアを+1する", "アクティブ状態の自分のエネルギーがある場合", "{{toujyou.png|登場}}手札を1枚控え室に置いてもよい：自分のステージにこのメンバー以外のコスト11のメンバーがいる場合、自分の控え室から『虹ヶ咲』のライブカードを1枚手札に加える。", "手札を1枚控え室に置いてもよい：自分のステージにこのメンバー以外のコスト11のメンバーがいる場合、自分の控え室から『虹ヶ咲』のライブカードを1枚手札に加える。", "自分のステージにこのメンバー以外のコスト11のメンバーがいる場合、自分の控え室から『虹ヶ咲』のライブカードを1枚手札に加える", "自分のステージにこのメンバー以外のコスト11のメンバーがいる場合", "{{jyouji.png|常時}}自分のライブ中のライブカードが2枚以上あるかぎり、{{icon_blade.png|ブレード}}{{icon_blade.png|ブレード}}を得る。", "自分のライブ中のライブカードが2枚以上あるかぎり、{{icon_blade.png|ブレード}}{{icon_blade.png|ブレード}}を得る。", "自分のライブ中のライブカードが2枚以上あるかぎり", "{{toujyou.png|登場}}自分のエネルギー置き場にあるエネルギー2枚をこのメンバーの下に置いてもよい。", "自分のエネルギー置き場にあるエネルギー2枚をこのメンバーの下に置いてもよい。", "自分のエネルギー置き場にあるエネルギー2枚をこのメンバーの下に置いてもよい", "{{jyouji.png|常時}}このメンバーの下にエネルギーカードが2枚以上置かれているかぎり、ライブの合計スコアを＋１する。\n(メンバーがステージから離れたとき、下に置かれているエネルギーカードはエネルギーデッキに戻す。)", "このメンバーの下にエネルギーカードが2枚以上置かれているかぎり、ライブの合計スコアを＋１する。\n(メンバーがステージから離れたとき、下に置かれているエネルギーカードはエネルギーデッキに戻す。)", "このメンバーの下にエネルギーカードが2枚以上置かれているかぎり", "{{kidou.png|起動}}{{icon_energy.png|E}}{{icon_energy.png|E}}このカードを手札から控え室に置く：カードを1枚引き、ライブ終了時まで、自分のステージにいる『虹ヶ咲』のメンバー1人は{{icon_blade.png|ブレード}}を得る。この能力は、このカードが手札にある場合のみ起動できる。", "{{icon_energy.png|E}}{{icon_energy.png|E}}このカードを手札から控え室に置く：カードを1枚引き、ライブ終了時まで、自分のステージにいる『虹ヶ咲』のメンバー1人は{{icon_blade.png|ブレード}}を得る。この能力は、このカードが手札にある場合のみ起動できる。", "{{icon_energy.png|E}}{{icon_energy.png|E}}このカードを手札から控え室に置く", "カードを1枚引き、ライブ終了時まで、自分のステージにいる『虹ヶ咲』のメンバー1人は{{icon_blade.png|ブレード}}を得る", "自分のステージにいる『虹ヶ咲』のメンバー1人は{{icon_blade.png|ブレード}}を得る", "{{jyouji.png|常時}}このターンにこのメンバーが移動していないかぎり、{{icon_blade.png|ブレード}}{{icon_blade.png|ブレード}}を得る。", "このターンにこのメンバーが移動していないかぎり、{{icon_blade.png|ブレード}}{{icon_blade.png|ブレード}}を得る。", "not_moved", "{{live_start.png|ライブ開始時}}自分のデッキの一番上のカードを公開する。公開したカードがコスト9以下のメンバーカードの場合、公開したカードを手札に加え、このメンバーはポジションチェンジする。それ以外の場合、公開したカードを控え室に置く。", "自分のデッキの一番上のカードを公開する。公開したカードがコスト9以下のメンバーカードの場合、公開したカードを手札に加え、このメンバーはポジションチェンジする。それ以外の場合、公開したカードを控え室に置く。", "自分のデッキの一番上のカードを公開する。公開したカードがコスト9以下のメンバーカードの場合、公開したカードを手札に加え、このメンバーはポジションチェンジする。それ以外の場合、公開したカードを控え室に置く", "公開したカードを手札に加え", "それ以外の場合、公開したカードを控え室に置く", "それ以外の場合", "{{jidou.png|自動}}{{turn1.png|ターン1回}}自分のステージにコスト10のメンバーが登場したとき、カードを1枚引く。", "自分のステージにコスト10のメンバーが登場したとき、カードを1枚引く。", "自分のステージにコスト10のメンバーが登場したとき、カードを1枚引く", "自分のステージにコスト10のメンバーが登場したとき", "{{kidou.png|起動}}このメンバーをウェイトにする：エネルギーを1枚アクティブにする。", "このメンバーをウェイトにする：エネルギーを1枚アクティブにする。", "{{jyouji.png|常時}}自分のライブ中のライブカードの必要ハートの中に{{heart_01.png|heart01}}、{{heart_02.png|heart02}}、{{heart_03.png|heart03}}、{{heart_04.png|heart04}}、{{heart_05.png|heart05}}、{{heart_06.png|heart06}}がそれぞれ1以上含まれるかぎり、{{icon_all.png|ハート}}を得る。", "自分のライブ中のライブカードの必要ハートの中に{{heart_01.png|heart01}}、{{heart_02.png|heart02}}、{{heart_03.png|heart03}}、{{heart_04.png|heart04}}、{{heart_05.png|heart05}}、{{heart_06.png|heart06}}がそれぞれ1以上含まれるかぎり、{{icon_all.png|ハート}}を得る。", "{{icon_all.png|ハート}}を得る", "自分のライブ中のライブカードの必要ハートの中に{{heart_01.png|heart01}}、{{heart_02.png|heart02}}、{{heart_03.png|heart03}}、{{heart_04.png|heart04}}、{{heart_05.png|heart05}}、{{heart_06.png|heart06}}がそれぞれ1以上含まれるかぎり", "{{jyouji.png|常時}}自分のステージにウェイト状態の『虹ヶ咲』のメンバーがいるかぎり、手札にあるこのメンバーカードのコストは2減る。", "自分のステージにウェイト状態の『虹ヶ咲』のメンバーがいるかぎり、手札にあるこのメンバーカードのコストは2減る。", "自分のステージにウェイト状態の『虹ヶ咲』のメンバーがいるかぎり", "{{toujyou.png|登場}}自分のステージにいるメンバー1人か、エネルギーを2枚アクティブにする。", "自分のステージにいるメンバー1人か、エネルギーを2枚アクティブにする。", "自分のステージにいるメンバー1人か、エネルギーを2枚アクティブにする", "{{live_start.png|ライブ開始時}}このターン、ブレードハートを持たないメンバーカードが自分のライブカード置き場から控え室に置かれている場合、カードを1枚引き、ライブ終了時まで、{{heart_03.png|heart03}}{{heart_05.png|heart05}}{{heart_06.png|heart06}}を得る。", "このターン、ブレードハートを持たないメンバーカードが自分のライブカード置き場から控え室に置かれている場合、カードを1枚引き、ライブ終了時まで、{{heart_03.png|heart03}}{{heart_05.png|heart05}}{{heart_06.png|heart06}}を得る。", "このターン、ブレードハートを持たないメンバーカードが自分のライブカード置き場から控え室に置かれている場合、カードを1枚引き、ライブ終了時まで、{{heart_03.png|heart03}}{{heart_05.png|heart05}}{{heart_06.png|heart06}}を得る", "このターン、ブレードハートを持たないメンバーカードが自分のライブカード置き場から控え室に置かれている場合", "{{heart_03.png|heart03}}{{heart_05.png|heart05}}{{heart_06.png|heart06}}を得る", "{{toujyou.png|登場}}以下から1つを選ぶ。\n・エネルギーを1枚アクティブにする。\n・自分の控え室にある『虹ヶ咲』のライブカードを2枚まで好きな順番でデッキの上に置く。", "以下から1つを選ぶ。\n・エネルギーを1枚アクティブにする。\n・自分の控え室にある『虹ヶ咲』のライブカードを2枚まで好きな順番でデッキの上に置く。", "以下から1つを選ぶ。\n・エネルギーを1枚アクティブにする。\n・自分の控え室にある『虹ヶ咲』のライブカードを2枚まで好きな順番でデッキの上に置く", "エネルギーを1枚アクティブにする。", "自分の控え室にある『虹ヶ咲』のライブカードを2枚まで好きな順番でデッキの上に置く", "{{jyouji.png|常時}}このメンバーの下にあるエネルギーカード1枚につき、{{icon_blade.png|ブレード}}を得る。", "このメンバーの下にあるエネルギーカード1枚につき、{{icon_blade.png|ブレード}}を得る。", "このメンバーの下にあるエネルギーカード1枚につき、{{icon_blade.png|ブレード}}を得る", "{{kidou.png|起動}}{{turn1.png|ターン1回}}自分のエネルギー置き場にあるエネルギー1枚をこのメンバーの下に置く：自分の控え室から『虹ヶ咲』のライブカードを1枚手札に加える。\n(メンバーがステージから離れたとき、下に置かれているエネルギーカードはエネルギーデッキに戻す。)", "自分のエネルギー置き場にあるエネルギー1枚をこのメンバーの下に置く：自分の控え室から『虹ヶ咲』のライブカードを1枚手札に加える。\n(メンバーがステージから離れたとき、下に置かれているエネルギーカードはエネルギーデッキに戻す。)", "自分のエネルギー置き場にあるエネルギー1枚をこのメンバーの下に置く", "{{jidou.png|自動}}{{turn1.png|ターン1回}}自分のステージにこのメンバー以外のコスト11のメンバーが登場したとき、自分のエネルギーデッキから、エネルギーカードを1枚ウェイト状態で置く。", "自分のステージにこのメンバー以外のコスト11のメンバーが登場したとき、自分のエネルギーデッキから、エネルギーカードを1枚ウェイト状態で置く。", "自分のステージにこのメンバー以外のコスト11のメンバーが登場したとき、自分のエネルギーデッキから、エネルギーカードを1枚ウェイト状態で置く", "自分のステージにこのメンバー以外のコスト11のメンバーが登場したとき", "{{live_success.png|ライブ成功時}}エールにより公開された自分のカードの中から、『虹ヶ咲』のメンバーカードを1枚手札に加える。", "エールにより公開された自分のカードの中から、『虹ヶ咲』のメンバーカードを1枚手札に加える。", "エールにより公開された自分のカードの中から、『虹ヶ咲』のメンバーカードを1枚手札に加える", "{{toujyou.png|登場}}{{icon_energy.png|E}}{{icon_energy.png|E}}支払ってもよい：手札からコスト4以下の「上原歩夢」のメンバーカードを1枚ステージに登場させる。", "{{icon_energy.png|E}}{{icon_energy.png|E}}支払ってもよい：手札からコスト4以下の「上原歩夢」のメンバーカードを1枚ステージに登場させる。", "手札からコスト4以下の「上原歩夢」のメンバーカードを1枚ステージに登場させる", "{{toujyou.png|登場}}「中須かすみ」からバトンタッチして登場した場合、カードを2枚引き、手札を1枚控え室に置く。", "「中須かすみ」からバトンタッチして登場した場合、カードを2枚引き、手札を1枚控え室に置く。", "「中須かすみ」からバトンタッチして登場した場合、カードを2枚引き、手札を1枚控え室に置く", "「中須かすみ」からバトンタッチして登場した場合", "{{toujyou.png|登場}}{{icon_energy.png|E}}{{icon_energy.png|E}}支払ってもよい：手札からコスト4以下の「桜坂しずく」のメンバーカードを1枚ステージに登場させる。", "{{icon_energy.png|E}}{{icon_energy.png|E}}支払ってもよい：手札からコスト4以下の「桜坂しずく」のメンバーカードを1枚ステージに登場させる。", "手札からコスト4以下の「桜坂しずく」のメンバーカードを1枚ステージに登場させる", "{{toujyou.png|登場}}自分のデッキの上からカードを2枚見る。その中から「朝香果林」のメンバーカードを1枚公開して手札に加えてもよい。残りを控え室に置く。", "自分のデッキの上からカードを2枚見る。その中から「朝香果林」のメンバーカードを1枚公開して手札に加えてもよい。残りを控え室に置く。", "{{toujyou.png|登場}}{{icon_energy.png|E}}{{icon_energy.png|E}}支払ってもよい：手札からコスト4以下の「宮下愛」のメンバーカードを1枚ステージに登場させる。", "{{icon_energy.png|E}}{{icon_energy.png|E}}支払ってもよい：手札からコスト4以下の「宮下愛」のメンバーカードを1枚ステージに登場させる。", "手札からコスト4以下の「宮下愛」のメンバーカードを1枚ステージに登場させる", "{{toujyou.png|登場}}自分のデッキの上からカードを2枚見る。その中から「近江彼方」のメンバーカードを1枚公開して手札に加えてもよい。残りを控え室に置く。", "自分のデッキの上からカードを2枚見る。その中から「近江彼方」のメンバーカードを1枚公開して手札に加えてもよい。残りを控え室に置く。", "近江彼方", "{{toujyou.png|登場}}「優木せつ菜」からバトンタッチして登場した場合、カードを2枚引き、手札を2枚控え室に置く。", "「優木せつ菜」からバトンタッチして登場した場合、カードを2枚引き、手札を2枚控え室に置く。", "「優木せつ菜」からバトンタッチして登場した場合、カードを2枚引き、手札を2枚控え室に置く", "「優木せつ菜」からバトンタッチして登場した場合", "{{toujyou.png|登場}}「エマ・ヴェルデ」からバトンタッチして登場した場合、カードを2枚引き、手札を2枚控え室に置く。", "「エマ・ヴェルデ」からバトンタッチして登場した場合、カードを2枚引き、手札を2枚控え室に置く。", "「エマ・ヴェルデ」からバトンタッチして登場した場合、カードを2枚引き、手札を2枚控え室に置く", "「エマ・ヴェルデ」からバトンタッチして登場した場合", "{{toujyou.png|登場}}自分のデッキの上からカードを2枚見る。その中から「天王寺璃奈」のメンバーカードを1枚公開して手札に加えてもよい。残りを控え室に置く。", "自分のデッキの上からカードを2枚見る。その中から「天王寺璃奈」のメンバーカードを1枚公開して手札に加えてもよい。残りを控え室に置く。", "{{toujyou.png|登場}}「三船栞子」からバトンタッチして登場した場合、カードを2枚引き、手札を1枚控え室に置く。", "「三船栞子」からバトンタッチして登場した場合、カードを2枚引き、手札を1枚控え室に置く。", "「三船栞子」からバトンタッチして登場した場合、カードを2枚引き、手札を1枚控え室に置く", "「三船栞子」からバトンタッチして登場した場合", "{{toujyou.png|登場}}{{icon_energy.png|E}}{{icon_energy.png|E}}支払ってもよい：手札からコスト4以下の「ミア・テイラー」のメンバーカードを1枚ステージに登場させる。", "{{icon_energy.png|E}}{{icon_energy.png|E}}支払ってもよい：手札からコスト4以下の「ミア・テイラー」のメンバーカードを1枚ステージに登場させる。", "手札からコスト4以下の「ミア・テイラー」のメンバーカードを1枚ステージに登場させる", "{{toujyou.png|登場}}自分のデッキの上からカードを2枚見る。その中から「鐘嵐珠」のメンバーカードを1枚公開して手札に加えてもよい。残りを控え室に置く。", "自分のデッキの上からカードを2枚見る。その中から「鐘嵐珠」のメンバーカードを1枚公開して手札に加えてもよい。残りを控え室に置く。", "鐘嵐珠", "{{toujyou.png|登場}}手札を1枚控え室に置いてもよい：自分のデッキの上からカードを2枚見る。その中から1枚を手札に加え、残りを控え室に置く。", "手札を1枚控え室に置いてもよい：自分のデッキの上からカードを2枚見る。その中から1枚を手札に加え、残りを控え室に置く。", "自分のデッキの上からカードを2枚見る。その中から1枚を手札に加え、残りを控え室に置く", "{{toujyou.png|登場}}カードを1枚引く。", "{{jyouji.png|常時}}自分のステージにいるこのメンバー以外の『A-RISE』のメンバー1人につき、{{heart_05.png|heart05}}を得る。", "自分のステージにいるこのメンバー以外の『A-RISE』のメンバー1人につき、{{heart_05.png|heart05}}を得る。", "自分のステージにいるこのメンバー以外の『A-RISE』のメンバー1人につき、{{heart_05.png|heart05}}を得る", "{{kidou.png|起動}}{{turn1.png|ターン1回}}手札を1枚控え室に置く：ウェイト状態のメンバー1人をアクティブにする。これにより相手のステージにいるメンバーをアクティブにした場合、自分の控え室からライブカードを1枚手札に加える。", "手札を1枚控え室に置く：ウェイト状態のメンバー1人をアクティブにする。これにより相手のステージにいるメンバーをアクティブにした場合、自分の控え室からライブカードを1枚手札に加える。", "ウェイト状態のメンバー1人をアクティブにする。これにより相手のステージにいるメンバーをアクティブにした場合、自分の控え室からライブカードを1枚手札に加える", "ウェイト状態のメンバー1人をアクティブにする", "これにより相手のステージにいるメンバーをアクティブにした場合", "{{toujyou.png|登場}}このメンバーをウェイトにし、手札を1枚控え室に置いてもよい：自分のデッキの上からカードを3枚見る。その中から1枚を手札に加える。残りを控え室に置く。", "このメンバーをウェイトにし、手札を1枚控え室に置いてもよい：自分のデッキの上からカードを3枚見る。その中から1枚を手札に加える。残りを控え室に置く。", "自分のデッキの上からカードを3枚見る。その中から1枚を手札に加える。残りを控え室に置く", "1枚を手札に加える。残りを控え室に置く", "{{toujyou.png|登場}}このメンバーをウェイトにしてもよい：相手のステージにいるコスト9以下のメンバー1人をウェイトにする。", "このメンバーをウェイトにしてもよい：相手のステージにいるコスト9以下のメンバー1人をウェイトにする。", "{{jyouji.png|常時}}このメンバーがウェイト状態であるかぎり、{{heart_05.png|heart05}}を得る。", "このメンバーがウェイト状態であるかぎり、{{heart_05.png|heart05}}を得る。", "このメンバーがウェイト状態であるかぎり", "{{jidou.png|自動}}このメンバーがエリアを移動したとき、相手のステージにいる元々持つ{{icon_blade.png|ブレード}}の数が2つ以下のメンバー1人をウェイトにする。", "このメンバーがエリアを移動したとき、相手のステージにいる元々持つ{{icon_blade.png|ブレード}}の数が2つ以下のメンバー1人をウェイトにする。", "このメンバーがエリアを移動したとき、相手のステージにいる元々持つ{{icon_blade.png|ブレード}}の数が2つ以下のメンバー1人をウェイトにする", "{{jidou.png|自動}}{{turn1.png|ターン1回}}このメンバーがエリアを移動したとき、エネルギーを2枚アクティブにする。", "このメンバーがエリアを移動したとき、エネルギーを2枚アクティブにする。", "{{kidou.png|起動}}{{turn1.png|ターン1回}}エネルギー2枚をエネルギーデッキに置く：自分の控え室にあるライブカードを1枚手札に加える。", "エネルギー2枚をエネルギーデッキに置く：自分の控え室にあるライブカードを1枚手札に加える。", "エネルギー2枚をエネルギーデッキに置く", "自分の控え室にあるライブカードを1枚手札に加える", "{{live_start.png|ライブ開始時}}{{icon_energy.png|E}}支払ってもよい：自分のエネルギーデッキから、エネルギーカードを1枚ウェイト状態で置く。", "{{icon_energy.png|E}}支払ってもよい：自分のエネルギーデッキから、エネルギーカードを1枚ウェイト状態で置く。", "{{live_start.png|ライブ開始時}}自分のステージに『蓮ノ空』のメンバーが3人以上いて、かつ自分の控え室にカード名に「DreamBelievers」を含むライブカードがある場合、このカードのスコアを＋１する。", "自分のステージに『蓮ノ空』のメンバーが3人以上いて、かつ自分の控え室にカード名に「DreamBelievers」を含むライブカードがある場合、このカードのスコアを＋１する。", "自分のステージに『蓮ノ空』のメンバーが3人以上いて、かつ自分の控え室にカード名に「DreamBelievers」を含むライブカードがある場合、このカードのスコアを+1する", "自分のステージに『蓮ノ空』のメンバーが3人以上いて、", "自分の控え室にカード名に「DreamBelievers」を含むライブカードがある場合", "自分のステージに『蓮ノ空』のメンバーが3人以上いて、かつ自分の控え室にカード名に「DreamBelievers」を含むライブカードがある場合", "{{jidou.png|自動}}{{turn2.png|ターン2回}}自分のステージにほかの『スリーズブーケ』のメンバーが登場するたび、{{icon_energy.png|E}}支払ってもよい。そうした場合、エネルギーを2枚アクティブにする。", "自分のステージにほかの『スリーズブーケ』のメンバーが登場するたび、{{icon_energy.png|E}}支払ってもよい。そうした場合、エネルギーを2枚アクティブにする。", "自分のステージにほかの『スリーズブーケ』のメンバーが登場するたび、{{icon_energy.png|E}}支払ってもよい。そうした場合、エネルギーを2枚アクティブにする", "自分のステージにほかの『スリーズブーケ』のメンバーが登場する", "{{live_start.png|ライブ開始時}}{{icon_energy.png|E}}{{icon_energy.png|E}}支払ってもよい：ライブ終了時まで、{{heart_04.png|heart04}}{{icon_blade.png|ブレード}}を得る。", "{{icon_energy.png|E}}{{icon_energy.png|E}}支払ってもよい：ライブ終了時まで、{{heart_04.png|heart04}}{{icon_blade.png|ブレード}}を得る。", "{{kidou.png|起動}}{{turn1.png|ターン1回}}手札の「村野さやか」のメンバーカードを1枚公開する：これにより公開したカードをこのメンバーの下に置く。", "手札の「村野さやか」のメンバーカードを1枚公開する：これにより公開したカードをこのメンバーの下に置く。", "手札の「村野さやか」のメンバーカードを1枚公開する", "{{live_start.png|ライブ開始時}}ライブ終了時まで、このメンバーの下にあるメンバーカード1枚につき、このカードのコストを＋４して{{heart_05.png|heart05}}を得る。この能力では下にあるメンバーカードは3枚までしか数えない。", "ライブ終了時まで、このメンバーの下にあるメンバーカード1枚につき、このカードのコストを＋４して{{heart_05.png|heart05}}を得る。この能力では下にあるメンバーカードは3枚までしか数えない。", "このメンバーの下にあるメンバーカード1枚につき、このカードのコストを+4して{{heart_05.png|heart05}}を得る。この能力では下にあるメンバーカードは3枚までしか数えない", "このカードの{{icon_energy.png|E}}を+4", "{{heart_05.png|heart05}}を得る。この能力では下にあるメンバーカードは3枚までしか数えない", "{{toujyou.png|登場}}手札の『みらくらぱーく！』のメンバーカードを好きな枚数控え室に置き、その後、その枚数に1を足した枚数のカードを引く。", "手札の『みらくらぱーく！』のメンバーカードを好きな枚数控え室に置き、その後、その枚数に1を足した枚数のカードを引く。", "手札の『みらくらぱーく！』のメンバーカードを好きな枚数控え室に置き、その後、その枚数に1を足した枚数のカードを引く", "手札の『みらくらぱーく！』のメンバーカードを好きな枚数控え室に置き、", "その枚数に1を足した枚数のカードを引く", "{{jidou.png|自動}}{{turn2.png|ターン2回}}自分の手札からカードが1枚以上控え室に置かれるたび、ライブ終了時まで、{{heart_01.png|heart01}}{{icon_blade.png|ブレード}}を得る。", "自分の手札からカードが1枚以上控え室に置かれるたび、ライブ終了時まで、{{heart_01.png|heart01}}{{icon_blade.png|ブレード}}を得る。", "自分の手札からカードが1枚以上控え室に置かれる", "{{toujyou.png|登場}}{{icon_energy.png|E}}手札を1枚控え室に置いてもよい：自分のデッキの上からカードを3枚控え室に置く。その後、自分の控え室から『スリーズブーケ』のライブカードを1枚手札に加える。", "{{icon_energy.png|E}}手札を1枚控え室に置いてもよい：自分のデッキの上からカードを3枚控え室に置く。その後、自分の控え室から『スリーズブーケ』のライブカードを1枚手札に加える。", "{{icon_energy.png|E}}手札を1枚控え室に置いてもよい", "自分のデッキの上からカードを3枚控え室に置く。その後、自分の控え室から『スリーズブーケ』のライブカードを1枚手札に加える", "自分の控え室から『スリーズブーケ』のライブカードを1枚手札に加える", "{{live_start.png|ライブ開始時}}数1つを選ぶ。自分のデッキの一番上のカードを公開する。公開したカードがメンバーカードで、かつコストが選んだ数以上の場合、公開したカードを手札に加える。選んだ数以下の場合、ライブ終了時まで、{{icon_blade.png|ブレード}}{{icon_blade.png|ブレード}}を得る。\n(公開したカードがメンバーカード以外の場合、何も起こらない。)", "数1つを選ぶ。自分のデッキの一番上のカードを公開する。公開したカードがメンバーカードで、かつコストが選んだ数以上の場合、公開したカードを手札に加える。選んだ数以下の場合、ライブ終了時まで、{{icon_blade.png|ブレード}}{{icon_blade.png|ブレード}}を得る。\n(公開したカードがメンバーカード以外の場合、何も起こらない。)", "数1つを選ぶ。自分のデッキの一番上のカードを公開する。公開したカードがメンバーカードで、かつコストが選んだ数以上の場合、公開したカードを手札に加える。選んだ数以下の場合、ライブ終了時まで、{{icon_blade.png|ブレード}}{{icon_blade.png|ブレード}}を得る", "数1つを選ぶ", "select_number", "公開したカードがメンバーカードで、かつコストが選んだ数以上の場合、公開したカードを手札に加える", "公開したカードがメンバーカードで、", "コストが選んだ数以上の場合", "公開したカードがメンバーカードで、かつコストが選んだ数以上の場合", "選んだ数以下の場合、ライブ終了時まで、{{icon_blade.png|ブレード}}{{icon_blade.png|ブレード}}を得る", "選んだ数以下の場合", "公開したカードがメンバーカード以外の場合、何も起こらない。", "{{live_start.png|ライブ開始時}}自分のステージにいるほかの『みらくらぱーく！』のメンバーがいるエリアにポジションチェンジしてもよい。そうした場合、ライブ終了時まで、{{heart_01.png|heart01}}{{icon_blade.png|ブレード}}を得る。(このメンバーを今いるエリア以外のエリアに移動させる。そのエリアにメンバーがいる場合、そのメンバーはこのメンバーがいたエリアに移動させる。)", "自分のステージにいるほかの『みらくらぱーく！』のメンバーがいるエリアにポジションチェンジしてもよい。そうした場合、ライブ終了時まで、{{heart_01.png|heart01}}{{icon_blade.png|ブレード}}を得る。(このメンバーを今いるエリア以外のエリアに移動させる。そのエリアにメンバーがいる場合、そのメンバーはこのメンバーがいたエリアに移動させる。)", "自分のステージにいるほかの『みらくらぱーく！』のメンバーがいるエリアにポジションチェンジしてもよい。そうした場合、ライブ終了時まで、{{heart_01.png|heart01}}{{icon_blade.png|ブレード}}を得る", "自分のステージにいるほかの『みらくらぱーく！』のメンバーがいるエリアにポジションチェンジしてもよい。", "{{toujyou.png|登場}}{{icon_energy.png|E}}{{icon_energy.png|E}}手札を1枚控え室に置いてもよい：自分の控え室から『蓮ノ空』のカードを1枚手札に加える。", "{{icon_energy.png|E}}{{icon_energy.png|E}}手札を1枚控え室に置いてもよい：自分の控え室から『蓮ノ空』のカードを1枚手札に加える。", "{{icon_energy.png|E}}{{icon_energy.png|E}}手札を1枚控え室に置いてもよい", "{{jyouji.png|常時}}自分のステージにメンバーがちょうど2人おり、かつ相手のステージにメンバーが3人以上いるかぎり、{{heart_06.png|heart06}}を得る。", "自分のステージにメンバーがちょうど2人おり、かつ相手のステージにメンバーが3人以上いるかぎり、{{heart_06.png|heart06}}を得る。", "自分のステージにメンバーがちょうど2人おり、", "相手のステージにメンバーが3人以上いるかぎり", "自分のステージにメンバーがちょうど2人おり、かつ相手のステージにメンバーが3人以上いるかぎり", "{{toujyou.png|登場}}自分と相手のステージにいる元々持つ{{icon_blade.png|ブレード}}の数が3つ以下のすべてのメンバーをウェイトにする。", "自分と相手のステージにいる元々持つ{{icon_blade.png|ブレード}}の数が3つ以下のすべてのメンバーをウェイトにする。", "自分と相手のステージにいる元々持つ{{icon_blade.png|ブレード}}の数が3つ以下のすべてのメンバーをウェイトにする", "{{jyouji.png|常時}}相手のステージにいるメンバーはアクティブフェイズにアクティブにならない。", "相手のステージにいるメンバーはアクティブフェイズにアクティブにならない。", "相手のステージにいるメンバーはアクティブにならない", "アクティブフェイズに", "{{jidou.png|自動}}{{center.png|センター}}{{turn2.png|ターン2回}}自分のステージに『蓮ノ空』のメンバーが登場するたび、ライブ終了時まで、{{icon_blade.png|ブレード}}{{icon_blade.png|ブレード}}を得る。", "{{center.png|センター}}自分のステージに『蓮ノ空』のメンバーが登場するたび、ライブ終了時まで、{{icon_blade.png|ブレード}}{{icon_blade.png|ブレード}}を得る。", "自分のステージに『蓮ノ空』のメンバーが登場するたび、ライブ終了時まで、{{icon_blade.png|ブレード}}{{icon_blade.png|ブレード}}を得る", "自分のステージに『蓮ノ空』のメンバーが登場する", "{{live_start.png|ライブ開始時}}このメンバーが持つ{{icon_blade.png|ブレード}}の数が8つ以上の場合、カードを2枚引き、手札を1枚控え室に置く。", "このメンバーが持つ{{icon_blade.png|ブレード}}の数が8つ以上の場合、カードを2枚引き、手札を1枚控え室に置く。", "このメンバーが持つ{{icon_blade.png|ブレード}}の数が8つ以上の場合、カードを2枚引き、手札を1枚控え室に置く", "このメンバーが持つ{{icon_blade.png|ブレード}}の数が8つ以上の場合", "{{toujyou.png|登場}}/{{live_start.png|ライブ開始時}}自分のステージにコスト10以上のメンバーがいる場合、相手のステージにいるコスト4以下のメンバー1人をウェイトにする。", "自分のステージにコスト10以上のメンバーがいる場合、相手のステージにいるコスト4以下のメンバー1人をウェイトにする。", "自分のステージにコスト10以上のメンバーがいる場合、相手のステージにいるコスト4以下のメンバー1人をウェイトにする", "自分のステージにコスト10以上のメンバーがいる場合", "{{toujyou.png|登場}}自分と相手はそれぞれ、自身の控え室にあるすべてのメンバーカードをシャッフルし、自身のデッキの下に置く。これにより自分と相手のカードが合計20枚以上デッキの下に置かれた場合、自分の控え室からライブカードを1枚手札に加え、ライブ終了時まで、{{icon_blade.png|ブレード}}{{icon_blade.png|ブレード}}を得る。", "自分と相手はそれぞれ、自身の控え室にあるすべてのメンバーカードをシャッフルし、自身のデッキの下に置く。これにより自分と相手のカードが合計20枚以上デッキの下に置かれた場合、自分の控え室からライブカードを1枚手札に加え、ライブ終了時まで、{{icon_blade.png|ブレード}}{{icon_blade.png|ブレード}}を得る。", "自分と相手はそれぞれ、自身の控え室にあるすべてのメンバーカードをシャッフルし、自身のデッキの下に置く。これにより自分と相手のカードが合計20枚以上デッキの下に置かれた場合、自分の控え室からライブカードを1枚手札に加え、ライブ終了時まで、{{icon_blade.png|ブレード}}{{icon_blade.png|ブレード}}を得る", "自分と相手はそれぞれ、自身の控え室にあるすべてのメンバーカードをシャッフルし、自身のデッキの下に置く", "これにより自分と相手のカードが合計20枚以上デッキの下に置かれた場合", "自分の控え室からライブカードを1枚手札に加え、ライブ終了時まで、{{icon_blade.png|ブレード}}{{icon_blade.png|ブレード}}を得る", "自分の控え室からライブカードを1枚手札に加え", "{{live_start.png|ライブ開始時}}自分のデッキの上からカードを2枚見る。その中から好きな枚数を好きな順番でデッキの上に置き、残りを控え室に置く。", "{{live_success.png|ライブ成功時}}自分のステージに、このメンバーよりコストが高いメンバーがいる場合、カードを1枚引く。", "自分のステージに、このメンバーよりコストが高いメンバーがいる場合、カードを1枚引く。", "自分のステージに、このメンバーよりコストが高いメンバーがいる場合、カードを1枚引く", "自分のステージに、このメンバーよりコストが高いメンバーがいる場合", "{{toujyou.png|登場}}自分のステージにいるメンバーが『みらくらぱーく！』のみの場合、相手のステージにいるメンバー1人をこのメンバーの正面のエリアにポジションチェンジさせる。", "自分のステージにいるメンバーが『みらくらぱーく！』のみの場合、相手のステージにいるメンバー1人をこのメンバーの正面のエリアにポジションチェンジさせる。", "自分のステージにいるメンバーが『みらくらぱーく！』のみの場合、相手のステージにいるメンバー1人をこのメンバーの正面のエリアにポジションチェンジさせる", "自分のステージにいるメンバーが『みらくらぱーく！』のみの場合", "{{jyouji.png|常時}}このメンバーの正面のエリアにいる相手のメンバーのコストが、このメンバーのコストより高いかぎり、{{heart_01.png|heart01}}を得る。", "このメンバーの正面のエリアにいる相手のメンバーのコストが、このメンバーのコストより高いかぎり、{{heart_01.png|heart01}}を得る。", "このメンバーの正面のエリアにいる相手のメンバーのコストが、このメンバーのコストより高いかぎり", "{{jyouji.png|常時}}自分のステージにほかのメンバーがいないかぎり、{{icon_blade.png|ブレード}}{{icon_blade.png|ブレード}}{{icon_blade.png|ブレード}}を失う。", "自分のステージにほかのメンバーがいないかぎり、{{icon_blade.png|ブレード}}{{icon_blade.png|ブレード}}{{icon_blade.png|ブレード}}を失う。", "{{icon_blade.png|ブレード}}{{icon_blade.png|ブレード}}{{icon_blade.png|ブレード}}を失う", "{{toujyou.png|登場}}自分のステージにいるこのメンバー以外の{{heart_06.png|heart06}}を持つメンバー1人は、ライブ終了時まで、{{heart_06.png|heart06}}を得る。", "自分のステージにいるこのメンバー以外の{{heart_06.png|heart06}}を持つメンバー1人は、ライブ終了時まで、{{heart_06.png|heart06}}を得る。", "自分のステージにいるこのメンバー以外の{{heart_06.png|heart06}}を持つメンバー1人は、ライブ終了時まで、{{heart_06.png|heart06}}を得る", "{{toujyou.png|登場}}自分のデッキの上からカードを2枚見る。その中から能力を持たない『μ's』のカードか{{jyouji.png|常時}}能力を持つ『μ's』のカードを1枚公開して手札に加えてもよい。残りを控え室に置く。", "自分のデッキの上からカードを2枚見る。その中から能力を持たない『μ's』のカードか{{jyouji.png|常時}}能力を持つ『μ's』のカードを1枚公開して手札に加えてもよい。残りを控え室に置く。", "or_ability_filters", "has_ability_type", "{{toujyou.png|登場}}手札を1枚控え室に置いてもよい：自分のデッキの上からカードを5枚見る。その中から『μ's』のメンバーカードを1枚公開して手札に加えてもよい。残りを控え室に置く。", "手札を1枚控え室に置いてもよい：自分のデッキの上からカードを5枚見る。その中から『μ's』のメンバーカードを1枚公開して手札に加えてもよい。残りを控え室に置く。", "{{toujyou.png|登場}}手札を2枚控え室に置いてもよい：自分の控え室にある{{heart_03.png|heart03}}を持つメンバーカード1枚までと、必要ハートに{{heart_03.png|heart03}}を含むライブカード1枚までを手札に加える。", "手札を2枚控え室に置いてもよい：自分の控え室にある{{heart_03.png|heart03}}を持つメンバーカード1枚までと、必要ハートに{{heart_03.png|heart03}}を含むライブカード1枚までを手札に加える。", "{{kidou.png|起動}}{{turn1.png|ターン1回}}このメンバーをウェイトにする：自分のステージにいるほかのメンバー1人をアクティブにする。", "このメンバーをウェイトにする：自分のステージにいるほかのメンバー1人をアクティブにする。", "自分のステージにいるほかのメンバー1人をアクティブにする", "{{jyouji.png|常時}}{{center.png|センター}}自分のステージの右サイドエリアと左サイドエリアに、元々持つ{{icon_blade.png|ブレード}}の数が2つのメンバーがいるかぎり、ライブの合計スコアを＋１する。", "{{center.png|センター}}自分のステージの右サイドエリアと左サイドエリアに、元々持つ{{icon_blade.png|ブレード}}の数が2つのメンバーがいるかぎり、ライブの合計スコアを＋１する。", "自分のステージの右サイドエリアと左サイドエリアに、元々持つ{{icon_blade.png|ブレード}}の数が2つのメンバーがいるかぎり", "{{toujyou.png|登場}}控え室から登場している場合、相手のステージの右サイドエリアか左サイドエリアにいるコスト13以上のメンバー1人をウェイトにする。", "控え室から登場している場合、相手のステージの右サイドエリアか左サイドエリアにいるコスト13以上のメンバー1人をウェイトにする。", "控え室から登場している場合、相手のステージの右サイドエリアか左サイドエリアにいるコスト13以上のメンバー1人をウェイトにする", "{{kidou.png|起動}}{{turn1.png|ターン1回}}{{icon_energy.png|E}}{{icon_energy.png|E}}手札を1枚控え室に置く：このメンバー以外の『Aqours』のメンバー1人を自分のステージから控え室に置く。そうした場合、自分の控え室から、そのメンバーのコストに2を足した数に等しいコストの『Aqours』のメンバーカードを1枚、そのメンバーがいたエリアに登場させる。", "{{icon_energy.png|E}}{{icon_energy.png|E}}手札を1枚控え室に置く：このメンバー以外の『Aqours』のメンバー1人を自分のステージから控え室に置く。そうした場合、自分の控え室から、そのメンバーのコストに2を足した数に等しいコストの『Aqours』のメンバーカードを1枚、そのメンバーがいたエリアに登場させる。", "{{toujyou.png|登場}}自分のデッキの上からカードを2枚見る。その中から{{heart_02.png|heart02}}と{{heart_04.png|heart04}}と{{heart_05.png|heart05}}をすべて持つメンバーカードを1枚公開して手札に加えてもよい。残りを控え室に置く。", "自分のデッキの上からカードを2枚見る。その中から{{heart_02.png|heart02}}と{{heart_04.png|heart04}}と{{heart_05.png|heart05}}をすべて持つメンバーカードを1枚公開して手札に加えてもよい。残りを控え室に置く。", "{{toujyou.png|登場}}カードを2枚引く。その後、控え室から登場している場合、ライブ終了時まで、{{icon_blade.png|ブレード}}{{icon_blade.png|ブレード}}{{icon_blade.png|ブレード}}を得る。", "カードを2枚引く。その後、控え室から登場している場合、ライブ終了時まで、{{icon_blade.png|ブレード}}{{icon_blade.png|ブレード}}{{icon_blade.png|ブレード}}を得る。", "カードを2枚引く。その後、控え室から登場している場合、ライブ終了時まで、{{icon_blade.png|ブレード}}{{icon_blade.png|ブレード}}{{icon_blade.png|ブレード}}を得る", "控え室から登場している場合、ライブ終了時まで、{{icon_blade.png|ブレード}}{{icon_blade.png|ブレード}}{{icon_blade.png|ブレード}}を得る", "{{live_start.png|ライブ開始時}}{{icon_energy.png|E}}{{icon_energy.png|E}}支払うか手札を2枚控え室に置いてもよい：自分の成功ライブカード置き場にカードがなく、かつ相手の成功ライブカード置き場にカードが2枚以上ある場合、ライブ終了時まで、自分のステージにいる『Aqours』のメンバー2人までは「{{jyouji.png|常時}}ライブの合計スコアを＋１する。」を得る。", "{{icon_energy.png|E}}{{icon_energy.png|E}}支払うか手札を2枚控え室に置いてもよい：自分の成功ライブカード置き場にカードがなく、かつ相手の成功ライブカード置き場にカードが2枚以上ある場合、ライブ終了時まで、自分のステージにいる『Aqours』のメンバー2人までは「{{jyouji.png|常時}}ライブの合計スコアを＋１する。」を得る。", "{{icon_energy.png|E}}{{icon_energy.png|E}}支払うか手札を2枚控え室に置いてもよい", "{{icon_energy.png|E}}{{icon_energy.png|E}}支払う", "自分の成功ライブカード置き場にカードがなく、かつ相手の成功ライブカード置き場にカードが2枚以上ある場合、ライブ終了時まで、自分のステージにいる『Aqours』のメンバー2人までは「{{jyouji.png|常時}}ライブの合計スコアを+1する。」を得る", "自分の成功ライブカード置き場にカードがなく、", "相手の成功ライブカード置き場にカードが2枚以上ある場合", "自分の成功ライブカード置き場にカードがなく、かつ相手の成功ライブカード置き場にカードが2枚以上ある場合", "{{kidou.png|起動}}{{icon_energy.png|E}}{{icon_energy.png|E}}このメンバーをステージから控え室に置く：自分の控え室からコスト17以下の『Aqours』のメンバーカードを1枚、このメンバーがいたエリアに登場させる。", "{{icon_energy.png|E}}{{icon_energy.png|E}}このメンバーをステージから控え室に置く：自分の控え室からコスト17以下の『Aqours』のメンバーカードを1枚、このメンバーがいたエリアに登場させる。", "自分の控え室からコスト17以下の『Aqours』のメンバーカードを1枚、このメンバーがいたエリアに登場させる", "{{toujyou.png|登場}}相手のステージにいるコスト2以下のメンバー1人をウェイトにする。", "{{jyouji.png|常時}}自分のステージにほかのメンバーがいないかぎり、{{icon_blade.png|ブレード}}{{icon_blade.png|ブレード}}を得る。", "自分のステージにほかのメンバーがいないかぎり、{{icon_blade.png|ブレード}}{{icon_blade.png|ブレード}}を得る。", "{{toujyou.png|登場}}自分のステージにいるウェイト状態の『みらくらぱーく！』のメンバー1人をアクティブにしてもよい。そうした場合、自分の控え室から『みらくらぱーく！』のライブカードを1枚手札に加える。", "自分のステージにいるウェイト状態の『みらくらぱーく！』のメンバー1人をアクティブにしてもよい。そうした場合、自分の控え室から『みらくらぱーく！』のライブカードを1枚手札に加える。", "自分のステージにいるウェイト状態の『みらくらぱーく！』のメンバー1人をアクティブにしてもよい。そうした場合、自分の控え室から『みらくらぱーく！』のライブカードを1枚手札に加える", "自分のステージにいるウェイト状態の『みらくらぱーく！』のメンバー1人をアクティブにしてもよい。", "自分の控え室から『みらくらぱーく！』のライブカードを1枚手札に加える", "{{live_start.png|ライブ開始時}}手札を1枚控え室に置いてもよい：ライブ終了時まで、自分のステージにいる『みらくらぱーく！』のメンバー1人は、{{heart_01.png|heart01}}を得る。", "手札を1枚控え室に置いてもよい：ライブ終了時まで、自分のステージにいる『みらくらぱーく！』のメンバー1人は、{{heart_01.png|heart01}}を得る。", "自分のステージにいる『みらくらぱーく！』のメンバー1人は、{{heart_01.png|heart01}}を得る", "{{toujyou.png|登場}}/{{live_start.png|ライブ開始時}}相手のステージにいるコスト9以下のメンバー1人をウェイトにする。", "相手のステージにいるコスト9以下のメンバー1人をウェイトにする。", "{{live_start.png|ライブ開始時}}手札を1枚控え室に置いてもよい：ライブ終了時まで、{{icon_blade.png|ブレード}}を得る。これにより「百生吟子」のメンバーカードを控え室に置いた場合、さらに{{icon_blade.png|ブレード}}を得る。", "手札を1枚控え室に置いてもよい：ライブ終了時まで、{{icon_blade.png|ブレード}}を得る。これにより「百生吟子」のメンバーカードを控え室に置いた場合、さらに{{icon_blade.png|ブレード}}を得る。", "{{icon_blade.png|ブレード}}を得る。これにより「百生吟子」のメンバーカードを控え室に置いた場合、さらに{{icon_blade.png|ブレード}}を得る", "これにより「百生吟子」のメンバーカードを控え室に置いた場合", "さらに{{icon_blade.png|ブレード}}を得る", "{{jidou.png|自動}}{{turn1.png|ターン1回}}自分のステージに『EdelNote』のメンバーが登場したとき、相手は、自身のステージにいるアクティブ状態のメンバー1人をウェイトにする。", "自分のステージに『EdelNote』のメンバーが登場したとき、相手は、自身のステージにいるアクティブ状態のメンバー1人をウェイトにする。", "自分のステージに『EdelNote』のメンバーが登場したとき、相手は、自身のステージにいるアクティブ状態のメンバー1人をウェイトにする", "自分のステージに『EdelNote』のメンバーが登場したとき", "{{toujyou.png|登場}}このメンバーをウェイトにする。その後、自分の控え室からスコア４以下の『蓮ノ空』のライブカードを1枚手札に加える。", "このメンバーをウェイトにする。その後、自分の控え室からスコア４以下の『蓮ノ空』のライブカードを1枚手札に加える。", "このメンバーをウェイトにする。その後、自分の控え室からスコア4以下の『蓮ノ空』のライブカードを1枚手札に加える", "自分の控え室からスコア4以下の『蓮ノ空』のライブカードを1枚手札に加える", "{{live_start.png|ライブ開始時}}自分のライブ中のカードにスコア２以下のライブカードがある場合、このメンバーをアクティブにする。", "自分のライブ中のカードにスコア２以下のライブカードがある場合、このメンバーをアクティブにする。", "自分のライブ中のカードにスコア2以下のライブカードがある場合、このメンバーをアクティブにする", "自分のライブ中のカードにスコア2以下のライブカードがある場合", "{{kidou.png|起動}}{{turn1.png|ターン1回}}{{icon_energy.png|E}}{{icon_energy.png|E}}：このメンバーをポジションチェンジする。", "{{icon_energy.png|E}}{{icon_energy.png|E}}：このメンバーをポジションチェンジする。", "このメンバーをポジションチェンジする", "{{live_start.png|ライブ開始時}}自分の成功ライブカード置き場にカードが2枚以上ある場合、このカードのスコアを＋５し、必要ハートは{{heart_02.png|heart02}}{{heart_02.png|heart02}}{{heart_02.png|heart02}}{{heart_03.png|heart03}}{{heart_03.png|heart03}}{{heart_03.png|heart03}}{{heart_06.png|heart06}}{{heart_06.png|heart06}}{{heart_06.png|heart06}}{{heart_00.png|heart0}}{{heart_00.png|heart0}}{{heart_00.png|heart0}}になる。", "自分の成功ライブカード置き場にカードが2枚以上ある場合、このカードのスコアを＋５し、必要ハートは{{heart_02.png|heart02}}{{heart_02.png|heart02}}{{heart_02.png|heart02}}{{heart_03.png|heart03}}{{heart_03.png|heart03}}{{heart_03.png|heart03}}{{heart_06.png|heart06}}{{heart_06.png|heart06}}{{heart_06.png|heart06}}{{heart_00.png|heart0}}{{heart_00.png|heart0}}{{heart_00.png|heart0}}になる。", "自分の成功ライブカード置き場にカードが2枚以上ある場合、このカードのスコアを+5し、必要ハートは{{heart_02.png|heart02}}{{heart_02.png|heart02}}{{heart_02.png|heart02}}{{heart_03.png|heart03}}{{heart_03.png|heart03}}{{heart_03.png|heart03}}{{heart_06.png|heart06}}{{heart_06.png|heart06}}{{heart_06.png|heart06}}{{heart_00.png|heart0}}{{heart_00.png|heart0}}{{heart_00.png|heart0}}になる", "このカードのスコアを+5し", "必要ハートは{{heart_02.png|heart02}}{{heart_02.png|heart02}}{{heart_02.png|heart02}}{{heart_03.png|heart03}}{{heart_03.png|heart03}}{{heart_03.png|heart03}}{{heart_06.png|heart06}}{{heart_06.png|heart06}}{{heart_06.png|heart06}}{{heart_00.png|heart0}}{{heart_00.png|heart0}}{{heart_00.png|heart0}}になる", "{{live_start.png|ライブ開始時}}ライブ終了時まで、自分のステージにいる、このターン中にエリアを移動したすべての『Liella!』のメンバーは、{{icon_blade.png|ブレード}}を得る。", "ライブ終了時まで、自分のステージにいる、このターン中にエリアを移動したすべての『Liella!』のメンバーは、{{icon_blade.png|ブレード}}を得る。", "{{toujyou.png|登場}}バトンタッチして登場した場合、このバトンタッチによって控え室に置かれた『Liella!』のメンバーカード1枚につき、カードを1枚引く。ブレードハートを持たない『Liella!』のメンバーカード1枚につき、ライブ終了時まで、{{icon_blade.png|ブレード}}{{icon_blade.png|ブレード}}を得る。", "バトンタッチして登場した場合、このバトンタッチによって控え室に置かれた『Liella!』のメンバーカード1枚につき、カードを1枚引く。ブレードハートを持たない『Liella!』のメンバーカード1枚につき、ライブ終了時まで、{{icon_blade.png|ブレード}}{{icon_blade.png|ブレード}}を得る。", "バトンタッチして登場した場合、このバトンタッチによって控え室に置かれた『Liella!』のメンバーカード1枚につき、カードを1枚引く。ブレードハートを持たない『Liella!』のメンバーカード1枚につき、ライブ終了時まで、{{icon_blade.png|ブレード}}{{icon_blade.png|ブレード}}を得る", "{{toujyou.png|登場}}手札を1枚控え室に置いてもよい：自分のデッキの上からカードを5枚見る。その中からコスト4以下の『Liella!』のメンバーカードを1枚まで公開する。そのカードを自分のステージのメンバーのいないエリアに登場させるか、手札に加える。残りを控え室に置く。", "手札を1枚控え室に置いてもよい：自分のデッキの上からカードを5枚見る。その中からコスト4以下の『Liella!』のメンバーカードを1枚まで公開する。そのカードを自分のステージのメンバーのいないエリアに登場させるか、手札に加える。残りを控え室に置く。", "自分のデッキの上からカードを5枚見る。その中からコスト4以下の『Liella!』のメンバーカードを1枚まで公開する。そのカードを自分のステージのメンバーのいないエリアに登場させるか、手札に加える。残りを控え室に置く", "自分のステージのメンバーのいないエリアに登場させる", "{{kidou.png|起動}}{{turn1.png|ターン1回}}手札の『Liella!』のカードを1枚控え室に置く：以下から1つを選ぶ。これにより控え室に置いたカードがブレードハートを持たないメンバーカードの場合、代わりに1つ以上を選ぶ。\n・自分のエネルギーデッキから、エネルギーカードを1枚ウェイト状態で置く。\n・ライブ終了時まで、自分のステージにいるこのメンバー以外の『Liella!』のメンバー1人は、{{heart_06.png|heart06}}{{heart_06.png|heart06}}を得る。", "手札の『Liella!』のカードを1枚控え室に置く：以下から1つを選ぶ。これにより控え室に置いたカードがブレードハートを持たないメンバーカードの場合、代わりに1つ以上を選ぶ。\n・自分のエネルギーデッキから、エネルギーカードを1枚ウェイト状態で置く。\n・ライブ終了時まで、自分のステージにいるこのメンバー以外の『Liella!』のメンバー1人は、{{heart_06.png|heart06}}{{heart_06.png|heart06}}を得る。", "手札の『Liella!』のカードを1枚控え室に置く", "以下から1つを選ぶ。これにより控え室に置いたカードがブレードハートを持たないメンバーカードの場合、代わりに1つ以上を選ぶ。\n・自分のエネルギーデッキから、エネルギーカードを1枚ウェイト状態で置く。\n・ライブ終了時まで、自分のステージにいるこのメンバー以外の『Liella!』のメンバー1人は、{{heart_06.png|heart06}}{{heart_06.png|heart06}}を得る", "。これにより控え室に置いたカードがブレードハートを持たないメンバーカードの場合、代わりに1つ以上を選ぶ。", "控え室に置いたカードがブレードハートを持たないメンバーカードの場合、代わりに1つ以上を選ぶ。", "控え室に置いたカードがブレードハートを持たないメンバーカードの場合", "ライブ終了時まで、自分のステージにいるこのメンバー以外の『Liella!』のメンバー1人は、{{heart_06.png|heart06}}{{heart_06.png|heart06}}を得る", "{{live_success.png|ライブ成功時}}このターン、自分の『Liella!』のカードの効果によってこのメンバーがエリアを移動していた場合、ライブの合計スコアを＋１する。", "このターン、自分の『Liella!』のカードの効果によってこのメンバーがエリアを移動していた場合、ライブの合計スコアを＋１する。", "このターン、自分の『Liella!』のカードの効果によってこのメンバーがエリアを移動していた場合、ライブの合計スコアを+1する", "このターン、自分の『Liella!』のカードの効果によってこのメンバーがエリアを移動していた場合", "{{live_success.png|ライブ成功時}}自分のライブカード置き場の中に元々のスコアより高いスコアのライブカードがあるか、エールにより公開された自分のカードの中に{{icon_score.png|スコア}}を持つライブカードがある場合、カードを1枚引く。", "自分のライブカード置き場の中に元々のスコアより高いスコアのライブカードがあるか、エールにより公開された自分のカードの中に{{icon_score.png|スコア}}を持つライブカードがある場合、カードを1枚引く。", "自分のライブカード置き場の中に元々のスコアより高いスコアのライブカードがあるか、エールにより公開された自分のカードの中に{{icon_score.png|スコア}}を持つライブカードがある場合、カードを1枚引く", "自分のライブカード置き場の中に元々のスコアより高いスコアのライブカードがある", "エールにより公開された自分のカードの中に{{icon_score.png|スコア}}を持つライブカードがある場合", "自分のライブカード置き場の中に元々のスコアより高いスコアのライブカードがあるか、エールにより公開された自分のカードの中に{{icon_score.png|スコア}}を持つライブカードがある場合", "{{toujyou.png|登場}}バトンタッチして登場した場合、このバトンタッチで控え室に置かれた『Liella!』のメンバーカードを1枚、このメンバーの下に置く。", "バトンタッチして登場した場合、このバトンタッチで控え室に置かれた『Liella!』のメンバーカードを1枚、このメンバーの下に置く。", "バトンタッチして登場した場合、このバトンタッチで控え室に置かれた『Liella!』のメンバーカードを1枚、このメンバーの下に置く", "このバトンタッチで控え室に置かれた『Liella!』のメンバーカードを1枚", "このメンバーの下に置く", "{{jyouji.png|常時}}このメンバーは、このメンバーの下に置かれている『Liella!』のメンバーカードが持つ{{kidou.png|起動}}能力をすべて得る。", "このメンバーは、このメンバーの下に置かれている『Liella!』のメンバーカードが持つ{{kidou.png|起動}}能力をすべて得る。", "このメンバーは、このメンバーの下に置かれている『Liella!』のメンバーカードが持つ{{kidou.png|起動}}能力をすべて得る", "{{jyouji.png|常時}}このメンバーの下にある『Liella!』のメンバーカード1枚につき、このメンバーのコストを＋１する。", "このメンバーの下にある『Liella!』のメンバーカード1枚につき、このメンバーのコストを＋１する。", "このメンバーの下にある『Liella!』のメンバーカード1枚につき、このメンバーのコストを+1する", "{{jidou.png|自動}}{{turn1.png|ターン1回}}自分のライブが成功するか、このメンバーがエリアを移動したとき、自分の控え室にある『Liella!』のメンバーカードを1枚、このメンバーの下に置く。", "自分のライブが成功するか、このメンバーがエリアを移動したとき、自分の控え室にある『Liella!』のメンバーカードを1枚、このメンバーの下に置く。", "自分のライブが成功するか、このメンバーがエリアを移動したとき、自分の控え室にある『Liella!』のメンバーカードを1枚、このメンバーの下に置く", "{{live_success.png|ライブ成功時}}{{icon_energy.png|E}}{{icon_energy.png|E}}{{icon_energy.png|E}}支払ってもよい：自分の控え室から『Liella!』のライブカードを1枚手札に加える。", "{{icon_energy.png|E}}{{icon_energy.png|E}}{{icon_energy.png|E}}支払ってもよい：自分の控え室から『Liella!』のライブカードを1枚手札に加える。", "{{live_success.png|ライブ成功時}}エールにより公開された自分のカードの中にあるブレードハートを持たない『Liella!』のメンバーカード2枚につき、ライブの合計スコアを＋１する。この能力では合計スコアは２までしか増えない。", "エールにより公開された自分のカードの中にあるブレードハートを持たない『Liella!』のメンバーカード2枚につき、ライブの合計スコアを＋１する。この能力では合計スコアは２までしか増えない。", "エールにより公開された自分のカードの中にあるブレードハートを持たない『Liella!』のメンバーカード2枚につき、ライブの合計スコアを+1する。この能力では合計スコアは2までしか増えない", "{{toujyou.png|登場}}/{{live_start.png|ライブ開始時}}『Liella!』のメンバー1人をウェイトにしてもよい：相手のステージにいる元々持つ{{icon_blade.png|ブレード}}の数がこれによりウェイトにしたメンバーが元々持つ{{icon_blade.png|ブレード}}の数より2つ以上少ないメンバー1人をウェイトにする。（ウェイト状態のメンバーが持つ{{icon_blade.png|ブレード}}は、エールで公開する枚数を増やさない。）", "『Liella!』のメンバー1人をウェイトにしてもよい：相手のステージにいる元々持つ{{icon_blade.png|ブレード}}の数がこれによりウェイトにしたメンバーが元々持つ{{icon_blade.png|ブレード}}の数より2つ以上少ないメンバー1人をウェイトにする。（ウェイト状態のメンバーが持つ{{icon_blade.png|ブレード}}は、エールで公開する枚数を増やさない。）", "『Liella!』のメンバー1人をウェイトにしてもよい", "相手のステージにいる元々持つ{{icon_blade.png|ブレード}}の数がこれによりウェイトにしたメンバーが元々持つ{{icon_blade.png|ブレード}}の数より2つ以上少ないメンバー1人をウェイトにする", "{{live_start.png|ライブ開始時}}手札を1枚控え室に置かないかぎり、自分のエネルギー1枚をエネルギーデッキに置く。", "手札を1枚控え室に置かないかぎり、自分のエネルギー1枚をエネルギーデッキに置く。", "自分のエネルギー1枚をエネルギーデッキに置く", "{{live_success.png|ライブ成功時}}以下から1つを選ぶ。\n・カードを2枚引く。\n・自分のエネルギーデッキから、エネルギーカードを1枚ウェイト状態で置く。", "以下から1つを選ぶ。\n・カードを2枚引く。\n・自分のエネルギーデッキから、エネルギーカードを1枚ウェイト状態で置く。", "以下から1つを選ぶ。\n・カードを2枚引く。\n・自分のエネルギーデッキから、エネルギーカードを1枚ウェイト状態で置く", "{{jidou.png|自動}}{{turn1.png|ターン1回}}自分のステージのセンターエリアにいるメンバーがエリアを移動したとき、以下から1つを選ぶ。\n・ライブ終了時まで、{{icon_blade.png|ブレード}}{{icon_blade.png|ブレード}}を得る。\n・相手のステージにいる元々持つ{{icon_blade.png|ブレード}}の数が2つ以下のメンバー1人をウェイトにする。\n・カードを1枚引く。", "自分のステージのセンターエリアにいるメンバーがエリアを移動したとき、以下から1つを選ぶ。\n・ライブ終了時まで、{{icon_blade.png|ブレード}}{{icon_blade.png|ブレード}}を得る。\n・相手のステージにいる元々持つ{{icon_blade.png|ブレード}}の数が2つ以下のメンバー1人をウェイトにする。\n・カードを1枚引く。", "自分のステージのセンターエリアにいるメンバーがエリアを移動したとき、以下から1つを選ぶ。\n・ライブ終了時まで、{{icon_blade.png|ブレード}}{{icon_blade.png|ブレード}}を得る。\n・相手のステージにいる元々持つ{{icon_blade.png|ブレード}}の数が2つ以下のメンバー1人をウェイトにする。\n・カードを1枚引く", "自分のステージのセンターエリアにいるメンバーがエリアを移動したとき", "area_direction", "from", "相手のステージにいる元々持つ{{icon_blade.png|ブレード}}の数が2つ以下のメンバー1人をウェイトにする。", "{{live_start.png|ライブ開始時}}このメンバーをポジションチェンジしてもよい。", "このメンバーをポジションチェンジしてもよい。", "{{toujyou.png|登場}}手札の『KALEIDOSCORE』のカードを1枚控え室に置いてもよい：自分のエネルギーデッキから、エネルギーカードを1枚ウェイト状態で置く。これにより控え室に置いたカードがブレードハートを持たない場合、カードを1枚引く。", "手札の『KALEIDOSCORE』のカードを1枚控え室に置いてもよい：自分のエネルギーデッキから、エネルギーカードを1枚ウェイト状態で置く。これにより控え室に置いたカードがブレードハートを持たない場合、カードを1枚引く。", "手札の『KALEIDOSCORE』のカードを1枚控え室に置いてもよい", "自分のエネルギーデッキから、エネルギーカードを1枚ウェイト状態で置く。これにより控え室に置いたカードがブレードハートを持たない場合、カードを1枚引く", "これにより控え室に置いたカードがブレードハートを持たない場合", "{{toujyou.png|登場}}自分のステージにいるメンバーが『5yncri5e!』のみの場合、自分のステージにいるメンバーをフォーメーションチェンジしてもよい。(メンバーをそれぞれ好きなエリアに移動させてもよい。)", "自分のステージにいるメンバーが『5yncri5e!』のみの場合、自分のステージにいるメンバーをフォーメーションチェンジしてもよい。(メンバーをそれぞれ好きなエリアに移動させてもよい。)", "自分のステージにいるメンバーが『5yncri5e!』のみの場合、自分のステージにいるメンバーをフォーメーションチェンジしてもよい", "{{toujyou.png|登場}}手札を1枚控え室に置いてもよい：自分の控え室から『CatChu!』のカードを1枚手札に加える。", "手札を1枚控え室に置いてもよい：自分の控え室から『CatChu!』のカードを1枚手札に加える。", "自分の控え室から『CatChu!』のカードを1枚手札に加える", "{{live_start.png|ライブ開始時}}自分のステージにいるこのメンバーと名前の異なる『CatChu!』のメンバー1人につき、エネルギーを1枚アクティブにする。", "自分のステージにいるこのメンバーと名前の異なる『CatChu!』のメンバー1人につき、エネルギーを1枚アクティブにする。", "自分のステージにいるこのメンバーと名前の異なる『CatChu!』のメンバー1人につき、エネルギーを1枚アクティブにする", "{{toujyou.png|登場}}手札を1枚控え室に置いてもよい：自分の控え室から『5yncri5e!』のカードを1枚手札に加える。", "手札を1枚控え室に置いてもよい：自分の控え室から『5yncri5e!』のカードを1枚手札に加える。", "自分の控え室から『5yncri5e!』のカードを1枚手札に加える", "{{jidou.png|自動}}{{turn1.png|ターン1回}}自分がエールしたとき、手札にある『Liella!』のライブカードを1枚控え室に置いてもよい。そうした場合、追加で2枚エールを行う。", "自分がエールしたとき、手札にある『Liella!』のライブカードを1枚控え室に置いてもよい。そうした場合、追加で2枚エールを行う。", "自分がエールしたとき、手札にある『Liella!』のライブカードを1枚控え室に置いてもよい。そうした場合、追加で2枚エールを行う", "手札にある『Liella!』のライブカードを1枚控え室に置いてもよい。", "追加で2枚エールを行う", "{{toujyou.png|登場}}手札を1枚控え室に置いてもよい：自分の控え室から『KALEIDOSCORE』のカードを1枚手札に加える。", "手札を1枚控え室に置いてもよい：自分の控え室から『KALEIDOSCORE』のカードを1枚手札に加える。", "自分の控え室から『KALEIDOSCORE』のカードを1枚手札に加える", "{{jidou.png|自動}}{{turn1.png|ターン1回}}自分のステージにいる『5yncri5e!』のメンバーがセンターエリアに移動したとき、ライブ終了時まで、{{icon_blade.png|ブレード}}{{icon_blade.png|ブレード}}{{icon_blade.png|ブレード}}{{icon_blade.png|ブレード}}を得る。", "自分のステージにいる『5yncri5e!』のメンバーがセンターエリアに移動したとき、ライブ終了時まで、{{icon_blade.png|ブレード}}{{icon_blade.png|ブレード}}{{icon_blade.png|ブレード}}{{icon_blade.png|ブレード}}を得る。", "自分のステージにいる『5yncri5e!』のメンバーがセンターエリアに移動したとき、ライブ終了時まで、{{icon_blade.png|ブレード}}{{icon_blade.png|ブレード}}{{icon_blade.png|ブレード}}{{icon_blade.png|ブレード}}を得る", "自分のステージにいる『5yncri5e!』のメンバーがセンターエリアに移動したとき", "{{toujyou.png|登場}}手札を1枚控え室に置いてもよい：自分の控え室からコスト10以上のメンバーカードを1枚手札に加える。これにより「桜内梨子」か「渡辺曜」を手札に加えた場合、ライブ終了時まで、{{icon_blade.png|ブレード}}{{icon_blade.png|ブレード}}を得る。", "手札を1枚控え室に置いてもよい：自分の控え室からコスト10以上のメンバーカードを1枚手札に加える。これにより「桜内梨子」か「渡辺曜」を手札に加えた場合、ライブ終了時まで、{{icon_blade.png|ブレード}}{{icon_blade.png|ブレード}}を得る。", "自分の控え室からコスト10以上のメンバーカードを1枚手札に加える。これにより「桜内梨子」か「渡辺曜」を手札に加えた場合、ライブ終了時まで、{{icon_blade.png|ブレード}}{{icon_blade.png|ブレード}}を得る", "自分の控え室からコスト10以上のメンバーカードを1枚手札に加える", "これにより「桜内梨子」か「渡辺曜」を手札に加えた場合", "桜内梨子", "{{toujyou.png|登場}}自分のステージにコスト9以上の『Aqours』のメンバーがいる場合、カードを1枚引く。", "自分のステージにコスト9以上の『Aqours』のメンバーがいる場合、カードを1枚引く。", "自分のステージにコスト9以上の『Aqours』のメンバーがいる場合、カードを1枚引く", "自分のステージにコスト9以上の『Aqours』のメンバーがいる場合", "{{toujyou.png|登場}}『Aqours』のメンバーからバトンタッチして登場した場合、自分と相手はそれぞれ、自身の手札のカードを3枚まで選び、選んだカード以外のカードをシャッフルし、自身のデッキの下に置く。その後、自分と相手はそれぞれカードを3枚引く。", "『Aqours』のメンバーからバトンタッチして登場した場合、自分と相手はそれぞれ、自身の手札のカードを3枚まで選び、選んだカード以外のカードをシャッフルし、自身のデッキの下に置く。その後、自分と相手はそれぞれカードを3枚引く。", "keep_shuffle_under", "『Aqours』のメンバーからバトンタッチして登場した場合", "{{live_start.png|ライブ開始時}}自分のデッキの下からカードを3枚見る。その中から好きな枚数を好きな順番でデッキの下に置き、残りを控え室に置く。", "自分のデッキの下からカードを3枚見る。その中から好きな枚数を好きな順番でデッキの下に置き、残りを控え室に置く。", "自分のデッキの下からカードを3枚見る。その中から好きな枚数を好きな順番でデッキの下に置き、残りを控え室に置く", "自分のデッキの下からカードを3枚見る。", "好きな枚数を好きな順番でデッキの下に置き、残りを控え室に置く", "{{live_start.png|ライブ開始時}}自分のデッキの下からカードを3枚控え室に置く。それらがすべて『Aqours』のメンバーカードの場合、ライブ終了時まで、{{heart_04.png|heart04}}を得る。", "自分のデッキの下からカードを3枚控え室に置く。それらがすべて『Aqours』のメンバーカードの場合、ライブ終了時まで、{{heart_04.png|heart04}}を得る。", "自分のデッキの下からカードを3枚控え室に置く。それらがすべて『Aqours』のメンバーカードの場合、ライブ終了時まで、{{heart_04.png|heart04}}を得る", "自分のデッキの下からカードを3枚控え室に置く", "それらがすべて『Aqours』のメンバーカードの場合、ライブ終了時まで、{{heart_04.png|heart04}}を得る", "{{toujyou.png|登場}}自分のデッキの上からカードを3枚見る。その中から好きな枚数を好きな順番でデッキの上に置き、残りを好きな順番でデッキの下に置く。", "自分のデッキの上からカードを3枚見る。その中から好きな枚数を好きな順番でデッキの上に置き、残りを好きな順番でデッキの下に置く。", "自分のデッキの上からカードを3枚見る。その中から好きな枚数を好きな順番でデッキの上に置き、残りを好きな順番でデッキの下に置く", "好きな枚数を好きな順番でデッキの上に置き、残りを好きな順番でデッキの下に置く", "{{live_start.png|ライブ開始時}}自分のデッキの一番下のカードを控え室に置いてもよい。それが「松浦果南」か「黒澤ダイヤ」の場合、それを手札に加える。", "自分のデッキの一番下のカードを控え室に置いてもよい。それが「松浦果南」か「黒澤ダイヤ」の場合、それを手札に加える。", "自分のデッキの一番下のカードを控え室に置いてもよい。それが「松浦果南」か「黒澤ダイヤ」の場合、それを手札に加える", "自分のデッキの一番下のカードを控え室に置いてもよい", "それが「松浦果南」か「黒澤ダイヤ」の場合、それを手札に加える", "それが「松浦果南」か「黒澤ダイヤ」の場合", "松浦果南", "{{jyouji.png|常時}}このメンバーの正面のエリアにいるコスト4以下のメンバーは、{{icon_blade.png|ブレード}}を1つ失う。", "このメンバーの正面のエリアにいるコスト4以下のメンバーは、{{icon_blade.png|ブレード}}を1つ失う。", "このメンバーの正面のエリアにいるコスト4以下のメンバーは、{{icon_blade.png|ブレード}}を1つ失う", "{{live_start.png|ライブ開始時}}自分のステージにいるすべてのメンバーがアクティブ状態の場合、このカードの必要ハートを{{heart_00.png|heart0}}減らす。", "自分のステージにいるすべてのメンバーがアクティブ状態の場合、このカードの必要ハートを{{heart_00.png|heart0}}減らす。", "自分のステージにいるすべてのメンバーがアクティブ状態の場合、このカードの必要ハートを{{heart_00.png|heart0}}減らす", "自分のステージにいるすべてのメンバーがアクティブ状態の場合", "{{live_start.png|ライブ開始時}}自分のデッキの下からカードを1枚控え室に置く。それが『Aqours』のメンバーカードの場合、このカードの必要ハートを{{heart_00.png|heart0}}減らす。", "自分のデッキの下からカードを1枚控え室に置く。それが『Aqours』のメンバーカードの場合、このカードの必要ハートを{{heart_00.png|heart0}}減らす。", "自分のデッキの下からカードを1枚控え室に置く。それが『Aqours』のメンバーカードの場合、このカードの必要ハートを{{heart_00.png|heart0}}減らす", "それが『Aqours』のメンバーカードの場合、このカードの必要ハートを{{heart_00.png|heart0}}減らす", "それが『Aqours』のメンバーカードの場合", "{{jyouji.png|常時}}自分のエールは、デッキの上から行う代わりにデッキの下から行う。", "自分のエールは、デッキの上から行う代わりにデッキの下から行う。", "自分のエールは、デッキの上から行う代わりにデッキの下から行う", "custom_type", "yell_source_modifier", "yell_source", "{{live_success.png|ライブ成功時}}エールにより公開された自分のカードの中に、{{heart_02.png|heart02}}、{{heart_04.png|heart04}}、{{heart_05.png|heart05}}を持つ『Aqours』のメンバーカードがそれぞれある場合、このカードのスコアを＋１する。", "エールにより公開された自分のカードの中に、{{heart_02.png|heart02}}、{{heart_04.png|heart04}}、{{heart_05.png|heart05}}を持つ『Aqours』のメンバーカードがそれぞれある場合、このカードのスコアを＋１する。", "エールにより公開された自分のカードの中に、{{heart_02.png|heart02}}、{{heart_04.png|heart04}}、{{heart_05.png|heart05}}を持つ『Aqours』のメンバーカードがそれぞれある場合、このカードのスコアを+1する", "エールにより公開された自分のカードの中に、{{heart_02.png|heart02}}、{{heart_04.png|heart04}}、{{heart_05.png|heart05}}を持つ『Aqours』のメンバーカードがそれぞれある場合", "{{jidou.png|自動}}{{turn1.png|ターン1回}}自分のエネルギー置き場にあるエネルギーがメンバーの下に置かれたとき、自分のエネルギーデッキから、エネルギーカードを1枚ウェイト状態で置く。", "自分のエネルギー置き場にあるエネルギーがメンバーの下に置かれたとき、自分のエネルギーデッキから、エネルギーカードを1枚ウェイト状態で置く。", "自分のエネルギー置き場にあるエネルギーがメンバーの下に置かれたとき、自分のエネルギーデッキから、エネルギーカードを1枚ウェイト状態で置く", "自分のエネルギー置き場にあるエネルギーがメンバーの下に置かれたとき", "{{toujyou.png|登場}}自分のステージに『QU4RTZ』のメンバーが3人以上いる場合、自分の控え室からカードを1枚手札に加える。", "自分のステージに『QU4RTZ』のメンバーが3人以上いる場合、自分の控え室からカードを1枚手札に加える。", "自分のステージに『QU4RTZ』のメンバーが3人以上いる場合、自分の控え室からカードを1枚手札に加える", "自分のステージに『QU4RTZ』のメンバーが3人以上いる場合", "QU4RTZ", "{{kidou.png|起動}}{{turn1.png|ターン1回}}エネルギー置き場にあるエネルギー1枚をこのメンバーの下に置く：相手のステージにいる、元々持つ{{icon_blade.png|ブレード}}の数がこのメンバーの下にあるエネルギーカードの枚数に1を足した数以下のメンバー1人をウェイトにする。", "エネルギー置き場にあるエネルギー1枚をこのメンバーの下に置く：相手のステージにいる、元々持つ{{icon_blade.png|ブレード}}の数がこのメンバーの下にあるエネルギーカードの枚数に1を足した数以下のメンバー1人をウェイトにする。", "相手のステージにいる、元々持つ{{icon_blade.png|ブレード}}の数がこのメンバーの下にあるエネルギーカードの枚数に1を足した数以下のメンバー1人をウェイトにする", "blade_limit_from_energy_under", "blade_limit_offset", "{{toujyou.png|登場}}自分のステージに名前の異なる『DiverDiva』のメンバーが2人いる場合、以下から1つを選ぶ。\n・エネルギーを2枚アクティブにする。\n・自分のエネルギーデッキから、エネルギーカード1枚を自分のステージにいる『虹ヶ咲』のメンバーの下に置く。", "自分のステージに名前の異なる『DiverDiva』のメンバーが2人いる場合、以下から1つを選ぶ。\n・エネルギーを2枚アクティブにする。\n・自分のエネルギーデッキから、エネルギーカード1枚を自分のステージにいる『虹ヶ咲』のメンバーの下に置く。", "自分のステージに名前の異なる『DiverDiva』のメンバーが2人いる場合、以下から1つを選ぶ。\n・エネルギーを2枚アクティブにする。\n・自分のエネルギーデッキから、エネルギーカード1枚を自分のステージにいる『虹ヶ咲』のメンバーの下に置く", "自分のステージに名前の異なる『DiverDiva』のメンバーが2人いる場合", "自分のエネルギーデッキから、エネルギーカード1枚を自分のステージにいる『虹ヶ咲』のメンバーの下に置く", "{{toujyou.png|登場}}自分の控え室からブレードハートを持たないメンバーカードを4枚まで好きな順番でデッキの下に置いてもよい。これによりデッキに置いたカード1枚につき、エネルギーを1枚アクティブにする。", "自分の控え室からブレードハートを持たないメンバーカードを4枚まで好きな順番でデッキの下に置いてもよい。これによりデッキに置いたカード1枚につき、エネルギーを1枚アクティブにする。", "自分の控え室からブレードハートを持たないメンバーカードを4枚まで好きな順番でデッキの下に置いてもよい。これによりデッキに置いたカード1枚につき、エネルギーを1枚アクティブにする", "自分の控え室からブレードハートを持たないメンバーカードを4枚まで好きな順番でデッキの下に置いてもよい", "これによりデッキに置いたカード1枚につき、エネルギーを1枚アクティブにする", "{{toujyou.png|登場}}自分と相手はそれぞれ、自身のデッキの上からカードを7枚控え室に置く。", "自分と相手はそれぞれ、自身のデッキの上からカードを7枚控え室に置く。", "自分と相手はそれぞれ、自身のデッキの上からカードを7枚控え室に置く", "{{kidou.png|起動}}{{turn1.png|ターン1回}}エネルギー置き場にあるエネルギー1枚をこのメンバーの下に置く：自分の控え室からコスト2以下の『虹ヶ咲』のメンバーカードを1枚、メンバーのいないエリアにウェイト状態で登場させる。（この効果で登場したメンバーのいるエリアには、このターンにメンバーは登場できない。）", "エネルギー置き場にあるエネルギー1枚をこのメンバーの下に置く：自分の控え室からコスト2以下の『虹ヶ咲』のメンバーカードを1枚、メンバーのいないエリアにウェイト状態で登場させる。（この効果で登場したメンバーのいるエリアには、このターンにメンバーは登場できない。）", "自分の控え室からコスト2以下の『虹ヶ咲』のメンバーカードを1枚、メンバーのいないエリアにウェイト状態で登場させる", "{{live_start.png|ライブ開始時}}『虹ヶ咲』のメンバー1人をウェイトにしてもよい：好きなハートの色を1つ指定する。ライブ終了時まで、そのハートを1つ得る。", "『虹ヶ咲』のメンバー1人をウェイトにしてもよい：好きなハートの色を1つ指定する。ライブ終了時まで、そのハートを1つ得る。", "{{live_start.png|ライブ開始時}}ライブ終了時まで、自分のステージにいる『虹ヶ咲』のメンバー1人は、{{icon_blade.png|ブレード}}を得る。", "ライブ終了時まで、自分のステージにいる『虹ヶ咲』のメンバー1人は、{{icon_blade.png|ブレード}}を得る。", "{{live_success.png|ライブ成功時}}エールにより公開された自分のカードの中に{{heart_01.png|heart01}}、{{heart_02.png|heart02}}、{{heart_03.png|heart03}}、{{heart_04.png|heart04}}、{{heart_05.png|heart05}}、{{heart_06.png|heart06}}のうち、3種類以上ある場合、このカードのスコアを＋１する。", "エールにより公開された自分のカードの中に{{heart_01.png|heart01}}、{{heart_02.png|heart02}}、{{heart_03.png|heart03}}、{{heart_04.png|heart04}}、{{heart_05.png|heart05}}、{{heart_06.png|heart06}}のうち、3種類以上ある場合、このカードのスコアを＋１する。", "エールにより公開された自分のカードの中に{{heart_01.png|heart01}}、{{heart_02.png|heart02}}、{{heart_03.png|heart03}}、{{heart_04.png|heart04}}、{{heart_05.png|heart05}}、{{heart_06.png|heart06}}のうち、3種類以上ある場合、このカードのスコアを+1する", "エールにより公開された自分のカードの中に{{heart_01.png|heart01}}、{{heart_02.png|heart02}}、{{heart_03.png|heart03}}、{{heart_04.png|heart04}}、{{heart_05.png|heart05}}、{{heart_06.png|heart06}}のうち、3種類以上ある場合", "{{live_start.png|ライブ開始時}}手札を2枚まで控え室に置いてもよい：自分のステージにいる『虹ヶ咲』のメンバーを、これにより控え室に置いたカードの枚数に等しい数まで選ぶ。ライブ終了時まで、それらは{{icon_blade.png|ブレード}}を得る。", "手札を2枚まで控え室に置いてもよい：自分のステージにいる『虹ヶ咲』のメンバーを、これにより控え室に置いたカードの枚数に等しい数まで選ぶ。ライブ終了時まで、それらは{{icon_blade.png|ブレード}}を得る。", "自分のステージにいる『虹ヶ咲』のメンバーを、これにより控え室に置いたカードの枚数に等しい数まで選ぶ。ライブ終了時まで、それらは{{icon_blade.png|ブレード}}を得る", "自分のステージにいる『虹ヶ咲』のメンバーを、これにより控え室に置いたカードの枚数に等しい数まで選ぶ", "自分のステージにいる『虹ヶ咲』のメンバーを、これにより控え室に置いたカードの枚数", "それらは{{icon_blade.png|ブレード}}を得る", "{{live_success.png|ライブ成功時}}エールにより公開された自分のカードの中に、ブレードハートを持たないメンバーカードが2枚以上ある場合、このカードのスコアを＋１する。", "エールにより公開された自分のカードの中に、ブレードハートを持たないメンバーカードが2枚以上ある場合、このカードのスコアを＋１する。", "エールにより公開された自分のカードの中に、ブレードハートを持たないメンバーカードが2枚以上ある場合、このカードのスコアを+1する", "エールにより公開された自分のカードの中に、ブレードハートを持たないメンバーカードが2枚以上ある場合", "{{jyouji.png|常時}}このカードが『Liella!』のメンバーの下に置かれているかぎり、そのメンバーは{{icon_blade.png|ブレード}}を得る。", "このカードが『Liella!』のメンバーの下に置かれているかぎり、そのメンバーは{{icon_blade.png|ブレード}}を得る。", "このカードが『Liella!』のメンバーの下に置かれているかぎり", "{{jidou.png|自動}}このメンバーがステージから控え室に置かれたとき、バトンタッチしていた場合、このカードをそのバトンタッチで登場したメンバーの下に置く。", "このメンバーがステージから控え室に置かれたとき、バトンタッチしていた場合、このカードをそのバトンタッチで登場したメンバーの下に置く。", "このメンバーがステージから控え室に置かれたとき、バトンタッチしていた場合、このカードをそのバトンタッチで登場したメンバーの下に置く", "このメンバーがステージから控え室に置かれたとき、バトンタッチしていた場合", "{{jyouji.png|常時}}自分のエネルギーが7枚以上あり、かつ自分のエネルギーが相手より多いかぎり、ステージにいるこのメンバーのコストを＋２する。", "自分のエネルギーが7枚以上あり、かつ自分のエネルギーが相手より多いかぎり、ステージにいるこのメンバーのコストを＋２する。", "ステージにいるこのメンバーの{{icon_energy.png|E}}を+2する", "自分のエネルギーが7枚以上あり、", "自分のエネルギーが7枚以上あり、かつ自分のエネルギーが相手より多いかぎり", "{{live_start.png|ライブ開始時}}自分の控え室から『Liella!』のメンバーカード3枚を好きな順番でデッキの一番下に置いてもよい。これによりデッキの下に置いたカードの中にブレードハートを持たないメンバーカードが1枚以上ある場合、ライブ終了時まで、{{icon_blade.png|ブレード}}{{icon_blade.png|ブレード}}を得る。", "自分の控え室から『Liella!』のメンバーカード3枚を好きな順番でデッキの一番下に置いてもよい。これによりデッキの下に置いたカードの中にブレードハートを持たないメンバーカードが1枚以上ある場合、ライブ終了時まで、{{icon_blade.png|ブレード}}{{icon_blade.png|ブレード}}を得る。", "自分の控え室から『Liella!』のメンバーカード3枚を好きな順番でデッキの一番下に置いてもよい。これによりデッキの下に置いたカードの中にブレードハートを持たないメンバーカードが1枚以上ある場合、ライブ終了時まで、{{icon_blade.png|ブレード}}{{icon_blade.png|ブレード}}を得る", "自分の控え室から『Liella!』のメンバーカード3枚を好きな順番でデッキの一番下に置いてもよい", "これによりデッキの下に置いたカードの中にブレードハートを持たないメンバーカードが1枚以上ある場合", "{{kidou.png|起動}}このメンバーをウェイトにする：カードを1枚引く。", "このメンバーをウェイトにする：カードを1枚引く。", "{{jidou.png|自動}}ウェイト状態のこのメンバーがエリアを移動したとき、このメンバーをアクティブにする。", "ウェイト状態のこのメンバーがエリアを移動したとき、このメンバーをアクティブにする。", "ウェイト状態のこのメンバーがエリアを移動したとき、このメンバーをアクティブにする", "ウェイト状態のこのメンバーがエリアを移動したとき", "{{jyouji.png|常時}}{{leftside.png|左サイド}}{{rightside.png|右サイド}}{{heart_02.png|heart02}}を得る。", "{{leftside.png|左サイド}}{{rightside.png|右サイド}}{{heart_02.png|heart02}}を得る。", "{{live_start.png|ライブ開始時}}{{center.png|センター}}相手のステージにいる元々持つ{{icon_blade.png|ブレード}}の数が2つ以下のメンバー1人をウェイトにする。", "{{center.png|センター}}相手のステージにいる元々持つ{{icon_blade.png|ブレード}}の数が2つ以下のメンバー1人をウェイトにする。", "相手のステージにいる元々持つ{{icon_blade.png|ブレード}}の数が2つ以下のメンバー1人をウェイトにする", "{{kidou.png|起動}}このメンバーをステージから控え室に置く：自分のエネルギー置き場にあるエネルギー1枚をエネルギーデッキに置く。その後、自分の控え室からカードを1枚手札に加える。", "このメンバーをステージから控え室に置く：自分のエネルギー置き場にあるエネルギー1枚をエネルギーデッキに置く。その後、自分の控え室からカードを1枚手札に加える。", "自分のエネルギー置き場にあるエネルギー1枚をエネルギーデッキに置く。その後、自分の控え室からカードを1枚手札に加える", "自分のエネルギー置き場にあるエネルギー1枚をエネルギーデッキに置く", "自分の控え室からカードを1枚手札に加える", "{{toujyou.png|登場}}手札をすべて控え室に置いてもよい：カードを6枚引く。", "手札をすべて控え室に置いてもよい：カードを6枚引く。", "手札をすべて控え室に置いてもよい", "カードを6枚引く", "{{live_success.png|ライブ成功時}}エールにより公開された自分のカードの中から、『Liella!』のカードを1枚デッキの一番上に置いてもよい。", "エールにより公開された自分のカードの中から、『Liella!』のカードを1枚デッキの一番上に置いてもよい。", "エールにより公開された自分のカードの中から、『Liella!』のカードを1枚デッキの一番上に置いてもよい", "{{live_success.png|ライブ成功時}}自分のエネルギーが相手より2枚以上多い場合、このカードのスコアを＋１する。", "自分のエネルギーが相手より2枚以上多い場合、このカードのスコアを＋１する。", "自分のエネルギーが相手より2枚以上多い場合、このカードのスコアを+1する", "自分のエネルギーが相手より2枚以上多い場合", "{{live_success.png|ライブ成功時}}カードを1枚引く。このターン、相手もライブを成功している場合、さらにカードを1枚引き、手札を1枚控え室に置く。", "カードを1枚引く。このターン、相手もライブを成功している場合、さらにカードを1枚引き、手札を1枚控え室に置く。", "カードを1枚引く。このターン、相手もライブを成功している場合、さらにカードを1枚引き、手札を1枚控え室に置く", "このターン、相手もライブを成功している場合、カードを1枚引き、手札を1枚控え室に置く", "このターン、相手もライブを成功している場合", "{{toujyou.png|登場}}手札を1枚控え室に置いてもよい：自分のデッキの上からカードを3枚見る。その中から『虹ヶ咲』のカードを1枚公開して手札に加えてもよい。残りを控え室に置く。", "手札を1枚控え室に置いてもよい：自分のデッキの上からカードを3枚見る。その中から『虹ヶ咲』のカードを1枚公開して手札に加えてもよい。残りを控え室に置く。", "{{live_start.png|ライブ開始時}}自分のステージにいる『虹ヶ咲』のメンバー1人をアクティブにする。", "自分のステージにいる『虹ヶ咲』のメンバー1人をアクティブにする。", "自分のステージにいる『虹ヶ咲』のメンバー1人をアクティブにする", "{{live_start.png|ライブ開始時}}自分のステージにいる{{icon_blade.png|ブレード}}を4つ以上持つ『虹ヶ咲』のメンバー1人は、ライブ終了時まで、{{heart_02.png|heart02}}{{heart_02.png|heart02}}を得る。", "自分のステージにいる{{icon_blade.png|ブレード}}を4つ以上持つ『虹ヶ咲』のメンバー1人は、ライブ終了時まで、{{heart_02.png|heart02}}{{heart_02.png|heart02}}を得る。", "自分のステージにいる{{icon_blade.png|ブレード}}を4つ以上持つ『虹ヶ咲』のメンバー1人は、ライブ終了時まで、{{heart_02.png|heart02}}{{heart_02.png|heart02}}を得る", "{{live_start.png|ライブ開始時}}『虹ヶ咲』のメンバーを3人までウェイトにしてもよい：これによりウェイトにしたメンバー1人につき、このカードのスコアを＋１する。", "『虹ヶ咲』のメンバーを3人までウェイトにしてもよい：これによりウェイトにしたメンバー1人につき、このカードのスコアを＋１する。", "『虹ヶ咲』のメンバーを3人までウェイトにしてもよい", "これによりウェイトにしたメンバー1人につき、このカードのスコアを+1する", "{{toujyou.png|登場}}自分の成功ライブカード置き場にカードが2枚以上ある場合、自分の控え室からライブカードを1枚手札に加える。", "自分の成功ライブカード置き場にカードが2枚以上ある場合、自分の控え室からライブカードを1枚手札に加える。", "自分の成功ライブカード置き場にカードが2枚以上ある場合、自分の控え室からライブカードを1枚手札に加える", "{{jyouji.png|常時}}自分の成功ライブカード置き場にあるカード1枚につき、{{icon_blade.png|ブレード}}を得る。", "自分の成功ライブカード置き場にあるカード1枚につき、{{icon_blade.png|ブレード}}を得る。", "自分の成功ライブカード置き場にあるカード1枚につき、{{icon_blade.png|ブレード}}を得る", "{{toujyou.png|登場}}自分の控え室からコスト4以下の『μ's』のメンバーカードを1枚手札に加える。", "自分の控え室からコスト4以下の『μ's』のメンバーカードを1枚手札に加える。", "自分の控え室からコスト4以下の『μ's』のメンバーカードを1枚手札に加える", "{{live_start.png|ライブ開始時}}手札を1枚控え室に置いてもよい：{{heart_01.png|heart01}}か{{heart_03.png|heart03}}か{{heart_06.png|heart06}}のうち、1つを選ぶ。ライブ終了時まで、選んだハートを1つ得る。", "手札を1枚控え室に置いてもよい：{{heart_01.png|heart01}}か{{heart_03.png|heart03}}か{{heart_06.png|heart06}}のうち、1つを選ぶ。ライブ終了時まで、選んだハートを1つ得る。", "{{toujyou.png|登場}}自分のデッキの上からカードを5枚見る。その中から『μ's』のライブカードを1枚公開して手札に加えてもよい。残りを控え室に置く。", "自分のデッキの上からカードを5枚見る。その中から『μ's』のライブカードを1枚公開して手札に加えてもよい。残りを控え室に置く。", "{{toujyou.png|登場}}手札のライブカードを1枚公開してもよい：自分の成功ライブカード置き場にあるカードを1枚手札に加える。そうした場合、これにより公開したカードを自分の成功ライブカード置き場に置く。", "手札のライブカードを1枚公開してもよい：自分の成功ライブカード置き場にあるカードを1枚手札に加える。そうした場合、これにより公開したカードを自分の成功ライブカード置き場に置く。", "手札のライブカードを1枚公開してもよい", "自分の成功ライブカード置き場にあるカードを1枚手札に加える。そうした場合、これにより公開したカードを自分の成功ライブカード置き場に置く", "自分の成功ライブカード置き場にあるカードを1枚手札に加える。", "これにより公開したカードを自分の成功ライブカード置き場に置く", "{{toujyou.png|登場}}自分のデッキの上からカードを5枚控え室に置く。それらの中にライブカードがある場合、カードを1枚引く。", "自分のデッキの上からカードを5枚控え室に置く。それらの中にライブカードがある場合、カードを1枚引く。", "自分のデッキの上からカードを5枚控え室に置く。それらの中にライブカードがある場合、カードを1枚引く", "それらの中にライブカードがある場合、カードを1枚引く", "{{kidou.png|起動}}{{turn1.png|ターン1回}}{{icon_energy.png|E}}{{icon_energy.png|E}}：自分のデッキの上からカードを10枚控え室に置く。", "{{icon_energy.png|E}}{{icon_energy.png|E}}：自分のデッキの上からカードを10枚控え室に置く。", "{{live_start.png|ライブ開始時}}自分の控え室に『μ's』のカードが25枚以上ある場合、ライブ終了時まで、「{{jyouji.png|常時}}ライブの合計スコアを＋１する。」を得る。", "自分の控え室に『μ's』のカードが25枚以上ある場合、ライブ終了時まで、「{{jyouji.png|常時}}ライブの合計スコアを＋１する。」を得る。", "自分の控え室に『μ's』のカードが25枚以上ある場合、ライブ終了時まで、「{{jyouji.png|常時}}ライブの合計スコアを+1する。」を得る", "自分の控え室に『μ's』のカードが25枚以上ある場合", "{{live_start.png|ライブ開始時}}自分の成功ライブカード置き場にあるカード1枚につき、このカードを成功させるための必要ハートは{{heart_00.png|heart0}}{{heart_00.png|heart0}}少なくなる。", "自分の成功ライブカード置き場にあるカード1枚につき、このカードを成功させるための必要ハートは{{heart_00.png|heart0}}{{heart_00.png|heart0}}少なくなる。", "自分の成功ライブカード置き場にあるカード1枚につき、このカードを成功させるための必要ハートは{{heart_00.png|heart0}}{{heart_00.png|heart0}}少なくなる", "{{kidou.png|起動}}{{turn1.png|ターン1回}}手札を2枚控え室に置く：自分の控え室から必要ハートに{{heart_03.png|heart03}}を3以上含むライブカードを1枚手札に加える。", "手札を2枚控え室に置く：自分の控え室から必要ハートに{{heart_03.png|heart03}}を3以上含むライブカードを1枚手札に加える。", "自分の控え室から必要ハートに{{heart_03.png|heart03}}を3以上含むライブカードを1枚手札に加える", "{{kidou.png|起動}}{{turn1.png|ターン1回}}手札を2枚控え室に置く：自分の控え室から必要ハートに{{heart_01.png|heart01}}を3以上含むライブカードを1枚手札に加える。", "手札を2枚控え室に置く：自分の控え室から必要ハートに{{heart_01.png|heart01}}を3以上含むライブカードを1枚手札に加える。", "自分の控え室から必要ハートに{{heart_01.png|heart01}}を3以上含むライブカードを1枚手札に加える", "{{toujyou.png|登場}}相手の手札を、自分は見ないで3枚選び公開する。これにより公開されたカードの中にライブカードがない場合、カードを1枚引く。", "相手の手札を、自分は見ないで3枚選び公開する。これにより公開されたカードの中にライブカードがない場合、カードを1枚引く。", "相手の手札を、自分は見ないで3枚選び公開する。これにより公開されたカードの中にライブカードがない場合、カードを1枚引く", "相手の手札を、自分は見ないで3枚選び公開する", "これにより公開されたカードの中にライブカードがない場合", "{{kidou.png|起動}}このメンバーをステージから控え室に置く：自分の控え室から『μ's』のライブカードを1枚手札に加える。自分の成功ライブカード置き場にあるカードのスコアの合計が９以上の場合、エネルギーを2枚アクティブにする。", "このメンバーをステージから控え室に置く：自分の控え室から『μ's』のライブカードを1枚手札に加える。自分の成功ライブカード置き場にあるカードのスコアの合計が９以上の場合、エネルギーを2枚アクティブにする。", "自分の控え室から『μ's』のライブカードを1枚手札に加える。自分の成功ライブカード置き場にあるカードのスコアの合計が9以上の場合、エネルギーを2枚アクティブにする", "自分の成功ライブカード置き場にあるカードのスコアの合計が9以上の場合、エネルギーを2枚アクティブにする", "自分の成功ライブカード置き場にあるカードのスコアの合計が9以上の場合", "{{toujyou.png|登場}}自分か相手を選ぶ。自分は、そのプレイヤーの控え室にあるライブカードを1枚、そのプレイヤーのデッキの一番下に置く。そうした場合、自分はカードを1枚引く。", "自分か相手を選ぶ。自分は、そのプレイヤーの控え室にあるライブカードを1枚、そのプレイヤーのデッキの一番下に置く。そうした場合、自分はカードを1枚引く。", "{{jyouji.png|常時}}自分と相手のステージにメンバーが合計6人いるかぎり、{{heart_02.png|heart02}}{{heart_04.png|heart04}}を得る。", "自分と相手のステージにメンバーが合計6人いるかぎり、{{heart_02.png|heart02}}{{heart_04.png|heart04}}を得る。", "{{heart_02.png|heart02}}{{heart_04.png|heart04}}を得る", "{{toujyou.png|登場}}自分の控え室にあるカードの枚数が8枚未満の場合、その差に等しい枚数分自分のデッキの上からカードを控え室に置く。その後、これにより控え室に置いたカードの中から、ライブカード1枚をデッキの一番上に置いてもよい。", "自分の控え室にあるカードの枚数が8枚未満の場合、その差に等しい枚数分自分のデッキの上からカードを控え室に置く。その後、これにより控え室に置いたカードの中から、ライブカード1枚をデッキの一番上に置いてもよい。", "自分の控え室にあるカードの枚数が8枚未満の場合、その差に等しい枚数分自分のデッキの上からカードを控え室に置く。その後、これにより控え室に置いたカードの中から、ライブカード1枚をデッキの一番上に置いてもよい", "自分の控え室にあるカードの枚数が8枚未満の場合、その差に等しい枚数分自分のデッキの上からカードを控え室に置く", "{{toujyou.png|登場}}コスト7のメンバーからバトンタッチして登場した場合、カードを2枚引き、手札を1枚控え室に置く。", "コスト7のメンバーからバトンタッチして登場した場合、カードを2枚引き、手札を1枚控え室に置く。", "コスト7のメンバーからバトンタッチして登場した場合、カードを2枚引き、手札を1枚控え室に置く", "コスト7のメンバーからバトンタッチして登場した場合", "{{toujyou.png|登場}}直前のターンに相手がライブをし、それが成功していない場合、相手にエマパンチ打つ？と聞いてもよい。\n回答がお願いしますの場合、自分は相手にエマパンチする。ライブ終了時まで、相手のステージにいるすべてのメンバーは、{{icon_blade.png|ブレード}}を得る。\n回答がそれ以外の場合、何もしない。\n（相手を傷つけないよう、やさしく、愛をこめて魔法のパンチをすること。）", "直前のターンに相手がライブをし、それが成功していない場合、相手にエマパンチ打つ？と聞いてもよい。\n回答がお願いしますの場合、自分は相手にエマパンチする。ライブ終了時まで、相手のステージにいるすべてのメンバーは、{{icon_blade.png|ブレード}}を得る。\n回答がそれ以外の場合、何もしない。\n（相手を傷つけないよう、やさしく、愛をこめて魔法のパンチをすること。）", "直前のターンに相手がライブをし、それが成功していない場合、相手にエマパンチ打つ？と聞いてもよい。\n回答がお願いしますの場合、自分は相手にエマパンチする。ライブ終了時まで、相手のステージにいるすべてのメンバーは、{{icon_blade.png|ブレード}}を得る。\n回答がそれ以外の場合、何もしない", "直前のターンに相手がライブをし、それが成功していない場合、相手にエマパンチ打つ？と聞いてもよい", "自分は相手にエマパンチする。ライブ終了時まで、相手のステージにいるすべてのメンバーは、{{icon_blade.png|ブレード}}を得る", "お願いします", "何もしない", "相手を傷つけないよう、やさしく、愛をこめて魔法のパンチをすること。", "{{jidou.png|自動}}{{turn2.png|ターン2回}}自分のステージに、このメンバーか、ほかのメンバーがバトンタッチして登場したとき、カードを1枚引く。", "自分のステージに、このメンバーか、ほかのメンバーがバトンタッチして登場したとき、カードを1枚引く。", "自分のステージに、このメンバーか、ほかのメンバーがバトンタッチして登場したとき、カードを1枚引く", "自分のステージに、このメンバー", "ほかのメンバーがバトンタッチして登場したとき", "自分のステージに、このメンバーか、ほかのメンバーがバトンタッチして登場したとき", "{{toujyou.png|登場}}自分の控え室からコスト9以下の『虹ヶ咲』のメンバーカード1枚をこのメンバーの下に置く。", "自分の控え室からコスト9以下の『虹ヶ咲』のメンバーカード1枚をこのメンバーの下に置く。", "自分の控え室からコスト9以下の『虹ヶ咲』のメンバーカード1枚をこのメンバーの下に置く", "{{jyouji.png|常時}}このメンバーは、このメンバーの下に置かれているコスト9以下の『虹ヶ咲』のメンバーカードが持つ{{live_success.png|ライブ成功時}}能力をすべて得る。", "このメンバーは、このメンバーの下に置かれているコスト9以下の『虹ヶ咲』のメンバーカードが持つ{{live_success.png|ライブ成功時}}能力をすべて得る。", "このメンバーは、このメンバーの下に置かれているコスト9以下の『虹ヶ咲』のメンバーカードが持つ{{live_success.png|ライブ成功時}}能力をすべて得る", "{{jyouji.png|常時}}自分と相手のステージにメンバーが合計6人いるかぎり、{{heart_02.png|heart02}}{{heart_05.png|heart05}}を得る。", "自分と相手のステージにメンバーが合計6人いるかぎり、{{heart_02.png|heart02}}{{heart_05.png|heart05}}を得る。", "{{heart_02.png|heart02}}{{heart_05.png|heart05}}を得る", "{{live_success.png|ライブ成功時}}エールにより公開された自分のカードの中に『Liella!』のカードが7枚以上ある場合、自分のエネルギーデッキから、エネルギーカードを1枚ウェイト状態で置く。", "エールにより公開された自分のカードの中に『Liella!』のカードが7枚以上ある場合、自分のエネルギーデッキから、エネルギーカードを1枚ウェイト状態で置く。", "エールにより公開された自分のカードの中に『Liella!』のカードが7枚以上ある場合、自分のエネルギーデッキから、エネルギーカードを1枚ウェイト状態で置く", "エールにより公開された自分のカードの中に『Liella!』のカードが7枚以上ある場合", "{{live_start.png|ライブ開始時}}自分のステージにいるメンバーが持つハートが合計5つ以上ある場合、相手のステージにいるコスト2以下のメンバー1人をウェイトにする。", "自分のステージにいるメンバーが持つハートが合計5つ以上ある場合、相手のステージにいるコスト2以下のメンバー1人をウェイトにする。", "自分のステージにいるメンバーが持つハートが合計5つ以上ある場合、相手のステージにいるコスト2以下のメンバー1人をウェイトにする", "自分のステージにいるメンバーが持つハートが合計5つ以上ある場合", "{{jyouji.png|常時}}自分と相手のステージにメンバーが合計6人いるかぎり、{{heart_02.png|heart02}}{{heart_03.png|heart03}}を得る。", "自分と相手のステージにメンバーが合計6人いるかぎり、{{heart_02.png|heart02}}{{heart_03.png|heart03}}を得る。", "{{heart_02.png|heart02}}{{heart_03.png|heart03}}を得る", "{{jidou.png|自動}}{{turn1.png|ターン1回}}自分がエールしたとき、エールにより公開された自分のカードの中に、{{icon_score.png|スコア}}を持つ『Liella!』のライブカードが1枚以上ある場合、ライブ終了時まで、{{heart_06.png|heart06}}を得る。", "自分がエールしたとき、エールにより公開された自分のカードの中に、{{icon_score.png|スコア}}を持つ『Liella!』のライブカードが1枚以上ある場合、ライブ終了時まで、{{heart_06.png|heart06}}を得る。", "自分がエールしたとき、エールにより公開された自分のカードの中に、{{icon_score.png|スコア}}を持つ『Liella!』のライブカードが1枚以上ある場合、ライブ終了時まで、{{heart_06.png|heart06}}を得る", "自分がエールしたとき、エールにより公開された自分のカードの中に、{{icon_score.png|スコア}}を持つ『Liella!』のライブカードが1枚以上ある場合", "{{live_start.png|ライブ開始時}}手札の同じユニット名を持つカード2枚を控え室に置いてもよい：ライブ終了時まで、{{heart_04.png|heart04}}{{heart_04.png|heart04}}{{icon_blade.png|ブレード}}{{icon_blade.png|ブレード}}を得る。", "手札の同じユニット名を持つカード2枚を控え室に置いてもよい：ライブ終了時まで、{{heart_04.png|heart04}}{{heart_04.png|heart04}}{{icon_blade.png|ブレード}}{{icon_blade.png|ブレード}}を得る。", "{{live_start.png|ライブ開始時}}手札の同じユニット名を持つカード2枚を控え室に置いてもよい：ライブ終了時まで、{{heart_05.png|heart05}}{{heart_05.png|heart05}}{{icon_blade.png|ブレード}}{{icon_blade.png|ブレード}}を得る。", "手札の同じユニット名を持つカード2枚を控え室に置いてもよい：ライブ終了時まで、{{heart_05.png|heart05}}{{heart_05.png|heart05}}{{icon_blade.png|ブレード}}{{icon_blade.png|ブレード}}を得る。", "{{live_success.png|ライブ成功時}}自分のステージに、元々持つハートの数より多い数のハートを持つメンバーがいる場合、カードを1枚引く。", "自分のステージに、元々持つハートの数より多い数のハートを持つメンバーがいる場合、カードを1枚引く。", "自分のステージに、元々持つハートの数より多い数のハートを持つメンバーがいる場合、カードを1枚引く", "自分のステージに、元々持つハートの数より多い数のハートを持つメンバーがいる場合", "{{live_start.png|ライブ開始時}}{{icon_energy.png|E}}支払ってもよい：ライブ終了時まで、{{heart_01.png|heart01}}を得る。", "{{icon_energy.png|E}}支払ってもよい：ライブ終了時まで、{{heart_01.png|heart01}}を得る。", "{{toujyou.png|登場}}相手の控え室にあるメンバーカードを3枚選び、相手のデッキの下に好きな順番で置いてもよい。そうした場合、相手のステージにいる元々持つ{{icon_blade.png|ブレード}}の数が3つ以下のメンバー1人をウェイトにする。", "相手の控え室にあるメンバーカードを3枚選び、相手のデッキの下に好きな順番で置いてもよい。そうした場合、相手のステージにいる元々持つ{{icon_blade.png|ブレード}}の数が3つ以下のメンバー1人をウェイトにする。", "相手の控え室にあるメンバーカードを3枚選び、相手のデッキの下に好きな順番で置いてもよい。そうした場合、相手のステージにいる元々持つ{{icon_blade.png|ブレード}}の数が3つ以下のメンバー1人をウェイトにする", "相手の控え室にあるメンバーカードを3枚選び、相手のデッキの下に好きな順番で置いてもよい。", "相手のステージにいる元々持つ{{icon_blade.png|ブレード}}の数が3つ以下のメンバー1人をウェイトにする", "{{live_start.png|ライブ開始時}}相手に何が好き？と聞く。\n回答がチョコミントかストロベリーフレイバーかクッキー＆クリームの場合、自分と相手は手札を1枚控え室に置く。\n回答があなたの場合、自分と相手はカードを1枚引く。\n回答がそれ以外の場合、ライブ終了時まで、自分と相手のステージにいるメンバーは{{icon_blade.png|ブレード}}を得る。", "相手に何が好き？と聞く。\n回答がチョコミントかストロベリーフレイバーかクッキー＆クリームの場合、自分と相手は手札を1枚控え室に置く。\n回答があなたの場合、自分と相手はカードを1枚引く。\n回答がそれ以外の場合、ライブ終了時まで、自分と相手のステージにいるメンバーは{{icon_blade.png|ブレード}}を得る。", "相手に何が好き？と聞く。\n回答がチョコミントかストロベリーフレイバーかクッキー＆クリームの場合、自分と相手は手札を1枚控え室に置く。\n回答があなたの場合、自分と相手はカードを1枚引く。\n回答がそれ以外の場合、ライブ終了時まで、自分と相手のステージにいるメンバーは{{icon_blade.png|ブレード}}を得る", "相手に何が好き？と聞く", "自分と相手は手札を1枚控え室に置く", "チョコミント", "ストロベリーフレイバー", "クッキー＆クリーム", "自分と相手はカードを1枚引く", "あなた", "自分と相手のステージにいるメンバーは{{icon_blade.png|ブレード}}を得る", "{{toujyou.png|登場}}自分の控え室からメンバーカードを1枚手札に加える。", "{{live_start.png|ライブ開始時}}手札の「上原歩夢」と「澁谷かのん」と「日野下花帆」を、好きな組み合わせで合計3枚、控え室に置いてもよい：ライブ終了時まで、「{{jyouji.png|常時}}ライブの合計スコアを＋３する。」を得る。\n（手札のこのカードもこの効果で控え室に置ける。）", "手札の「上原歩夢」と「澁谷かのん」と「日野下花帆」を、好きな組み合わせで合計3枚、控え室に置いてもよい：ライブ終了時まで、「{{jyouji.png|常時}}ライブの合計スコアを＋３する。」を得る。\n（手札のこのカードもこの効果で控え室に置ける。）", "手札の「上原歩夢」と「澁谷かのん」と「日野下花帆」を、好きな組み合わせで合計3枚、控え室に置いてもよい", "「{{jyouji.png|常時}}ライブの合計スコアを+3する。」を得る", "【常時】ライブの合計スコアを+3する。", "ライブの合計スコアを+3する", "{{live_success.png|ライブ成功時}}ライブの合計スコアが相手より高い場合、エールにより公開された自分のカードの中から、『虹ヶ咲』のカードを1枚手札に加える。\n(必要ハートを確認する時、エールで出た{{icon_b_all.png|ALLブレード}}は任意の色のハートとして扱う。)", "ライブの合計スコアが相手より高い場合、エールにより公開された自分のカードの中から、『虹ヶ咲』のカードを1枚手札に加える。\n(必要ハートを確認する時、エールで出た{{icon_b_all.png|ALLブレード}}は任意の色のハートとして扱う。)", "{{live_start.png|ライブ開始時}}自分のステージにいる『虹ヶ咲』のメンバーが持つ{{heart_01.png|heart01}}、{{heart_04.png|heart04}}、{{heart_05.png|heart05}}、{{heart_02.png|heart02}}、{{heart_03.png|heart03}}、{{heart_06.png|heart06}}のうち1色につき、このカードのスコアを＋１する。\n(エールをすべて行った後、エールで出た{{icon_draw.png|ドロー}}1つにつき、カードを1枚引く。)", "自分のステージにいる『虹ヶ咲』のメンバーが持つ{{heart_01.png|heart01}}、{{heart_04.png|heart04}}、{{heart_05.png|heart05}}、{{heart_02.png|heart02}}、{{heart_03.png|heart03}}、{{heart_06.png|heart06}}のうち1色につき、このカードのスコアを＋１する。\n(エールをすべて行った後、エールで出た{{icon_draw.png|ドロー}}1つにつき、カードを1枚引く。)", "自分のステージにいる『虹ヶ咲』のメンバーが持つ{{heart_01.png|heart01}}、{{heart_04.png|heart04}}、{{heart_05.png|heart05}}、{{heart_02.png|heart02}}、{{heart_03.png|heart03}}、{{heart_06.png|heart06}}のうち1色につき、このカードのスコアを+1する", "{{live_start.png|ライブ開始時}}{{icon_energy.png|E}}{{icon_energy.png|E}}支払ってもよい：自分のステージに『虹ヶ咲』のメンバーがいる場合、このカードのスコアを＋１する。\n(エールをすべて行った後、エールで出た{{icon_draw.png|ドロー}}1つにつき、カードを1枚引く。)", "{{icon_energy.png|E}}{{icon_energy.png|E}}支払ってもよい：自分のステージに『虹ヶ咲』のメンバーがいる場合、このカードのスコアを＋１する。\n(エールをすべて行った後、エールで出た{{icon_draw.png|ドロー}}1つにつき、カードを1枚引く。)", "自分のステージに『虹ヶ咲』のメンバーがいる場合、このカードのスコアを+1する", "{{live_start.png|ライブ開始時}}自分のライブ中のカードが3枚以上ある場合、このカードのスコアを＋２する。\n(エールをすべて行った後、エールで出た{{icon_draw.png|ドロー}}1つにつき、カードを1枚引く。)", "自分のライブ中のカードが3枚以上ある場合、このカードのスコアを＋２する。\n(エールをすべて行った後、エールで出た{{icon_draw.png|ドロー}}1つにつき、カードを1枚引く。)", "自分のライブ中のカードが3枚以上ある場合、このカードのスコアを+2する", "自分のライブ中のカードが3枚以上ある場合", "{{live_success.png|ライブ成功時}}ライブの合計スコアが相手より高い場合、自分のエネルギーデッキから、エネルギーカードを1枚ウェイト状態で置く。\n(エールで出た{{icon_score.png|スコア}}1つにつき、成功したライブのスコアの合計に1を加算する。)", "ライブの合計スコアが相手より高い場合、自分のエネルギーデッキから、エネルギーカードを1枚ウェイト状態で置く。\n(エールで出た{{icon_score.png|スコア}}1つにつき、成功したライブのスコアの合計に1を加算する。)", "エールで出た{{icon_score.png|スコア}}1つにつき、成功したライブのスコアの合計に1を加算する。", "{{live_success.png|ライブ成功時}}自分のステージに「澁谷かのん」と「唐可可」がいる場合、カードを1枚引く。\n(必要ハートを確認する時、エールで出た{{icon_b_all.png|ALLブレード}}は任意の色のハートとして扱う。)", "自分のステージに「澁谷かのん」と「唐可可」がいる場合、カードを1枚引く。\n(必要ハートを確認する時、エールで出た{{icon_b_all.png|ALLブレード}}は任意の色のハートとして扱う。)", "{{live_start.png|ライブ開始時}}自分のエネルギーが12枚以上ある場合、このカードのスコアを＋１する。\n(エールをすべて行った後、エールで出た{{icon_draw.png|ドロー}}1つにつき、カードを1枚引く。)", "自分のエネルギーが12枚以上ある場合、このカードのスコアを＋１する。\n(エールをすべて行った後、エールで出た{{icon_draw.png|ドロー}}1つにつき、カードを1枚引く。)", "{{live_success.png|ライブ成功時}}エールにより公開された自分のカードの中から、『蓮ノ空』のライブカードを1枚手札に加える。\n(必要ハートを確認する時、エールで出た{{icon_b_all.png|ALLブレード}}は任意の色のハートとして扱う。)", "エールにより公開された自分のカードの中から、『蓮ノ空』のライブカードを1枚手札に加える。\n(必要ハートを確認する時、エールで出た{{icon_b_all.png|ALLブレード}}は任意の色のハートとして扱う。)", "エールにより公開された自分のカードの中から、『蓮ノ空』のライブカードを1枚手札に加える", "{{live_success.png|ライブ成功時}}エールにより公開された自分のカードの中に『蓮ノ空』のメンバーカードが10枚以上ある場合、このカードのスコアを＋１する。\n(エールをすべて行った後、エールで出た{{icon_draw.png|ドロー}}1つにつき、カードを1枚引く。)", "エールにより公開された自分のカードの中に『蓮ノ空』のメンバーカードが10枚以上ある場合、このカードのスコアを＋１する。\n(エールをすべて行った後、エールで出た{{icon_draw.png|ドロー}}1つにつき、カードを1枚引く。)", "エールにより公開された自分のカードの中に『蓮ノ空』のメンバーカードが10枚以上ある場合、このカードのスコアを+1する", "エールにより公開された自分のカードの中に『蓮ノ空』のメンバーカードが10枚以上ある場合", "{{live_success.png|ライブ成功時}}ライブの合計スコアが相手より高く、かつ自分のステージに『蓮ノ空』のメンバーがいる場合、自分のエネルギーデッキから、エネルギーカードを1枚ウェイト状態で置く。\n(必要ハートを確認する時、エールで出た{{icon_b_all.png|ALLブレード}}は任意の色のハートとして扱う。)", "ライブの合計スコアが相手より高く、かつ自分のステージに『蓮ノ空』のメンバーがいる場合、自分のエネルギーデッキから、エネルギーカードを1枚ウェイト状態で置く。\n(必要ハートを確認する時、エールで出た{{icon_b_all.png|ALLブレード}}は任意の色のハートとして扱う。)", "ライブの合計スコアが相手より高く、かつ自分のステージに『蓮ノ空』のメンバーがいる場合、自分のエネルギーデッキから、エネルギーカードを1枚ウェイト状態で置く", "ライブの合計スコアが相手より高く、", "ライブの合計スコアが相手より高く、かつ自分のステージに『蓮ノ空』のメンバーがいる場合", "{{kidou.png|起動}}{{turn1.png|ターン1回}}手札を2枚控え室に置く：自分の控え室から『虹ヶ咲』のライブカードを1枚手札に加える。", "手札を2枚控え室に置く：自分の控え室から『虹ヶ咲』のライブカードを1枚手札に加える。", "{{live_start.png|ライブ開始時}}{{icon_energy.png|E}}{{icon_energy.png|E}}支払ってもよい：ライブ終了時まで、{{heart_04.png|heart04}}を得る。", "{{icon_energy.png|E}}{{icon_energy.png|E}}支払ってもよい：ライブ終了時まで、{{heart_04.png|heart04}}を得る。", "{{live_start.png|ライブ開始時}}自分のステージにいるメンバーが持つ{{icon_blade.png|ブレード}}の合計が10以上の場合、このカードのスコアを＋１する。\n(エールをすべて行った後、エールで出た{{icon_draw.png|ドロー}}1つにつき、カードを1枚引く。)", "自分のステージにいるメンバーが持つ{{icon_blade.png|ブレード}}の合計が10以上の場合、このカードのスコアを＋１する。\n(エールをすべて行った後、エールで出た{{icon_draw.png|ドロー}}1つにつき、カードを1枚引く。)", "自分のステージにいるメンバーが持つ{{icon_blade.png|ブレード}}の合計が10以上の場合、このカードのスコアを+1する", "{{toujyou.png|登場}}自分のエネルギー6枚につき、カードを1枚引く。", "自分のエネルギー6枚につき、カードを1枚引く。", "自分のエネルギー6枚につき、カードを1枚引く", "{{toujyou.png|登場}}手札からコスト4以下の『Liella!』のメンバーカードを1枚ステージに登場させてもよい。\n（この効果で既にメンバーがいるエリアにも登場できる。ただし、このターンにステージに登場したメンバーがいるエリアには登場できない。）", "手札からコスト4以下の『Liella!』のメンバーカードを1枚ステージに登場させてもよい。\n（この効果で既にメンバーがいるエリアにも登場できる。ただし、このターンにステージに登場したメンバーがいるエリアには登場できない。）", "手札からコスト4以下の『Liella!』のメンバーカードを1枚ステージに登場させてもよい", "この効果で既にメンバーがいるエリアにも登場できる。ただし、このターンにステージに登場したメンバーがいるエリアには登場できない。", "{{toujyou.png|登場}}ライブ終了時まで、「{{jyouji.png|常時}}ライブの合計スコアを＋１する。」を得る。", "ライブ終了時まで、「{{jyouji.png|常時}}ライブの合計スコアを＋１する。」を得る。", "{{toujyou.png|登場}}{{icon_energy.png|E}}{{icon_energy.png|E}}支払ってもよい：自分の控え室から『Liella!』のメンバーカードを1枚手札に加える。", "{{icon_energy.png|E}}{{icon_energy.png|E}}支払ってもよい：自分の控え室から『Liella!』のメンバーカードを1枚手札に加える。", "自分の控え室から『Liella!』のメンバーカードを1枚手札に加える", "{{toujyou.png|登場}}{{icon_energy.png|E}}支払ってもよい：自分のエネルギーが9枚以上ある場合、自分のデッキの上からカードを5枚見る。その中から1枚を手札に加え、残りを控え室に置く。", "{{icon_energy.png|E}}支払ってもよい：自分のエネルギーが9枚以上ある場合、自分のデッキの上からカードを5枚見る。その中から1枚を手札に加え、残りを控え室に置く。", "自分のエネルギーが9枚以上ある場合、自分のデッキの上からカードを5枚見る。その中から1枚を手札に加え、残りを控え室に置く", "{{live_start.png|ライブ開始時}}自分のエネルギーが9枚以上ある場合、このカードのスコアを＋１する。\n(エールをすべて行った後、エールで出た{{icon_draw.png|ドロー}}1つにつき、カードを1枚引く。)", "自分のエネルギーが9枚以上ある場合、このカードのスコアを＋１する。\n(エールをすべて行った後、エールで出た{{icon_draw.png|ドロー}}1つにつき、カードを1枚引く。)", "{{toujyou.png|登場}}手札を1枚控え室に置いてもよい：自分のデッキの上からカードを5枚見る。その中から『CatChu!』のカードを1枚公開して手札に加えてもよい。残りを控え室に置く。", "手札を1枚控え室に置いてもよい：自分のデッキの上からカードを5枚見る。その中から『CatChu!』のカードを1枚公開して手札に加えてもよい。残りを控え室に置く。", "{{toujyou.png|登場}}手札を1枚控え室に置いてもよい：自分のデッキの上からカードを5枚見る。その中から『KALEIDOSCORE』のカードを1枚公開して手札に加えてもよい。残りを控え室に置く。", "手札を1枚控え室に置いてもよい：自分のデッキの上からカードを5枚見る。その中から『KALEIDOSCORE』のカードを1枚公開して手札に加えてもよい。残りを控え室に置く。", "{{toujyou.png|登場}}手札を1枚控え室に置いてもよい：自分のデッキの上からカードを5枚見る。その中から『5yncri5e!』のカードを1枚公開して手札に加えてもよい。残りを控え室に置く。", "手札を1枚控え室に置いてもよい：自分のデッキの上からカードを5枚見る。その中から『5yncri5e!』のカードを1枚公開して手札に加えてもよい。残りを控え室に置く。", "{{jidou.png|自動}}このメンバーがエリアを移動するたび、カードを1枚引く。\n(対戦相手のカードの効果でも発動する。)", "このメンバーがエリアを移動するたび、カードを1枚引く。\n(対戦相手のカードの効果でも発動する。)", "このメンバーがエリアを移動するたび、カードを1枚引く", "このメンバーがエリアを移動する", "{{live_success.png|ライブ成功時}}エールにより公開された自分のカードの中から、ライブカードを1枚までデッキの一番下に置く。", "エールにより公開された自分のカードの中から、ライブカードを1枚までデッキの一番下に置く。", "エールにより公開された自分のカードの中から、ライブカードを1枚までデッキの一番下に置く", "{{live_success.png|ライブ成功時}}このターン、自分のデッキがリフレッシュしていた場合、このカードのスコアを＋２する。", "このターン、自分のデッキがリフレッシュしていた場合、このカードのスコアを＋２する。", "このターン、自分のデッキがリフレッシュしていた場合、このカードのスコアを+2する", "このターン、自分のデッキがリフレッシュしていた場合", "{{live_start.png|ライブ開始時}}自分の成功ライブカード置き場にカードが2枚以上ある場合、ライブ終了時まで、自分のステージにいるメンバー1人は、{{icon_blade.png|ブレード}}{{icon_blade.png|ブレード}}を得る。", "自分の成功ライブカード置き場にカードが2枚以上ある場合、ライブ終了時まで、自分のステージにいるメンバー1人は、{{icon_blade.png|ブレード}}{{icon_blade.png|ブレード}}を得る。", "自分の成功ライブカード置き場にカードが2枚以上ある場合、ライブ終了時まで、自分のステージにいるメンバー1人は、{{icon_blade.png|ブレード}}{{icon_blade.png|ブレード}}を得る", "{{jidou.png|自動}}{{turn1.png|ターン1回}}エールにより公開された自分のカードの中にブレードハートを持つカードがないとき、ライブ終了時まで、{{heart_06.png|heart06}}を得る。", "エールにより公開された自分のカードの中にブレードハートを持つカードがないとき、ライブ終了時まで、{{heart_06.png|heart06}}を得る。", "エールにより公開された自分のカードの中にブレードハートを持つカードがないとき、ライブ終了時まで、{{heart_06.png|heart06}}を得る", "{{jidou.png|自動}}{{turn1.png|ターン1回}}エールにより公開された自分のカードの中にブレードハートを持つカードがないとき、ライブ終了時まで、{{heart_02.png|heart02}}を得る。", "エールにより公開された自分のカードの中にブレードハートを持つカードがないとき、ライブ終了時まで、{{heart_02.png|heart02}}を得る。", "エールにより公開された自分のカードの中にブレードハートを持つカードがないとき、ライブ終了時まで、{{heart_02.png|heart02}}を得る", "{{jidou.png|自動}}{{turn1.png|ターン1回}}エールにより公開された自分のカードの中にブレードハートを持つカードがないとき、ライブ終了時まで、{{heart_03.png|heart03}}を得る。", "エールにより公開された自分のカードの中にブレードハートを持つカードがないとき、ライブ終了時まで、{{heart_03.png|heart03}}を得る。", "エールにより公開された自分のカードの中にブレードハートを持つカードがないとき、ライブ終了時まで、{{heart_03.png|heart03}}を得る", "{{jidou.png|自動}}このメンバーがステージから控え室に置かれたとき、自分のデッキの上からカードを5枚見る。その中からメンバーカードを1枚公開して手札に加えてもよい。残りを控え室に置く。", "このメンバーがステージから控え室に置かれたとき、自分のデッキの上からカードを5枚見る。その中からメンバーカードを1枚公開して手札に加えてもよい。残りを控え室に置く。", "{{jidou.png|自動}}このメンバーがステージから控え室に置かれたとき、自分のデッキの上からカードを5枚見る。その中からライブカードを1枚公開して手札に加えてもよい。残りを控え室に置く。", "このメンバーがステージから控え室に置かれたとき、自分のデッキの上からカードを5枚見る。その中からライブカードを1枚公開して手札に加えてもよい。残りを控え室に置く。", "{{toujyou.png|登場}}カードを1枚引く。ライブ終了時まで、自分はライブできない。", "カードを1枚引く。ライブ終了時まで、自分はライブできない。", "カードを1枚引く。ライブ終了時まで、自分はライブできない", "自分はライブできない", "{{jidou.png|自動}}このメンバーがステージから控え室に置かれたとき、カードを2枚引き、手札を1枚控え室に置く。", "このメンバーがステージから控え室に置かれたとき、カードを2枚引き、手札を1枚控え室に置く。", "このメンバーがステージから控え室に置かれたとき、カードを2枚引き、手札を1枚控え室に置く", "{{toujyou.png|登場}}自分の控え室にカードが10枚以上ある場合、カードを1枚引く。", "自分の控え室にカードが10枚以上ある場合、カードを1枚引く。", "自分の控え室にカードが10枚以上ある場合、カードを1枚引く", "自分の控え室にカードが10枚以上ある場合", "{{toujyou.png|登場}}自分のメインフェイズの場合、{{icon_energy.png|E}}{{icon_energy.png|E}}支払ってもよい：自分の控え室からライブカードを1枚、表向きでライブカード置き場に置く。次のライブカードセットフェイズで自分がライブカード置き場に置けるカード枚数の上限が1枚減る。", "自分のメインフェイズの場合、{{icon_energy.png|E}}{{icon_energy.png|E}}支払ってもよい：自分の控え室からライブカードを1枚、表向きでライブカード置き場に置く。次のライブカードセットフェイズで自分がライブカード置き場に置けるカード枚数の上限が1枚減る。", "自分の控え室からライブカードを1枚、表向きでライブカード置き場に置く。次のライブカードセットフェイズで自分がライブカード置き場に置けるカード枚数の上限が1枚減る", "自分の控え室からライブカードを1枚、表向きでライブカード置き場に置く", "自分のメインフェイズの場合", "{{live_start.png|ライブ開始時}}自分のステージに『蓮ノ空』のメンバーがいる場合、このカードを成功させるための必要ハートは、{{heart_01.png|heart01}}{{heart_01.png|heart01}}{{heart_00.png|heart0}}か、{{heart_04.png|heart04}}{{heart_04.png|heart04}}{{heart_00.png|heart0}}か、{{heart_05.png|heart05}}{{heart_05.png|heart05}}{{heart_00.png|heart0}}のうち、選んだ1つにしてもよい。", "自分のステージに『蓮ノ空』のメンバーがいる場合、このカードを成功させるための必要ハートは、{{heart_01.png|heart01}}{{heart_01.png|heart01}}{{heart_00.png|heart0}}か、{{heart_04.png|heart04}}{{heart_04.png|heart04}}{{heart_00.png|heart0}}か、{{heart_05.png|heart05}}{{heart_05.png|heart05}}{{heart_00.png|heart0}}のうち、選んだ1つにしてもよい。", "自分のステージに『蓮ノ空』のメンバーがいる場合、このカードを成功させるための必要ハートは、{{heart_01.png|heart01}}{{heart_01.png|heart01}}{{heart_00.png|heart0}}か、{{heart_04.png|heart04}}{{heart_04.png|heart04}}{{heart_00.png|heart0}}か、{{heart_05.png|heart05}}{{heart_05.png|heart05}}{{heart_00.png|heart0}}のうち、選んだ1つにしてもよい", "{{heart_01.png|heart01}}{{heart_01.png|heart01}}{{heart_00.png|heart0}}", "{{heart_01.png|heart01}}{{heart_01.png|heart01}}", "{{heart_04.png|heart04}}{{heart_04.png|heart04}}{{heart_00.png|heart0}}", "{{heart_04.png|heart04}}{{heart_04.png|heart04}}", "{{heart_05.png|heart05}}{{heart_05.png|heart05}}{{heart_00.png|heart0}}", "{{heart_05.png|heart05}}{{heart_05.png|heart05}}", "{{live_start.png|ライブ開始時}}自分のステージにいる名前の異なる『蓮ノ空』のメンバー1人につき、このカードのスコアを＋２する。", "自分のステージにいる名前の異なる『蓮ノ空』のメンバー1人につき、このカードのスコアを＋２する。", "自分のステージにいる名前の異なる『蓮ノ空』のメンバー1人につき、このカードのスコアを+2する", "{{live_start.png|ライブ開始時}}自分のステージに、このターン中にバトンタッチして登場した『蓮ノ空』のメンバーが2人以上いる場合、このカードを成功させるための必要ハートを{{heart_04.png|heart04}}減らす。", "自分のステージに、このターン中にバトンタッチして登場した『蓮ノ空』のメンバーが2人以上いる場合、このカードを成功させるための必要ハートを{{heart_04.png|heart04}}減らす。", "自分のステージに、このターン中にバトンタッチして登場した『蓮ノ空』のメンバーが2人以上いる場合、このカードを成功させるための必要ハートを{{heart_04.png|heart04}}減らす", "{{live_start.png|ライブ開始時}}自分のステージに、このターン中にバトンタッチして登場した『蓮ノ空』のメンバーが2人以上いる場合、このカードを成功させるための必要ハートを{{heart_05.png|heart05}}減らす。", "自分のステージに、このターン中にバトンタッチして登場した『蓮ノ空』のメンバーが2人以上いる場合、このカードを成功させるための必要ハートを{{heart_05.png|heart05}}減らす。", "自分のステージに、このターン中にバトンタッチして登場した『蓮ノ空』のメンバーが2人以上いる場合、このカードを成功させるための必要ハートを{{heart_05.png|heart05}}減らす", "{{live_start.png|ライブ開始時}}自分のステージに、このターン中にバトンタッチして登場した『蓮ノ空』のメンバーが2人以上いる場合、このカードを成功させるための必要ハートを{{heart_01.png|heart01}}減らす。", "自分のステージに、このターン中にバトンタッチして登場した『蓮ノ空』のメンバーが2人以上いる場合、このカードを成功させるための必要ハートを{{heart_01.png|heart01}}減らす。", "自分のステージに、このターン中にバトンタッチして登場した『蓮ノ空』のメンバーが2人以上いる場合、このカードを成功させるための必要ハートを{{heart_01.png|heart01}}減らす", "{{jyouji.png|常時}}手札にあるこのメンバーカードのコストは、このカード以外の自分の手札1枚につき、1少なくなる。", "手札にあるこのメンバーカードのコストは、このカード以外の自分の手札1枚につき、1少なくなる。", "手札にあるこのメンバーカードのコストは、このカード以外の自分の手札1枚につき、1少なくなる", "{{jyouji.png|常時}}このメンバーはバトンタッチで控え室に置けない。", "このメンバーはバトンタッチで控え室に置けない。", "このメンバーはバトンタッチで控え室に置けない", "{{live_start.png|ライブ開始時}}手札の「渡辺曜」と「鬼塚夏美」と「大沢瑠璃乃」を、好きな枚数控え室に置いてもよい：ライブ終了時まで、これによって控え室に置いた枚数1枚につき、{{icon_blade.png|ブレード}}を得る。\n（手札のこのカードもこの効果で控え室に置ける。）", "手札の「渡辺曜」と「鬼塚夏美」と「大沢瑠璃乃」を、好きな枚数控え室に置いてもよい：ライブ終了時まで、これによって控え室に置いた枚数1枚につき、{{icon_blade.png|ブレード}}を得る。\n（手札のこのカードもこの効果で控え室に置ける。）", "手札の「渡辺曜」と「鬼塚夏美」と「大沢瑠璃乃」を、好きな枚数控え室に置いてもよい", "鬼塚夏美", "これによって控え室に置いた枚数1枚につき、{{icon_blade.png|ブレード}}を得る", "{{toujyou.png|登場}}手札を1枚控え室に置いてもよい：自分のデッキの上からカードを4枚見る。その中からハートに{{heart_04.png|heart04}}を2個以上持つメンバーカードか、必要ハートに{{heart_04.png|heart04}}を2以上含むライブカードを1枚公開して手札に加えてもよい。残りを控え室に置く。", "手札を1枚控え室に置いてもよい：自分のデッキの上からカードを4枚見る。その中からハートに{{heart_04.png|heart04}}を2個以上持つメンバーカードか、必要ハートに{{heart_04.png|heart04}}を2以上含むライブカードを1枚公開して手札に加えてもよい。残りを控え室に置く。", "自分のデッキの上からカードを4枚見る。その中からハートに{{heart_04.png|heart04}}を2個以上持つメンバーカードか、必要ハートに{{heart_04.png|heart04}}を2以上含むライブカードを1枚公開して手札に加えてもよい。残りを控え室に置く", "ハートに{{heart_04.png|heart04}}を2個以上持つメンバーカードか、必要ハートに{{heart_04.png|heart04}}を2以上含むライブカードを1枚公開して手札に加えてもよい。残りを控え室に置く", "{{toujyou.png|登場}}手札を1枚控え室に置いてもよい：自分のデッキの上からカードを4枚見る。その中からハートに{{heart_02.png|heart02}}を2個以上持つメンバーカードか、必要ハートに{{heart_02.png|heart02}}を2以上含むライブカードを1枚公開して手札に加えてもよい。残りを控え室に置く。", "手札を1枚控え室に置いてもよい：自分のデッキの上からカードを4枚見る。その中からハートに{{heart_02.png|heart02}}を2個以上持つメンバーカードか、必要ハートに{{heart_02.png|heart02}}を2以上含むライブカードを1枚公開して手札に加えてもよい。残りを控え室に置く。", "自分のデッキの上からカードを4枚見る。その中からハートに{{heart_02.png|heart02}}を2個以上持つメンバーカードか、必要ハートに{{heart_02.png|heart02}}を2以上含むライブカードを1枚公開して手札に加えてもよい。残りを控え室に置く", "ハートに{{heart_02.png|heart02}}を2個以上持つメンバーカードか、必要ハートに{{heart_02.png|heart02}}を2以上含むライブカードを1枚公開して手札に加えてもよい。残りを控え室に置く", "{{toujyou.png|登場}}手札を1枚控え室に置いてもよい：自分のデッキの上からカードを4枚見る。その中からハートに{{heart_05.png|heart05}}を2個以上持つメンバーカードか、必要ハートに{{heart_05.png|heart05}}を2以上含むライブカードを1枚公開して手札に加えてもよい。残りを控え室に置く。", "手札を1枚控え室に置いてもよい：自分のデッキの上からカードを4枚見る。その中からハートに{{heart_05.png|heart05}}を2個以上持つメンバーカードか、必要ハートに{{heart_05.png|heart05}}を2以上含むライブカードを1枚公開して手札に加えてもよい。残りを控え室に置く。", "自分のデッキの上からカードを4枚見る。その中からハートに{{heart_05.png|heart05}}を2個以上持つメンバーカードか、必要ハートに{{heart_05.png|heart05}}を2以上含むライブカードを1枚公開して手札に加えてもよい。残りを控え室に置く", "ハートに{{heart_05.png|heart05}}を2個以上持つメンバーカードか、必要ハートに{{heart_05.png|heart05}}を2以上含むライブカードを1枚公開して手札に加えてもよい。残りを控え室に置く", "{{live_start.png|ライブ開始時}}自分のステージにいる『Aqours』のメンバーが持つハートに、{{heart_02.png|heart02}}が合計6個以上ある場合、このカードの{{live_success.png|ライブ成功時}}能力を無効にする。", "自分のステージにいる『Aqours』のメンバーが持つハートに、{{heart_02.png|heart02}}が合計6個以上ある場合、このカードの{{live_success.png|ライブ成功時}}能力を無効にする。", "自分のステージにいる『Aqours』のメンバーが持つハートに、{{heart_02.png|heart02}}が合計6個以上ある場合、このカードの{{live_success.png|ライブ成功時}}能力を無効にする", "自分のステージにいる『Aqours』のメンバーが持つハートに、{{heart_02.png|heart02}}が合計6個以上ある場合", "{{live_success.png|ライブ成功時}}相手は、エネルギーデッキからエネルギーカードを1枚ウェイト状態で置く。", "相手は、エネルギーデッキからエネルギーカードを1枚ウェイト状態で置く。", "相手は、エネルギーデッキからエネルギーカードを1枚ウェイト状態で置く", "{{live_start.png|ライブ開始時}}自分のステージにいる『Aqours』のメンバーが持つハートに、{{heart_04.png|heart04}}が合計10個以上ある場合、このカードのスコアを＋２する。", "自分のステージにいる『Aqours』のメンバーが持つハートに、{{heart_04.png|heart04}}が合計10個以上ある場合、このカードのスコアを＋２する。", "自分のステージにいる『Aqours』のメンバーが持つハートに、{{heart_04.png|heart04}}が合計10個以上ある場合、このカードのスコアを+2する", "自分のステージにいる『Aqours』のメンバーが持つハートに、{{heart_04.png|heart04}}が合計10個以上ある場合", "{{live_success.png|ライブ成功時}}自分のステージにいる『Aqours』のメンバーが持つハートに、{{heart_05.png|heart05}}が合計4個以上あり、このターン、相手が余剰のハートを持たずにライブを成功させていた場合、このカードのスコアを＋２する。", "自分のステージにいる『Aqours』のメンバーが持つハートに、{{heart_05.png|heart05}}が合計4個以上あり、このターン、相手が余剰のハートを持たずにライブを成功させていた場合、このカードのスコアを＋２する。", "自分のステージにいる『Aqours』のメンバーが持つハートに、{{heart_05.png|heart05}}が合計4個以上あり、このターン、相手が余剰のハートを持たずにライブを成功させていた場合、このカードのスコアを+2する", "自分のステージにいる『Aqours』のメンバーが持つハートに、{{heart_05.png|heart05}}が合計4個以上", "opponent_live_success", "自分のステージにいる『Aqours』のメンバーが持つハートに、{{heart_05.png|heart05}}が合計4個以上あり、このターン、相手が余剰のハートを持たずにライブを成功させていた場合", "{{live_start.png|ライブ開始時}}自分のライブ中の『μ's』のカードが2枚以上ある場合、このカードのスコアを＋１する。", "自分のライブ中の『μ's』のカードが2枚以上ある場合、このカードのスコアを＋１する。", "自分のライブ中の『μ's』のカードが2枚以上ある場合、このカードのスコアを+1する", "自分のライブ中の『μ's』のカードが2枚以上ある場合", "{{live_start.png|ライブ開始時}}自分のデッキの上から、自分と相手のステージにいるメンバー1人につき、1枚公開する。それらの中にあるライブカード1枚につき、このカードのスコアを＋１する。その後、これにより公開したカードを控え室に置く。", "自分のデッキの上から、自分と相手のステージにいるメンバー1人につき、1枚公開する。それらの中にあるライブカード1枚につき、このカードのスコアを＋１する。その後、これにより公開したカードを控え室に置く。", "1枚公開する", "それらの中にあるライブカード1枚につき、このカードのスコアを+1する", "これにより公開したカードを控え室に置く", "{{live_start.png|ライブ開始時}}自分のステージにいるメンバーが持つ{{icon_blade.png|ブレード}}の合計が10以上の場合、このカードを成功させるための必要ハートは{{heart_00.png|heart0}}{{heart_00.png|heart0}}少なくなる。", "自分のステージにいるメンバーが持つ{{icon_blade.png|ブレード}}の合計が10以上の場合、このカードを成功させるための必要ハートは{{heart_00.png|heart0}}{{heart_00.png|heart0}}少なくなる。", "自分のステージにいるメンバーが持つ{{icon_blade.png|ブレード}}の合計が10以上の場合、このカードを成功させるための必要ハートは{{heart_00.png|heart0}}{{heart_00.png|heart0}}少なくなる", "{{live_start.png|ライブ開始時}}自分の成功ライブカード置き場にカードがある場合、{{heart_01.png|heart01}}か{{heart_03.png|heart03}}か{{heart_06.png|heart06}}のうち、1つを選ぶ。ライブ終了時まで、自分のステージにいる『μ's』のメンバー1人は、選んだハートを1つ得る。", "自分の成功ライブカード置き場にカードがある場合、{{heart_01.png|heart01}}か{{heart_03.png|heart03}}か{{heart_06.png|heart06}}のうち、1つを選ぶ。ライブ終了時まで、自分のステージにいる『μ's』のメンバー1人は、選んだハートを1つ得る。", "自分の成功ライブカード置き場にカードがある場合、{{heart_01.png|heart01}}か{{heart_03.png|heart03}}か{{heart_06.png|heart06}}のうち、1つを選ぶ。ライブ終了時まで、自分のステージにいる『μ's』のメンバー1人は、選んだハートを1つ得る", "自分のステージにいる『μ's』のメンバー1人は、選んだハートを1つ得る", "{{live_start.png|ライブ開始時}}自分の成功ライブカード置き場にカードが2枚以上ある場合、このカードのスコアを＋１する。", "自分の成功ライブカード置き場にカードが2枚以上ある場合、このカードのスコアを＋１する。", "{{live_success.png|ライブ成功時}}このターン、自分が余剰ハートを持たない場合、このカードのスコアを＋１する。", "このターン、自分が余剰ハートを持たない場合、このカードのスコアを＋１する。", "このターン、自分が余剰ハートを持たない場合、このカードのスコアを+1する", "{{live_start.png|ライブ開始時}}手札を2枚控え室に置いてもよい：ライブ終了時まで、自分のステージにいるメンバー1人は、{{icon_blade.png|ブレード}}{{icon_blade.png|ブレード}}{{icon_blade.png|ブレード}}を得る。", "手札を2枚控え室に置いてもよい：ライブ終了時まで、自分のステージにいるメンバー1人は、{{icon_blade.png|ブレード}}{{icon_blade.png|ブレード}}{{icon_blade.png|ブレード}}を得る。", "自分のステージにいるメンバー1人は、{{icon_blade.png|ブレード}}{{icon_blade.png|ブレード}}{{icon_blade.png|ブレード}}を得る", "{{live_success.png|ライブ成功時}}自分のステージにいるメンバーが持つハートの総数が、相手のステージにいるメンバーが持つハートの総数より多い場合、このカードのスコアを＋１する。", "自分のステージにいるメンバーが持つハートの総数が、相手のステージにいるメンバーが持つハートの総数より多い場合、このカードのスコアを＋１する。", "自分のステージにいるメンバーが持つハートの総数が、相手のステージにいるメンバーが持つハートの総数より多い場合、このカードのスコアを+1する", "自分のステージにいるメンバーが持つハートの総数が、相手のステージにいるメンバーが持つハートの総数より多い場合", "{{jyouji.png|常時}}自分の成功ライブカード置き場にあるカード1枚につき、ステージにいるこのメンバーのコストを＋１する。", "自分の成功ライブカード置き場にあるカード1枚につき、ステージにいるこのメンバーのコストを＋１する。", "自分の成功ライブカード置き場にあるカード1枚につき、ステージにいるこのメンバーのコストを+1する", "{{live_success.png|ライブ成功時}}このターン、エールにより公開された自分のカードの中にブレードハートを持たないカードが0枚の場合か、または自分が余剰ハートを2つ以上持っている場合、このカードのスコアは４になる。", "このターン、エールにより公開された自分のカードの中にブレードハートを持たないカードが0枚の場合か、または自分が余剰ハートを2つ以上持っている場合、このカードのスコアは４になる。", "このターン、エールにより公開された自分のカードの中にブレードハートを持たないカードが0枚の場合", "または自分が余剰ハートを2つ以上持っている場合", "{{jidou.png|自動}}［ターン1回］エールにより自分のカードを1枚以上公開したとき、それらのカードの中にブレードハートを持つカードが2枚以下の場合、それらのカードをすべて控え室に置いてもよい。そのエールで得たブレードハートを失い、もう一度エールを行う。", "エールにより自分のカードを1枚以上公開したとき、それらのカードの中にブレードハートを持つカードが2枚以下の場合、それらのカードをすべて控え室に置いてもよい。そのエールで得たブレードハートを失い、もう一度エールを行う。", "エールにより自分のカードを1枚以上公開したとき、それらのカードの中にブレードハートを持つカードが2枚以下の場合、それらのカードをすべて控え室に置いてもよい", "エールにより自分のカードを1枚以上公開したとき、それらのカードの中にブレードハートを持つカードが2枚以下の場合", "{{live_start.png|ライブ開始時}}自分の控え室にあるメンバーカード1枚をデッキの一番上に置いてもよい。そうした場合、ライブ終了時まで、自分のステージにいるメンバー1人は、{{icon_blade.png|ブレード}}を得る。", "自分の控え室にあるメンバーカード1枚をデッキの一番上に置いてもよい。そうした場合、ライブ終了時まで、自分のステージにいるメンバー1人は、{{icon_blade.png|ブレード}}を得る。", "自分の控え室にあるメンバーカード1枚をデッキの一番上に置いてもよい。そうした場合、ライブ終了時まで、自分のステージにいるメンバー1人は、{{icon_blade.png|ブレード}}を得る", "自分の控え室にあるメンバーカード1枚をデッキの一番上に置いてもよい。", "自分のステージにいるメンバー1人は、{{icon_blade.png|ブレード}}を得る", "{{live_start.png|ライブ開始時}}自分のステージのセンターエリアにコスト9以上の『Aqours』のメンバーがいる場合、以下から1つを選ぶ。\n・ライブ終了時まで、自分のステージにいるメンバー1人は、{{icon_blade.png|ブレード}}{{icon_blade.png|ブレード}}を得る。\n・相手のステージにいるコスト4以下のメンバー1人をウェイトにする。", "自分のステージのセンターエリアにコスト9以上の『Aqours』のメンバーがいる場合、以下から1つを選ぶ。\n・ライブ終了時まで、自分のステージにいるメンバー1人は、{{icon_blade.png|ブレード}}{{icon_blade.png|ブレード}}を得る。\n・相手のステージにいるコスト4以下のメンバー1人をウェイトにする。", "自分のステージのセンターエリアにコスト9以上の『Aqours』のメンバーがいる場合、以下から1つを選ぶ。\n・ライブ終了時まで、自分のステージにいるメンバー1人は、{{icon_blade.png|ブレード}}{{icon_blade.png|ブレード}}を得る。\n・相手のステージにいるコスト4以下のメンバー1人をウェイトにする", "自分のステージのセンターエリアにコスト9以上の『Aqours』のメンバーがいる場合", "ライブ終了時まで、自分のステージにいるメンバー1人は、{{icon_blade.png|ブレード}}{{icon_blade.png|ブレード}}を得る。", "{{live_start.png|ライブ開始時}}自分のステージにいる『Aqours』のメンバー1人を選ぶ。そのメンバーが持つ{{icon_blade.png|ブレード}}が6つ以上の場合、このカードのスコアを＋１する。", "自分のステージにいる『Aqours』のメンバー1人を選ぶ。そのメンバーが持つ{{icon_blade.png|ブレード}}が6つ以上の場合、このカードのスコアを＋１する。", "自分のステージにいる『Aqours』のメンバー1人を選ぶ。そのメンバーが持つ{{icon_blade.png|ブレード}}が6つ以上の場合、このカードのスコアを+1する", "自分のステージにいる『Aqours』のメンバー1人を選ぶ", "そのメンバーが持つ{{icon_blade.png|ブレード}}が6つ以上の場合、このカードのスコアを+1する", "そのメンバーが持つ{{icon_blade.png|ブレード}}が6つ以上の場合", "{{toujyou.png|登場}}自分のエネルギー置き場にあるエネルギー1枚をこのメンバーの下に置いてもよい。そうした場合、カードを2枚引く。（メンバーの下に置かれているエネルギーカードではコストを支払えない。メンバーがステージから離れたとき、下に置かれているエネルギーカードはエネルギーデッキに置く。）", "自分のエネルギー置き場にあるエネルギー1枚をこのメンバーの下に置いてもよい。そうした場合、カードを2枚引く。（メンバーの下に置かれているエネルギーカードではコストを支払えない。メンバーがステージから離れたとき、下に置かれているエネルギーカードはエネルギーデッキに置く。）", "自分のエネルギー置き場にあるエネルギー1枚をこのメンバーの下に置いてもよい。そうした場合、カードを2枚引く", "{{live_start.png|ライブ開始時}}{{heart_01.png|heart01}}か{{heart_03.png|heart03}}か{{heart_04.png|heart04}}のうち1つを選ぶ。ライブ終了時まで、このメンバーが元々持つハートは選んだハートになる。", "{{heart_01.png|heart01}}か{{heart_03.png|heart03}}か{{heart_04.png|heart04}}のうち1つを選ぶ。ライブ終了時まで、このメンバーが元々持つハートは選んだハートになる。", "{{heart_01.png|heart01}}か{{heart_03.png|heart03}}か{{heart_04.png|heart04}}のうち1つを選ぶ。ライブ終了時まで、このメンバーが元々持つハートは選んだハートになる", "{{heart_01.png|heart01}}か{{heart_03.png|heart03}}か{{heart_04.png|heart04}}のうち1つを選ぶ", "{{live_start.png|ライブ開始時}}{{heart_02.png|heart02}}か{{heart_05.png|heart05}}か{{heart_06.png|heart06}}のうち1つを選ぶ。ライブ終了時まで、このメンバーが元々持つハートは選んだハートになる。", "{{heart_02.png|heart02}}か{{heart_05.png|heart05}}か{{heart_06.png|heart06}}のうち1つを選ぶ。ライブ終了時まで、このメンバーが元々持つハートは選んだハートになる。", "{{heart_02.png|heart02}}か{{heart_05.png|heart05}}か{{heart_06.png|heart06}}のうち1つを選ぶ。ライブ終了時まで、このメンバーが元々持つハートは選んだハートになる", "{{heart_02.png|heart02}}か{{heart_05.png|heart05}}か{{heart_06.png|heart06}}のうち1つを選ぶ", "{{live_start.png|ライブ開始時}}自分のステージにいるメンバー1人の下にあるエネルギーカードを、好きな枚数エネルギーデッキに置いてもよい。そうした場合、ライブ終了時まで、そのメンバーは、これによって置いたエネルギーカード1枚につき、{{heart_02.png|heart02}}{{heart_02.png|heart02}}{{heart_02.png|heart02}}を得る。", "自分のステージにいるメンバー1人の下にあるエネルギーカードを、好きな枚数エネルギーデッキに置いてもよい。そうした場合、ライブ終了時まで、そのメンバーは、これによって置いたエネルギーカード1枚につき、{{heart_02.png|heart02}}{{heart_02.png|heart02}}{{heart_02.png|heart02}}を得る。", "自分のステージにいるメンバー1人の下にあるエネルギーカードを、好きな枚数エネルギーデッキに置いてもよい。そうした場合、ライブ終了時まで、そのメンバーは、これによって置いたエネルギーカード1枚につき、{{heart_02.png|heart02}}{{heart_02.png|heart02}}{{heart_02.png|heart02}}を得る", "自分のステージにいるメンバー1人の下にあるエネルギーカードを、好きな枚数エネルギーデッキに置いてもよい。", "そのメンバーは、これによって置いたエネルギーカード1枚につき、{{heart_02.png|heart02}}{{heart_02.png|heart02}}{{heart_02.png|heart02}}を得る", "{{live_start.png|ライブ開始時}}自分の成功ライブカード置き場にスコアが１か５のカードがある場合、このカードのスコアを＋１する。それらが両方ある場合、代わりにスコアを＋２する。", "自分の成功ライブカード置き場にスコアが１か５のカードがある場合、このカードのスコアを＋１する。それらが両方ある場合、代わりにスコアを＋２する。", "自分の成功ライブカード置き場にスコアが1か5のカードがある場合、このカードのスコアを+1する。それらが両方ある場合、代わりにスコアを+2する", "自分の成功ライブカード置き場にスコアが1か5のカードがある場合", "in", "それらが両方ある場合", "{{live_success.png|ライブ成功時}}このターン、自分が余剰ハートに{{heart_04.png|heart04}}を1つ以上持っており、かつ自分のステージに『虹ヶ咲』のメンバーがいる場合、自分のエネルギーデッキから、エネルギーカードを1枚ウェイト状態で置く。", "このターン、自分が余剰ハートに{{heart_04.png|heart04}}を1つ以上持っており、かつ自分のステージに『虹ヶ咲』のメンバーがいる場合、自分のエネルギーデッキから、エネルギーカードを1枚ウェイト状態で置く。", "このターン、自分が余剰ハートに{{heart_04.png|heart04}}を1つ以上持っており、かつ自分のステージに『虹ヶ咲』のメンバーがいる場合、自分のエネルギーデッキから、エネルギーカードを1枚ウェイト状態で置く", "このターン、自分が余剰ハートに{{heart_04.png|heart04}}を1つ以上持っており、", "このターン、自分が余剰ハートに{{heart_04.png|heart04}}を1つ以上持っており、かつ自分のステージに『虹ヶ咲』のメンバーがいる場合", "{{live_success.png|ライブ成功時}}エールにより公開された自分のカードの中に{{icon_b_all.png|ALLブレード}}を持つカードが1枚以上ある場合、このカードのスコアを＋１する。", "エールにより公開された自分のカードの中に{{icon_b_all.png|ALLブレード}}を持つカードが1枚以上ある場合、このカードのスコアを＋１する。", "エールにより公開された自分のカードの中に{{icon_b_all.png|ALLブレード}}を持つカードが1枚以上ある場合、このカードのスコアを+1する", "エールにより公開された自分のカードの中に{{icon_b_all.png|ALLブレード}}を持つカードが1枚以上ある場合", "has_all_blade", "{{live_success.png|ライブ成功時}}自分のステージにいるウェイト状態のメンバー1人につき、このカードのスコアを＋１する。", "自分のステージにいるウェイト状態のメンバー1人につき、このカードのスコアを＋１する。", "自分のステージにいるウェイト状態のメンバー1人につき、このカードのスコアを+1する", "{{kidou.png|起動}}{{turn1.png|ターン1回}}自分の控え室にある「園田海未」と「津島善子」と「天王寺璃奈」を、合計6枚をシャッフルしてデッキの一番下に置く：エネルギーを6枚までアクティブにする。", "自分の控え室にある「園田海未」と「津島善子」と「天王寺璃奈」を、合計6枚をシャッフルしてデッキの一番下に置く：エネルギーを6枚までアクティブにする。", "自分の控え室にある「園田海未」と「津島善子」と「天王寺璃奈」を、合計6枚をシャッフルしてデッキの一番下に置く", "園田海未", "エネルギーを6枚までアクティブにする", "{{live_start.png|ライブ開始時}}{{icon_energy.png|E}}{{icon_energy.png|E}}{{icon_energy.png|E}}{{icon_energy.png|E}}{{icon_energy.png|E}}{{icon_energy.png|E}}支払ってもよい：ライブ終了時まで、{{icon_blade.png|ブレード}}{{icon_blade.png|ブレード}}{{icon_blade.png|ブレード}}を得る。", "{{icon_energy.png|E}}{{icon_energy.png|E}}{{icon_energy.png|E}}{{icon_energy.png|E}}{{icon_energy.png|E}}{{icon_energy.png|E}}支払ってもよい：ライブ終了時まで、{{icon_blade.png|ブレード}}{{icon_blade.png|ブレード}}{{icon_blade.png|ブレード}}を得る。", "{{live_start.png|ライブ開始時}}自分のステージにいる『Printemps』のメンバーをアクティブにする。これによりウェイト状態のメンバーが3人以上アクティブ状態になったとき、このカードのスコアを＋１する。", "自分のステージにいる『Printemps』のメンバーをアクティブにする。これによりウェイト状態のメンバーが3人以上アクティブ状態になったとき、このカードのスコアを＋１する。", "自分のステージにいる『Printemps』のメンバーをアクティブにする。これによりウェイト状態のメンバーが3人以上アクティブ状態になったとき、このカードのスコアを+1する", "自分のステージにいる『Printemps』のメンバーをアクティブにする", "これによりウェイト状態のメンバーが3人以上アクティブ状態になったとき", "{{live_start.png|ライブ開始時}}自分の成功ライブカード置き場のカードが0枚で、かつ自分のステージにいるメンバーが『lilywhite』のみの場合、このカードのスコアを＋１する。", "自分の成功ライブカード置き場のカードが0枚で、かつ自分のステージにいるメンバーが『lilywhite』のみの場合、このカードのスコアを＋１する。", "自分の成功ライブカード置き場のカードが0枚で、かつ自分のステージにいるメンバーが『lilywhite』のみの場合、このカードのスコアを+1する", "自分のステージにいるメンバーが『lilywhite』のみの場合", "自分の成功ライブカード置き場のカードが0枚で、かつ自分のステージにいるメンバーが『lilywhite』のみの場合", "{{live_start.png|ライブ開始時}}相手のステージにウェイト状態のメンバーがいる場合、このカードを成功させるための必要ハートを{{heart_00.png|heart0}}{{heart_00.png|heart0}}減らす。", "相手のステージにウェイト状態のメンバーがいる場合、このカードを成功させるための必要ハートを{{heart_00.png|heart0}}{{heart_00.png|heart0}}減らす。", "相手のステージにウェイト状態のメンバーがいる場合、このカードを成功させるための必要ハートを{{heart_00.png|heart0}}{{heart_00.png|heart0}}減らす", "{{live_success.png|ライブ成功時}}自分のステージに名前の異なる『BiBi』のメンバーが2人以上いる場合、自分の控え室から『BiBi』のメンバーカードを1枚手札に加える。", "自分のステージに名前の異なる『BiBi』のメンバーが2人以上いる場合、自分の控え室から『BiBi』のメンバーカードを1枚手札に加える。", "自分のステージに名前の異なる『BiBi』のメンバーが2人以上いる場合、自分の控え室から『BiBi』のメンバーカードを1枚手札に加える", "{{live_success.png|ライブ成功時}}手札を1枚控え室に置いてもよい：エールにより公開された自分のカードの中から、『μ's』のメンバーカードを1枚手札に加える。", "手札を1枚控え室に置いてもよい：エールにより公開された自分のカードの中から、『μ's』のメンバーカードを1枚手札に加える。", "エールにより公開された自分のカードの中から、『μ's』のメンバーカードを1枚手札に加える", "{{live_success.png|ライブ成功時}}自分の成功ライブカード置き場に『μ's』のカードがある場合、カードを1枚引く。", "自分の成功ライブカード置き場に『μ's』のカードがある場合、カードを1枚引く。", "{{kidou.png|起動}}{{turn1.png|ターン1回}}手札を2枚控え室に置く：自分の控え室から『μ's』のライブカードを1枚手札に加える。この能力は、自分の成功ライブカード置き場にあるカードのスコアの合計が6以上の場合のみ起動できる。", "手札を2枚控え室に置く：自分の控え室から『μ's』のライブカードを1枚手札に加える。この能力は、自分の成功ライブカード置き場にあるカードのスコアの合計が6以上の場合のみ起動できる。", "{{live_start.png|ライブ開始時}}このメンバーをウェイトにしてもよい：ライブ終了時まで、自分のセンターエリアにいる『μ's』のメンバーは、{{icon_blade.png|ブレード}}{{icon_blade.png|ブレード}}を得る。", "このメンバーをウェイトにしてもよい：ライブ終了時まで、自分のセンターエリアにいる『μ's』のメンバーは、{{icon_blade.png|ブレード}}{{icon_blade.png|ブレード}}を得る。", "自分のセンターエリアにいる『μ's』のメンバーは、{{icon_blade.png|ブレード}}{{icon_blade.png|ブレード}}を得る", "{{live_start.png|ライブ開始時}}手札を1枚控え室に置いてもよい：ライブ終了時まで、自分のステージにいるこのメンバー以外のメンバー1人は、{{heart_01.png|heart01}}を得る。", "手札を1枚控え室に置いてもよい：ライブ終了時まで、自分のステージにいるこのメンバー以外のメンバー1人は、{{heart_01.png|heart01}}を得る。", "自分のステージにいるこのメンバー以外のメンバー1人は、{{heart_01.png|heart01}}を得る", "{{live_start.png|ライブ開始時}}自分のライブ中のライブカードに、{{live_start.png|ライブ開始時}}能力も{{live_success.png|ライブ成功時}}能力も持たないカードがある場合、ライブ終了時まで、自分のステージにいるこのメンバー以外のメンバー1人は、{{icon_blade.png|ブレード}}{{icon_blade.png|ブレード}}を得る。", "自分のライブ中のライブカードに、{{live_start.png|ライブ開始時}}能力も{{live_success.png|ライブ成功時}}能力も持たないカードがある場合、ライブ終了時まで、自分のステージにいるこのメンバー以外のメンバー1人は、{{icon_blade.png|ブレード}}{{icon_blade.png|ブレード}}を得る。", "自分のライブ中のライブカードに、{{live_start.png|ライブ開始時}}能力も{{live_success.png|ライブ成功時}}能力も持たないカードがある場合、ライブ終了時まで、自分のステージにいるこのメンバー以外のメンバー1人は、{{icon_blade.png|ブレード}}{{icon_blade.png|ブレード}}を得る", "自分のライブ中のライブカードに、{{live_start.png|ライブ開始時}}能力も{{live_success.png|ライブ成功時}}能力も持たないカードがある場合", "{{live_start.png|ライブ開始時}}このメンバーをウェイトにしてもよい：ライブ終了時まで、自分のセンターエリアにいる『μ's』のメンバーは、{{icon_blade.png|ブレード}}を得る。", "このメンバーをウェイトにしてもよい：ライブ終了時まで、自分のセンターエリアにいる『μ's』のメンバーは、{{icon_blade.png|ブレード}}を得る。", "自分のセンターエリアにいる『μ's』のメンバーは、{{icon_blade.png|ブレード}}を得る", "{{jyouji.png|常時}}自分の成功ライブカード置き場にあるカードのスコアの合計が相手より高いかぎり、{{icon_blade.png|ブレード}}{{icon_blade.png|ブレード}}を得る。", "自分の成功ライブカード置き場にあるカードのスコアの合計が相手より高いかぎり、{{icon_blade.png|ブレード}}{{icon_blade.png|ブレード}}を得る。", "自分の成功ライブカード置き場にあるカードのスコアの合計が相手より高いかぎり", "{{jyouji.png|常時}}このカードが自分の成功ライブカード置き場にあり、かつ自分のステージに『μ's』のメンバーがいるかぎり、自分の成功ライブカード置き場にあるこのカードのスコアを＋５する。", "このカードが自分の成功ライブカード置き場にあり、かつ自分のステージに『μ's』のメンバーがいるかぎり、自分の成功ライブカード置き場にあるこのカードのスコアを＋５する。", "自分の成功ライブカード置き場にあるこのカードのスコアを+5する", "このカードが自分の成功ライブカード置き場にあり、", "自分のステージに『μ's』のメンバーがいるかぎり", "このカードが自分の成功ライブカード置き場にあり、かつ自分のステージに『μ's』のメンバーがいるかぎり", "{{live_start.png|ライブ開始時}}自分のステージにいるメンバーが『μ's』のみの場合、自分のステージにいるメンバー1人をポジションチェンジさせてもよい。", "自分のステージにいるメンバーが『μ's』のみの場合、自分のステージにいるメンバー1人をポジションチェンジさせてもよい。", "自分のステージにいるメンバーが『μ's』のみの場合、自分のステージにいるメンバー1人をポジションチェンジさせてもよい", "自分のステージにいるメンバーが『μ's』のみの場合", "{{jyouji.png|常時}}このカードが自分の成功ライブカード置き場にあるかぎり、自分のセンターエリアにいる『μ's』のメンバーは{{icon_blade.png|ブレード}}を得る。", "このカードが自分の成功ライブカード置き場にあるかぎり、自分のセンターエリアにいる『μ's』のメンバーは{{icon_blade.png|ブレード}}を得る。", "自分のセンターエリアにいる『μ's』のメンバーは{{icon_blade.png|ブレード}}を得る", "{{live_start.png|ライブ開始時}}自分の成功ライブカード置き場にあるカードのスコアの合計が６以上の場合、このカードを成功させるための必要ハートを{{heart_00.png|heart0}}減らす。スコアの合計が９以上の場合、さらにこのカードのスコアを＋１する。", "自分の成功ライブカード置き場にあるカードのスコアの合計が６以上の場合、このカードを成功させるための必要ハートを{{heart_00.png|heart0}}減らす。スコアの合計が９以上の場合、さらにこのカードのスコアを＋１する。", "自分の成功ライブカード置き場にあるカードのスコアの合計が6以上の場合、このカードを成功させるための必要ハートを{{heart_00.png|heart0}}減らす。スコアの合計が9以上の場合、さらにこのカードのスコアを+1する", "自分の成功ライブカード置き場にあるカードのスコアの合計が6以上の場合、このカードを成功させるための必要ハートを{{heart_00.png|heart0}}減らす", "スコアの合計が9以上の場合、このカードのスコアを+1する", "スコアの合計が9以上の場合", "{{live_success.png|ライブ成功時}}自分が余剰ハートに{{heart_01.png|heart01}}を1つ以上持つ場合、カードを1枚引く。", "自分が余剰ハートに{{heart_01.png|heart01}}を1つ以上持つ場合、カードを1枚引く。", "自分が余剰ハートに{{heart_01.png|heart01}}を1つ以上持つ場合、カードを1枚引く", "自分が余剰ハートに{{heart_01.png|heart01}}を1つ以上持つ場合", "{{live_start.png|ライブ開始時}}ライブ終了時まで、自分のステージにいる『μ's』のメンバー1人は、{{icon_blade.png|ブレード}}を得る。", "ライブ終了時まで、自分のステージにいる『μ's』のメンバー1人は、{{icon_blade.png|ブレード}}を得る。", "自分のステージにいる『μ's』のメンバー1人は、{{icon_blade.png|ブレード}}を得る", "{{jidou.png|自動}}{{turn1.png|ターン1回}}自分のメインフェイズの間、このメンバーがアクティブ状態からウェイト状態になったとき、カードを1枚引き、手札を1枚控え室に置く。", "自分のメインフェイズの間、このメンバーがアクティブ状態からウェイト状態になったとき、カードを1枚引き、手札を1枚控え室に置く。", "このメンバーがアクティブ状態からウェイト状態になったとき、カードを1枚引き、手札を1枚控え室に置く", "このメンバーがアクティブ状態からウェイト状態になったとき", "{{toujyou.png|登場}}自分の控え室にあるカード1枚をデッキの一番上に置いてもよい。", "自分の控え室にあるカード1枚をデッキの一番上に置いてもよい。", "自分の控え室にあるカード1枚をデッキの一番上に置いてもよい", "{{toujyou.png|登場}}『虹ヶ咲」のメンバー1人をウェイトにしてもよい：カードを1枚引き、手札を1枚控え室に置く。", "『虹ヶ咲」のメンバー1人をウェイトにしてもよい：カードを1枚引き、手札を1枚控え室に置く。", "『虹ヶ咲」のメンバー1人をウェイトにしてもよい", "{{live_start.png|ライブ開始時}}ライブ終了時まで、エールによって公開される自分のカードが持つ[桃ブレード]、[赤ブレード]、[黄ブレード]、[緑ブレード]、[紫ブレード]、{{icon_b_all.png|ALLブレード}}は、すべて[青ブレード]になる。", "ライブ終了時まで、エールによって公開される自分のカードが持つ[桃ブレード]、[赤ブレード]、[黄ブレード]、[緑ブレード]、[紫ブレード]、{{icon_b_all.png|ALLブレード}}は、すべて[青ブレード]になる。", "エールによって公開される自分のカードが持つ[桃ブレード]、[赤ブレード]、[黄ブレード]、[緑ブレード]、[紫ブレード]、{{icon_b_all.png|ALLブレード}}は、すべて[青ブレード]になる", "青ブレード", "{{live_success.png|ライブ成功時}}エールにより公開された自分の『虹ヶ咲』のメンバーカードが持つハートの中に{{heart_01.png|heart01}}、{{heart_02.png|heart02}}、{{heart_03.png|heart03}}、{{heart_04.png|heart04}}、{{heart_05.png|heart05}}、{{heart_06.png|heart06}}がある場合、このカードのスコアを＋１する。", "エールにより公開された自分の『虹ヶ咲』のメンバーカードが持つハートの中に{{heart_01.png|heart01}}、{{heart_02.png|heart02}}、{{heart_03.png|heart03}}、{{heart_04.png|heart04}}、{{heart_05.png|heart05}}、{{heart_06.png|heart06}}がある場合、このカードのスコアを＋１する。", "エールにより公開された自分の『虹ヶ咲』のメンバーカードが持つハートの中に{{heart_01.png|heart01}}、{{heart_02.png|heart02}}、{{heart_03.png|heart03}}、{{heart_04.png|heart04}}、{{heart_05.png|heart05}}、{{heart_06.png|heart06}}がある場合、このカードのスコアを+1する", "エールにより公開された自分の『虹ヶ咲』のメンバーカードが持つハートの中に{{heart_01.png|heart01}}、{{heart_02.png|heart02}}、{{heart_03.png|heart03}}、{{heart_04.png|heart04}}、{{heart_05.png|heart05}}、{{heart_06.png|heart06}}がある場合", "{{jidou.png|自動}}自分のメインフェイズにこのカードが控え室から手札に加えられたとき、自分の手札からカード名が「DIVE!」のライブカード1枚を表向きでライブカード置き場に置いてもよい。そうした場合、次のライブカードセットフェイズで自分がライブカード置き場に置けるカード枚数の上限が1枚減る。", "自分のメインフェイズにこのカードが控え室から手札に加えられたとき、自分の手札からカード名が「DIVE!」のライブカード1枚を表向きでライブカード置き場に置いてもよい。そうした場合、次のライブカードセットフェイズで自分がライブカード置き場に置けるカード枚数の上限が1枚減る。", "このカードが控え室から手札に加えられたとき、自分の手札からカード名が「DIVE!」のライブカード1枚を表向きでライブカード置き場に置いてもよい。そうした場合、次のライブカードセットフェイズで自分がライブカード置き場に置けるカード枚数の上限が1枚減る", "自分の手札からカード名が「DIVE!」のライブカード1枚を表向きでライブカード置き場に置いてもよい。", "自分のメインフェイズに", "このカードが控え室から手札に加えられたとき", "{{jidou.png|自動}}このカードが表向きでライブカード置き場に置かれたとき、ライブ終了時まで、自分のステージにいる『虹ヶ咲』のメンバー1人は、{{icon_blade.png|ブレード}}{{icon_blade.png|ブレード}}を得る。", "このカードが表向きでライブカード置き場に置かれたとき、ライブ終了時まで、自分のステージにいる『虹ヶ咲』のメンバー1人は、{{icon_blade.png|ブレード}}{{icon_blade.png|ブレード}}を得る。", "このカードが表向きでライブカード置き場に置かれたとき、ライブ終了時まで、自分のステージにいる『虹ヶ咲』のメンバー1人は、{{icon_blade.png|ブレード}}{{icon_blade.png|ブレード}}を得る", "このカードが表向きでライブカード置き場に置かれたとき", "{{live_start.png|ライブ開始時}}自分の成功ライブカード置き場にあるカード名が「EMOTION」のカード1枚につき、このカードのスコアを＋２し、成功させるための必要ハートを{{heart_00.png|heart0}}{{heart_00.png|heart0}}{{heart_00.png|heart0}}増やす。", "自分の成功ライブカード置き場にあるカード名が「EMOTION」のカード1枚につき、このカードのスコアを＋２し、成功させるための必要ハートを{{heart_00.png|heart0}}{{heart_00.png|heart0}}{{heart_00.png|heart0}}増やす。", "自分の成功ライブカード置き場にあるカード名が「EMOTION」のカード1枚につき、このカードのスコアを+2し、成功させるための必要ハートを{{heart_00.png|heart0}}{{heart_00.png|heart0}}{{heart_00.png|heart0}}増やす", "成功させるための必要ハートを{{heart_00.png|heart0}}{{heart_00.png|heart0}}{{heart_00.png|heart0}}増やす", "{{live_start.png|ライブ開始時}}自分の控え室にカード名の異なる『虹ヶ咲』のライブカードが4枚以上ある場合、このカードのスコアを＋１する。6枚以上ある場合、代わりにスコアを＋２する。", "自分の控え室にカード名の異なる『虹ヶ咲』のライブカードが4枚以上ある場合、このカードのスコアを＋１する。6枚以上ある場合、代わりにスコアを＋２する。", "自分の控え室にカード名の異なる『虹ヶ咲』のライブカードが4枚以上ある場合、このカードのスコアを+1する。6枚以上ある場合、代わりにスコアを+2する", "自分の控え室にカード名の異なる『虹ヶ咲』のライブカードが4枚以上ある場合", "6枚以上ある場合", "{{live_start.png|ライブ開始時}}このゲームの1ターン目のライブフェイズの場合、このカードのスコアを＋１し、ライブ終了時まで、自分のステージにいる『虹ヶ咲』のメンバー1人は、{{icon_blade.png|ブレード}}を得る。", "このゲームの1ターン目のライブフェイズの場合、このカードのスコアを＋１し、ライブ終了時まで、自分のステージにいる『虹ヶ咲』のメンバー1人は、{{icon_blade.png|ブレード}}を得る。", "このカードのスコアを+1し、ライブ終了時まで、自分のステージにいる『虹ヶ咲』のメンバー1人は、{{icon_blade.png|ブレード}}を得る", "このゲームの1ターン目のライブフェイズの場合", "{{live_success.png|ライブ成功時}}以下から1つを選ぶ。自分の成功ライブカード置き場に『虹ヶ咲』のカードがある場合、代わりに1つ以上を選ぶ。\n・自分のエネルギーデッキから、エネルギーカードを1枚ウェイト状態で置く。\n・自分の控え室からメンバーカードを1枚手札に加える。", "以下から1つを選ぶ。自分の成功ライブカード置き場に『虹ヶ咲』のカードがある場合、代わりに1つ以上を選ぶ。\n・自分のエネルギーデッキから、エネルギーカードを1枚ウェイト状態で置く。\n・自分の控え室からメンバーカードを1枚手札に加える。", "以下から1つを選ぶ。自分の成功ライブカード置き場に『虹ヶ咲』のカードがある場合、代わりに1つ以上を選ぶ。\n・自分のエネルギーデッキから、エネルギーカードを1枚ウェイト状態で置く。\n・自分の控え室からメンバーカードを1枚手札に加える", "。自分の成功ライブカード置き場に『虹ヶ咲』のカードがある場合", "{{live_start.png|ライブ開始時}}自分のステージのエリアすべてに『虹ヶ咲』のメンバーがいて、かつそれらのコストの合計が20以上の場合、カードを3枚引き、自分の手札を3枚好きな順番でデッキの上に置く。", "自分のステージのエリアすべてに『虹ヶ咲』のメンバーがいて、かつそれらのコストの合計が20以上の場合、カードを3枚引き、自分の手札を3枚好きな順番でデッキの上に置く。", "自分のステージのエリアすべてに『虹ヶ咲』のメンバーがいて、かつそれらのコストの合計が20以上の場合、カードを3枚引き、自分の手札を3枚好きな順番でデッキの上に置く", "自分のステージのエリアすべてに『虹ヶ咲』のメンバーがいて、", "それらのコストの合計が20以上の場合", "自分のステージのエリアすべてに『虹ヶ咲』のメンバーがいて、かつそれらのコストの合計が20以上の場合", "自分の手札を3枚好きな順番でデッキの上に置く", "{{live_start.png|ライブ開始時}}{{icon_energy.png|E}}支払ってもよい：ライブ終了時まで、{{heart_02.png|heart02}}を得る。", "{{icon_energy.png|E}}支払ってもよい：ライブ終了時まで、{{heart_02.png|heart02}}を得る。", "{{jidou.png|自動}}カードの効果によって自分のエネルギー置き場にエネルギーカードが置かれるたび、ライブ終了時まで、{{heart_06.png|heart06}}を得る。(相手のカードの効果でも発動する。)", "カードの効果によって自分のエネルギー置き場にエネルギーカードが置かれるたび、ライブ終了時まで、{{heart_06.png|heart06}}を得る。(相手のカードの効果でも発動する。)", "カードの効果によって自分のエネルギー置き場にエネルギーカードが置かれるたび、ライブ終了時まで、{{heart_06.png|heart06}}を得る", "カードの効果によって自分のエネルギー置き場にエネルギーカードが置かれる", "相手のカードの効果でも発動する。", "{{live_start.png|ライブ開始時}}{{leftside.png|左サイド}}このターン、このメンバーがエリアを移動している場合、ライブ終了時まで、{{icon_blade.png|ブレード}}{{icon_blade.png|ブレード}}を得る。（この能力は左サイドエリアにいる場合のみ発動する。）", "{{leftside.png|左サイド}}このターン、このメンバーがエリアを移動している場合、ライブ終了時まで、{{icon_blade.png|ブレード}}{{icon_blade.png|ブレード}}を得る。（この能力は左サイドエリアにいる場合のみ発動する。）", "{{leftside.png|左サイド}}このターン、このメンバーがエリアを移動している場合", "{{kidou.png|起動}}このメンバーをステージから控え室に置く：自分の控え室から『Liella!』のカードを1枚手札に加える。", "このメンバーをステージから控え室に置く：自分の控え室から『Liella!』のカードを1枚手札に加える。", "{{live_start.png|ライブ開始時}}{{rightside.png|右サイド}}このターン、このメンバーがエリアを移動している場合、ライブ終了時まで、{{icon_blade.png|ブレード}}{{icon_blade.png|ブレード}}を得る。（この能力は右サイドエリアにいる場合のみ発動する。）", "{{rightside.png|右サイド}}このターン、このメンバーがエリアを移動している場合、ライブ終了時まで、{{icon_blade.png|ブレード}}{{icon_blade.png|ブレード}}を得る。（この能力は右サイドエリアにいる場合のみ発動する。）", "{{rightside.png|右サイド}}このターン、このメンバーがエリアを移動している場合", "{{live_start.png|ライブ開始時}}{{icon_energy.png|E}}を2つまで支払ってもよい：ライブ終了時まで、支払った{{icon_energy.png|E}}につき、{{icon_blade.png|ブレード}}を得る。", "{{icon_energy.png|E}}を2つまで支払ってもよい：ライブ終了時まで、支払った{{icon_energy.png|E}}につき、{{icon_blade.png|ブレード}}を得る。", "{{icon_energy.png|E}}を2つまで支払ってもよい", "支払った{{icon_energy.png|E}}につき、{{icon_blade.png|ブレード}}を得る", "{{toujyou.png|登場}}/{{live_start.png|ライブ開始時}}自分のデッキの上からカードを5枚見る。その中から「絢瀬絵里」か「朝香果林」か「葉月恋」のメンバーカードを1枚公開して手札に加えてもよい。残りを控え室に置く。その後、相手のステージにいる、これにより公開したカードのコスト以下で、かつ元々持つ{{icon_blade.png|ブレード}}の数が3つ以下のメンバーをすべてウェイトにする。", "自分のデッキの上からカードを5枚見る。その中から「絢瀬絵里」か「朝香果林」か「葉月恋」のメンバーカードを1枚公開して手札に加えてもよい。残りを控え室に置く。その後、相手のステージにいる、これにより公開したカードのコスト以下で、かつ元々持つ{{icon_blade.png|ブレード}}の数が3つ以下のメンバーをすべてウェイトにする。", "絢瀬絵里", "相手のステージにいる、これにより公開したカードのコスト以下で、かつ元々持つ{{icon_blade.png|ブレード}}の数が3つ以下のメンバーをすべてウェイトにする", "cost_from_revealed", "{{live_start.png|ライブ開始時}}{{heart_03.png|heart03}}か{{heart_04.png|heart04}}か{{heart_05.png|heart05}}のうち1つを選ぶ。ライブ終了時まで、このメンバーが元々持つハートは選んだハートになる。", "{{heart_03.png|heart03}}か{{heart_04.png|heart04}}か{{heart_05.png|heart05}}のうち1つを選ぶ。ライブ終了時まで、このメンバーが元々持つハートは選んだハートになる。", "{{heart_03.png|heart03}}か{{heart_04.png|heart04}}か{{heart_05.png|heart05}}のうち1つを選ぶ。ライブ終了時まで、このメンバーが元々持つハートは選んだハートになる", "{{heart_03.png|heart03}}か{{heart_04.png|heart04}}か{{heart_05.png|heart05}}のうち1つを選ぶ", "{{live_start.png|ライブ開始時}}{{heart_01.png|heart01}}か{{heart_02.png|heart02}}か{{heart_06.png|heart06}}のうち1つを選ぶ。ライブ終了時まで、このメンバーが元々持つハートは選んだハートになる。", "{{heart_01.png|heart01}}か{{heart_02.png|heart02}}か{{heart_06.png|heart06}}のうち1つを選ぶ。ライブ終了時まで、このメンバーが元々持つハートは選んだハートになる。", "{{heart_01.png|heart01}}か{{heart_02.png|heart02}}か{{heart_06.png|heart06}}のうち1つを選ぶ。ライブ終了時まで、このメンバーが元々持つハートは選んだハートになる", "{{heart_01.png|heart01}}か{{heart_02.png|heart02}}か{{heart_06.png|heart06}}のうち1つを選ぶ", "{{live_start.png|ライブ開始時}}このターン、自分の『虹ヶ咲』のカードの効果によってウェイト状態の自分のエネルギーをアクティブにしていた場合、このカードのスコアを＋１する。さらに、自分の『虹ヶ咲』のカードの効果によって自分のステージにいるウェイト状態のメンバーもアクティブにしていた場合、代わりにスコアを＋２する。", "このターン、自分の『虹ヶ咲』のカードの効果によってウェイト状態の自分のエネルギーをアクティブにしていた場合、このカードのスコアを＋１する。さらに、自分の『虹ヶ咲』のカードの効果によって自分のステージにいるウェイト状態のメンバーもアクティブにしていた場合、代わりにスコアを＋２する。", "このターン、自分の『虹ヶ咲』のカードの効果によってウェイト状態の自分のエネルギーをアクティブにしていた場合、このカードのスコアを+1する。さらに、自分の『虹ヶ咲』のカードの効果によって自分のステージにいるウェイト状態のメンバーもアクティブにしていた場合、代わりにスコアを+2する", "このターン、自分の『虹ヶ咲』のカードの効果によってウェイト状態の自分のエネルギーをアクティブにしていた場合", "このカードのスコアを+1する。さらに、自分の『虹ヶ咲』のカードの効果によって自分のステージにいるウェイト状態のメンバーもアクティブにしていた場合、", "{{live_start.png|ライブ開始時}}自分の成功ライブカード置き場かライブ中のライブカードの中に、必要ハートに含まれる{{heart_01.png|heart01}}が4の『虹ヶ咲』のライブカードがある場合、このカードのスコアを＋１する。", "自分の成功ライブカード置き場かライブ中のライブカードの中に、必要ハートに含まれる{{heart_01.png|heart01}}が4の『虹ヶ咲』のライブカードがある場合、このカードのスコアを＋１する。", "自分の成功ライブカード置き場かライブ中のライブカードの中に、必要ハートに含まれる{{heart_01.png|heart01}}が4の『虹ヶ咲』のライブカードがある場合、このカードのスコアを+1する", "自分の成功ライブカード置き場かライブ中のライブカードの中に、必要ハートに含まれる{{heart_01.png|heart01}}が4の『虹ヶ咲』のライブカードがある場合", "{{live_start.png|ライブ開始時}}自分の成功ライブカード置き場かライブ中のライブカードの中に、必要ハートに含まれる{{heart_01.png|heart01}}が3の『虹ヶ咲』のライブカードがある場合、ライブ終了時まで、自分のステージにいる{{heart_06.png|heart06}}を持つ『虹ヶ咲』のメンバー1人は{{heart_06.png|heart06}}{{heart_06.png|heart06}}{{heart_06.png|heart06}}{{heart_06.png|heart06}}を得る。", "自分の成功ライブカード置き場かライブ中のライブカードの中に、必要ハートに含まれる{{heart_01.png|heart01}}が3の『虹ヶ咲』のライブカードがある場合、ライブ終了時まで、自分のステージにいる{{heart_06.png|heart06}}を持つ『虹ヶ咲』のメンバー1人は{{heart_06.png|heart06}}{{heart_06.png|heart06}}{{heart_06.png|heart06}}{{heart_06.png|heart06}}を得る。", "自分の成功ライブカード置き場かライブ中のライブカードの中に、必要ハートに含まれる{{heart_01.png|heart01}}が3の『虹ヶ咲』のライブカードがある場合、ライブ終了時まで、自分のステージにいる{{heart_06.png|heart06}}を持つ『虹ヶ咲』のメンバー1人は{{heart_06.png|heart06}}{{heart_06.png|heart06}}{{heart_06.png|heart06}}{{heart_06.png|heart06}}を得る", "自分の成功ライブカード置き場かライブ中のライブカードの中に、必要ハートに含まれる{{heart_01.png|heart01}}が3の『虹ヶ咲』のライブカードがある場合", "{{live_start.png|ライブ開始時}}自分のステージに同じ名前の『虹ヶ咲』のメンバーが2人以上いる場合、このカードを成功させるための必要ハートを{{heart_00.png|heart0}}{{heart_00.png|heart0}}{{heart_00.png|heart0}}減らす。", "自分のステージに同じ名前の『虹ヶ咲』のメンバーが2人以上いる場合、このカードを成功させるための必要ハートを{{heart_00.png|heart0}}{{heart_00.png|heart0}}{{heart_00.png|heart0}}減らす。", "自分のステージに同じ名前の『虹ヶ咲』のメンバーが2人以上いる場合、このカードを成功させるための必要ハートを{{heart_00.png|heart0}}{{heart_00.png|heart0}}{{heart_00.png|heart0}}減らす", "自分のステージに同じ名前の『虹ヶ咲』のメンバーが2人以上いる場合", "{{live_start.png|ライブ開始時}}手札を1枚控え室に置いてもよい：自分のデッキの上からカードを3枚控え室に置く。その後、自分の控え室から『A-RISE』のメンバーカードを1枚手札に加える。", "手札を1枚控え室に置いてもよい：自分のデッキの上からカードを3枚控え室に置く。その後、自分の控え室から『A-RISE』のメンバーカードを1枚手札に加える。", "自分のデッキの上からカードを3枚控え室に置く。その後、自分の控え室から『A-RISE』のメンバーカードを1枚手札に加える", "自分の控え室から『A-RISE』のメンバーカードを1枚手札に加える", "{{live_start.png|ライブ開始時}}{{heart_04.png|heart04}}か{{heart_05.png|heart05}}か{{heart_06.png|heart06}}のうち、1つを選ぶ。ライブ終了時まで、自分の成功ライブカード置き場にあるカード1枚につき、選んだハートを1つ得る。", "{{heart_04.png|heart04}}か{{heart_05.png|heart05}}か{{heart_06.png|heart06}}のうち、1つを選ぶ。ライブ終了時まで、自分の成功ライブカード置き場にあるカード1枚につき、選んだハートを1つ得る。", "{{heart_04.png|heart04}}か{{heart_05.png|heart05}}か{{heart_06.png|heart06}}のうち、1つを選ぶ。ライブ終了時まで、自分の成功ライブカード置き場にあるカード1枚につき、選んだハートを1つ得る", "{{heart_04.png|heart04}}か{{heart_05.png|heart05}}か{{heart_06.png|heart06}}のうち、1つを選ぶ", "{{toujyou.png|登場}}相手のステージにいるコスト4以下のメンバー1人をウェイトにする。", "{{toujyou.png|登場}}手札を1枚控え室に置いてもよい：自分のデッキの上からカードを4枚見る。その中からハートに{{heart_05.png|heart05}}か{{heart_06.png|heart06}}を持つメンバーカードを1枚公開して手札に加えてもよい。残りを控え室に置く。", "手札を1枚控え室に置いてもよい：自分のデッキの上からカードを4枚見る。その中からハートに{{heart_05.png|heart05}}か{{heart_06.png|heart06}}を持つメンバーカードを1枚公開して手札に加えてもよい。残りを控え室に置く。", "{{live_start.png|ライブ開始時}}自分のセンターエリアに『μ's』のメンバーがいる場合、そのメンバーが持つ{{heart_03.png|heart03}}2つにつき、このカードの必要ハートを{{heart_00.png|heart0}}減らす。この能力では{{heart_00.png|heart0}}は3つまでしか減らない。", "自分のセンターエリアに『μ's』のメンバーがいる場合、そのメンバーが持つ{{heart_03.png|heart03}}2つにつき、このカードの必要ハートを{{heart_00.png|heart0}}減らす。この能力では{{heart_00.png|heart0}}は3つまでしか減らない。", "自分のセンターエリアに『μ's』のメンバーがいる場合、そのメンバーが持つ{{heart_03.png|heart03}}2つにつき、このカードの必要ハートを{{heart_00.png|heart0}}減らす。この能力では{{heart_00.png|heart0}}は3つまでしか減らない", "自分のセンターエリアに『μ's』のメンバーがいる場合", "{{live_start.png|ライブ開始時}}自分のステージにメンバーが1人以上いる場合、自分と相手はカードを1枚引き、手札を1枚控え室に置く。2人以上いる場合、さらに自分のステージにいる『μ's』のメンバー1人は、ライブ終了時まで、{{heart_03.png|heart03}}を得る。3人以上おり、かつそれぞれ名前が異なる場合、さらにこのカードのスコアを＋１する。", "自分のステージにメンバーが1人以上いる場合、自分と相手はカードを1枚引き、手札を1枚控え室に置く。2人以上いる場合、さらに自分のステージにいる『μ's』のメンバー1人は、ライブ終了時まで、{{heart_03.png|heart03}}を得る。3人以上おり、かつそれぞれ名前が異なる場合、さらにこのカードのスコアを＋１する。", "自分のステージにメンバーが1人以上いる場合、自分と相手はカードを1枚引き、手札を1枚控え室に置く。2人以上いる場合、さらに自分のステージにいる『μ's』のメンバー1人は、ライブ終了時まで、{{heart_03.png|heart03}}を得る。3人以上おり、かつそれぞれ名前が異なる場合、さらにこのカードのスコアを+1する", "自分のステージにメンバーが1人以上いる場合、自分と相手はカードを1枚引き、手札を1枚控え室に置く", "自分のステージにメンバーが1人以上いる場合", "自分と相手はカードを1枚引き", "2人以上いる場合、自分のステージにいる『μ's』のメンバー1人は、ライブ終了時まで、{{heart_03.png|heart03}}を得る", "3人以上おり、かつそれぞれ名前が異なる場合、このカードのスコアを+1する", "3人以上おり、", "それぞれ名前が異なる場合", "3人以上おり、かつそれぞれ名前が異なる場合", "{{live_start.png|ライブ開始時}}自分の成功ライブカード置き場にあるカード1枚につき、このカードのスコアを＋２し、必要ハートを{{heart_01.png|heart01}}{{heart_03.png|heart03}}{{heart_06.png|heart06}}{{heart_00.png|heart0}}増やす。", "自分の成功ライブカード置き場にあるカード1枚につき、このカードのスコアを＋２し、必要ハートを{{heart_01.png|heart01}}{{heart_03.png|heart03}}{{heart_06.png|heart06}}{{heart_00.png|heart0}}増やす。", "自分の成功ライブカード置き場にあるカード1枚につき、このカードのスコアを+2し、必要ハートを{{heart_01.png|heart01}}{{heart_03.png|heart03}}{{heart_06.png|heart06}}{{heart_00.png|heart0}}増やす", "必要ハートを{{heart_01.png|heart01}}{{heart_03.png|heart03}}{{heart_06.png|heart06}}{{heart_00.png|heart0}}増やす", "{{live_start.png|ライブ開始時}}自分のステージにいる{{heart_01.png|heart01}}と{{heart_06.png|heart06}}以外の色のハートを持つメンバー1人につき、このカードの必要ハートを{{heart_00.png|heart0}}減らす。", "自分のステージにいる{{heart_01.png|heart01}}と{{heart_06.png|heart06}}以外の色のハートを持つメンバー1人につき、このカードの必要ハートを{{heart_00.png|heart0}}減らす。", "自分のステージにいる{{heart_01.png|heart01}}と{{heart_06.png|heart06}}以外の色のハートを持つメンバー1人につき、このカードの必要ハートを{{heart_00.png|heart0}}減らす", "exclude_heart_colors", "{{toujyou.png|登場}}自分のステージにいるメンバーが持つハートに{{heart_02.png|heart02}}が合計5つ以上ある場合、相手のライブ開始時、相手のライブカード置き場にあるライブカード1枚は、成功させるための必要ハートが{{heart_00.png|heart0}}多くなる。", "自分のステージにいるメンバーが持つハートに{{heart_02.png|heart02}}が合計5つ以上ある場合、相手のライブ開始時、相手のライブカード置き場にあるライブカード1枚は、成功させるための必要ハートが{{heart_00.png|heart0}}多くなる。", "自分のステージにいるメンバーが持つハートに{{heart_02.png|heart02}}が合計5つ以上ある場合、相手のライブ開始時、相手のライブカード置き場にあるライブカード1枚は、成功させるための必要ハートが{{heart_00.png|heart0}}多くなる", "自分のステージにいるメンバーが持つハートに{{heart_02.png|heart02}}が合計5つ以上ある場合", "{{toujyou.png|登場}}自分のステージにいるメンバーが持つハートに{{heart_05.png|heart05}}が合計5つ以上ある場合、相手のライブ開始時、相手のライブカード置き場にあるライブカード1枚は、成功させるための必要ハートが{{heart_00.png|heart0}}多くなる。", "自分のステージにいるメンバーが持つハートに{{heart_05.png|heart05}}が合計5つ以上ある場合、相手のライブ開始時、相手のライブカード置き場にあるライブカード1枚は、成功させるための必要ハートが{{heart_00.png|heart0}}多くなる。", "自分のステージにいるメンバーが持つハートに{{heart_05.png|heart05}}が合計5つ以上ある場合、相手のライブ開始時、相手のライブカード置き場にあるライブカード1枚は、成功させるための必要ハートが{{heart_00.png|heart0}}多くなる", "自分のステージにいるメンバーが持つハートに{{heart_05.png|heart05}}が合計5つ以上ある場合", "{{live_start.png|ライブ開始時}}自分のライブカード置き場にあるカードの必要ハートに含まれる{{heart_04.png|heart04}}の合計が4以上の場合、ライブ終了時まで、{{heart_04.png|heart04}}を得る。", "自分のライブカード置き場にあるカードの必要ハートに含まれる{{heart_04.png|heart04}}の合計が4以上の場合、ライブ終了時まで、{{heart_04.png|heart04}}を得る。", "自分のライブカード置き場にあるカードの必要ハートに含まれる{{heart_04.png|heart04}}の合計が4以上の場合、ライブ終了時まで、{{heart_04.png|heart04}}を得る", "自分のライブカード置き場にあるカードの必要ハートに含まれる{{heart_04.png|heart04}}の合計が4以上の場合", "{{toujyou.png|登場}}自分のデッキの上からカードを10枚控え室に置く。", "自分のデッキの上からカードを10枚控え室に置く。", "{{live_start.png|ライブ開始時}}相手のステージにいるすべてのメンバーのそれぞれのコストよりコストが高いメンバーが自分のステージにいる場合、ライブ終了時まで、{{icon_blade.png|ブレード}}{{icon_blade.png|ブレード}}を得る。", "相手のステージにいるすべてのメンバーのそれぞれのコストよりコストが高いメンバーが自分のステージにいる場合、ライブ終了時まで、{{icon_blade.png|ブレード}}{{icon_blade.png|ブレード}}を得る。", "相手のステージにいるすべてのメンバーのそれぞれのコストよりコストが高いメンバーが自分のステージにいる場合、ライブ終了時まで、{{icon_blade.png|ブレード}}{{icon_blade.png|ブレード}}を得る", "comparison_source", "ステージ", "相手のステージにいるすべてのメンバーのそれぞれのコストよりコストが高いメンバーが自分のステージにいる場合", "{{live_start.png|ライブ開始時}}自分のライブカード置き場にあるカードの必要ハートに含まれる{{heart_05.png|heart05}}の合計が4以上の場合、ライブ終了時まで、{{heart_05.png|heart05}}を得る。", "自分のライブカード置き場にあるカードの必要ハートに含まれる{{heart_05.png|heart05}}の合計が4以上の場合、ライブ終了時まで、{{heart_05.png|heart05}}を得る。", "自分のライブカード置き場にあるカードの必要ハートに含まれる{{heart_05.png|heart05}}の合計が4以上の場合、ライブ終了時まで、{{heart_05.png|heart05}}を得る", "自分のライブカード置き場にあるカードの必要ハートに含まれる{{heart_05.png|heart05}}の合計が4以上の場合", "{{live_success.png|ライブ成功時}}自分か相手の成功ライブカード置き場にカードが2枚以上ある場合、エールにより公開された自分のカードの中から、メンバーカードを2枚まで手札に加える。", "自分か相手の成功ライブカード置き場にカードが2枚以上ある場合、エールにより公開された自分のカードの中から、メンバーカードを2枚まで手札に加える。", "自分か相手の成功ライブカード置き場にカードが2枚以上ある場合、エールにより公開された自分のカードの中から、メンバーカードを2枚まで手札に加える", "自分か相手の成功ライブカード置き場にカードが2枚以上ある場合", "{{live_success.png|ライブ成功時}}自分が余剰ハートを3つ以上持っている場合、それらをすべて失い、このカードのスコアを＋１する。", "自分が余剰ハートを3つ以上持っている場合、それらをすべて失い、このカードのスコアを＋１する。", "自分が余剰ハートを3つ以上持っている場合、それらをすべて失い、このカードのスコアを+1する", "自分が余剰ハートを3つ以上持っている場合", "それらをすべて失い", "{{live_start.png|ライブ開始時}}自分のステージにエネルギーカードが下にあるメンバーがいる場合、ライブ終了時まで、{{heart_01.png|heart01}}を得る。", "自分のステージにエネルギーカードが下にあるメンバーがいる場合、ライブ終了時まで、{{heart_01.png|heart01}}を得る。", "自分のステージにエネルギーカードが下にあるメンバーがいる場合、ライブ終了時まで、{{heart_01.png|heart01}}を得る", "自分のステージにエネルギーカードが下にあるメンバーがいる場合", "{{live_start.png|ライブ開始時}}自分のステージにいるメンバーが持つハートの中に{{heart_01.png|heart01}}、{{heart_02.png|heart02}}、{{heart_03.png|heart03}}、{{heart_04.png|heart04}}、{{heart_05.png|heart05}}、{{heart_06.png|heart06}}がすべてある場合、ライブ終了時まで、{{icon_blade.png|ブレード}}{{icon_blade.png|ブレード}}を得る。", "自分のステージにいるメンバーが持つハートの中に{{heart_01.png|heart01}}、{{heart_02.png|heart02}}、{{heart_03.png|heart03}}、{{heart_04.png|heart04}}、{{heart_05.png|heart05}}、{{heart_06.png|heart06}}がすべてある場合、ライブ終了時まで、{{icon_blade.png|ブレード}}{{icon_blade.png|ブレード}}を得る。", "自分のステージにいるメンバーが持つハートの中に{{heart_01.png|heart01}}、{{heart_02.png|heart02}}、{{heart_03.png|heart03}}、{{heart_04.png|heart04}}、{{heart_05.png|heart05}}、{{heart_06.png|heart06}}がすべてある場合、ライブ終了時まで、{{icon_blade.png|ブレード}}{{icon_blade.png|ブレード}}を得る", "{{toujyou.png|登場}}自分のデッキの上からカードを2枚控え室に置く。その後、自分の控え室からライブカード1枚を自分のデッキの一番上から4枚目に置いてもよい。", "自分のデッキの上からカードを2枚控え室に置く。その後、自分の控え室からライブカード1枚を自分のデッキの一番上から4枚目に置いてもよい。", "自分のデッキの上からカードを2枚控え室に置く。その後、自分の控え室からライブカード1枚を自分のデッキの一番上から4枚目に置いてもよい", "自分の控え室からライブカード1枚を自分のデッキの一番上から4枚目に置いてもよい", "4", "{{live_start.png|ライブ開始時}}自分のステージにいるメンバーが持つハートの中に{{heart_01.png|heart01}}、{{heart_02.png|heart02}}、{{heart_03.png|heart03}}、{{heart_04.png|heart04}}、{{heart_05.png|heart05}}、{{heart_06.png|heart06}}がすべてある場合、このカードのスコアを＋１する。", "自分のステージにいるメンバーが持つハートの中に{{heart_01.png|heart01}}、{{heart_02.png|heart02}}、{{heart_03.png|heart03}}、{{heart_04.png|heart04}}、{{heart_05.png|heart05}}、{{heart_06.png|heart06}}がすべてある場合、このカードのスコアを＋１する。", "自分のステージにいるメンバーが持つハートの中に{{heart_01.png|heart01}}、{{heart_02.png|heart02}}、{{heart_03.png|heart03}}、{{heart_04.png|heart04}}、{{heart_05.png|heart05}}、{{heart_06.png|heart06}}がすべてある場合、このカードのスコアを+1する", "{{live_success.png|ライブ成功時}}このカードのスコアが３の場合、自分の控え室にある『虹ヶ咲』のカードを1枚手札に加える。", "このカードのスコアが３の場合、自分の控え室にある『虹ヶ咲』のカードを1枚手札に加える。", "このカードのスコアが3の場合、自分の控え室にある『虹ヶ咲』のカードを1枚手札に加える", "このカードのスコアが3の場合", "{{live_start.png|ライブ開始時}}自分か相手の成功ライブカード置き場にカードが2枚以上あり、かつ自分のステージに名前の異なるメンバーが3人以上いる場合、このカードのスコアを＋１する。", "自分か相手の成功ライブカード置き場にカードが2枚以上あり、かつ自分のステージに名前の異なるメンバーが3人以上いる場合、このカードのスコアを＋１する。", "自分か相手の成功ライブカード置き場にカードが2枚以上あり、かつ自分のステージに名前の異なるメンバーが3人以上いる場合、このカードのスコアを+1する", "自分のステージに名前の異なるメンバーが3人以上いる場合", "自分か相手の成功ライブカード置き場にカードが2枚以上あり、かつ自分のステージに名前の異なるメンバーが3人以上いる場合", "{{live_start.png|ライブ開始時}}自分のステージに{{heart_02.png|heart02}}を4つ以上持つメンバーがいる場合、このカードのスコアを＋２し、必要ハートは{{heart_02.png|heart02}}{{heart_02.png|heart02}}{{heart_02.png|heart02}}{{heart_02.png|heart02}}{{heart_02.png|heart02}}になる。", "自分のステージに{{heart_02.png|heart02}}を4つ以上持つメンバーがいる場合、このカードのスコアを＋２し、必要ハートは{{heart_02.png|heart02}}{{heart_02.png|heart02}}{{heart_02.png|heart02}}{{heart_02.png|heart02}}{{heart_02.png|heart02}}になる。", "自分のステージに{{heart_02.png|heart02}}を4つ以上持つメンバーがいる場合、このカードのスコアを+2し、必要ハートは{{heart_02.png|heart02}}{{heart_02.png|heart02}}{{heart_02.png|heart02}}{{heart_02.png|heart02}}{{heart_02.png|heart02}}になる", "自分のステージに{{heart_02.png|heart02}}を4つ以上持つメンバーがいる場合", "必要ハートは{{heart_02.png|heart02}}{{heart_02.png|heart02}}{{heart_02.png|heart02}}{{heart_02.png|heart02}}{{heart_02.png|heart02}}になる", "{{live_start.png|ライブ開始時}}自分のステージに「中須かすみ」がいる場合、自分のデッキの上からカードを4枚公開する。自分はそれらの中から「中須かすみ」のカードを1枚選ぶ。ライブ終了時まで、自分のステージにいる「中須かすみ」1人は、これにより選んだカードが持つ色のハートを1つずつ得る。公開したカードをすべて控え室に置く。", "自分のステージに「中須かすみ」がいる場合、自分のデッキの上からカードを4枚公開する。自分はそれらの中から「中須かすみ」のカードを1枚選ぶ。ライブ終了時まで、自分のステージにいる「中須かすみ」1人は、これにより選んだカードが持つ色のハートを1つずつ得る。公開したカードをすべて控え室に置く。", "自分のステージに「中須かすみ」がいる場合、自分のデッキの上からカードを4枚公開する。自分はそれらの中から「中須かすみ」のカードを1枚選ぶ。ライブ終了時まで、自分のステージにいる「中須かすみ」1人は、これにより選んだカードが持つ色のハートを1つずつ得る。公開したカードをすべて控え室に置く", "自分のステージに「中須かすみ」がいる場合", "自分のデッキの上からカードを4枚公開する", "自分はそれらの中から「中須かすみ」のカードを1枚選ぶ", "自分のステージにいる「中須かすみ」1人は、これにより選んだカードが持つ色のハートを1つずつ得る", "heart_colors_from_selected_card", "公開したカードをすべて控え室に置く", "{{jidou.png|自動}}自分のステージにいるメンバーの{{live_start.png|ライブ開始時}}能力が解決するたび、そのメンバーが{{icon_all.png|ハート}}を持たない場合、ライブ終了時まで、そのメンバーは{{icon_all.png|ハート}}を得る。", "自分のステージにいるメンバーの{{live_start.png|ライブ開始時}}能力が解決するたび、そのメンバーが{{icon_all.png|ハート}}を持たない場合、ライブ終了時まで、そのメンバーは{{icon_all.png|ハート}}を得る。", "自分のステージにいるメンバーの{{live_start.png|ライブ開始時}}能力が解決するたび、そのメンバーが{{icon_all.png|ハート}}を持たない場合、ライブ終了時まで、そのメンバーは{{icon_all.png|ハート}}を得る", "そのメンバーが{{icon_all.png|ハート}}を持たない場合", "自分のステージにいるメンバーの{{live_start.png|ライブ開始時}}能力が解決する", "そのメンバーが{{icon_all.png|ハート}}を持たない場合、かつ、自分のステージにいるメンバーの{{live_start.png|ライブ開始時}}能力が解決する", "{{jidou.png|自動}}自分のステージにいるメンバーの{{live_success.png|ライブ成功時}}能力が解決するたび、カードを1枚引く。", "自分のステージにいるメンバーの{{live_success.png|ライブ成功時}}能力が解決するたび、カードを1枚引く。", "自分のステージにいるメンバーの{{live_success.png|ライブ成功時}}能力が解決するたび、カードを1枚引く", "自分のステージにいるメンバーの{{live_success.png|ライブ成功時}}能力が解決する", "{{jyouji.png|常時}}自分のライブカード置き場に必要ハートの合計が8以上の『Liella!』のライブカードがあるかぎり、{{heart_03.png|heart03}}を得る。", "自分のライブカード置き場に必要ハートの合計が8以上の『Liella!』のライブカードがあるかぎり、{{heart_03.png|heart03}}を得る。", "自分のライブカード置き場に必要ハートの合計が8以上の『Liella!』のライブカードがあるかぎり", "{{toujyou.png|登場}}手札を1枚控え室に置いてもよい：自分のデッキの上からカードを5枚見る。その中から『SunnyPassion』のメンバーカードかブレードハートを持つ『Liella!』のメンバーカードを1枚公開して手札に加えてもよい。残りを控え室に置く。", "手札を1枚控え室に置いてもよい：自分のデッキの上からカードを5枚見る。その中から『SunnyPassion』のメンバーカードかブレードハートを持つ『Liella!』のメンバーカードを1枚公開して手札に加えてもよい。残りを控え室に置く。", "{{toujyou.png|登場}}このターン、自分のステージにいるほかのメンバーがエリアを移動している場合、カードを1枚引く。", "このターン、自分のステージにいるほかのメンバーがエリアを移動している場合、カードを1枚引く。", "このターン、自分のステージにいるほかのメンバーがエリアを移動している場合、カードを1枚引く", "{{toujyou.png|登場}}{{center.png|センター}}ライブ終了時まで、{{icon_blade.png|ブレード}}{{icon_blade.png|ブレード}}を得る。", "{{center.png|センター}}ライブ終了時まで、{{icon_blade.png|ブレード}}{{icon_blade.png|ブレード}}を得る。", "{{jyouji.png|常時}}自分のエネルギーが10枚以上あるかぎり、{{heart_06.png|heart06}}{{heart_06.png|heart06}}を得る。", "自分のエネルギーが10枚以上あるかぎり、{{heart_06.png|heart06}}{{heart_06.png|heart06}}を得る。", "{{jyouji.png|常時}}自分のステージにいる『Liella!』のメンバーがこのターンにエリアを移動しているかぎり、手札にあるこのメンバーカードのコストは2減る。", "自分のステージにいる『Liella!』のメンバーがこのターンにエリアを移動しているかぎり、手札にあるこのメンバーカードのコストは2減る。", "{{live_success.png|ライブ成功時}}{{icon_energy.png|E}}支払ってもよい：カードを1枚引く。", "{{icon_energy.png|E}}支払ってもよい：カードを1枚引く。", "{{kidou.png|起動}}このメンバーをステージから控え室に置く：自分のエネルギーが6枚以上ある場合、自分のエネルギーデッキから、エネルギーカードを1枚ウェイト状態で置く。", "このメンバーをステージから控え室に置く：自分のエネルギーが6枚以上ある場合、自分のエネルギーデッキから、エネルギーカードを1枚ウェイト状態で置く。", "自分のエネルギーが6枚以上ある場合、自分のエネルギーデッキから、エネルギーカードを1枚ウェイト状態で置く", "自分のエネルギーが6枚以上ある場合", "{{live_success.png|ライブ成功時}}自分か相手の成功ライブカード置き場にカードが2枚以上あり、かつエールにより公開された自分のカードの中に{{icon_score.png|スコア}}を持つライブカードが1枚以上ある場合、このカードのスコアを＋２する。", "自分か相手の成功ライブカード置き場にカードが2枚以上あり、かつエールにより公開された自分のカードの中に{{icon_score.png|スコア}}を持つライブカードが1枚以上ある場合、このカードのスコアを＋２する。", "自分か相手の成功ライブカード置き場にカードが2枚以上あり、かつエールにより公開された自分のカードの中に{{icon_score.png|スコア}}を持つライブカードが1枚以上ある場合、このカードのスコアを+2する", "エールにより公開された自分のカードの中に{{icon_score.png|スコア}}を持つライブカードが1枚以上ある場合", "自分か相手の成功ライブカード置き場にカードが2枚以上あり、かつエールにより公開された自分のカードの中に{{icon_score.png|スコア}}を持つライブカードが1枚以上ある場合", "{{live_start.png|ライブ開始時}}{{heart_01.png|heart01}}か{{heart_02.png|heart02}}か{{heart_06.png|heart06}}のうち、1つを選ぶ。ライブ終了時まで、自分のステージにいる、このターン中にエリアを移動しているすべてのメンバーは、選んだハートを1つ得る。", "{{heart_01.png|heart01}}か{{heart_02.png|heart02}}か{{heart_06.png|heart06}}のうち、1つを選ぶ。ライブ終了時まで、自分のステージにいる、このターン中にエリアを移動しているすべてのメンバーは、選んだハートを1つ得る。", "{{heart_01.png|heart01}}か{{heart_02.png|heart02}}か{{heart_06.png|heart06}}のうち、1つを選ぶ。ライブ終了時まで、自分のステージにいる、このターン中にエリアを移動しているすべてのメンバーは、選んだハートを1つ得る", "{{heart_01.png|heart01}}か{{heart_02.png|heart02}}か{{heart_06.png|heart06}}のうち、1つを選ぶ", "{{live_success.png|ライブ成功時}}{{icon_energy.png|E}}を好きな数支払ってもよい：これにより支払った{{icon_energy.png|E}}4つにつき、このカードのスコアを＋１する。", "{{icon_energy.png|E}}を好きな数支払ってもよい：これにより支払った{{icon_energy.png|E}}4つにつき、このカードのスコアを＋１する。", "{{icon_energy.png|E}}を好きな数支払ってもよい", "これにより支払った{{icon_energy.png|E}}4つにつき、このカードのスコアを+1する", "{{live_start.png|ライブ開始時}}自分のステージにいる『Liella!』のメンバーが持つハートの総数が11以上の場合、このカードのスコアを＋１する。", "自分のステージにいる『Liella!』のメンバーが持つハートの総数が11以上の場合、このカードのスコアを＋１する。", "自分のステージにいる『Liella!』のメンバーが持つハートの総数が11以上の場合、このカードのスコアを+1する", "自分のステージにいる『Liella!』のメンバーが持つハートの総数が11以上の場合", "{{kidou.png|起動}}{{icon_energy.png|E}}{{icon_energy.png|E}}このメンバーをステージから控え室に置く：自分の控え室からコスト15以下の『蓮ノ空』のメンバーカードを1枚、このメンバーがいたエリアに登場させる。", "{{icon_energy.png|E}}{{icon_energy.png|E}}このメンバーをステージから控え室に置く：自分の控え室からコスト15以下の『蓮ノ空』のメンバーカードを1枚、このメンバーがいたエリアに登場させる。", "{{live_start.png|ライブ開始時}}自分のデッキの上からカードを3枚控え室に置く。それらがすべてメンバーカードの場合、ライブ終了時まで、{{icon_blade.png|ブレード}}{{icon_blade.png|ブレード}}を得る。", "自分のデッキの上からカードを3枚控え室に置く。それらがすべてメンバーカードの場合、ライブ終了時まで、{{icon_blade.png|ブレード}}{{icon_blade.png|ブレード}}を得る。", "自分のデッキの上からカードを3枚控え室に置く。それらがすべてメンバーカードの場合、ライブ終了時まで、{{icon_blade.png|ブレード}}{{icon_blade.png|ブレード}}を得る", "それらがすべてメンバーカードの場合、ライブ終了時まで、{{icon_blade.png|ブレード}}{{icon_blade.png|ブレード}}を得る", "{{jidou.png|自動}}{{turn1.png|ターン1回}}このメンバーがエリアを移動したとき、ライブ終了時まで、{{icon_blade.png|ブレード}}を得る。", "このメンバーがエリアを移動したとき、ライブ終了時まで、{{icon_blade.png|ブレード}}を得る。", "{{jyouji.png|常時}}相手のステージにウェイト状態のメンバーが2人以上いるかぎり、{{heart_06.png|heart06}}を得る。", "相手のステージにウェイト状態のメンバーが2人以上いるかぎり、{{heart_06.png|heart06}}を得る。", "相手のステージにウェイト状態のメンバーが2人以上いるかぎり", "{{live_start.png|ライブ開始時}}{{icon_energy.png|E}}支払ってもよい：自分のステージに『蓮ノ空』のメンバー1人を含むメンバーが2人以上おり、かつそれらのメンバーのユニット名がそれぞれ異なる場合、このカードのスコアを＋１する。", "{{icon_energy.png|E}}支払ってもよい：自分のステージに『蓮ノ空』のメンバー1人を含むメンバーが2人以上おり、かつそれらのメンバーのユニット名がそれぞれ異なる場合、このカードのスコアを＋１する。", "自分のステージに『蓮ノ空』のメンバー1人を含むメンバーが2人以上おり、かつそれらのメンバーのユニット名がそれぞれ異なる場合、このカードのスコアを+1する", "自分のステージに『蓮ノ空』のメンバー1人を含むメンバーが2人以上おり、", "それらのメンバーのユニット名がそれぞれ異なる場合", "自分のステージに『蓮ノ空』のメンバー1人を含むメンバーが2人以上おり、かつそれらのメンバーのユニット名がそれぞれ異なる場合", "{{live_start.png|ライブ開始時}}自分のステージに名前とコストが両方ともそれぞれ異なるメンバーが3人以上いる場合、このカードのスコアを＋１する。", "自分のステージに名前とコストが両方ともそれぞれ異なるメンバーが3人以上いる場合、このカードのスコアを＋１する。", "自分のステージに名前とコストが両方ともそれぞれ異なるメンバーが3人以上いる場合、このカードのスコアを+1する", "{{live_start.png|ライブ開始時}}自分のライブカード置き場にあるこのカード以外の『蓮ノ空』のカード1枚につき、このカードの必要ハートを{{heart_04.png|heart04}}{{heart_04.png|heart04}}減らす。", "自分のライブカード置き場にあるこのカード以外の『蓮ノ空』のカード1枚につき、このカードの必要ハートを{{heart_04.png|heart04}}{{heart_04.png|heart04}}減らす。", "自分のライブカード置き場にあるこのカード以外の『蓮ノ空』のカード1枚につき、このカードの必要ハートを{{heart_04.png|heart04}}{{heart_04.png|heart04}}減らす", "{{live_start.png|ライブ開始時}}自分のステージにコスト10以上の『蓮ノ空』のメンバーが2人以上いる場合、このカードのスコアを＋１する。", "自分のステージにコスト10以上の『蓮ノ空』のメンバーが2人以上いる場合、このカードのスコアを＋１する。", "自分のステージにコスト10以上の『蓮ノ空』のメンバーが2人以上いる場合、このカードのスコアを+1する", "自分のステージにコスト10以上の『蓮ノ空』のメンバーが2人以上いる場合", "{{live_start.png|ライブ開始時}}ライブ終了時まで、自分のステージにいる『蓮ノ空』のメンバー1人が元々持つハートをすべて{{heart_01.png|heart01}}にする。", "ライブ終了時まで、自分のステージにいる『蓮ノ空』のメンバー1人が元々持つハートをすべて{{heart_01.png|heart01}}にする。", "自分のステージにいる『蓮ノ空』のメンバー1人が元々持つハートをすべて{{heart_01.png|heart01}}にする", "{{live_start.png|ライブ開始時}}自分のステージに『みらくらぱーく！』のメンバーが3人以上いる場合、このカードのスコアを＋１する。", "自分のステージに『みらくらぱーく！』のメンバーが3人以上いる場合、このカードのスコアを＋１する。", "自分のステージに『みらくらぱーく！』のメンバーが3人以上いる場合、このカードのスコアを+1する", "自分のステージに『みらくらぱーく！』のメンバーが3人以上いる場合", "{{live_start.png|ライブ開始時}}{{icon_energy.png|E}}{{icon_energy.png|E}}支払ってもよい：自分のステージにコスト9以上の『EdelNote』のメンバーがいる場合、以下から1つを選ぶ。\n・自分の控え室からコスト4以下の『EdelNote』のメンバーカードを1枚、メンバーのいないエリアに登場させる。\n・このカードの必要ハートを{{heart_06.png|heart06}}減らす。", "{{icon_energy.png|E}}{{icon_energy.png|E}}支払ってもよい：自分のステージにコスト9以上の『EdelNote』のメンバーがいる場合、以下から1つを選ぶ。\n・自分の控え室からコスト4以下の『EdelNote』のメンバーカードを1枚、メンバーのいないエリアに登場させる。\n・このカードの必要ハートを{{heart_06.png|heart06}}減らす。", "自分のステージにコスト9以上の『EdelNote』のメンバーがいる場合、以下から1つを選ぶ。\n・自分の控え室からコスト4以下の『EdelNote』のメンバーカードを1枚、メンバーのいないエリアに登場させる。\n・このカードの必要ハートを{{heart_06.png|heart06}}減らす", "自分のステージにコスト9以上の『EdelNote』のメンバーがいる場合", "自分の控え室からコスト4以下の『EdelNote』のメンバーカードを1枚、メンバーのいないエリアに登場させる。", "このカードの必要ハートを{{heart_06.png|heart06}}減らす", "{{live_success.png|ライブ成功時}}エールにより公開された自分のカードの中にライブカードが2枚以上あるか、自分のステージにいるメンバーが持つハートの中に{{heart_01.png|heart01}}、{{heart_04.png|heart04}}、{{heart_05.png|heart05}}、{{heart_02.png|heart02}}、{{heart_03.png|heart03}}、{{heart_06.png|heart06}}のうち合計5種類以上あるか、このターンに自分のステージにいるメンバーがエリアを移動している場合、このカードのスコアを＋１する。", "エールにより公開された自分のカードの中にライブカードが2枚以上あるか、自分のステージにいるメンバーが持つハートの中に{{heart_01.png|heart01}}、{{heart_04.png|heart04}}、{{heart_05.png|heart05}}、{{heart_02.png|heart02}}、{{heart_03.png|heart03}}、{{heart_06.png|heart06}}のうち合計5種類以上あるか、このターンに自分のステージにいるメンバーがエリアを移動している場合、このカードのスコアを＋１する。", "エールにより公開された自分のカードの中にライブカードが2枚以上あるか、自分のステージにいるメンバーが持つハートの中に{{heart_01.png|heart01}}、{{heart_04.png|heart04}}、{{heart_05.png|heart05}}、{{heart_02.png|heart02}}、{{heart_03.png|heart03}}、{{heart_06.png|heart06}}のうち合計5種類以上あるか、このターンに自分のステージにいるメンバーがエリアを移動している場合、このカードのスコアを+1する", "エールにより公開された自分のカードの中にライブカードが2枚以上ある", "自分のステージにいるメンバーが持つハートの中に{{heart_01.png|heart01}}、{{heart_04.png|heart04}}、{{heart_05.png|heart05}}、{{heart_02.png|heart02}}、{{heart_03.png|heart03}}、{{heart_06.png|heart06}}のうち合計5種類以上ある", "エールにより公開された自分のカードの中にライブカードが2枚以上あるか、自分のステージにいるメンバーが持つハートの中に{{heart_01.png|heart01}}、{{heart_04.png|heart04}}、{{heart_05.png|heart05}}、{{heart_02.png|heart02}}、{{heart_03.png|heart03}}、{{heart_06.png|heart06}}のうち合計5種類以上あるか、このターンに自分のステージにいるメンバーがエリアを移動している場合", "{{live_start.png|ライブ開始時}}自分のステージにグループ名がそれぞれ異なるメンバーが3人以上いる場合、ライブ終了時まで、自分のセンターエリアにいるメンバーは{{icon_all.png|ハート}}を得る。", "自分のステージにグループ名がそれぞれ異なるメンバーが3人以上いる場合、ライブ終了時まで、自分のセンターエリアにいるメンバーは{{icon_all.png|ハート}}を得る。", "自分のステージにグループ名がそれぞれ異なるメンバーが3人以上いる場合、ライブ終了時まで、自分のセンターエリアにいるメンバーは{{icon_all.png|ハート}}を得る", "自分のステージにグループ名がそれぞれ異なるメンバーが3人以上いる場合", "{{live_success.png|ライブ成功時}}自分の控え室にある、自分のステージにいるすべてのメンバーと異なるグループ名を持つカード1枚を手札に加える。", "自分の控え室にある、自分のステージにいるすべてのメンバーと異なるグループ名を持つカード1枚を手札に加える。", "自分の控え室にある、自分のステージにいるすべてのメンバーと異なるグループ名を持つカード1枚を手札に加える", "{{live_start.png|ライブ開始時}}自分のステージに『A-RISE』のメンバーがいる場合、以下から1つを選ぶ。\n・ウェイト状態のメンバー1人をアクティブにし、ライブ終了時まで、そのメンバーは{{icon_blade.png|ブレード}}を得る。\n・相手のステージにいる元々持つ{{icon_blade.png|ブレード}}が3つ以下のメンバー1人をウェイトにする。", "自分のステージに『A-RISE』のメンバーがいる場合、以下から1つを選ぶ。\n・ウェイト状態のメンバー1人をアクティブにし、ライブ終了時まで、そのメンバーは{{icon_blade.png|ブレード}}を得る。\n・相手のステージにいる元々持つ{{icon_blade.png|ブレード}}が3つ以下のメンバー1人をウェイトにする。", "自分のステージに『A-RISE』のメンバーがいる場合、以下から1つを選ぶ。\n・ウェイト状態のメンバー1人をアクティブにし、ライブ終了時まで、そのメンバーは{{icon_blade.png|ブレード}}を得る。\n・相手のステージにいる元々持つ{{icon_blade.png|ブレード}}が3つ以下のメンバー1人をウェイトにする", "自分のステージに『A-RISE』のメンバーがいる場合", "ウェイト状態のメンバー1人をアクティブにし", "ウェイト状態のメンバー1人をアクティブにし、ライブ終了時まで、そのメンバーは{{icon_blade.png|ブレード}}を得る。", "相手のステージにいる元々持つ{{icon_blade.png|ブレード}}が3つ以下のメンバー1人をウェイトにする", "{{live_start.png|ライブ開始時}}ライブ終了時まで、自分のステージにいる、このターン中にエリアを移動したメンバーは{{icon_blade.png|ブレード}}を得る。", "ライブ終了時まで、自分のステージにいる、このターン中にエリアを移動したメンバーは{{icon_blade.png|ブレード}}を得る。", "{{live_success.png|ライブ成功時}}エールにより公開されている自分のライブカードの枚数が、エールにより公開されている相手のライブカードの枚数より多い場合、このカードのスコアを＋１する。", "エールにより公開されている自分のライブカードの枚数が、エールにより公開されている相手のライブカードの枚数より多い場合、このカードのスコアを＋１する。", "エールにより公開されている自分のライブカードの枚数が、エールにより公開されている相手のライブカードの枚数より多い場合、このカードのスコアを+1する", "エールにより公開されている自分のライブカードの枚数が、エールにより公開されている相手のライブカードの枚数より多い場合", "{{live_start.png|ライブ開始時}}自分のステージに『Aqours』のメンバーと『SaintSnow』のメンバーがいて、かつそれらのメンバーのコストが合計20以上の場合、自分の控え室にある『Aqours』と『SaintSnow』のライブカードを4枚まで好きな順番でデッキの上に置いてもよい。", "自分のステージに『Aqours』のメンバーと『SaintSnow』のメンバーがいて、かつそれらのメンバーのコストが合計20以上の場合、自分の控え室にある『Aqours』と『SaintSnow』のライブカードを4枚まで好きな順番でデッキの上に置いてもよい。", "自分のステージに『Aqours』のメンバーと『SaintSnow』のメンバーがいて、かつそれらのメンバーのコストが合計20以上の場合、自分の控え室にある『Aqours』と『SaintSnow』のライブカードを4枚まで好きな順番でデッキの上に置いてもよい", "自分のステージに『Aqours』のメンバーと『SaintSnow』のメンバーがいて、", "それらのメンバーのコストが合計20以上の場合", "自分のステージに『Aqours』のメンバーと『SaintSnow』のメンバーがいて、かつそれらのメンバーのコストが合計20以上の場合", "{{live_success.png|ライブ成功時}}自分のエネルギーデッキから、エネルギーカードを1枚ウェイト状態で置いてもよい。そうした場合、相手はカードを1枚引く。", "自分のエネルギーデッキから、エネルギーカードを1枚ウェイト状態で置いてもよい。そうした場合、相手はカードを1枚引く。", "自分のエネルギーデッキから、エネルギーカードを1枚ウェイト状態で置いてもよい。そうした場合、相手はカードを1枚引く", "自分のエネルギーデッキから、エネルギーカードを1枚ウェイト状態で置いてもよい。", "相手はカードを1枚引く", "{{jidou.png|自動}}このメンバーがコスト10以上の『蓮ノ空』のメンバーとバトンタッチして控え室に置かれたとき、エネルギーを2枚アクティブにする。", "このメンバーがコスト10以上の『蓮ノ空』のメンバーとバトンタッチして控え室に置かれたとき、エネルギーを2枚アクティブにする。", "このメンバーがコスト10以上の『蓮ノ空』のメンバーとバトンタッチして控え室に置かれたとき、エネルギーを2枚アクティブにする", "このメンバーがコスト10以上の『蓮ノ空』のメンバーとバトンタッチして控え室に置かれたとき", "{{live_start.png|ライブ開始時}}手札を2枚控え室に置いてもよい：自分のデッキの上からカードを5枚見る。その中からメンバーカードを1枚公開して手札に加えてもよい。残りを控え室に置く。これにより『蓮ノ空』のカードを手札に加えた場合、ライブ終了時まで、{{heart_05.png|heart05}}{{icon_blade.png|ブレード}}を得る。", "手札を2枚控え室に置いてもよい：自分のデッキの上からカードを5枚見る。その中からメンバーカードを1枚公開して手札に加えてもよい。残りを控え室に置く。これにより『蓮ノ空』のカードを手札に加えた場合、ライブ終了時まで、{{heart_05.png|heart05}}{{icon_blade.png|ブレード}}を得る。", "{{live_start.png|ライブ開始時}}{{icon_energy.png|E}}支払ってもよい：ライブ終了時まで、自分のステージにいるこのメンバー以外の『蓮ノ空』のメンバー1人は、{{heart_01.png|heart01}}{{icon_blade.png|ブレード}}を得る。", "{{icon_energy.png|E}}支払ってもよい：ライブ終了時まで、自分のステージにいるこのメンバー以外の『蓮ノ空』のメンバー1人は、{{heart_01.png|heart01}}{{icon_blade.png|ブレード}}を得る。", "{{toujyou.png|登場}}手札の『蓮ノ空』のカードを1枚控え室に置いてもよい：自分の控え室からメンバーカードを1枚手札に加える。", "手札の『蓮ノ空』のカードを1枚控え室に置いてもよい：自分の控え室からメンバーカードを1枚手札に加える。", "手札の『蓮ノ空』のカードを1枚控え室に置いてもよい", "{{jyouji.png|常時}}自分のステージに「日野下花帆」か「徒町小鈴」か「安養寺姫芽」がいるかぎり、{{heart_04.png|heart04}}を得る。", "自分のステージに「日野下花帆」か「徒町小鈴」か「安養寺姫芽」がいるかぎり、{{heart_04.png|heart04}}を得る。", "自分のステージに「日野下花帆」か「徒町小鈴」か「安養寺姫芽」がいるかぎり", "{{toujyou.png|登場}}「徒町小鈴」以外の『蓮ノ空』のメンバーからバトンタッチして登場した場合、自分の控え室からライブカードを1枚手札に加える。", "「徒町小鈴」以外の『蓮ノ空』のメンバーからバトンタッチして登場した場合、自分の控え室からライブカードを1枚手札に加える。", "「徒町小鈴」以外の『蓮ノ空』のメンバーからバトンタッチして登場した場合、自分の控え室からライブカードを1枚手札に加える", "「徒町小鈴」以外の『蓮ノ空』のメンバーからバトンタッチして登場した場合", "{{jyouji.png|常時}}自分のステージに「村野さやか」か「百生吟子」か「安養寺姫芽」がいるかぎり、{{icon_blade.png|ブレード}}を得る。", "自分のステージに「村野さやか」か「百生吟子」か「安養寺姫芽」がいるかぎり、{{icon_blade.png|ブレード}}を得る。", "自分のステージに「村野さやか」か「百生吟子」か「安養寺姫芽」がいるかぎり", "{{toujyou.png|登場}}自分のステージに「大沢瑠璃乃」か「百生吟子」か「徒町小鈴」がいる場合、エネルギーを1枚アクティブにし、自分の控え室から『蓮ノ空』のライブカードを1枚手札に加える。", "自分のステージに「大沢瑠璃乃」か「百生吟子」か「徒町小鈴」がいる場合、エネルギーを1枚アクティブにし、自分の控え室から『蓮ノ空』のライブカードを1枚手札に加える。", "自分のステージに「大沢瑠璃乃」か「百生吟子」か「徒町小鈴」がいる場合、エネルギーを1枚アクティブにし、自分の控え室から『蓮ノ空』のライブカードを1枚手札に加える", "自分のステージに「大沢瑠璃乃」か「百生吟子」か「徒町小鈴」がいる場合", "エネルギーを1枚アクティブにし", "{{live_start.png|ライブ開始時}}手札の『蓮ノ空』のカードを2枚控え室に置いてもよい：{{heart_01.png|heart01}}か{{heart_04.png|heart04}}か{{heart_05.png|heart05}}か{{heart_06.png|heart06}}のうち、1つを選ぶ。ライブ終了時まで、自分のステージにいるこのメンバー以外の『蓮ノ空』のメンバー1人は、選んだハートを2つ得る。", "手札の『蓮ノ空』のカードを2枚控え室に置いてもよい：{{heart_01.png|heart01}}か{{heart_04.png|heart04}}か{{heart_05.png|heart05}}か{{heart_06.png|heart06}}のうち、1つを選ぶ。ライブ終了時まで、自分のステージにいるこのメンバー以外の『蓮ノ空』のメンバー1人は、選んだハートを2つ得る。", "手札の『蓮ノ空』のカードを2枚控え室に置いてもよい", "{{heart_01.png|heart01}}か{{heart_04.png|heart04}}か{{heart_05.png|heart05}}か{{heart_06.png|heart06}}のうち、1つを選ぶ。ライブ終了時まで、自分のステージにいるこのメンバー以外の『蓮ノ空』のメンバー1人は、選んだハートを2つ得る", "{{heart_01.png|heart01}}か{{heart_04.png|heart04}}か{{heart_05.png|heart05}}か{{heart_06.png|heart06}}のうち、1つを選ぶ", "自分のステージにいるこのメンバー以外の『蓮ノ空』のメンバー1人は、選んだハートを2つ得る", "{{toujyou.png|登場}}自分のデッキの上からカードを3枚控え室に置く。それらがすべて{{heart_05.png|heart05}}を持つメンバーカードの場合、ライブ終了時まで、{{heart_05.png|heart05}}を得る。", "自分のデッキの上からカードを3枚控え室に置く。それらがすべて{{heart_05.png|heart05}}を持つメンバーカードの場合、ライブ終了時まで、{{heart_05.png|heart05}}を得る。", "自分のデッキの上からカードを3枚控え室に置く。それらがすべて{{heart_05.png|heart05}}を持つメンバーカードの場合、ライブ終了時まで、{{heart_05.png|heart05}}を得る", "それらがすべて{{heart_05.png|heart05}}を持つメンバーカードの場合、ライブ終了時まで、{{heart_05.png|heart05}}を得る", "それらがすべて{{heart_05.png|heart05}}を持つメンバーカードの場合", "{{toujyou.png|登場}}手札を1枚控え室に置いてもよい：自分の控え室から『蓮ノ空』のカードを1枚手札に加える。", "手札を1枚控え室に置いてもよい：自分の控え室から『蓮ノ空』のカードを1枚手札に加える。", "{{live_success.png|ライブ成功時}}自分のステージに『蓮ノ空』のメンバーがいる場合、カードを1枚引き、手札を1枚控え室に置く。", "自分のステージに『蓮ノ空』のメンバーがいる場合、カードを1枚引き、手札を1枚控え室に置く。", "自分のステージに『蓮ノ空』のメンバーがいる場合、カードを1枚引き、手札を1枚控え室に置く", "{{live_start.png|ライブ開始時}}手札の『蓮ノ空』のメンバーカードを3枚まで控え室に置いてもよい：ライブ終了時まで、自分のステージのメンバー1人は、これにより控え室に置いたカード1枚につき、{{icon_blade.png|ブレード}}を得る。", "手札の『蓮ノ空』のメンバーカードを3枚まで控え室に置いてもよい：ライブ終了時まで、自分のステージのメンバー1人は、これにより控え室に置いたカード1枚につき、{{icon_blade.png|ブレード}}を得る。", "手札の『蓮ノ空』のメンバーカードを3枚まで控え室に置いてもよい", "自分のステージのメンバー1人は、これにより控え室に置いたカード1枚につき、{{icon_blade.png|ブレード}}を得る", "{{jidou.png|自動}}{{turn1.png|ターン1回}}自分がエールしたとき、ライブ終了時まで、エールにより公開された自分のカードの中のライブカード1枚につき、{{heart_02.png|heart02}}を得る。この能力では{{heart_02.png|heart02}}は3つまでしか得られない。", "自分がエールしたとき、ライブ終了時まで、エールにより公開された自分のカードの中のライブカード1枚につき、{{heart_02.png|heart02}}を得る。この能力では{{heart_02.png|heart02}}は3つまでしか得られない。", "自分がエールしたとき、ライブ終了時まで、エールにより公開された自分のカードの中のライブカード1枚につき、{{heart_02.png|heart02}}を得る。この能力では{{heart_02.png|heart02}}は3つまでしか得られない", "{{toujyou.png|登場}}手札を1枚控え室に置いてもよい：自分の控え室から『Aqours』のカードを1枚手札に加える。", "手札を1枚控え室に置いてもよい：自分の控え室から『Aqours』のカードを1枚手札に加える。", "自分の控え室から『Aqours』のカードを1枚手札に加える", "{{toujyou.png|登場}}自分のデッキの上からカードを5枚見る。その中から『Aqours』のライブカードを1枚公開して手札に加えてもよい。残りを控え室に置く。", "自分のデッキの上からカードを5枚見る。その中から『Aqours』のライブカードを1枚公開して手札に加えてもよい。残りを控え室に置く。", "{{live_start.png|ライブ開始時}}カードを1枚引いてもよい。そうした場合、手札2枚を好きな順番でデッキの上に置く。", "カードを1枚引いてもよい。そうした場合、手札2枚を好きな順番でデッキの上に置く。", "カードを1枚引いてもよい。そうした場合、手札2枚を好きな順番でデッキの上に置く", "カードを1枚引いてもよい。", "手札2枚を好きな順番でデッキの上に置く", "{{kidou.png|起動}}{{turn1.png|ターン1回}}{{icon_energy.png|E}}{{icon_energy.png|E}}手札を1枚控え室に置く：自分の控え室から『Aqours』のライブカードを1枚手札に加える。", "{{icon_energy.png|E}}{{icon_energy.png|E}}手札を1枚控え室に置く：自分の控え室から『Aqours』のライブカードを1枚手札に加える。", "{{toujyou.png|登場}}手札を1枚控え室に置いてもよい：自分の控え室からコスト2以下の『Aqours』のメンバーカードを1枚、メンバーのいないエリアに登場させる。（この効果で登場したメンバーのいるエリアには、このターンにメンバーは登場できない。）", "手札を1枚控え室に置いてもよい：自分の控え室からコスト2以下の『Aqours』のメンバーカードを1枚、メンバーのいないエリアに登場させる。（この効果で登場したメンバーのいるエリアには、このターンにメンバーは登場できない。）", "自分の控え室からコスト2以下の『Aqours』のメンバーカードを1枚、メンバーのいないエリアに登場させる", "{{kidou.png|起動}}{{turn1.png|ターン1回}}手札を2枚控え室に置く：自分の控え室から{{icon_score.png|スコア}}を持つ『Aqours』のライブカードを1枚手札に加える。", "手札を2枚控え室に置く：自分の控え室から{{icon_score.png|スコア}}を持つ『Aqours』のライブカードを1枚手札に加える。", "自分の控え室から{{icon_score.png|スコア}}を持つ『Aqours』のライブカードを1枚手札に加える", "{{live_start.png|ライブ開始時}}手札の『Aqours』のカードを1枚公開してもよい：これにより公開したカードをデッキの一番上か一番下に置き、ライブ終了時まで、{{icon_blade.png|ブレード}}を得る。", "手札の『Aqours』のカードを1枚公開してもよい：これにより公開したカードをデッキの一番上か一番下に置き、ライブ終了時まで、{{icon_blade.png|ブレード}}を得る。", "手札の『Aqours』のカードを1枚公開してもよい", "これにより公開したカードをデッキの一番上か一番下に置き、ライブ終了時まで、{{icon_blade.png|ブレード}}を得る", "これにより公開したカードをデッキの一番上か一番下に置き", "{{live_success.png|ライブ成功時}}エールにより公開された自分のカードの中から、『Aqours』のライブカードを1枚手札に加える。", "エールにより公開された自分のカードの中から、『Aqours』のライブカードを1枚手札に加える。", "エールにより公開された自分のカードの中から、『Aqours』のライブカードを1枚手札に加える", "{{live_success.png|ライブ成功時}}自分のステージにいる『Aqours』のメンバー1人につき、カードを1枚引く。その後、これにより引いた枚数と同じ枚数を手札から控え室に置く。", "自分のステージにいる『Aqours』のメンバー1人につき、カードを1枚引く。その後、これにより引いた枚数と同じ枚数を手札から控え室に置く。", "自分のステージにいる『Aqours』のメンバー1人につき、カードを1枚引く。その後、これにより引いた枚数と同じ枚数を手札から控え室に置く", "これにより引いた枚数と同じ枚数を手札から控え室に置く", "{{live_start.png|ライブ開始時}}ライブ終了時まで、自分のステージにいる『Aqours』のメンバーは{{icon_blade.png|ブレード}}を得る。", "ライブ終了時まで、自分のステージにいる『Aqours』のメンバーは{{icon_blade.png|ブレード}}を得る。", "自分のステージにいる『Aqours』のメンバーは{{icon_blade.png|ブレード}}を得る", "{{toujyou.png|登場}}手札を1枚控え室に置いてもよい：自分のデッキの上からカードを5枚見る。その中から『DOLLCHESTRA』のカードを1枚公開して手札に加えてもよい。残りを控え室に置く。", "手札を1枚控え室に置いてもよい：自分のデッキの上からカードを5枚見る。その中から『DOLLCHESTRA』のカードを1枚公開して手札に加えてもよい。残りを控え室に置く。", "{{toujyou.png|登場}}自分の控え室にライブカードが3枚以上ある場合、手札を2枚控え室に置いてもよい。そうした場合、自分の控え室から『スリーズブーケ』のメンバーカード1枚と『蓮ノ空』のライブカード1枚を手札に加える。", "自分の控え室にライブカードが3枚以上ある場合、手札を2枚控え室に置いてもよい。そうした場合、自分の控え室から『スリーズブーケ』のメンバーカード1枚と『蓮ノ空』のライブカード1枚を手札に加える。", "自分の控え室にライブカードが3枚以上ある場合、手札を2枚控え室に置いてもよい。そうした場合、自分の控え室から『スリーズブーケ』のメンバーカード1枚と『蓮ノ空』のライブカード1枚を手札に加える", "手札を2枚控え室に置いてもよい。", "自分の控え室にライブカードが3枚以上ある場合", "{{live_success.png|ライブ成功時}}自分のライブカード置き場に『DOLLCHESTRA』のカードがある場合、カードを1枚引く。", "自分のライブカード置き場に『DOLLCHESTRA』のカードがある場合、カードを1枚引く。", "自分のライブカード置き場に『DOLLCHESTRA』のカードがある場合、カードを1枚引く", "自分のライブカード置き場に『DOLLCHESTRA』のカードがある場合", "{{jyouji.png|常時}}自分のステージに「大沢瑠璃乃」がいるかぎり、{{heart_01.png|heart01}}{{heart_01.png|heart01}}を得る。", "自分のステージに「大沢瑠璃乃」がいるかぎり、{{heart_01.png|heart01}}{{heart_01.png|heart01}}を得る。", "自分のステージに「大沢瑠璃乃」がいるかぎり", "{{jyouji.png|常時}}自分のステージに「藤島慈」がいるかぎり、{{icon_blade.png|ブレード}}{{icon_blade.png|ブレード}}を得る。", "自分のステージに「藤島慈」がいるかぎり、{{icon_blade.png|ブレード}}{{icon_blade.png|ブレード}}を得る。", "自分のステージに「藤島慈」がいるかぎり", "{{live_start.png|ライブ開始時}}自分の控え室に『蓮ノ空』のメンバーカードが10枚以上ある場合、ライブ終了時まで、自分のステージにいる『蓮ノ空』のメンバー1人は、{{heart_04.png|heart04}}を得る。", "自分の控え室に『蓮ノ空』のメンバーカードが10枚以上ある場合、ライブ終了時まで、自分のステージにいる『蓮ノ空』のメンバー1人は、{{heart_04.png|heart04}}を得る。", "自分の控え室に『蓮ノ空』のメンバーカードが10枚以上ある場合、ライブ終了時まで、自分のステージにいる『蓮ノ空』のメンバー1人は、{{heart_04.png|heart04}}を得る", "自分の控え室に『蓮ノ空』のメンバーカードが10枚以上ある場合", "{{live_success.png|ライブ成功時}}自分の手札が6枚以下の場合、自分の控え室からメンバーカードを1枚手札に加える。", "自分の手札が6枚以下の場合、自分の控え室からメンバーカードを1枚手札に加える。", "自分の手札が6枚以下の場合、自分の控え室からメンバーカードを1枚手札に加える", "自分の", "手札が6枚以下の場合", "自分の手札が6枚以下の場合", "{{live_start.png|ライブ開始時}}自分の、ステージと控え室に名前の異なる『蓮ノ空』のメンバーが6人以上いる場合、このカードの必要ハートは{{heart_00.png|heart0}}{{heart_00.png|heart0}}減る。", "自分の、ステージと控え室に名前の異なる『蓮ノ空』のメンバーが6人以上いる場合、このカードの必要ハートは{{heart_00.png|heart0}}{{heart_00.png|heart0}}減る。", "自分の、ステージと控え室に名前の異なる『蓮ノ空』のメンバーが6人以上いる場合、このカードの必要ハートは{{heart_00.png|heart0}}{{heart_00.png|heart0}}減る", "自分の、ステージと控え室に名前の異なる『蓮ノ空』のメンバーが6人以上いる場合", "{{live_success.png|ライブ成功時}}自分のステージに『スリーズブーケ』のメンバーがいる場合、自分のデッキの上からカードを4枚控え室に置いてもよい。", "自分のステージに『スリーズブーケ』のメンバーがいる場合、自分のデッキの上からカードを4枚控え室に置いてもよい。", "自分のステージに『スリーズブーケ』のメンバーがいる場合、自分のデッキの上からカードを4枚控え室に置いてもよい", "自分のステージに『スリーズブーケ』のメンバーがいる場合", "{{live_start.png|ライブ開始時}}自分のステージにいるコスト10以上の『DOLLCHESTRA』のメンバー1人を選ぶ。そのメンバーの{{live_start.png|ライブ開始時}}能力1つを発動させてもよい。\n（{{live_start.png|ライブ開始時}}能力がコストを持つ場合、支払って発動させる。）", "自分のステージにいるコスト10以上の『DOLLCHESTRA』のメンバー1人を選ぶ。そのメンバーの{{live_start.png|ライブ開始時}}能力1つを発動させてもよい。\n（{{live_start.png|ライブ開始時}}能力がコストを持つ場合、支払って発動させる。）", "自分のステージにいるコスト10以上の『DOLLCHESTRA』のメンバー1人を選ぶ。そのメンバーの{{live_start.png|ライブ開始時}}能力1つを発動させてもよい", "自分のステージにいるコスト10以上の『DOLLCHESTRA』のメンバー1人を選ぶ", "そのメンバーの{{live_start.png|ライブ開始時}}能力1つを発動させてもよい", "そのメンバーの{{live_start.png|ライブ開始時}}能力", "ライブ開始時_ability", "{{live_start.png|ライブ開始時}}能力がコストを持つ場合、支払って発動させる。", "{{live_start.png|ライブ開始時}}自分のステージに、元々持つハートの数より多い数のハートを持つ『みらくらぱーく！』のメンバーが1人以上いる場合、カードを1枚引く。2人以上いる場合、さらにこのカードの必要ハートを{{heart_00.png|heart0}}{{heart_00.png|heart0}}減らす。", "自分のステージに、元々持つハートの数より多い数のハートを持つ『みらくらぱーく！』のメンバーが1人以上いる場合、カードを1枚引く。2人以上いる場合、さらにこのカードの必要ハートを{{heart_00.png|heart0}}{{heart_00.png|heart0}}減らす。", "自分のステージに、元々持つハートの数より多い数のハートを持つ『みらくらぱーく！』のメンバーが1人以上いる場合、カードを1枚引く。2人以上いる場合、さらにこのカードの必要ハートを{{heart_00.png|heart0}}{{heart_00.png|heart0}}減らす", "自分のステージに、元々持つハートの数より多い数のハートを持つ『みらくらぱーく！』のメンバーが1人以上いる場合、カードを1枚引く", "自分のステージに、元々持つハートの数より多い数のハートを持つ『みらくらぱーく！』のメンバーが1人以上いる場合", "2人以上いる場合、このカードの必要ハートを{{heart_00.png|heart0}}{{heart_00.png|heart0}}減らす", "{{live_start.png|ライブ開始時}}ライブ終了時まで、自分のステージにいる『EdelNote』のメンバー1人は、{{icon_blade.png|ブレード}}{{icon_blade.png|ブレード}}を得て、そのメンバーとは名前の異なる『EdelNote』のメンバー1人は、{{heart_06.png|heart06}}{{heart_06.png|heart06}}を得る。", "ライブ終了時まで、自分のステージにいる『EdelNote』のメンバー1人は、{{icon_blade.png|ブレード}}{{icon_blade.png|ブレード}}を得て、そのメンバーとは名前の異なる『EdelNote』のメンバー1人は、{{heart_06.png|heart06}}{{heart_06.png|heart06}}を得る。", "自分のステージにいる『EdelNote』のメンバー1人は、{{icon_blade.png|ブレード}}{{icon_blade.png|ブレード}}を得て、そのメンバーとは名前の異なる『EdelNote』のメンバー1人は、{{heart_06.png|heart06}}{{heart_06.png|heart06}}を得る", "自分のステージにいる『EdelNote』のメンバー1人は、{{icon_blade.png|ブレード}}{{icon_blade.png|ブレード}}を得る", "そのメンバーとは名前の異なる『EdelNote』のメンバー1人は、{{heart_06.png|heart06}}{{heart_06.png|heart06}}を得る", "{{kidou.png|起動}}このメンバーをステージから控え室に置く：相手のステージにいるコスト4以下のメンバー1人をウェイトにする。\n（ウェイト状態のメンバーが持つ{{icon_blade.png|ブレード}}は、エールで公開する枚数を増やさない。）", "このメンバーをステージから控え室に置く：相手のステージにいるコスト4以下のメンバー1人をウェイトにする。\n（ウェイト状態のメンバーが持つ{{icon_blade.png|ブレード}}は、エールで公開する枚数を増やさない。）", "{{jyouji.png|常時}}自分の成功ライブカード置き場に『Printemps』のカードがあるかぎり、{{heart_03.png|heart03}}を得る。", "自分の成功ライブカード置き場に『Printemps』のカードがあるかぎり、{{heart_03.png|heart03}}を得る。", "自分の成功ライブカード置き場に『Printemps』のカードがあるかぎり", "{{toujyou.png|登場}}自分の成功ライブカード置き場にあるカードのスコアの合計が６以上の場合、自分の控え室から『μ's』のライブカードを1枚手札に加える。", "自分の成功ライブカード置き場にあるカードのスコアの合計が６以上の場合、自分の控え室から『μ's』のライブカードを1枚手札に加える。", "自分の成功ライブカード置き場にあるカードのスコアの合計が6以上の場合、自分の控え室から『μ's』のライブカードを1枚手札に加える", "{{jyouji.png|常時}}自分の成功ライブカード置き場に『lilywhite』のカードがあるかぎり、{{heart_01.png|heart01}}を得る。", "自分の成功ライブカード置き場に『lilywhite』のカードがあるかぎり、{{heart_01.png|heart01}}を得る。", "自分の成功ライブカード置き場に『lilywhite』のカードがあるかぎり", "{{jyouji.png|常時}}自分の成功ライブカード置き場に『BiBi』のカードがあるかぎり、{{heart_06.png|heart06}}を得る。", "自分の成功ライブカード置き場に『BiBi』のカードがあるかぎり、{{heart_06.png|heart06}}を得る。", "自分の成功ライブカード置き場に『BiBi』のカードがあるかぎり", "{{live_success.png|ライブ成功時}}自分のデッキの上からカードを3枚見る。それらを好きな順番でデッキの上に置く。", "自分のデッキの上からカードを3枚見る。それらを好きな順番でデッキの上に置く。", "自分のデッキの上からカードを3枚見る。それらを好きな順番でデッキの上に置く", "自分のデッキの上からカードを3枚見る", "{{jyouji.png|常時}}このカードが自分の成功ライブカード置き場にあるかぎり、元々のコストが17以上の『μ's』のメンバーカードを自分の手札から登場させるためのコストは2減る。この効果は重複しない。", "このカードが自分の成功ライブカード置き場にあるかぎり、元々のコストが17以上の『μ's』のメンバーカードを自分の手札から登場させるためのコストは2減る。この効果は重複しない。", "元々の{{icon_energy.png|E}}が17以上の『μ's』のメンバーカードを自分の手札から登場させるためのコストは2減る。この効果は重複しない", "{{jidou.png|自動}}{{turn1.png|ターン1回}}自分のステージのセンターエリアにいる『μ's』のメンバーの{{live_start.png|ライブ開始時}}能力が解決したとき、そのメンバーをポジションチェンジする。", "自分のステージのセンターエリアにいる『μ's』のメンバーの{{live_start.png|ライブ開始時}}能力が解決したとき、そのメンバーをポジションチェンジする。", "自分のステージのセンターエリアにいる『μ's』のメンバーの{{live_start.png|ライブ開始時}}能力が解決したとき、そのメンバーをポジションチェンジする", "自分のステージのセンターエリアにいる『μ's』のメンバーの{{live_start.png|ライブ開始時}}能力が解決したとき", "{{jidou.png|自動}}{{turn1.png|ターン1回}}自分のステージのセンターエリアにいる『μ's』のメンバーの{{live_success.png|ライブ成功時}}能力が解決したとき、そのメンバーがこのターン中に移動している場合、このカードのスコアを＋１する。", "自分のステージのセンターエリアにいる『μ's』のメンバーの{{live_success.png|ライブ成功時}}能力が解決したとき、そのメンバーがこのターン中に移動している場合、このカードのスコアを＋１する。", "自分のステージのセンターエリアにいる『μ's』のメンバーの{{live_success.png|ライブ成功時}}能力が解決したとき、そのメンバーがこのターン中に移動している場合、このカードのスコアを+1する", "{{live_success.png|ライブ成功時}}『μ's』のメンバー1人をステージから控え室に置いてもよい：このカードのスコアを＋１し、自分の控え室から『μ's』のライブカード1枚を手札に加える。", "『μ's』のメンバー1人をステージから控え室に置いてもよい：このカードのスコアを＋１し、自分の控え室から『μ's』のライブカード1枚を手札に加える。", "『μ's』のメンバー1人をステージから控え室に置いてもよい", "このカードのスコアを+1し、自分の控え室から『μ's』のライブカード1枚を手札に加える", "自分の控え室から『μ's』のライブカード1枚を手札に加える", "{{jyouji.png|常時}}このカードが自分の成功ライブカード置き場にあるかぎり、自分の元々のスコアが５以上の『μ's』のライブカードの必要ハートを{{heart_00.png|heart0}}{{heart_00.png|heart0}}減らす。この効果は重複しない。", "このカードが自分の成功ライブカード置き場にあるかぎり、自分の元々のスコアが５以上の『μ's』のライブカードの必要ハートを{{heart_00.png|heart0}}{{heart_00.png|heart0}}減らす。この効果は重複しない。", "自分の元々のスコアが5以上の『μ's』のライブカードの必要ハートを{{heart_00.png|heart0}}{{heart_00.png|heart0}}減らす。この効果は重複しない", "{{live_success.png|ライブ成功時}}カードを1枚引く。自分の成功ライブカード置き場に『μ's』のカードがある場合、さらにカードを1枚引く。", "カードを1枚引く。自分の成功ライブカード置き場に『μ's』のカードがある場合、さらにカードを1枚引く。", "カードを1枚引く。自分の成功ライブカード置き場に『μ's』のカードがある場合、さらにカードを1枚引く", "{{jyouji.png|常時}}このカードを成功ライブカード置き場に置く場合、代わりに自分の控え室にある『μ's』のライブカードを1枚置いてもよい。", "このカードを成功ライブカード置き場に置く場合、代わりに自分の控え室にある『μ's』のライブカードを1枚置いてもよい。", "このカードを成功ライブカード置き場に置く場合、代わりに自分の控え室にある『μ's』のライブカードを1枚置いてもよい", "自分の控え室にある『μ's』のライブカードを1枚置いてもよい", "target_event", "placing_in_success_zone", "このカードを成功ライブカード置き場に置く場合", "{{live_start.png|ライブ開始時}}自分のライブ中のライブカードの必要ハートに含まれる{{heart_02.png|heart02}}の合計が4以上の場合、ライブ終了時まで、{{heart_02.png|heart02}}を得る。", "自分のライブ中のライブカードの必要ハートに含まれる{{heart_02.png|heart02}}の合計が4以上の場合、ライブ終了時まで、{{heart_02.png|heart02}}を得る。", "自分のライブ中のライブカードの必要ハートに含まれる{{heart_02.png|heart02}}の合計が4以上の場合、ライブ終了時まで、{{heart_02.png|heart02}}を得る", "自分のライブ中のライブカードの必要ハートに含まれる{{heart_02.png|heart02}}の合計が4以上の場合", "{{toujyou.png|登場}}控え室から登場している場合、カードを2枚引き、手札を1枚控え室に置く。", "控え室から登場している場合、カードを2枚引き、手札を1枚控え室に置く。", "控え室から登場している場合、カードを2枚引き、手札を1枚控え室に置く", "{{toujyou.png|登場}}ライブ終了時まで、{{icon_blade.png|ブレード}}{{icon_blade.png|ブレード}}を得る。", "{{toujyou.png|登場}}控え室から登場している場合、自分のデッキの上からカードを3枚見る。その中から1枚を手札に加え、残りを控え室に置く。", "控え室から登場している場合、自分のデッキの上からカードを3枚見る。その中から1枚を手札に加え、残りを控え室に置く。", "控え室から登場している場合、自分のデッキの上からカードを3枚見る。その中から1枚を手札に加え、残りを控え室に置く", "{{live_start.png|ライブ開始時}}自分のステージにいるメンバーがすべて『Aqours』の場合、このカードのスコアを＋１し、カードを1枚引き、手札からカードを1枚デッキの一番上か一番下に置く。", "自分のステージにいるメンバーがすべて『Aqours』の場合、このカードのスコアを＋１し、カードを1枚引き、手札からカードを1枚デッキの一番上か一番下に置く。", "自分のステージにいるメンバーがすべて『Aqours』の場合、このカードのスコアを+1し、カードを1枚引き、手札からカードを1枚デッキの一番上か一番下に置く", "自分のステージにいるメンバーがすべて『Aqours』の場合", "カードを1枚引き、手札からカードを1枚デッキの一番上か一番下に置く", "手札からカードを1枚デッキの一番上か一番下に置く", "{{live_start.png|ライブ開始時}}以下から1つを選ぶ。\n・このカードは「{{live_success.png|ライブ成功時}}カードを1枚引く。」を得る。\n・ライブ終了時まで、このターンにバトンタッチして登場した『Aqours』のメンバー1人は{{heart_02.png|heart02}}を得る。\n・自分の成功ライブカード置き場にカードが2枚以上ある場合、このカードのスコアを＋１する。", "以下から1つを選ぶ。\n・このカードは「{{live_success.png|ライブ成功時}}カードを1枚引く。」を得る。\n・ライブ終了時まで、このターンにバトンタッチして登場した『Aqours』のメンバー1人は{{heart_02.png|heart02}}を得る。\n・自分の成功ライブカード置き場にカードが2枚以上ある場合、このカードのスコアを＋１する。", "以下から1つを選ぶ。\n・このカードは「{{live_success.png|ライブ成功時}}カードを1枚引く。」を得る。\n・ライブ終了時まで、このターンにバトンタッチして登場した『Aqours』のメンバー1人は{{heart_02.png|heart02}}を得る。\n・自分の成功ライブカード置き場にカードが2枚以上ある場合、このカードのスコアを+1する", "このカードは「{{live_success.png|ライブ成功時}}カードを1枚引く。」を得る。", "【ライブ成功時】カードを1枚引く。", "ライブ終了時まで、このターンにバトンタッチして登場した『Aqours』のメンバー1人は{{heart_02.png|heart02}}を得る。", "{{jidou.png|自動}}{{turn1.png|ターン1回}}自分がエールしたとき、エールにより公開された自分のカードの中からブレードハートを持たない『Aqours』のメンバーカードを1枚まで控え室に置いてもよい。そうした場合、これにより控え室に置いたカードのコスト５につき、追加で1枚エールを行う。この能力では4枚までしか追加でエールできない。", "自分がエールしたとき、エールにより公開された自分のカードの中からブレードハートを持たない『Aqours』のメンバーカードを1枚まで控え室に置いてもよい。そうした場合、これにより控え室に置いたカードのコスト５につき、追加で1枚エールを行う。この能力では4枚までしか追加でエールできない。", "自分がエールしたとき、エールにより公開された自分のカードの中からブレードハートを持たない『Aqours』のメンバーカードを1枚まで控え室に置いてもよい。そうした場合、これにより控え室に置いたカードのコスト5につき、追加で1枚エールを行う。この能力では4枚までしか追加でエールできない", "エールにより公開された自分のカードの中からブレードハートを持たない『Aqours』のメンバーカードを1枚まで控え室に置いてもよい。", "これにより控え室に置いたカードのコスト5につき、追加で1枚エールを行う。この能力では4枚までしか追加でエールできない", "{{live_success.png|ライブ成功時}}相手のエネルギーが自分より多い場合、このカードのスコアを＋１する。", "相手のエネルギーが自分より多い場合、このカードのスコアを＋１する。", "相手のエネルギーが自分より多い場合、このカードのスコアを+1する", "{{live_success.png|ライブ成功時}}エールにより公開された自分のカードの中にライブカードがある場合、このカードのスコアを＋１する。", "エールにより公開された自分のカードの中にライブカードがある場合、このカードのスコアを＋１する。", "エールにより公開された自分のカードの中にライブカードがある場合、このカードのスコアを+1する", "エールにより公開された自分のカードの中にライブカードがある場合", "{{live_success.png|ライブ成功時}}ライブ終了時まで、相手は余剰ハートをすべて失う。これにより相手が余剰ハートを2つ以上失っている場合、このカードのスコアを＋１する。", "ライブ終了時まで、相手は余剰ハートをすべて失う。これにより相手が余剰ハートを2つ以上失っている場合、このカードのスコアを＋１する。", "相手は余剰ハートをすべて失う。これにより相手が余剰ハートを2つ以上失っている場合、このカードのスコアを+1する", "相手は余剰ハートをすべて失う。", "これにより相手が余剰ハートを2つ以上失っている場合", "delta", "{{live_start.png|ライブ開始時}}自分のデッキの上からカードを4枚控え室に置く。それらがすべて『蓮ノ空』のカードの場合、ライブ終了時まで、{{icon_blade.png|ブレード}}を得る。", "自分のデッキの上からカードを4枚控え室に置く。それらがすべて『蓮ノ空』のカードの場合、ライブ終了時まで、{{icon_blade.png|ブレード}}を得る。", "自分のデッキの上からカードを4枚控え室に置く。それらがすべて『蓮ノ空』のカードの場合、ライブ終了時まで、{{icon_blade.png|ブレード}}を得る", "それらがすべて『蓮ノ空』のカードの場合、ライブ終了時まで、{{icon_blade.png|ブレード}}を得る", "それらがすべて『蓮ノ空』のカードの場合", "{{live_start.png|ライブ開始時}}手札の『DOLLCHESTRA』のカードを1枚控え室に置いてもよい：カードを1枚引き、ライブ終了時まで、自分のステージにいる『DOLLCHESTRA』のメンバー1人のコストを＋５する。", "手札の『DOLLCHESTRA』のカードを1枚控え室に置いてもよい：カードを1枚引き、ライブ終了時まで、自分のステージにいる『DOLLCHESTRA』のメンバー1人のコストを＋５する。", "カードを1枚引き、ライブ終了時まで、自分のステージにいる『DOLLCHESTRA』のメンバー1人のコストを+5する", "自分のステージにいる『DOLLCHESTRA』のメンバー1人の{{icon_energy.png|E}}を+5する", "{{kidou.png|起動}}{{turn1.png|ターン1回}}このメンバーをウェイトにする：カードを1枚引き、手札を1枚控え室に置く。", "このメンバーをウェイトにする：カードを1枚引き、手札を1枚控え室に置く。", "{{toujyou.png|登場}}自分のステージにほかの『スリーズブーケ』のメンバーがいる場合、エネルギーを1枚アクティブにする。", "自分のステージにほかの『スリーズブーケ』のメンバーがいる場合、エネルギーを1枚アクティブにする。", "自分のステージにほかの『スリーズブーケ』のメンバーがいる場合、エネルギーを1枚アクティブにする", "自分のステージにほかの『スリーズブーケ』のメンバーがいる場合", "{{toujyou.png|登場}}/{{live_start.png|ライブ開始時}}相手のステージにいる元々持つ{{icon_blade.png|ブレード}}の数が3つ以下の『DOLLCHESTRA』以外のメンバー1人をウェイトにする。", "相手のステージにいる元々持つ{{icon_blade.png|ブレード}}の数が3つ以下の『DOLLCHESTRA』以外のメンバー1人をウェイトにする。", "相手のステージにいる元々持つ{{icon_blade.png|ブレード}}の数が3つ以下の『DOLLCHESTRA』以外のメンバー1人をウェイトにする", "{{kidou.png|起動}}このカードを手札から控え室に置く：カードを1枚引き、ライブ終了時まで、自分のステージにいる「藤島慈」か「大沢瑠璃乃」のうち1人は{{icon_blade.png|ブレード}}を得る。この能力は、このカードが手札にある場合のみ起動できる。", "このカードを手札から控え室に置く：カードを1枚引き、ライブ終了時まで、自分のステージにいる「藤島慈」か「大沢瑠璃乃」のうち1人は{{icon_blade.png|ブレード}}を得る。この能力は、このカードが手札にある場合のみ起動できる。", "カードを1枚引き、ライブ終了時まで、自分のステージにいる「藤島慈」か「大沢瑠璃乃」のうち1人は{{icon_blade.png|ブレード}}を得る", "自分のステージにいる「藤島慈」か「大沢瑠璃乃」のうち1人は{{icon_blade.png|ブレード}}を得る", "{{toujyou.png|登場}}このメンバーが手札以外からステージに登場している場合、カードを2枚引き、手札を2枚控え室に置く。", "このメンバーが手札以外からステージに登場している場合、カードを2枚引き、手札を2枚控え室に置く。", "このメンバーが手札以外からステージに登場している場合、カードを2枚引き、手札を2枚控え室に置く", "このメンバーが手札以外からステージに登場している場合", "{{kidou.png|起動}}{{turn1.png|ターン1回}}{{icon_energy.png|E}}{{icon_energy.png|E}}{{icon_energy.png|E}}{{icon_energy.png|E}}：自分の控え室からコスト4以下の『蓮ノ空』のメンバーカードを1枚、メンバーのいないエリアに登場させる。", "{{icon_energy.png|E}}{{icon_energy.png|E}}{{icon_energy.png|E}}{{icon_energy.png|E}}：自分の控え室からコスト4以下の『蓮ノ空』のメンバーカードを1枚、メンバーのいないエリアに登場させる。", "自分の控え室からコスト4以下の『蓮ノ空』のメンバーカードを1枚、メンバーのいないエリアに登場させる", "{{jidou.png|自動}}このメンバーがステージから控え室に置かれたとき、手札を1枚控え室に置いてもよい。そうした場合、自分の控え室からライブカードとメンバーカードをそれぞれ1枚まで手札に加える。", "このメンバーがステージから控え室に置かれたとき、手札を1枚控え室に置いてもよい。そうした場合、自分の控え室からライブカードとメンバーカードをそれぞれ1枚まで手札に加える。", "このメンバーがステージから控え室に置かれたとき、手札を1枚控え室に置いてもよい。そうした場合、自分の控え室からライブカードとメンバーカードをそれぞれ1枚まで手札に加える", "{{jidou.png|自動}}このメンバーがステージから控え室に置かれたとき、手札を1枚控え室に置いてもよい。そうした場合、ライブ終了時まで、自分のステージにいるメンバー1人は、{{heart_05.png|heart05}}{{icon_blade.png|ブレード}}を得る。", "このメンバーがステージから控え室に置かれたとき、手札を1枚控え室に置いてもよい。そうした場合、ライブ終了時まで、自分のステージにいるメンバー1人は、{{heart_05.png|heart05}}{{icon_blade.png|ブレード}}を得る。", "このメンバーがステージから控え室に置かれたとき、手札を1枚控え室に置いてもよい。そうした場合、ライブ終了時まで、自分のステージにいるメンバー1人は、{{heart_05.png|heart05}}{{icon_blade.png|ブレード}}を得る", "{{jidou.png|自動}}このメンバーがステージから控え室に置かれたとき、カードを2枚引き、手札を2枚控え室に置く。", "このメンバーがステージから控え室に置かれたとき、カードを2枚引き、手札を2枚控え室に置く。", "このメンバーがステージから控え室に置かれたとき、カードを2枚引き、手札を2枚控え室に置く", "{{live_start.png|ライブ開始時}}手札を1枚控え室に置いてもよい：ライブ終了時まで、自分のステージにいる『蓮ノ空』のメンバー1人は、{{heart_05.png|heart05}}を得る。", "手札を1枚控え室に置いてもよい：ライブ終了時まで、自分のステージにいる『蓮ノ空』のメンバー1人は、{{heart_05.png|heart05}}を得る。", "自分のステージにいる『蓮ノ空』のメンバー1人は、{{heart_05.png|heart05}}を得る", "{{live_success.png|ライブ成功時}}自分のステージにメンバーが2人以上いる場合、自分の控え室からスコア３以下のライブカードを1枚手札に加える。", "自分のステージにメンバーが2人以上いる場合、自分の控え室からスコア３以下のライブカードを1枚手札に加える。", "自分のステージにメンバーが2人以上いる場合、自分の控え室からスコア3以下のライブカードを1枚手札に加える", "自分のステージにメンバーが2人以上いる場合", "{{jidou.png|自動}}{{turn1.png|ターン1回}}自分がエールしたとき、エールにより公開された自分のブレードハートを持たない『蓮ノ空』のカードを3枚まで控え室に置いてもよい。そうした場合、これにより控え室に置いた数に等しい枚数のエールを追加で行う。", "自分がエールしたとき、エールにより公開された自分のブレードハートを持たない『蓮ノ空』のカードを3枚まで控え室に置いてもよい。そうした場合、これにより控え室に置いた数に等しい枚数のエールを追加で行う。", "自分がエールしたとき、エールにより公開された自分のブレードハートを持たない『蓮ノ空』のカードを3枚まで控え室に置いてもよい。そうした場合、これにより控え室に置いた数に等しい枚数のエールを追加で行う", "エールにより公開された自分のブレードハートを持たない『蓮ノ空』のカードを3枚まで控え室に置いてもよい。", "これにより控え室に置いた数に等しい枚数のエールを追加で行う", "これにより控え室に置いた数", "{{live_success.png|ライブ成功時}}このターン、自分が余剰ハートを1つ以上持っている場合、自分のデッキの上からカードを2枚見る。その中から好きな枚数を好きな順番でデッキの上に置き、残りを控え室に置く。", "このターン、自分が余剰ハートを1つ以上持っている場合、自分のデッキの上からカードを2枚見る。その中から好きな枚数を好きな順番でデッキの上に置き、残りを控え室に置く。", "このターン、自分が余剰ハートを1つ以上持っている場合、自分のデッキの上からカードを2枚見る。その中から好きな枚数を好きな順番でデッキの上に置き、残りを控え室に置く", "このターン、自分が余剰ハートを1つ以上持っている場合", "{{live_start.png|ライブ開始時}}自分のステージにいる『蓮ノ空』のメンバーのコストが合計20以上の場合、デッキの上のカードを2枚見る。その中から1枚を手札に加え、残りをデッキの上に戻す。30以上の場合、さらにこのカードの必要ハートを{{heart_00.png|heart0}}{{heart_00.png|heart0}}減らす。", "自分のステージにいる『蓮ノ空』のメンバーのコストが合計20以上の場合、デッキの上のカードを2枚見る。その中から1枚を手札に加え、残りをデッキの上に戻す。30以上の場合、さらにこのカードの必要ハートを{{heart_00.png|heart0}}{{heart_00.png|heart0}}減らす。", "自分のステージにいる『蓮ノ空』のメンバーのコストが合計20以上の場合、デッキの上のカードを2枚見る。その中から1枚を手札に加え、残りをデッキの上に戻す。30以上の場合、さらにこのカードの必要ハートを{{heart_00.png|heart0}}{{heart_00.png|heart0}}減らす", "自分のステージにいる『蓮ノ空』のメンバーのコストが合計20以上の場合", "デッキの上のカードを2枚見る。", "1枚を手札に加え、残りをデッキの上に戻す", "remainder_destination", "30以上の場合、さらにこのカードの必要ハートを{{heart_00.png|heart0}}{{heart_00.png|heart0}}減らす", "30以上の場合", "{{live_start.png|ライブ開始時}}カードを1枚引き、手札を1枚控え室に置く。", "{{live_start.png|ライブ開始時}}自分の控え室にあるすべてのメンバーカードをシャッフルし、デッキの下に置いてもよい。これにより『みらくらぱーく！』のカードを15枚以上デッキの下に置いた場合、ライブ終了時まで、自分のステージにいる「安養寺姫芽」1人は{{icon_blade.png|ブレード}}{{icon_blade.png|ブレード}}{{icon_blade.png|ブレード}}を得る。", "自分の控え室にあるすべてのメンバーカードをシャッフルし、デッキの下に置いてもよい。これにより『みらくらぱーく！』のカードを15枚以上デッキの下に置いた場合、ライブ終了時まで、自分のステージにいる「安養寺姫芽」1人は{{icon_blade.png|ブレード}}{{icon_blade.png|ブレード}}{{icon_blade.png|ブレード}}を得る。", "自分の控え室にあるすべてのメンバーカードをシャッフルし、デッキの下に置いてもよい。これにより『みらくらぱーく！』のカードを15枚以上デッキの下に置いた場合、ライブ終了時まで、自分のステージにいる「安養寺姫芽」1人は{{icon_blade.png|ブレード}}{{icon_blade.png|ブレード}}{{icon_blade.png|ブレード}}を得る", "自分の控え室にあるすべてのメンバーカードをシャッフルし、デッキの下に置いてもよい", "これにより『みらくらぱーく！』のカードを15枚以上デッキの下に置いた場合", "ライブ終了時まで、自分のステージにいる「安養寺姫芽」1人は{{icon_blade.png|ブレード}}{{icon_blade.png|ブレード}}{{icon_blade.png|ブレード}}を得る", "{{live_success.png|ライブ成功時}}エールにより公開された自分のカードの中から、コスト4以下のメンバーカードを1枚手札に加える。", "エールにより公開された自分のカードの中から、コスト4以下のメンバーカードを1枚手札に加える。", "エールにより公開された自分のカードの中から、コスト4以下のメンバーカードを1枚手札に加える", "{{toujyou.png|登場}}自分のデッキの上からカードを6枚見る。その中からカードを2枚手札に加え、残りを控え室に置く。", "自分のデッキの上からカードを6枚見る。その中からカードを2枚手札に加え、残りを控え室に置く。", "自分のデッキの上からカードを6枚見る。その中からカードを2枚手札に加え、残りを控え室に置く", "カードを2枚手札に加え、残りを控え室に置く", "{{live_start.png|ライブ開始時}}手札の「南ことり」と「黒澤ダイヤ」と「徒町小鈴」を、好きな枚数控え室に置いてもよい：ライブ終了時まで、これにより控え室に置いたそれらのカードが持つハートの色1つにつき、その色のハートを1つずつ得る。", "手札の「南ことり」と「黒澤ダイヤ」と「徒町小鈴」を、好きな枚数控え室に置いてもよい：ライブ終了時まで、これにより控え室に置いたそれらのカードが持つハートの色1つにつき、その色のハートを1つずつ得る。", "手札の「南ことり」と「黒澤ダイヤ」と「徒町小鈴」を、好きな枚数控え室に置いてもよい", "南ことり", "これにより控え室に置いたそれらのカードが持つハートの色1つにつき、その色のハートを1つずつ得る", "{{live_start.png|ライブ開始時}}自分のデッキの上からカードを1枚見る。そのカードを控え室に置いてもよい。", "自分のデッキの上からカードを1枚見る。そのカードを控え室に置いてもよい。", "自分のデッキの上からカードを1枚見る。そのカードを控え室に置いてもよい", "そのカードを控え室に置いてもよい", "{{toujyou.png|登場}}{{icon_energy.png|E}}支払ってもよい：自分の控え室から『DOLLCHESTRA』のカードを1枚手札に加える。", "{{icon_energy.png|E}}支払ってもよい：自分の控え室から『DOLLCHESTRA』のカードを1枚手札に加える。", "自分の控え室から『DOLLCHESTRA』のカードを1枚手札に加える", "{{kidou.png|起動}}{{turn1.png|ターン1回}}このメンバーをウェイトにする：ライブ終了時まで、自分のステージにいる『みらくらぱーく！』のメンバー1人は、{{icon_blade.png|ブレード}}を得る。", "このメンバーをウェイトにする：ライブ終了時まで、自分のステージにいる『みらくらぱーく！』のメンバー1人は、{{icon_blade.png|ブレード}}を得る。", "自分のステージにいる『みらくらぱーく！』のメンバー1人は、{{icon_blade.png|ブレード}}を得る", "{{toujyou.png|登場}}以下から1つを選ぶ。\n・自分のデッキの上からカードを3枚控え室に置く。\n・相手のステージにいるコスト2以下のメンバー1人をウェイトにする。", "以下から1つを選ぶ。\n・自分のデッキの上からカードを3枚控え室に置く。\n・相手のステージにいるコスト2以下のメンバー1人をウェイトにする。", "以下から1つを選ぶ。\n・自分のデッキの上からカードを3枚控え室に置く。\n・相手のステージにいるコスト2以下のメンバー1人をウェイトにする", "{{toujyou.png|登場}}ライブ終了時まで、{{icon_blade.png|ブレード}}{{icon_blade.png|ブレード}}{{icon_blade.png|ブレード}}を得る。", "ライブ終了時まで、{{icon_blade.png|ブレード}}{{icon_blade.png|ブレード}}{{icon_blade.png|ブレード}}を得る。", "{{kidou.png|起動}}このメンバーをステージから控え室に置く：自分の控え室から『蓮ノ空』のカードを1枚手札に加える。", "このメンバーをステージから控え室に置く：自分の控え室から『蓮ノ空』のカードを1枚手札に加える。", "{{live_success.png|ライブ成功時}}エールにより公開された自分のカードの中から、コスト4以上9以下の『蓮ノ空』のメンバーカードを1枚手札に加える。", "エールにより公開された自分のカードの中から、コスト4以上9以下の『蓮ノ空』のメンバーカードを1枚手札に加える。", "エールにより公開された自分のカードの中から、コスト4以上9以下の『蓮ノ空』のメンバーカードを1枚手札に加える", "cost_limit_min", "cost_limit_max", "{{live_start.png|ライブ開始時}}ライブ終了時まで、自分のステージにいるコスト10以上の『蓮ノ空』のメンバー1人は、{{icon_blade.png|ブレード}}{{icon_blade.png|ブレード}}を得る。", "ライブ終了時まで、自分のステージにいるコスト10以上の『蓮ノ空』のメンバー1人は、{{icon_blade.png|ブレード}}{{icon_blade.png|ブレード}}を得る。", "自分のステージにいるコスト10以上の『蓮ノ空』のメンバー1人は、{{icon_blade.png|ブレード}}{{icon_blade.png|ブレード}}を得る", "{{live_success.png|ライブ成功時}}{{icon_energy.png|E}}支払ってもよい：以下から1つを選ぶ。\n・自分の控え室からメンバーカードを1枚手札に加える。\n・自分のライブカード置き場にカードが2枚以上ある場合、自分の控え室から『蓮ノ空』のライブカードを1枚手札に加える。", "{{icon_energy.png|E}}支払ってもよい：以下から1つを選ぶ。\n・自分の控え室からメンバーカードを1枚手札に加える。\n・自分のライブカード置き場にカードが2枚以上ある場合、自分の控え室から『蓮ノ空』のライブカードを1枚手札に加える。", "以下から1つを選ぶ。\n・自分の控え室からメンバーカードを1枚手札に加える。\n・自分のライブカード置き場にカードが2枚以上ある場合、自分の控え室から『蓮ノ空』のライブカードを1枚手札に加える", "自分のライブカード置き場にカードが2枚以上ある場合、自分の控え室から『蓮ノ空』のライブカードを1枚手札に加える", "{{live_success.png|ライブ成功時}}自分と相手のライブの合計スコアが同じ場合、エールにより公開された自分のカードの中から、コスト9以上のメンバーカードを1枚手札に加える。", "自分と相手のライブの合計スコアが同じ場合、エールにより公開された自分のカードの中から、コスト9以上のメンバーカードを1枚手札に加える。", "自分と相手のライブの合計スコアが同じ場合、エールにより公開された自分のカードの中から、コスト9以上のメンバーカードを1枚手札に加える", "自分と相手のライブの合計スコアが同じ場合", "{{live_start.png|ライブ開始時}}カードを1枚引く。その後、自分のステージにいるメンバーをフォーメーションチェンジしてもよい。(メンバーをそれぞれ好きなエリアに移動させる。この効果で1つのエリアに2人以上のメンバーを移動させることはできない。)", "カードを1枚引く。その後、自分のステージにいるメンバーをフォーメーションチェンジしてもよい。(メンバーをそれぞれ好きなエリアに移動させる。この効果で1つのエリアに2人以上のメンバーを移動させることはできない。)", "カードを1枚引く。その後、自分のステージにいるメンバーをフォーメーションチェンジしてもよい", "自分のステージにいるメンバーをフォーメーションチェンジしてもよい", "{{live_success.png|ライブ成功時}}カードを1枚引く。このターン、このメンバーがエリアを移動している場合、さらにカードを1枚引く。", "カードを1枚引く。このターン、このメンバーがエリアを移動している場合、さらにカードを1枚引く。", "カードを1枚引く。このターン、このメンバーがエリアを移動している場合、さらにカードを1枚引く", "このターン、このメンバーがエリアを移動している場合、カードを1枚引く", "{{jyouji.png|常時}}{{center.png|センター}}{{icon_blade.png|ブレード}}{{icon_blade.png|ブレード}}{{icon_blade.png|ブレード}}{{icon_blade.png|ブレード}}を得る。", "{{center.png|センター}}{{icon_blade.png|ブレード}}{{icon_blade.png|ブレード}}{{icon_blade.png|ブレード}}{{icon_blade.png|ブレード}}を得る。", "{{kidou.png|起動}}{{turn1.png|ターン1回}}{{icon_energy.png|E}}{{icon_energy.png|E}}手札を1枚控え室に置く：自分の控え室から『Liella!』のライブカードを1枚手札に加える。", "{{icon_energy.png|E}}{{icon_energy.png|E}}手札を1枚控え室に置く：自分の控え室から『Liella!』のライブカードを1枚手札に加える。", "{{jyouji.png|常時}}自分のステージにコスト13以上のメンバーがいるかぎり、{{heart_03.png|heart03}}を得る。", "自分のステージにコスト13以上のメンバーがいるかぎり、{{heart_03.png|heart03}}を得る。", "自分のステージにコスト13以上のメンバーがいるかぎり", "{{jidou.png|自動}}{{turn1.png|ターン1回}}このメンバーがエリアを移動したとき、ライブ終了時まで、{{icon_blade.png|ブレード}}を得る。\n(対戦相手のカードの効果でも発動する。)", "このメンバーがエリアを移動したとき、ライブ終了時まで、{{icon_blade.png|ブレード}}を得る。\n(対戦相手のカードの効果でも発動する。)", "{{jidou.png|自動}}{{turn1.png|ターン1回}}このメンバーがエリアを移動したとき、ライブ終了時まで、{{heart_02.png|heart02}}を得る。\n(対戦相手のカードの効果でも発動する。)", "このメンバーがエリアを移動したとき、ライブ終了時まで、{{heart_02.png|heart02}}を得る。\n(対戦相手のカードの効果でも発動する。)", "このメンバーがエリアを移動したとき、ライブ終了時まで、{{heart_02.png|heart02}}を得る", "{{live_start.png|ライブ開始時}}自分のエネルギーが7枚以上ある場合、ライブ終了時まで、このメンバーと自分のステージにいるほかの『Liella!』のメンバー1人は、{{icon_blade.png|ブレード}}を得る。", "自分のエネルギーが7枚以上ある場合、ライブ終了時まで、このメンバーと自分のステージにいるほかの『Liella!』のメンバー1人は、{{icon_blade.png|ブレード}}を得る。", "{{jidou.png|自動}}{{turn1.png|ターン1回}}このメンバーがエリアを移動したとき、ライブ終了時まで、{{heart_03.png|heart03}}を得る。\n(対戦相手のカードの効果でも発動する。)", "このメンバーがエリアを移動したとき、ライブ終了時まで、{{heart_03.png|heart03}}を得る。\n(対戦相手のカードの効果でも発動する。)", "このメンバーがエリアを移動したとき、ライブ終了時まで、{{heart_03.png|heart03}}を得る", "{{live_success.png|ライブ成功時}}ライブの合計スコアが相手より高い場合、自分のエネルギーデッキから、エネルギーカードを1枚ウェイト状態で置く。", "ライブの合計スコアが相手より高い場合、自分のエネルギーデッキから、エネルギーカードを1枚ウェイト状態で置く。", "{{live_success.png|ライブ成功時}}自分のステージに「澁谷かのん」と「唐可可」がいる場合、カードを1枚引く。", "自分のステージに「澁谷かのん」と「唐可可」がいる場合、カードを1枚引く。", "{{live_start.png|ライブ開始時}}自分のエネルギーが12枚以上ある場合、このカードのスコアを＋１する。", "自分のエネルギーが12枚以上ある場合、このカードのスコアを＋１する。", "{{jyouji.png|常時}}自分のエネルギーが6枚以上あるかぎり、{{heart_02.png|heart02}}を得る。8枚以上あるかぎり、さらに{{heart_02.png|heart02}}を得る。", "自分のエネルギーが6枚以上あるかぎり、{{heart_02.png|heart02}}を得る。8枚以上あるかぎり、さらに{{heart_02.png|heart02}}を得る。", "自分のエネルギーが6枚以上あるかぎり、{{heart_02.png|heart02}}を得る。8枚以上あるかぎり、さらに{{heart_02.png|heart02}}を得る", "{{jyouji.png|常時}}自分のアクティブ状態のエネルギーがあるかぎり、{{heart_02.png|heart02}}{{heart_02.png|heart02}}を得る。", "自分のアクティブ状態のエネルギーがあるかぎり、{{heart_02.png|heart02}}{{heart_02.png|heart02}}を得る。", "自分のアクティブ状態のエネルギーがあるかぎり", "{{jyouji.png|常時}}自分のエネルギーが6枚以上あるかぎり、{{heart_03.png|heart03}}を得る。8枚以上あるかぎり、さらに{{heart_03.png|heart03}}を得る。", "自分のエネルギーが6枚以上あるかぎり、{{heart_03.png|heart03}}を得る。8枚以上あるかぎり、さらに{{heart_03.png|heart03}}を得る。", "自分のエネルギーが6枚以上あるかぎり、{{heart_03.png|heart03}}を得る。8枚以上あるかぎり、さらに{{heart_03.png|heart03}}を得る", "{{jidou.png|自動}}{{turn1.png|ターン1回}}自分のメインフェイズの間、このメンバーがエリアを移動したとき、エネルギーを2枚アクティブにする。", "自分のメインフェイズの間、このメンバーがエリアを移動したとき、エネルギーを2枚アクティブにする。", "{{toujyou.png|登場}}/{{live_start.png|ライブ開始時}}相手のステージにいるコスト2以下のメンバー1人をウェイトにする。", "{{live_start.png|ライブ開始時}}{{heart_02.png|heart02}}か{{heart_03.png|heart03}}か{{heart_06.png|heart06}}のうち1つを選ぶ。ライブ終了時まで、このメンバーが元々持つハートは選んだハートになる。", "{{heart_02.png|heart02}}か{{heart_03.png|heart03}}か{{heart_06.png|heart06}}のうち1つを選ぶ。ライブ終了時まで、このメンバーが元々持つハートは選んだハートになる。", "{{heart_02.png|heart02}}か{{heart_03.png|heart03}}か{{heart_06.png|heart06}}のうち1つを選ぶ。ライブ終了時まで、このメンバーが元々持つハートは選んだハートになる", "{{heart_02.png|heart02}}か{{heart_03.png|heart03}}か{{heart_06.png|heart06}}のうち1つを選ぶ", "{{jyouji.png|常時}}自分のエネルギーが6枚以上あるかぎり、{{heart_06.png|heart06}}を得る。8枚以上あるかぎり、さらに{{heart_06.png|heart06}}を得る。", "自分のエネルギーが6枚以上あるかぎり、{{heart_06.png|heart06}}を得る。8枚以上あるかぎり、さらに{{heart_06.png|heart06}}を得る。", "自分のエネルギーが6枚以上あるかぎり、{{heart_06.png|heart06}}を得る。8枚以上あるかぎり、さらに{{heart_06.png|heart06}}を得る", "{{jyouji.png|常時}}{{leftside.png|左サイド}}{{icon_blade.png|ブレード}}{{icon_blade.png|ブレード}}を得る。", "{{leftside.png|左サイド}}{{icon_blade.png|ブレード}}{{icon_blade.png|ブレード}}を得る。", "{{toujyou.png|登場}}{{rightside.png|右サイド}}カードを2枚引き、手札を2枚控え室に置く。", "{{rightside.png|右サイド}}カードを2枚引き、手札を2枚控え室に置く。", "{{toujyou.png|登場}}{{leftside.png|左サイド}}カードを2枚引き、手札を2枚控え室に置く。", "{{leftside.png|左サイド}}カードを2枚引き、手札を2枚控え室に置く。", "{{jyouji.png|常時}}{{rightside.png|右サイド}}{{icon_blade.png|ブレード}}{{icon_blade.png|ブレード}}を得る。", "{{rightside.png|右サイド}}{{icon_blade.png|ブレード}}{{icon_blade.png|ブレード}}を得る。", "{{live_start.png|ライブ開始時}}自分のステージにいるハートを4つ以上持つ『Liella!』のメンバー1人につき、このカードのスコアを＋１する。", "自分のステージにいるハートを4つ以上持つ『Liella!』のメンバー1人につき、このカードのスコアを＋１する。", "自分のステージにいるハートを4つ以上持つ『Liella!』のメンバー1人につき、このカードのスコアを+1する", "{{live_start.png|ライブ開始時}}手札を1枚控え室に置いてもよい：自分のステージにいるメンバーが『Liella!』のみの場合、相手のステージにいるコスト2以下のメンバー1人をウェイトにする。", "手札を1枚控え室に置いてもよい：自分のステージにいるメンバーが『Liella!』のみの場合、相手のステージにいるコスト2以下のメンバー1人をウェイトにする。", "自分のステージにいるメンバーが『Liella!』のみの場合、相手のステージにいるコスト2以下のメンバー1人をウェイトにする", "{{live_start.png|ライブ開始時}}自分のステージにいる名前の異なる『CatChu!』のメンバー1人につき、このカードの必要ハートを{{heart_00.png|heart0}}{{heart_00.png|heart0}}減らし、{{heart_02.png|heart02}}増やす。その後、このカードの必要ハートに含まれる{{heart_02.png|heart02}}が9以上の場合、このカードのスコアを＋１する。", "自分のステージにいる名前の異なる『CatChu!』のメンバー1人につき、このカードの必要ハートを{{heart_00.png|heart0}}{{heart_00.png|heart0}}減らし、{{heart_02.png|heart02}}増やす。その後、このカードの必要ハートに含まれる{{heart_02.png|heart02}}が9以上の場合、このカードのスコアを＋１する。", "自分のステージにいる名前の異なる『CatChu!』のメンバー1人につき、このカードの必要ハートを{{heart_00.png|heart0}}{{heart_00.png|heart0}}減らし、{{heart_02.png|heart02}}増やす。その後、このカードの必要ハートに含まれる{{heart_02.png|heart02}}が9以上の場合、このカードのスコアを+1する", "このカードの必要ハートを{{heart_00.png|heart0}}{{heart_00.png|heart0}}減らし", "このカードの必要ハートに含まれる{{heart_02.png|heart02}}が9以上の場合", "{{live_success.png|ライブ成功時}}エールにより公開された自分のカードの中に『KALEIDOSCORE』のカードが5枚以上ある場合、自分のエネルギーデッキから、エネルギーカードを1枚ウェイト状態で置く。", "エールにより公開された自分のカードの中に『KALEIDOSCORE』のカードが5枚以上ある場合、自分のエネルギーデッキから、エネルギーカードを1枚ウェイト状態で置く。", "エールにより公開された自分のカードの中に『KALEIDOSCORE』のカードが5枚以上ある場合、自分のエネルギーデッキから、エネルギーカードを1枚ウェイト状態で置く", "エールにより公開された自分のカードの中に『KALEIDOSCORE』のカードが5枚以上ある場合", "{{live_success.png|ライブ成功時}}自分のエネルギーが11枚以上ある場合、このカードのスコアを＋１する。", "自分のエネルギーが11枚以上ある場合、このカードのスコアを＋１する。", "自分のエネルギーが11枚以上ある場合、このカードのスコアを+1する", "{{live_start.png|ライブ開始時}}自分のステージに『5yncri5e!』のメンバーが2人以上いる場合、自分のステージにいるメンバーをフォーメーションチェンジしてもよい。(メンバーをそれぞれ好きなエリアに移動させてもよい。)", "自分のステージに『5yncri5e!』のメンバーが2人以上いる場合、自分のステージにいるメンバーをフォーメーションチェンジしてもよい。(メンバーをそれぞれ好きなエリアに移動させてもよい。)", "自分のステージに『5yncri5e!』のメンバーが2人以上いる場合、自分のステージにいるメンバーをフォーメーションチェンジしてもよい", "自分のステージに『5yncri5e!』のメンバーが2人以上いる場合", "{{live_start.png|ライブ開始時}}自分のエネルギーが9枚以上ある場合、このカードのスコアを＋１する。", "自分のエネルギーが9枚以上ある場合、このカードのスコアを＋１する。", "{{jyouji.png|常時}}自分のステージにいるメンバーが持つ{{live_start.png|ライブ開始時}}能力は発動しない。", "自分のステージにいるメンバーが持つ{{live_start.png|ライブ開始時}}能力は発動しない。", "自分のステージにいるメンバーが持つ{{live_start.png|ライブ開始時}}能力は発動しない", "suppress_ability_trigger", "suppressed_trigger", "{{live_success.png|ライブ成功時}}自分のステージに{{live_start.png|ライブ開始時}}能力を持つメンバーがいる場合、このカードのスコアを＋１する。", "自分のステージに{{live_start.png|ライブ開始時}}能力を持つメンバーがいる場合、このカードのスコアを＋１する。", "自分のステージに{{live_start.png|ライブ開始時}}能力を持つメンバーがいる場合、このカードのスコアを+1する", "自分のステージに{{live_start.png|ライブ開始時}}能力を持つメンバーがいる場合", "has_ability", "{{toujyou.png|登場}}自分のデッキの一番下のカードを見る。それをデッキの上から4番目に置いてもよい。", "自分のデッキの一番下のカードを見る。それをデッキの上から4番目に置いてもよい。", "自分のデッキの一番下のカードを見る。それをデッキの上から4番目に置いてもよい", "自分のデッキの一番下のカードを見る", "それをデッキの上から4番目に置いてもよい", "{{kidou.png|起動}}{{turn1.png|ターン1回}}このメンバーをウェイトにする：自分のデッキの下からカードを2枚控え室に置く。それらがすべて『Aqours』のメンバーカードの場合、このメンバーをアクティブにし、ライブ終了時まで、{{icon_blade.png|ブレード}}{{icon_blade.png|ブレード}}を得る。", "このメンバーをウェイトにする：自分のデッキの下からカードを2枚控え室に置く。それらがすべて『Aqours』のメンバーカードの場合、このメンバーをアクティブにし、ライブ終了時まで、{{icon_blade.png|ブレード}}{{icon_blade.png|ブレード}}を得る。", "自分のデッキの下からカードを2枚控え室に置く。それらがすべて『Aqours』のメンバーカードの場合、このメンバーをアクティブにし、ライブ終了時まで、{{icon_blade.png|ブレード}}{{icon_blade.png|ブレード}}を得る", "自分のデッキの下からカードを2枚控え室に置く", "このメンバーをアクティブにし", "{{toujyou.png|登場}}自分のステージに『Aqours』か『SaintSnow』のメンバーのみがいる場合、フォーメーションチェンジしてもよい。この効果によって『SaintSnow』のメンバーが移動した場合、ライブ終了時まで、{{icon_blade.png|ブレード}}{{icon_blade.png|ブレード}}を得る。", "自分のステージに『Aqours』か『SaintSnow』のメンバーのみがいる場合、フォーメーションチェンジしてもよい。この効果によって『SaintSnow』のメンバーが移動した場合、ライブ終了時まで、{{icon_blade.png|ブレード}}{{icon_blade.png|ブレード}}を得る。", "自分のステージに『Aqours』か『SaintSnow』のメンバーのみがいる場合、フォーメーションチェンジしてもよい。この効果によって『SaintSnow』のメンバーが移動した場合、ライブ終了時まで、{{icon_blade.png|ブレード}}{{icon_blade.png|ブレード}}を得る", "この効果によって『SaintSnow』のメンバーが移動した場合、ライブ終了時まで、{{icon_blade.png|ブレード}}{{icon_blade.png|ブレード}}を得る", "この効果によって『SaintSnow』のメンバーが移動した場合", "{{toujyou.png|登場}}自分か相手を選ぶ。自分は、そのプレイヤーの控え室にあるメンバーカードを2枚まで好きな順番でデッキの下に置く。", "自分か相手を選ぶ。自分は、そのプレイヤーの控え室にあるメンバーカードを2枚まで好きな順番でデッキの下に置く。", "自分か相手を選ぶ。自分は、そのプレイヤーの控え室にあるメンバーカードを2枚まで好きな順番でデッキの下に置く", "自分は、そのプレイヤーの控え室にあるメンバーカードを2枚まで好きな順番でデッキの下に置く", "{{jyouji.png|常時}}相手のエネルギーが自分より多いかぎり、{{heart_02.png|heart02}}を得る。", "相手のエネルギーが自分より多いかぎり、{{heart_02.png|heart02}}を得る。", "相手のエネルギーが自分より多いかぎり", "{{live_start.png|ライブ開始時}}自分のデッキの下からカードを1枚控え室に置く。それがライブカードの場合、ライブ終了時まで、{{heart_02.png|heart02}}を得る。", "自分のデッキの下からカードを1枚控え室に置く。それがライブカードの場合、ライブ終了時まで、{{heart_02.png|heart02}}を得る。", "自分のデッキの下からカードを1枚控え室に置く。それがライブカードの場合、ライブ終了時まで、{{heart_02.png|heart02}}を得る", "それがライブカードの場合、ライブ終了時まで、{{heart_02.png|heart02}}を得る", "それがライブカードの場合", "{{jyouji.png|常時}}自分のステージにメンバーが3人以上いるかぎり、{{heart_02.png|heart02}}{{heart_04.png|heart04}}{{heart_05.png|heart05}}を得る。", "自分のステージにメンバーが3人以上いるかぎり、{{heart_02.png|heart02}}{{heart_04.png|heart04}}{{heart_05.png|heart05}}を得る。", "{{heart_02.png|heart02}}{{heart_04.png|heart04}}{{heart_05.png|heart05}}を得る", "自分のステージにメンバーが3人以上いるかぎり", "{{toujyou.png|登場}}自分のデッキの一番下のカードを控え室に置く。それがコスト10以上のメンバーカードの場合、ライブ終了時まで、{{heart_02.png|heart02}}{{heart_05.png|heart05}}を得る。", "自分のデッキの一番下のカードを控え室に置く。それがコスト10以上のメンバーカードの場合、ライブ終了時まで、{{heart_02.png|heart02}}{{heart_05.png|heart05}}を得る。", "自分のデッキの一番下のカードを控え室に置く。それがコスト10以上のメンバーカードの場合、ライブ終了時まで、{{heart_02.png|heart02}}{{heart_05.png|heart05}}を得る", "自分のデッキの一番下のカードを控え室に置く", "それがコスト10以上のメンバーカードの場合、ライブ終了時まで、{{heart_02.png|heart02}}{{heart_05.png|heart05}}を得る", "それがコスト10以上のメンバーカードの場合", "{{toujyou.png|登場}}自分のステージにいるメンバー1人をセンターエリアにポジションチェンジさせる。", "自分のステージにいるメンバー1人をセンターエリアにポジションチェンジさせる。", "自分のステージにいるメンバー1人をセンターエリアにポジションチェンジさせる", "{{live_success.png|ライブ成功時}}自分の控え室から『Aqours』のカードを2枚まで好きな順番でデッキの下に置く。", "自分の控え室から『Aqours』のカードを2枚まで好きな順番でデッキの下に置く。", "自分の控え室から『Aqours』のカードを2枚まで好きな順番でデッキの下に置く", "{{live_start.png|ライブ開始時}}自分のステージにメンバーが3人以上いる場合、自分のデッキの下からカードを5枚控え室に置く。それらの中にメンバーカードが3枚以上ある場合、カードを1枚引く。それらがすべてメンバーカードの場合、さらにこのカードのスコアを＋１する。", "自分のステージにメンバーが3人以上いる場合、自分のデッキの下からカードを5枚控え室に置く。それらの中にメンバーカードが3枚以上ある場合、カードを1枚引く。それらがすべてメンバーカードの場合、さらにこのカードのスコアを＋１する。", "自分のステージにメンバーが3人以上いる場合、自分のデッキの下からカードを5枚控え室に置く。それらの中にメンバーカードが3枚以上ある場合、カードを1枚引く。それらがすべてメンバーカードの場合、さらにこのカードのスコアを+1する", "自分のステージにメンバーが3人以上いる場合、自分のデッキの下からカードを5枚控え室に置く", "自分のステージにメンバーが3人以上いる場合", "それらの中にメンバーカードが3枚以上ある場合、カードを1枚引く", "それらの中にメンバーカードが3枚以上ある場合", "それらがすべてメンバーカードの場合、このカードのスコアを+1する", "{{live_start.png|ライブ開始時}}自分のステージに『Aqours』のメンバーが2人以上いる場合、自分のエネルギー1枚をエネルギーデッキに置いてもよい。そうしたとき、相手のエネルギーが自分より1枚多い場合、このカードのスコアを＋１する。2枚以上多い場合、代わりにスコアを＋２する。", "自分のステージに『Aqours』のメンバーが2人以上いる場合、自分のエネルギー1枚をエネルギーデッキに置いてもよい。そうしたとき、相手のエネルギーが自分より1枚多い場合、このカードのスコアを＋１する。2枚以上多い場合、代わりにスコアを＋２する。", "自分のステージに『Aqours』のメンバーが2人以上いる場合、自分のエネルギー1枚をエネルギーデッキに置いてもよい。そうしたとき、相手のエネルギーが自分より1枚多い場合、このカードのスコアを+1する。2枚以上多い場合、代わりにスコアを+2する", "自分のステージに『Aqours』のメンバーが2人以上いる場合", "自分のエネルギー1枚をエネルギーデッキに置いてもよい。そうしたとき、相手のエネルギーが自分より1枚多い場合、このカードのスコアを+1する。2枚以上多い場合、", "{{live_start.png|ライブ開始時}}ライブ終了時まで、自分のステージにいる『Aqours』のメンバー1人は、元々持つハートがすべて{{heart_04.png|heart04}}になる。", "ライブ終了時まで、自分のステージにいる『Aqours』のメンバー1人は、元々持つハートがすべて{{heart_04.png|heart04}}になる。", "自分のステージにいる『Aqours』のメンバー1人は、元々持つハートがすべて{{heart_04.png|heart04}}になる", "{{live_success.png|ライブ成功時}}以下から1つを選ぶ。\n・相手のステージにいるコスト4以下のメンバーを2人までウェイトにする。そのメンバーは次のターンのアクティブフェイズにアクティブしない。\n・カードを1枚引く。", "以下から1つを選ぶ。\n・相手のステージにいるコスト4以下のメンバーを2人までウェイトにする。そのメンバーは次のターンのアクティブフェイズにアクティブしない。\n・カードを1枚引く。", "以下から1つを選ぶ。\n・相手のステージにいるコスト4以下のメンバーを2人までウェイトにする。そのメンバーは次のターンのアクティブフェイズにアクティブしない。\n・カードを1枚引く", "そのメンバーは次のターンのアクティブフェイズにアクティブしない", "相手のステージにいるコスト4以下のメンバーを2人までウェイトにする。そのメンバーは次のターンのアクティブフェイズにアクティブしない。", "{{live_success.png|ライブ成功時}}ライブの合計スコアが相手より高い場合、エールにより公開された自分のカードの中から、『虹ヶ咲』のカードを1枚手札に加える。", "ライブの合計スコアが相手より高い場合、エールにより公開された自分のカードの中から、『虹ヶ咲』のカードを1枚手札に加える。", "{{toujyou.png|登場}}自分のステージに『A・ZU・NA』のメンバーが3人いる場合、カードを1枚引く。", "自分のステージに『A・ZU・NA』のメンバーが3人いる場合、カードを1枚引く。", "自分のステージに『A・ZU・NA』のメンバーが3人いる場合、カードを1枚引く", "自分のステージに『A・ZU・NA』のメンバーが3人いる場合", "A・ZU・NA", "{{jidou.png|自動}}このメンバーがステージから控え室に置かれたとき、自分の控え室にある『虹ヶ咲』のライブカードを1枚手札に加える。", "このメンバーがステージから控え室に置かれたとき、自分の控え室にある『虹ヶ咲』のライブカードを1枚手札に加える。", "このメンバーがステージから控え室に置かれたとき、自分の控え室にある『虹ヶ咲』のライブカードを1枚手札に加える", "{{toujyou.png|登場}}自分のエネルギーデッキから、エネルギーカード1枚を自分のステージにいる『虹ヶ咲』のメンバーの下に置いてもよい。", "自分のエネルギーデッキから、エネルギーカード1枚を自分のステージにいる『虹ヶ咲』のメンバーの下に置いてもよい。", "自分のエネルギーデッキから、エネルギーカード1枚を自分のステージにいる『虹ヶ咲』のメンバーの下に置いてもよい", "{{toujyou.png|登場}}手札を1枚控え室に置いてもよい：自分のデッキの上からカードを5枚見る。その中からブレードハートを持たない『虹ヶ咲』のメンバーカードを1枚公開して手札に加えてもよい。残りを控え室に置く。", "手札を1枚控え室に置いてもよい：自分のデッキの上からカードを5枚見る。その中からブレードハートを持たない『虹ヶ咲』のメンバーカードを1枚公開して手札に加えてもよい。残りを控え室に置く。", "{{jidou.png|自動}}このメンバーがステージから控え室に置かれたとき、このメンバーが『虹ヶ咲』のメンバーとバトンタッチしていた場合、自分のエネルギーデッキから、エネルギーカード1枚をこのバトンタッチで登場したメンバーの下に置く。", "このメンバーがステージから控え室に置かれたとき、このメンバーが『虹ヶ咲』のメンバーとバトンタッチしていた場合、自分のエネルギーデッキから、エネルギーカード1枚をこのバトンタッチで登場したメンバーの下に置く。", "このメンバーがステージから控え室に置かれたとき、このメンバーが『虹ヶ咲』のメンバーとバトンタッチしていた場合、自分のエネルギーデッキから、エネルギーカード1枚をこのバトンタッチで登場したメンバーの下に置く", "このメンバーがステージから控え室に置かれたとき、このメンバーが『虹ヶ咲』のメンバーとバトンタッチしていた場合", "{{toujyou.png|登場}}自分のデッキの上からカードを3枚控え室に置く。それらのメンバーカードの中に2種類以上のブレードハートの色がある場合、ライブ終了時まで、{{heart_04.png|heart04}}を得る。", "自分のデッキの上からカードを3枚控え室に置く。それらのメンバーカードの中に2種類以上のブレードハートの色がある場合、ライブ終了時まで、{{heart_04.png|heart04}}を得る。", "自分のデッキの上からカードを3枚控え室に置く。それらのメンバーカードの中に2種類以上のブレードハートの色がある場合、ライブ終了時まで、{{heart_04.png|heart04}}を得る", "それらのメンバーカードの中に2種類以上のブレードハートの色がある場合、ライブ終了時まで、{{heart_04.png|heart04}}を得る", "それらのメンバーカードの中に2種類以上のブレードハートの色がある場合", "{{jidou.png|自動}}{{turn1.png|ターン1回}}ライブフェイズの間、自分のステージにいる『虹ヶ咲』のメンバー1人がウェイト状態になったとき、手札を1枚控え室に置いてもよい。そうしたとき、そのメンバーをアクティブにする。", "ライブフェイズの間、自分のステージにいる『虹ヶ咲』のメンバー1人がウェイト状態になったとき、手札を1枚控え室に置いてもよい。そうしたとき、そのメンバーをアクティブにする。", "自分のステージにいる『虹ヶ咲』のメンバー1人がウェイト状態になったとき、手札を1枚控え室に置いてもよい。そうしたとき、そのメンバーをアクティブにする", "ライブフェイズの間", "{{kidou.png|起動}}{{turn1.png|ターン1回}}このメンバーをウェイトにする：カードを2枚引き、手札を2枚控え室に置く。", "このメンバーをウェイトにする：カードを2枚引き、手札を2枚控え室に置く。", "{{toujyou.png|登場}}自分のステージに『R3BIRTH』のメンバーが3人いる場合、ライブ終了時まで、{{heart_01.png|heart01}}を得る。", "自分のステージに『R3BIRTH』のメンバーが3人いる場合、ライブ終了時まで、{{heart_01.png|heart01}}を得る。", "自分のステージに『R3BIRTH』のメンバーが3人いる場合、ライブ終了時まで、{{heart_01.png|heart01}}を得る", "自分のステージに『R3BIRTH』のメンバーが3人いる場合", "R3BIRTH", "{{live_success.png|ライブ成功時}}自分のステージにいる『虹ヶ咲』のメンバー1人を選ぶ。そのメンバーが、自分と相手のステージにいるほかのすべてのメンバーより多くの{{icon_blade.png|ブレード}}を持つ場合、このカードのスコアを＋１する。", "自分のステージにいる『虹ヶ咲』のメンバー1人を選ぶ。そのメンバーが、自分と相手のステージにいるほかのすべてのメンバーより多くの{{icon_blade.png|ブレード}}を持つ場合、このカードのスコアを＋１する。", "自分のステージにいる『虹ヶ咲』のメンバー1人を選ぶ。そのメンバーが、自分と相手のステージにいるほかのすべてのメンバーより多くの{{icon_blade.png|ブレード}}を持つ場合、このカードのスコアを+1する", "自分のステージにいる『虹ヶ咲』のメンバー1人を選ぶ", "そのメンバーが、自分と相手のステージにいるほかのすべてのメンバーより多くの{{icon_blade.png|ブレード}}を持つ場合、このカードのスコアを+1する", "そのメンバーが、自分と相手のステージにいるほかのすべてのメンバーより多くの{{icon_blade.png|ブレード}}を持つ場合", "{{live_start.png|ライブ開始時}}自分の控え室に『虹ヶ咲』のライブカードと、ブレードハートを持たない『虹ヶ咲』のメンバーカードがある場合、自分の控え室にあるすべてのカードをシャッフルし、デッキの下に置いてもよい。そうしたとき、ライブ終了時まで、自分のステージにいるすべての『虹ヶ咲』のメンバーは{{heart_01.png|heart01}}を得る。", "自分の控え室に『虹ヶ咲』のライブカードと、ブレードハートを持たない『虹ヶ咲』のメンバーカードがある場合、自分の控え室にあるすべてのカードをシャッフルし、デッキの下に置いてもよい。そうしたとき、ライブ終了時まで、自分のステージにいるすべての『虹ヶ咲』のメンバーは{{heart_01.png|heart01}}を得る。", "控え室にグループのライブカードがある場合", "ブレードハートを持たないグループのメンバーカードがある場合", "控え室にグループのライブカードとブレードハートを持たないグループのメンバーカードがある場合", "member", "ライブ終了時まで、自分のステージにいるすべてのグループのメンバーはheart01を得る", "{{live_success.png|ライブ成功時}}自分のステージにいるメンバー1人の下にあるすべてのエネルギーカードを、自分のエネルギー置き場にウェイト状態で置いてもよい。これによりエネルギーカードを1枚以上置いており、かつ自分のエネルギーが10枚以上ある場合、このカードのスコアを＋１する。", "自分のステージにいるメンバー1人の下にあるすべてのエネルギーカードを、自分のエネルギー置き場にウェイト状態で置いてもよい。これによりエネルギーカードを1枚以上置いており、かつ自分のエネルギーが10枚以上ある場合、このカードのスコアを＋１する。", "自分のステージにいるメンバー1人の下にあるすべてのエネルギーカードを、自分のエネルギー置き場にウェイト状態で置いてもよい。これによりエネルギーカードを1枚以上置いており、かつ自分のエネルギーが10枚以上ある場合、このカードのスコアを+1する", "自分のステージにいるメンバー1人の下にあるすべてのエネルギーカードを、自分のエネルギー置き場にウェイト状態で置いてもよい", "これによりエネルギーカードを1枚以上置いており、", "これによりエネルギーカードを1枚以上置いており、かつ自分のエネルギーが10枚以上ある場合", "{{live_success.png|ライブ成功時}}このカードをライブカード置き場から手札に戻す。その後、手札を1枚控え室に置く。", "このカードをライブカード置き場から手札に戻す。その後、手札を1枚控え室に置く。", "このカードをライブカード置き場から手札に戻す。その後、手札を1枚控え室に置く", "このカードをライブカード置き場から手札に戻す", "{{live_success.png|ライブ成功時}}自分のデッキの上からカードを3枚控え室に置く。", "{{jidou.png|自動}}{{turn1.png|ターン1回}}自分の{{live_success.png|ライブ成功時}}能力によって、カードが自分のデッキから自分の控え室に置かれるたび、それらのカードの中から『虹ヶ咲』のライブカードを1枚手札に加えてもよい。そうしたとき、このカードのスコアを＋１する。", "自分の{{live_success.png|ライブ成功時}}能力によって、カードが自分のデッキから自分の控え室に置かれるたび、それらのカードの中から『虹ヶ咲』のライブカードを1枚手札に加えてもよい。そうしたとき、このカードのスコアを＋１する。", "自分の{{live_success.png|ライブ成功時}}能力によって、カードが自分のデッキから自分の控え室に置かれるたび、それらのカードの中から『虹ヶ咲』のライブカードを1枚手札に加えてもよい。そうしたとき、このカードのスコアを+1する", "それらのカードの中から『虹ヶ咲』のライブカードを1枚手札に加えてもよい。そうしたとき", "自分の{{live_success.png|ライブ成功時}}能力によって、カードが自分のデッキから自分の控え室に置かれる", "それらのカードの中から『虹ヶ咲』のライブカードを1枚手札に加えてもよい。そうしたとき、かつ、自分の{{live_success.png|ライブ成功時}}能力によって、カードが自分のデッキから自分の控え室に置かれる", "{{toujyou.png|登場}}自分の控え室から、『CatChu!』と『KALEIDOSCORE』と『5yncri5e!』のカードをそれぞれ1枚ずつ選び、それらを好きな順番でデッキの下に置いてもよい。そうしたとき、カードを1枚引く。", "自分の控え室から、『CatChu!』と『KALEIDOSCORE』と『5yncri5e!』のカードをそれぞれ1枚ずつ選び、それらを好きな順番でデッキの下に置いてもよい。そうしたとき、カードを1枚引く。", "自分の控え室から、『CatChu!』と『KALEIDOSCORE』と『5yncri5e!』のカードをそれぞれ1枚ずつ選び、それらを好きな順番でデッキの下に置いてもよい。そうしたとき、カードを1枚引く", "自分の控え室から、『CatChu!』と『KALEIDOSCORE』と『5yncri5e!』のカードをそれぞれ1枚ずつ選び、それらを好きな順番でデッキの下に置いてもよい。そうしたとき", "{{jyouji.png|常時}}自分のステージに『KALEIDOSCORE』のメンバーが3人いるかぎり、{{heart_06.png|heart06}}{{icon_blade.png|ブレード}}を得る。", "自分のステージに『KALEIDOSCORE』のメンバーが3人いるかぎり、{{heart_06.png|heart06}}{{icon_blade.png|ブレード}}を得る。", "自分のステージに『KALEIDOSCORE』のメンバーが3人いるかぎり", "{{jidou.png|自動}}{{turn1.png|ターン1回}}このメンバーがエリアを移動したとき、ライブ終了時まで、{{icon_blade.png|ブレード}}{{icon_blade.png|ブレード}}を得る。", "このメンバーがエリアを移動したとき、ライブ終了時まで、{{icon_blade.png|ブレード}}{{icon_blade.png|ブレード}}を得る。", "このメンバーがエリアを移動したとき、ライブ終了時まで、{{icon_blade.png|ブレード}}{{icon_blade.png|ブレード}}を得る", "{{live_start.png|ライブ開始時}}{{icon_energy.png|E}}支払ってもよい：自分のステージに『CatChu!』のメンバーが3人いる場合、カードを1枚引く。", "{{icon_energy.png|E}}支払ってもよい：自分のステージに『CatChu!』のメンバーが3人いる場合、カードを1枚引く。", "自分のステージに『CatChu!』のメンバーが3人いる場合、カードを1枚引く", "自分のステージに『CatChu!』のメンバーが3人いる場合", "{{jidou.png|自動}}{{turn1.png|ターン1回}}自分のカードの効果によって、自分のエネルギー置き場にエネルギーが置かれたとき、ライブ終了時まで、{{icon_blade.png|ブレード}}を得る。", "{{toujyou.png|登場}}自分のエネルギーデッキから、エネルギーカードを1枚ウェイト状態で置く。そのエネルギーカードは、次のターンのアクティブフェイズにアクティブしない。", "{{toujyou.png|登場}}手札のライブカードを1枚控え室に置いてもよい：自分のデッキの上からカードを5枚見る。その中から1枚を手札に加え、残りを控え室に置く。", "手札のライブカードを1枚控え室に置いてもよい：自分のデッキの上からカードを5枚見る。その中から1枚を手札に加え、残りを控え室に置く。", "自分のデッキの上からカードを5枚見る。その中から1枚を手札に加え、残りを控え室に置く", "{{toujyou.png|登場}}自分のステージに『5yncri5e!』のメンバーが3人以上いる場合、自分の控え室からライブカードを1枚手札に加える。", "自分のステージに『5yncri5e!』のメンバーが3人以上いる場合、自分の控え室からライブカードを1枚手札に加える。", "自分のステージに『5yncri5e!』のメンバーが3人以上いる場合、自分の控え室からライブカードを1枚手札に加える", "自分のステージに『5yncri5e!』のメンバーが3人以上いる場合", "{{jyouji.png|常時}}自分のエネルギーが相手より多いかぎり、{{icon_blade.png|ブレード}}{{icon_blade.png|ブレード}}を得る。", "自分のエネルギーが相手より多いかぎり、{{icon_blade.png|ブレード}}{{icon_blade.png|ブレード}}を得る。", "{{kidou.png|起動}}{{turn1.png|ターン1回}}エネルギー置き場にあるエネルギー1枚をエネルギーデッキに置く：このメンバーはポジションチェンジする。(このメンバーを今いるエリア以外のエリアに移動させる。そのエリアにメンバーがいる場合、そのメンバーはこのメンバーがいたエリアに移動させる。)", "エネルギー置き場にあるエネルギー1枚をエネルギーデッキに置く：このメンバーはポジションチェンジする。(このメンバーを今いるエリア以外のエリアに移動させる。そのエリアにメンバーがいる場合、そのメンバーはこのメンバーがいたエリアに移動させる。)", "エネルギー置き場にあるエネルギー1枚をエネルギーデッキに置く", "{{live_start.png|ライブ開始時}}ライブ終了時まで、自分のステージにいる「嵐千砂都」1人は{{icon_blade.png|ブレード}}を得る。", "ライブ終了時まで、自分のステージにいる「嵐千砂都」1人は{{icon_blade.png|ブレード}}を得る。", "自分のステージにいる「嵐千砂都」1人は{{icon_blade.png|ブレード}}を得る", "{{live_start.png|ライブ開始時}}エネルギー置き場にあるエネルギー1枚をエネルギーデッキに置いてもよい：自分のステージに「葉月恋」がいる場合、カードを2枚引き、手札を1枚控え室に置く。", "エネルギー置き場にあるエネルギー1枚をエネルギーデッキに置いてもよい：自分のステージに「葉月恋」がいる場合、カードを2枚引き、手札を1枚控え室に置く。", "自分のステージに「葉月恋」がいる場合、カードを2枚引き、手札を1枚控え室に置く", "自分のステージに「葉月恋」がいる場合", "{{live_start.png|ライブ開始時}}エネルギー置き場にあるエネルギー1枚をエネルギーデッキに置いてもよい：自分のエネルギーが相手より多い場合、このカードのスコアを＋１する。", "エネルギー置き場にあるエネルギー1枚をエネルギーデッキに置いてもよい：自分のエネルギーが相手より多い場合、このカードのスコアを＋１する。", "自分のエネルギーが相手より多い場合、このカードのスコアを+1する", "{{live_success.png|ライブ成功時}}自分のエネルギーデッキから、エネルギーカードを1枚ウェイト状態で置く。そのエネルギーカードは、次のターンのアクティブフェイズにアクティブしない。", "{{live_start.png|ライブ開始時}}自分の控え室にある『Liella!』のメンバーカードを9枚選び、それらをシャッフルし、デッキの一番下に置いてもよい。そうしたとき、ライブ終了時まで、自分のステージにいるすべてのメンバーは{{icon_blade.png|ブレード}}を得る。", "自分の控え室にある『Liella!』のメンバーカードを9枚選び、それらをシャッフルし、デッキの一番下に置いてもよい。そうしたとき、ライブ終了時まで、自分のステージにいるすべてのメンバーは{{icon_blade.png|ブレード}}を得る。", "自分の控え室にある『Liella!』のメンバーカードを9枚選び、それらをシャッフルし、デッキの一番下に置いてもよい。そうしたとき、ライブ終了時まで、自分のステージにいるすべてのメンバーは{{icon_blade.png|ブレード}}を得る", "自分の控え室にある『Liella!』のメンバーカードを9枚選び、それらをシャッフルし、デッキの一番下に置いてもよい。そうしたとき", "{{live_success.png|ライブ成功時}}エールにより公開された自分のカードがすべて『Liella!』の場合、このカードのスコアを＋１する。", "エールにより公開された自分のカードがすべて『Liella!』の場合、このカードのスコアを＋１する。", "エールにより公開された自分のカードがすべて『Liella!』の場合、このカードのスコアを+1する", "エールにより公開された自分のカードがすべて『Liella!』の場合", "{{jyouji.png|常時}}このカードのプレイに際し、自分の手札から「国木田花丸」と「優木せつ菜」と「嵐千砂都」のメンバーカードをそれぞれ1枚ずつ控え室に置いてもよい。そうしたとき、このカードのコストは10になる。", "このカードのプレイに際し、自分の手札から「国木田花丸」と「優木せつ菜」と「嵐千砂都」のメンバーカードをそれぞれ1枚ずつ控え室に置いてもよい。そうしたとき、このカードのコストは10になる。", "このカードのプレイに際し、自分の手札から「国木田花丸」と「優木せつ菜」と「嵐千砂都」のメンバーカードをそれぞれ1枚ずつ控え室に置いてもよい。そうしたとき、このカードのコストは10になる", "国木田花丸", "「国木田花丸」のメンバーカードが控え室にある", "「優木せつ菜」のメンバーカードが控え室にある", "「嵐千砂都」のメンバーカードが控え室にある", "このカードのプレイに際し、自分の手札から「国木田花丸」と「優木せつ菜」と「嵐千砂都」のメンバーカードをそれぞれ1枚ずつ控え室に置いてもよい。そうしたとき", "{{toujyou.png|登場}}自分の控え室からライブカードを1枚手札に加える。", "自分の控え室からライブカードを1枚手札に加える。", "{{live_success.png|ライブ成功時}}自分の控え室からメンバーカードを1枚手札に加える。", "{{kidou.png|起動}}{{turn1.png|ターン1回}}{{icon_energy.png|E}}{{icon_energy.png|E}}：自分の控え室から『虹ヶ咲』のライブカードを1枚手札に加える。", "{{icon_energy.png|E}}{{icon_energy.png|E}}：自分の控え室から『虹ヶ咲』のライブカードを1枚手札に加える。", "{{jyouji.png|常時}}自分の成功ライブカード置き場に『虹ヶ咲』のカードがあるかぎり、手札にあるこのメンバーカードのコストは２減る。", "自分の成功ライブカード置き場に『虹ヶ咲』のカードがあるかぎり、手札にあるこのメンバーカードのコストは２減る。", "自分の成功ライブカード置き場に『虹ヶ咲』のカードがあるかぎり", "{{live_start.png|ライブ開始時}}手札を2枚控え室に置いてもよい：好きなハートの色を1つ指定する。ライブ終了時まで、そのハートを2つ得る。", "手札を2枚控え室に置いてもよい：好きなハートの色を1つ指定する。ライブ終了時まで、そのハートを2つ得る。", "好きなハートの色を1つ指定する。ライブ終了時まで、そのハートを2つ得る", "そのハートを2つ得る", "{{live_start.png|ライブ開始時}}『虹ヶ咲』のメンバー1人をウェイトにしてもよい：ライブ終了時まで、{{icon_blade.png|ブレード}}{{icon_blade.png|ブレード}}を得る。", "『虹ヶ咲』のメンバー1人をウェイトにしてもよい：ライブ終了時まで、{{icon_blade.png|ブレード}}{{icon_blade.png|ブレード}}を得る。", "{{toujyou.png|登場}}自分のデッキの上からカードを3枚見る。その中から『虹ヶ咲』のカードを1枚公開して手札に加えてもよい。残りを控え室に置く。", "自分のデッキの上からカードを3枚見る。その中から『虹ヶ咲』のカードを1枚公開して手札に加えてもよい。残りを控え室に置く。", "{{toujyou.png|登場}}カードを2枚引く。", "{{jidou.png|自動}}{{turn1.png|ターン1回}}自分のステージにいる『虹ヶ咲』のメンバー1人がウェイト状態になったとき、手札を1枚控え室に置いてもよい。そうしたとき、そのメンバーをアクティブにし、ライブ終了時まで、そのメンバーは{{icon_blade.png|ブレード}}{{icon_blade.png|ブレード}}を得る。", "自分のステージにいる『虹ヶ咲』のメンバー1人がウェイト状態になったとき、手札を1枚控え室に置いてもよい。そうしたとき、そのメンバーをアクティブにし、ライブ終了時まで、そのメンバーは{{icon_blade.png|ブレード}}{{icon_blade.png|ブレード}}を得る。", "自分のステージにいる『虹ヶ咲』のメンバー1人がウェイト状態になったとき、手札を1枚控え室に置いてもよい。そうしたとき、そのメンバーをアクティブにし、ライブ終了時まで、そのメンバーは{{icon_blade.png|ブレード}}{{icon_blade.png|ブレード}}を得る", "そのメンバーをアクティブにし", "そのメンバーは{{icon_blade.png|ブレード}}{{icon_blade.png|ブレード}}を得る", "{{toujyou.png|登場}}/{{live_start.png|ライブ開始時}}自分のステージにいるメンバーが『虹ヶ咲』のみの場合、相手のステージにいる元々持つ{{icon_blade.png|ブレード}}の数が2つ以下のメンバー1人をウェイトにする。（ウェイト状態のメンバーが持つ{{icon_blade.png|ブレード}}は、エールで公開する枚数を増やさない。）", "自分のステージにいるメンバーが『虹ヶ咲』のみの場合、相手のステージにいる元々持つ{{icon_blade.png|ブレード}}の数が2つ以下のメンバー1人をウェイトにする。（ウェイト状態のメンバーが持つ{{icon_blade.png|ブレード}}は、エールで公開する枚数を増やさない。）", "自分のステージにいるメンバーが『虹ヶ咲』のみの場合、相手のステージにいる元々持つ{{icon_blade.png|ブレード}}の数が2つ以下のメンバー1人をウェイトにする", "自分のステージにいるメンバーが『虹ヶ咲』のみの場合", "{{kidou.png|起動}}{{turn1.png|ターン1回}}このメンバーをウェイトにし、手札を1枚控え室に置く：カードを1枚引く。（ウェイト状態のメンバーが持つ{{icon_blade.png|ブレード}}は、エールで公開する枚数を増やさない。）", "このメンバーをウェイトにし、手札を1枚控え室に置く：カードを1枚引く。（ウェイト状態のメンバーが持つ{{icon_blade.png|ブレード}}は、エールで公開する枚数を増やさない。）", "{{live_start.png|ライブ開始時}}{{icon_energy.png|E}}支払ってもよい：自分のステージにいるメンバー1人をアクティブにする。", "{{icon_energy.png|E}}支払ってもよい：自分のステージにいるメンバー1人をアクティブにする。", "自分のステージにいるメンバー1人をアクティブにする", "{{toujyou.png|登場}}ライブ終了時まで、{{heart_05.png|heart05}}を得る。", "ライブ終了時まで、{{heart_05.png|heart05}}を得る。", "{{live_start.png|ライブ開始時}}相手のステージにいるコスト2以下のメンバー1人をウェイトにする。（ウェイト状態のメンバーが持つ{{icon_blade.png|ブレード}}は、エールで公開する枚数を増やさない。）", "相手のステージにいるコスト2以下のメンバー1人をウェイトにする。（ウェイト状態のメンバーが持つ{{icon_blade.png|ブレード}}は、エールで公開する枚数を増やさない。）", "{{toujyou.png|登場}}相手のステージにいるコスト4以下のメンバー1人をウェイトにする。（ウェイト状態のメンバーが持つ{{icon_blade.png|ブレード}}は、エールで公開する枚数を増やさない。）", "相手のステージにいるコスト4以下のメンバー1人をウェイトにする。（ウェイト状態のメンバーが持つ{{icon_blade.png|ブレード}}は、エールで公開する枚数を増やさない。）", "PL!-sd1-005-SD", "PL!S-PR-026-PR", "PL!N-PR-009-PR", "PL!N-PR-012-PR", "PL!N-PR-014-PR", "PL!N-PR-019-PR", "PL!HS-PR-026-PR", "PL!SP-bp1-011-R", "PL!SP-bp1-011-P", "PL!N-sd1-011-SD", "PL!SP-sd1-006-SD", "PL!SP-pb1-018-N", "PL!S-bp2-009-R", "PL!S-bp2-009-P", "PL!HS-bp2-004-R", "PL!HS-bp2-004-P", "PL!S-pb1-004-R", "PL!S-pb1-004-P＋", "PL!-pb1-024-N", "PL!-bp4-003-R", "PL!-bp4-003-P", "PL!-sd1-005-RM", "PL!N-PR-009-RM", "PL!N-PR-012-RM", "PL!N-PR-014-RM", "PL!HS-sd1-009-SD", "PL!S-sd1-015-SD", "PL!SP-sd2-010-SD2", "PL!SP-pb2-012-R", "PL!SP-pb2-012-P＋", "PL!SP-pb2-016-R", "PL!SP-pb2-016-P＋", "PL!N-bp7-021-N", "PL!N-sd2-016-SD2", "PL!-sd1-002-SD", "PL!-pb1-019-PR", "PL!S-PR-025-PR", "PL!S-PR-027-PR", "PL!HS-PR-014-PR", "PL!N-sd1-006-SD", "PL!SP-pb1-021-N", "PL!S-bp2-016-N", "PL!-pb1-019-N", "PL!-pb1-025-N", "PL!N-bp4-017-N", "PL!N-bp4-020-N", "PL!SP-bp4-015-N", "PL!SP-bp4-019-N", "PL!S-PR-025-RM", "PL!S-PR-027-RM", "PL!HS-PR-014-RM", "PL!HS-sd1-015-SD", "PL!S-sd1-008-SD", "PL!HS-pb1-019-N", "PL!S-bp6-014-N", "PL!SP-sd2-014-SD2", "PL!SP-pb2-031-N", "PL!SP-pb2-033-N", "PL!N-bp7-015-N", "PL!N-sd1-006-P", "PL!N-sd1-006-SD2", "PL!N-sd2-024-SD2", "PL!-sd1-011-SD", "PL!-sd1-012-SD", "PL!-sd1-016-SD", "PL!-sd1-011-PR", "PL!-sd1-016-PR", "PL!S-PR-013-PR", "PL!S-PR-019-PR", "PL!N-PR-004-PR", "PL!N-PR-006-PR", "PL!N-PR-013-PR", "PL!HS-PR-001-PR", "PL!HS-PR-002-PR", "PL!HS-PR-005-PR", "PL!N-bp1-007-R", "PL!N-bp1-007-P", "PL!N-bp1-010-R", "PL!N-bp1-010-P", "PL!N-sd1-002-SD", "PL!N-sd1-003-SD", "PL!HS-pb1-011-R", "PL!HS-pb1-011-P＋", "PL!HS-cl1-007-CL", "PL!HS-PR-018-PR", "PL!HS-PR-022-PR", "PL!SP-bp1-006-R", "PL!SP-bp1-006-P", "PL!SP-bp2-019-N", "PL!SP-bp2-022-N", "PL!S-pb1-016-N", "PL!S-pb1-017-N", "PL!S-pb1-018-N", "PL!-bp4-010-N", "PL!N-bp4-013-N", "PL!HS-PR-018-RM", "PL!HS-sd1-006-SD", "PL!HS-cl1-005-CL", "PL!SP-pb2-040-N", "PL!N-sd2-004-SD2", "PL!N-sd2-008-SD2", "PL!N-bp1-014-PRproteinbar", "PL!N-bp1-015-PRproteinbar", "PL!N-bp1-019-PR", "PL!N-bp1-019-PRproteinbar", "PL!N-sd1-013-PRproteinbar", "PL!N-sd1-021-PRproteinbar", "PL!N-sd1-022-PRproteinbar", "PL!N-bp1-014-N", "PL!N-bp1-015-N", "PL!N-bp1-019-N", "PL!HS-bp1-010-N", "PL!HS-bp1-014-N", "PL!N-sd1-013-SD", "PL!N-sd1-021-SD", "PL!N-sd1-022-SD", "PL!HS-bp6-020-N", "PL!HS-PR-010-PR", "PL!HS-PR-011-PR", "PL!HS-PR-012-PR", "PL!N-bp1-025-L", "PL!SP-bp1-025-L", "PL!HS-bp1-020-L", "PL!N-sd1-026-SD", "PL!N-sd1-027-SD", "PL!SP-sd1-024-SD", "PL!SP-sd1-025-SD", "PL!-bp3-014-PR", "PL!-bp3-014-N", "PL!-bp3-017-N", "PL!-bp3-018-N", "PL!N-bp3-022-N", "PL!N-bp4-016-N", "PL!S-bp6-018-N", "PL!S-PR-028-PR", "PL!S-PR-032-PR", "PL!S-PR-033-PR", "PL!N-bp1-002-R＋", "PL!N-bp1-002-P", "PL!N-bp1-002-P＋", "PL!N-bp1-002-SEC", "PL!N-bp1-003-R＋", "PL!N-bp1-003-P", "PL!N-bp1-003-P＋", "PL!N-bp1-003-SEC", "PL!N-bp5-019-N", "PL!N-bp5-022-N", "PL!N-sd2-011-SD2", "PL!N-bp1-006-R＋", "PL!N-bp1-006-P", "PL!N-bp1-006-P＋", "PL!N-bp1-006-SEC", "PL!HS-bp1-007-R", "PL!HS-bp1-007-P", "PL!SP-bp5-020-N", "PL!-PR-007-PR", "PL!-PR-009-PR", "PL!S-bp3-012-N", "PL!S-bp3-017-N", "PL!N-bp3-017-N", "PL!N-bp3-023-N", "PL!SP-PR-004-PR", "PL!SP-PR-006-PR", "PL!SP-PR-013-PR", "PL!SP-bp1-021-N", "PL!SP-sd1-014-SD", "PL!SP-sd1-016-SD", "PL!HS-bp1-001-R", "PL!HS-bp1-001-P", "PL!N-sd1-008-SD", "PL!N-sd1-008-RM", "PL!N-sd1-008-P", "PL!N-sd1-008-SD2", "PL!HS-bp1-006-R＋", "PL!HS-bp1-006-P", "PL!HS-bp1-006-P＋", "PL!HS-bp1-006-SEC", "PL!N-sd1-010-SD", "PL!HS-sd1-008-SD", "PL!S-bp2-024-L", "PL!SP-bp2-009-R＋", "PL!SP-bp2-009-P", "PL!SP-bp2-009-P＋", "PL!SP-bp2-009-SEC", "PL!S-bp2-024-SECL", "PL!SP-bp4-004-R＋", "PL!SP-bp4-004-P", "PL!SP-bp4-004-P＋", "PL!SP-bp4-004-SEC", "PL!SP-pb2-000-R", "PL!SP-pb2-000-DUO", "PL!-bp3-012-PR", "PL!-bp3-011-N", "PL!-bp3-012-N", "PL!-bp3-013-N", "PL!-bp3-012-RM", "PL!N-PR-005-PR", "PL!N-PR-007-PR", "PL!N-PR-011-PR", "PL!S-bp2-010-N", "PL!N-bp3-024-N", "PL!N-bp7-016-N", "PL!N-bp1-012-R＋", "PL!N-bp1-012-P", "PL!N-bp1-012-P＋", "PL!N-bp1-012-SEC", "PL!SP-sd1-005-SD", "PL!-bp3-002-R", "PL!-bp3-002-P", "PL!N-bp4-005-R", "PL!N-bp4-005-P", "PL!HS-bp5-016-N", "PL!SP-bp4-013-N", "PL!SP-sd2-005-SD2", "PL!SP-sd2-007-SD2", "PL!SP-sd2-016-SD2", "PL!SP-pb2-025-N", "PL!HS-bp1-011-PR", "PL!HS-bp1-011-N", "PL!-bp3-010-N", "PL!HS-bp6-022-N", "PL!SP-bp1-002-R＋", "PL!SP-bp1-002-P", "PL!SP-bp1-002-P＋", "PL!SP-bp1-002-SEC", "PL!SP-bp1-003-R＋", "PL!SP-bp1-003-P", "PL!SP-bp1-003-P＋", "PL!SP-bp1-003-SEC", "PL!SP-bp1-007-R＋", "PL!SP-bp1-007-P", "PL!SP-bp1-007-P＋", "PL!SP-bp1-007-SEC", "PL!HS-bp1-003-R＋", "PL!HS-bp1-003-P", "PL!HS-bp1-003-P＋", "PL!HS-bp1-003-SEC", "PL!HS-bp1-004-R＋", "PL!HS-bp1-004-P", "PL!HS-bp1-004-P＋", "PL!HS-bp1-004-SEC", "PL!S-bp2-005-R＋", "PL!S-bp2-005-P", "PL!S-bp2-005-P＋", "PL!S-bp2-005-SEC", "PL!S-bp2-007-R＋", "PL!S-bp2-007-P", "PL!S-bp2-007-P＋", "PL!S-bp2-007-SEC", "PL!S-bp2-008-R＋", "PL!S-bp2-008-P", "PL!S-bp2-008-P＋", "PL!S-bp2-008-SEC", "PL!SP-bp2-001-R＋", "PL!SP-bp2-001-P", "PL!SP-bp2-001-P＋", "PL!SP-bp2-001-SEC", "PL!SP-bp2-006-R＋", "PL!SP-bp2-006-P", "PL!SP-bp2-006-P＋", "PL!SP-bp2-006-SEC", "PL!SP-bp2-007-R", "PL!SP-bp2-007-P", "PL!SP-pb2-017-R", "PL!SP-pb2-017-P＋", "PL!SP-bp2-010-R＋", "PL!SP-bp2-010-P", "PL!SP-bp2-010-P＋", "PL!SP-bp2-010-SEC", "PL!HS-bp2-002-R＋", "PL!HS-bp2-002-P", "PL!HS-bp2-002-P＋", "PL!HS-bp2-002-SEC", "PL!HS-bp2-005-R＋", "PL!HS-bp2-005-P", "PL!HS-bp2-005-P＋", "PL!HS-bp2-005-SEC", "PL!HS-bp2-007-R＋", "PL!HS-bp2-007-P", "PL!HS-bp2-007-P＋", "PL!HS-bp2-007-SEC", "PL!-bp3-004-R＋", "PL!-bp3-004-P", "PL!-bp3-004-P＋", "PL!-bp3-004-SEC", "PL!-bp3-008-R＋", "PL!-bp3-008-P", "PL!-bp3-008-P＋", "PL!-bp3-008-SEC", "PL!-bp3-009-R＋", "PL!-bp3-009-P", "PL!-bp3-009-P＋", "PL!-bp3-009-SEC", "PL!S-bp3-001-R＋", "PL!S-bp3-001-P", "PL!S-bp3-001-P＋", "PL!S-bp3-001-SEC", "PL!S-bp3-003-R＋", "PL!S-bp3-003-P", "PL!S-bp3-003-P＋", "PL!S-bp3-003-SEC", "PL!S-bp3-006-R＋", "PL!S-bp3-006-P", "PL!S-bp3-006-P＋", "PL!S-bp3-006-SEC", "PL!N-bp3-001-R＋", "PL!N-bp3-001-P", "PL!N-bp3-001-P＋", "PL!N-bp3-001-SEC", "PL!N-bp3-005-R＋", "PL!N-bp3-005-P", "PL!N-bp3-005-P＋", "PL!N-bp3-005-SEC", "PL!N-bp3-008-R＋", "PL!N-bp3-008-P", "PL!N-bp3-008-P＋", "PL!N-bp3-008-SEC", "PL!N-bp3-009-R＋", "PL!N-bp3-009-P", "PL!N-bp3-009-P＋", "PL!N-bp3-009-SEC", "PL!-bp4-002-R＋", "PL!-bp4-002-P", "PL!-bp4-002-P＋", "PL!-bp4-002-SEC", "PL!-bp4-005-R＋", "PL!-bp4-005-P", "PL!-bp4-005-P＋", "PL!-bp4-005-SEC", "PL!N-bp4-004-R＋", "PL!N-bp4-004-P", "PL!N-bp4-004-P＋", "PL!N-bp4-004-SEC", "PL!N-bp4-007-R＋", "PL!N-bp4-007-P", "PL!N-bp4-007-P＋", "PL!N-bp4-007-SEC", "PL!N-bp4-010-R＋", "PL!N-bp4-010-P", "PL!N-bp4-010-P＋", "PL!N-bp4-010-SEC", "PL!N-bp4-011-R＋", "PL!N-bp4-011-P", "PL!N-bp4-011-P＋", "PL!N-bp4-011-SEC", "PL!SP-bp4-005-R＋", "PL!SP-bp4-005-P", "PL!SP-bp4-005-P＋", "PL!SP-bp4-005-SEC", "PL!SP-bp4-008-R＋", "PL!SP-bp4-008-P", "PL!SP-bp4-008-P＋", "PL!SP-bp4-008-SEC", "PL!SP-bp4-011-R＋", "PL!SP-bp4-011-P", "PL!SP-bp4-011-P＋", "PL!SP-bp4-011-SEC", "PL!-bp5-001-R＋", "PL!-bp5-001-P", "PL!-bp5-001-AR", "PL!-bp5-001-SEC", "PL!-bp5-003-R＋", "PL!-bp5-003-P", "PL!-bp5-003-AR", "PL!-bp5-003-SEC", "PL!-bp5-004-R＋", "PL!-bp5-004-P", "PL!-bp5-004-AR", "PL!-bp5-004-SEC", "PL!S-bp5-001-R＋", "PL!S-bp5-001-P", "PL!S-bp5-001-AR", "PL!S-bp5-001-SEC", "PL!S-bp5-002-R＋", "PL!S-bp5-002-P", "PL!S-bp5-002-AR", "PL!S-bp5-002-SEC", "PL!S-bp5-005-R＋", "PL!S-bp5-005-P", "PL!S-bp5-005-AR", "PL!S-bp5-005-SEC", "PL!N-bp5-001-R＋", "PL!N-bp5-001-P", "PL!N-bp5-001-AR", "PL!N-bp5-001-SEC", "PL!N-bp5-005-R＋", "PL!N-bp5-005-P", "PL!N-bp5-005-AR", "PL!N-bp5-005-SEC", "PL!N-bp5-007-R＋", "PL!N-bp5-007-P", "PL!N-bp5-007-AR", "PL!N-bp5-007-SEC", "PL!N-bp5-012-R＋", "PL!N-bp5-012-P", "PL!N-bp5-012-AR", "PL!N-bp5-012-SEC", "PL!N-bp5-016-N", "PL!N-bp5-023-N", "PL!S-sd1-014-SD", "PL!SP-sd2-017-SD2", "PL!SP-bp5-001-R＋", "PL!SP-bp5-001-P", "PL!SP-bp5-001-AR", "PL!SP-bp5-001-SEC", "PL!SP-bp5-002-R＋", "PL!SP-bp5-002-P", "PL!SP-bp5-002-AR", "PL!SP-bp5-002-SEC", "PL!SP-bp5-003-R＋", "PL!SP-bp5-003-P", "PL!SP-bp5-003-AR", "PL!SP-bp5-003-SEC", "PL!SP-bp5-004-R＋", "PL!SP-bp5-004-P", "PL!SP-bp5-004-AR", "PL!SP-bp5-004-SEC", "PL!SP-bp5-005-R＋", "PL!SP-bp5-005-P", "PL!SP-bp5-005-AR", "PL!SP-bp5-005-SEC", "PL!HS-bp5-001-R＋", "PL!HS-bp5-001-P", "PL!HS-bp5-001-AR", "PL!HS-bp5-001-SEC", "PL!HS-bp5-002-R＋", "PL!HS-bp5-002-P", "PL!HS-bp5-002-AR", "PL!HS-bp5-002-SEC", "PL!HS-bp5-003-R＋", "PL!HS-bp5-003-P", "PL!HS-bp5-003-AR", "PL!HS-bp5-003-SEC", "PL!S-bp5-111-R", "PL!S-bp5-111-P＋", "PL!S-bp5-222-R", "PL!S-bp5-222-P＋", "PL!SP-bp5-111-R", "PL!SP-bp5-111-P＋", "PL!SP-bp5-222-R", "PL!SP-bp5-222-P＋", "PL!-bp6-001-R＋", "PL!-bp6-001-P", "PL!-bp6-001-P＋", "PL!-bp6-001-SEC", "PL!-bp6-003-R＋", "PL!-bp6-003-P", "PL!-bp6-003-P＋", "PL!-bp6-003-SEC", "PL!-bp6-006-R＋", "PL!-bp6-006-P", "PL!-bp6-006-P＋", "PL!-bp6-006-SEC", "PL!-bp6-007-R＋", "PL!-bp6-007-P", "PL!-bp6-007-P＋", "PL!-bp6-007-SEC", "PL!S-bp6-002-R＋", "PL!S-bp6-002-P", "PL!S-bp6-002-P＋", "PL!S-bp6-002-SEC", "PL!S-bp6-004-R＋", "PL!S-bp6-004-P", "PL!S-bp6-004-P＋", "PL!S-bp6-004-SEC", "PL!S-bp6-009-R＋", "PL!S-bp6-009-P", "PL!S-bp6-009-P＋", "PL!S-bp6-009-SEC", "PL!HS-bp6-001-R＋", "PL!HS-bp6-001-P", "PL!HS-bp6-001-P＋", "PL!HS-bp6-001-SEC", "PL!HS-bp6-005-R＋", "PL!HS-bp6-005-P", "PL!HS-bp6-005-P＋", "PL!HS-bp6-005-SEC", "PL!HS-bp6-006-R＋", "PL!HS-bp6-006-P", "PL!HS-bp6-006-P＋", "PL!HS-bp6-006-SEC", "PL!S-bp7-003-R＋", "PL!S-bp7-003-P", "PL!S-bp7-003-P＋", "PL!S-bp7-003-SEC", "PL!S-bp7-005-R＋", "PL!S-bp7-005-P", "PL!S-bp7-005-P＋", "PL!S-bp7-005-SEC", "PL!S-bp7-007-R＋", "PL!S-bp7-007-P", "PL!S-bp7-007-P＋", "PL!S-bp7-007-SEC", "PL!N-bp7-003-R＋", "PL!N-bp7-003-P", "PL!N-bp7-003-P＋", "PL!N-bp7-003-SEC", "PL!N-bp7-006-R＋", "PL!N-bp7-006-P", "PL!N-bp7-006-P＋", "PL!N-bp7-006-SEC", "PL!N-bp7-007-R＋", "PL!N-bp7-007-P", "PL!N-bp7-007-P＋", "PL!N-bp7-007-SEC", "PL!N-bp7-011-R＋", "PL!N-bp7-011-P", "PL!N-bp7-011-P＋", "PL!N-bp7-011-SEC", "PL!SP-bp7-003-R＋", "PL!SP-bp7-003-P", "PL!SP-bp7-003-P＋", "PL!SP-bp7-003-SEC", "PL!SP-bp7-005-R＋", "PL!SP-bp7-005-P", "PL!SP-bp7-005-P＋", "PL!SP-bp7-005-SEC", "PL!SP-bp7-006-R＋", "PL!SP-bp7-006-P", "PL!SP-bp7-006-P＋", "PL!SP-bp7-006-SEC", "PL!SP-bp7-007-R＋", "PL!SP-bp7-007-P", "PL!SP-bp7-007-P＋", "PL!SP-bp7-007-SEC", "PL!-sd1-015-SD", "PL!HS-bp2-010-PR", "PL!HS-bp2-010-N", "PL!-PR-005-PR", "PL!-PR-006-PR", "PL!-PR-008-PR", "PL!-PR-012-PR", "PL!S-PR-038-PR", "PL!SP-PR-017-PR", "PL!S-pb1-005-PR", "PL!S-pb1-005-R", "PL!S-pb1-005-P＋", "PL!S-PR-016-PR", "PL!S-PR-020-PR", "PL!S-PR-021-PR", "PL!S-PR-029-PR", "PL!S-PR-030-PR", "PL!S-PR-031-PR", "PL!N-bp3-007-PR", "PL!N-bp3-007-R", "PL!N-bp3-007-P", "PL!N-PR-003-PR", "PL!N-PR-008-PR", "PL!N-PR-010-PR", "PL!N-PR-021-PR", "PL!SP-PR-016-PR", "PL!HS-PR-027-PR", "PL!SP-bp1-004-PR", "PL!SP-bp1-004-R", "PL!SP-bp1-004-P", "PL!SP-pb1-001-PR", "PL!SP-pb1-001-R", "PL!SP-pb1-001-P＋", "PL!SP-PR-003-PR", "PL!SP-PR-007-PR", "PL!SP-PR-010-PR", "PL!SP-PR-009-PR", "PL!SP-PR-011-PR", "PL!SP-PR-012-PR", "PL!HS-bp1-005-PR", "PL!HS-bp1-005-R", "PL!HS-bp1-005-P", "PL!SP-bp1-012-N", "PL!SP-sd1-008-SD", "PL!SP-sd1-017-SD", "PL!SP-bp1-026-L", "PL!SP-bp1-026-SECL", "PL!SP-bp1-026-SRL", "PL!HS-bp1-019-L", "PL!N-sd1-025-SD", "PL!SP-sd1-023-SD", "PL!N-sd1-001-SD", "PL!N-sd1-001-P", "PL!N-sd1-001-SD2", "PL!N-sd1-004-SD", "PL!N-sd1-004-P", "PL!N-sd1-004-SD2", "PL!SP-sd1-003-SD", "PL!SP-sd1-003-P", "PL!SP-sd1-003-SD2", "PL!SP-sd1-011-SD", "PL!SP-sd1-011-P", "PL!SP-sd1-011-SD2", "PL!SP-pb1-025-L", "PL!SP-pb1-025-SRL", "PL!SP-pb1-025-SECL", "PL!SP-bp2-013-N", "PL!SP-bp2-014-N", "PL!SP-bp2-018-N", "PL!SP-bp2-024-L", "PL!SP-bp2-024-SECL", "PL!SP-bp2-024-SRL", "PL!HS-bp2-020-L", "PL!HS-bp5-018-L", "PL!HS-sd1-020-SD", "PL!SP-bp4-024-L", "PL!SP-bp4-024-SECL", "PL!SP-bp4-024-SRL", "PL!-bp5-002-R", "PL!-bp5-002-P", "PL!-bp5-002-AR", "PL!-bp5-005-R", "PL!-bp5-005-P", "PL!-bp5-005-AR", "PL!-bp5-006-R", "PL!-bp5-006-P", "PL!-bp5-006-AR", "PL!-bp5-007-R", "PL!-bp5-007-P", "PL!-bp5-007-AR", "PL!-bp5-008-R", "PL!-bp5-008-P", "PL!-bp5-008-AR", "PL!-bp5-009-R", "PL!-bp5-009-P", "PL!-bp5-009-AR", "PL!S-bp5-003-R", "PL!S-bp5-003-P", "PL!S-bp5-003-AR", "PL!S-bp5-004-R", "PL!S-bp5-004-P", "PL!S-bp5-004-AR", "PL!S-bp5-006-R", "PL!S-bp5-006-P", "PL!S-bp5-006-AR", "PL!S-bp5-007-R", "PL!S-bp5-007-P", "PL!S-bp5-007-AR", "PL!S-bp5-008-R", "PL!S-bp5-008-P", "PL!S-bp5-008-AR", "PL!S-bp5-009-R", "PL!S-bp5-009-P", "PL!S-bp5-009-AR", "PL!S-bp5-014-N", "PL!S-sd1-017-SD", "PL!S-sd1-018-SD", "PL!N-bp5-002-R", "PL!N-bp5-002-P", "PL!N-bp5-002-AR", "PL!N-bp5-003-R", "PL!N-bp5-003-P", "PL!N-bp5-003-AR", "PL!N-bp5-004-R", "PL!N-bp5-004-P", "PL!N-bp5-004-AR", "PL!N-bp5-006-R", "PL!N-bp5-006-P", "PL!N-bp5-006-AR", "PL!N-bp5-008-R", "PL!N-bp5-008-P", "PL!N-bp5-008-AR", "PL!N-bp5-009-R", "PL!N-bp5-009-P", "PL!N-bp5-009-AR", "PL!N-bp5-010-R", "PL!N-bp5-010-P", "PL!N-bp5-010-AR", "PL!N-bp5-011-R", "PL!N-bp5-011-P", "PL!N-bp5-011-AR", "PL!SP-bp5-006-R", "PL!SP-bp5-006-P", "PL!SP-bp5-006-AR", "PL!SP-bp5-007-R", "PL!SP-bp5-007-P", "PL!SP-bp5-007-AR", "PL!SP-bp5-008-R", "PL!SP-bp5-008-P", "PL!SP-bp5-008-AR", "PL!SP-bp5-009-R", "PL!SP-bp5-009-P", "PL!SP-bp5-009-AR", "PL!SP-bp5-010-R", "PL!SP-bp5-010-P", "PL!SP-bp5-010-AR", "PL!SP-bp5-011-R", "PL!SP-bp5-011-P", "PL!SP-bp5-011-AR", "PL!HS-bp5-004-R", "PL!HS-bp5-004-P", "PL!HS-bp5-004-AR", "PL!HS-bp5-005-R", "PL!HS-bp5-005-P", "PL!HS-bp5-005-AR", "PL!HS-bp5-006-R", "PL!HS-bp5-006-P", "PL!HS-bp5-006-AR", "PL!HS-bp5-007-R", "PL!HS-bp5-007-P", "PL!HS-bp5-007-AR", "PL!HS-bp5-008-R", "PL!HS-bp5-008-P", "PL!HS-bp5-008-AR", "PL!S-sd1-013-SD", "PL!S-bp6-012-N", "PL!S-bp6-017-N", "PL!SP-sd2-002-P", "PL!SP-sd2-002-SD2", "PL!SP-sd2-013-SD2", "PL!-sd1-019-SD", "PL!N-bp7-030-L", "PL!-PR-001-PR", "PL!-PR-002-PR", "PL!-PR-015-PR", "PL!SP-PR-020-PR", "PL!-PR-018-PR", "PL!HS-PR-032-PR", "PL!-PR-020-PR", "PL!SP-PR-026-PR", "PL!-PR-021-PR", "PL!SP-PR-025-PR", "PL!S-PR-037-PR", "PL!N-PR-020-PR", "PL!S-PR-039-PR", "PL!N-PR-024-PR", "PL!S-PR-040-PR", "PL!N-PR-023-PR", "PL!N-PR-028-PR", "PL!HS-PR-031-PR", "PL!N-PR-032-PR", "PL!HS-PR-036-PR", "PL!N-sd1-005-PRproteinbar", "PL!N-sd1-005-SD", "PL!HS-bp2-011-PR", "PL!HS-bp2-011-N", "PL!HS-PR-019-PR", "PL!HS-PR-019-RM", "PL!HS-PR-020-PR", "PL!HS-PR-023-PR", "PL!HS-PR-021-PR", "PL!HS-PR-021-RM", "PL!N-bp1-001-R", "PL!N-bp1-001-P", "PL!N-bp1-004-R", "PL!N-bp1-004-P", "PL!N-bp1-005-R", "PL!N-bp1-005-P", "PL!N-bp1-008-R", "PL!N-bp1-008-P", "PL!N-bp1-009-R", "PL!N-bp1-009-P", "PL!N-bp1-011-R", "PL!N-bp1-011-P", "PL!SP-bp1-001-R", "PL!SP-bp1-001-P", "PL!SP-bp1-005-R", "PL!SP-bp1-005-P", "PL!SP-bp1-008-R", "PL!SP-bp1-008-P", "PL!SP-bp1-009-R", "PL!SP-bp1-009-P", "PL!SP-bp1-010-R", "PL!SP-bp1-010-P", "PL!SP-bp1-024-L", "PL!SP-bp1-024-SRL", "PL!HS-bp1-002-R", "PL!HS-bp1-002-P", "PL!HS-bp1-008-R", "PL!HS-bp1-008-P", "PL!HS-bp1-009-R", "PL!HS-bp1-009-P", "PL!N-sd1-009-SD", "PL!N-bp5-014-N", "PL!SP-pb1-002-R", "PL!SP-pb1-002-P＋", "PL!SP-pb1-003-R", "PL!SP-pb1-003-P＋", "PL!SP-pb1-004-R", "PL!SP-pb1-004-P＋", "PL!SP-pb1-005-R", "PL!SP-pb1-005-P＋", "PL!SP-pb1-006-R", "PL!SP-pb1-006-P＋", "PL!SP-pb1-007-R", "PL!SP-pb1-007-P＋", "PL!SP-pb1-008-R", "PL!SP-pb1-008-P＋", "PL!SP-pb1-009-R", "PL!SP-pb1-009-P＋", "PL!SP-pb1-010-R", "PL!SP-pb1-010-P＋", "PL!SP-pb1-011-R", "PL!SP-pb1-011-P＋", "PL!SP-pb1-023-L", "PL!SP-pb1-023-SRL", "PL!SP-pb1-024-L", "PL!SP-pb1-024-SRL", "PL!S-bp2-001-R", "PL!S-bp2-001-P", "PL!S-bp2-002-R", "PL!S-bp2-002-P", "PL!S-bp2-003-R", "PL!S-bp2-003-P", "PL!S-bp2-004-R", "PL!S-bp2-004-P", "PL!S-bp2-006-R", "PL!S-bp2-006-P", "PL!S-bp2-023-L", "PL!S-bp2-023-SECL", "PL!SP-bp2-002-R", "PL!SP-bp2-002-P", "PL!SP-bp2-003-R", "PL!SP-bp2-003-P", "PL!SP-bp2-004-R", "PL!SP-bp2-004-P", "PL!SP-bp2-005-R", "PL!SP-bp2-005-P", "PL!SP-bp2-008-R", "PL!SP-bp2-008-P", "PL!SP-bp2-011-R", "PL!SP-bp2-011-P", "PL!SP-bp2-023-L", "PL!SP-bp2-023-SRL", "PL!SP-bp2-025-L", "PL!SP-bp2-025-SRL", "PL!HS-bp2-001-R", "PL!HS-bp2-001-P", "PL!HS-bp2-003-R", "PL!HS-bp2-003-P", "PL!HS-bp2-006-R", "PL!HS-bp2-006-P", "PL!HS-bp2-008-R", "PL!HS-bp2-008-P", "PL!HS-bp2-009-R", "PL!HS-bp2-009-P", "PL!HS-bp2-016-N", "PL!HS-pb1-024-N", "PL!HS-bp2-022-L", "PL!HS-bp2-022-L＋", "PL!HS-bp2-024-L", "PL!HS-bp2-024-L＋", "PL!HS-bp2-026-L", "PL!HS-bp2-026-L＋", "PL!S-pb1-001-R", "PL!S-pb1-001-P＋", "PL!S-pb1-002-R", "PL!S-pb1-002-P＋", "PL!S-pb1-003-R", "PL!S-pb1-003-P＋", "PL!S-pb1-006-R", "PL!S-pb1-006-P＋", "PL!S-pb1-007-R", "PL!S-pb1-007-P＋", "PL!S-pb1-008-R", "PL!S-pb1-008-P＋", "PL!S-pb1-009-R", "PL!S-pb1-009-P＋", "PL!S-pb1-022-L", "PL!S-pb1-022-L＋", "PL!S-pb1-024-L", "PL!-bp6-011-N", "PL!-bp3-001-R", "PL!-bp3-001-P", "PL!-bp3-003-R", "PL!-bp3-003-P", "PL!-bp3-005-R", "PL!-bp3-005-P", "PL!-bp3-006-R", "PL!-bp3-006-P", "PL!-bp3-007-R", "PL!-bp3-007-P", "PL!S-bp3-002-R", "PL!S-bp3-002-P", "PL!S-bp3-004-R", "PL!S-bp3-004-P", "PL!S-bp3-005-R", "PL!S-bp3-005-P", "PL!S-bp3-007-R", "PL!S-bp3-007-P", "PL!S-bp3-008-R", "PL!S-bp3-008-P", "PL!S-bp3-009-R", "PL!S-bp3-009-P", "PL!S-bp3-010-N", "PL!S-bp3-011-N", "PL!N-bp3-002-R", "PL!N-bp3-002-P", "PL!N-bp3-003-R", "PL!N-bp3-003-P", "PL!N-bp3-004-R", "PL!N-bp3-004-P", "PL!N-bp3-006-R", "PL!N-bp3-006-P", "PL!N-bp3-010-R", "PL!N-bp3-010-P", "PL!N-bp3-011-R", "PL!N-bp3-011-P", "PL!N-bp3-012-R", "PL!N-bp3-012-P", "PL!N-bp3-028-L", "PL!N-bp3-028-SECL", "PL!-pb1-001-R", "PL!-pb1-001-P＋", "PL!-pb1-002-R", "PL!-pb1-002-P＋", "PL!-pb1-003-R", "PL!-pb1-003-P＋", "PL!-pb1-004-R", "PL!-pb1-004-P＋", "PL!-pb1-005-R", "PL!-pb1-005-P＋", "PL!-pb1-006-R", "PL!-pb1-006-P＋", "PL!-pb1-007-R", "PL!-pb1-007-P＋", "PL!-pb1-008-R", "PL!-pb1-008-P＋", "PL!-pb1-009-R", "PL!-pb1-009-P＋", "PL!-pb1-010-R", "PL!-pb1-010-P＋", "PL!-pb1-011-R", "PL!-pb1-011-P＋", "PL!-pb1-012-R", "PL!-pb1-012-P＋", "PL!-pb1-013-R", "PL!-pb1-013-P＋", "PL!-pb1-014-R", "PL!-pb1-014-P＋", "PL!-pb1-015-R", "PL!-pb1-015-P＋", "PL!-pb1-016-R", "PL!-pb1-016-P＋", "PL!-pb1-017-R", "PL!-pb1-017-P＋", "PL!-pb1-018-R", "PL!-pb1-018-P＋", "PL!-bp4-001-R", "PL!-bp4-001-P", "PL!-bp4-004-R", "PL!-bp4-004-P", "PL!-bp4-006-R", "PL!-bp4-006-P", "PL!-bp4-007-R", "PL!-bp4-007-P", "PL!-bp4-008-R", "PL!-bp4-008-P", "PL!-bp4-009-R", "PL!-bp4-009-P", "PL!-bp4-016-N", "PL!-bp5-015-N", "PL!-bp4-022-L", "PL!-bp4-022-SECL", "PL!N-bp4-001-R", "PL!N-bp4-001-P", "PL!N-bp4-002-R", "PL!N-bp4-002-P", "PL!N-bp4-003-R", "PL!N-bp4-003-P", "PL!N-bp4-006-R", "PL!N-bp4-006-P", "PL!N-bp4-008-R", "PL!N-bp4-008-P", "PL!N-bp4-009-R", "PL!N-bp4-009-P", "PL!N-bp4-012-R", "PL!N-bp4-012-P", "PL!SP-bp4-001-R", "PL!SP-bp4-001-P", "PL!SP-bp4-002-R", "PL!SP-bp4-002-P", "PL!SP-bp4-003-R", "PL!SP-bp4-003-P", "PL!SP-bp4-006-R", "PL!SP-bp4-006-P", "PL!SP-bp4-007-R", "PL!SP-bp4-007-P", "PL!SP-bp4-009-R", "PL!SP-bp4-009-P", "PL!SP-bp4-010-R", "PL!SP-bp4-010-P", "PL!SP-bp4-021-N", "PL!SP-bp7-021-N", "PL!SP-bp4-023-L", "PL!SP-bp4-023-SRL", "PL!SP-bp4-025-L", "PL!SP-bp4-025-SRL", "PL!SP-bp4-026-L", "PL!SP-bp4-026-SRL", "PL!SP-bp4-027-L", "PL!SP-bp4-027-SRL", "PL!SP-bp4-028-L", "PL!SP-bp4-028-SRL", "PL!N-pb1-001-R", "PL!N-pb1-001-P＋", "PL!N-pb1-002-R", "PL!N-pb1-002-P＋", "PL!N-pb1-003-R", "PL!N-pb1-003-P＋", "PL!N-pb1-004-R", "PL!N-pb1-004-P＋", "PL!N-pb1-005-R", "PL!N-pb1-005-P＋", "PL!N-pb1-006-R", "PL!N-pb1-006-P＋", "PL!N-pb1-007-R", "PL!N-pb1-007-P＋", "PL!N-pb1-008-R", "PL!N-pb1-008-P＋", "PL!N-pb1-009-R", "PL!N-pb1-009-P＋", "PL!N-pb1-010-R", "PL!N-pb1-010-P＋", "PL!N-pb1-011-R", "PL!N-pb1-011-P＋", "PL!N-pb1-012-R", "PL!N-pb1-012-P＋", "PL!N-pb1-013-R", "PL!N-pb1-013-P＋", "PL!N-pb1-014-R", "PL!N-pb1-014-P＋", "PL!N-pb1-015-R", "PL!N-pb1-015-P＋", "PL!N-pb1-016-R", "PL!N-pb1-016-P＋", "PL!N-pb1-017-R", "PL!N-pb1-017-P＋", "PL!N-pb1-018-R", "PL!N-pb1-018-P＋", "PL!N-pb1-019-R", "PL!N-pb1-019-P＋", "PL!N-pb1-020-R", "PL!N-pb1-020-P＋", "PL!N-pb1-021-R", "PL!N-pb1-021-P＋", "PL!N-pb1-022-R", "PL!N-pb1-022-P＋", "PL!N-pb1-023-R", "PL!N-pb1-023-P＋", "PL!N-pb1-024-R", "PL!N-pb1-024-P＋", "PL!N-pb1-028-N", "PL!N-pb1-035-N", "PL!HS-bp5-011-N", "PL!SP-sd2-009-SD2", "PL!-bp5-111-R", "PL!-bp5-111-P＋", "PL!-bp5-222-R", "PL!-bp5-222-P＋", "PL!-bp5-333-R", "PL!-bp5-333-P＋", "PL!HS-sd1-018-SD", "PL!HS-sd1-018-SECL", "PL!HS-pb1-001-R", "PL!HS-pb1-001-P＋", "PL!HS-pb1-002-R", "PL!HS-pb1-002-P＋", "PL!HS-pb1-003-R", "PL!HS-pb1-003-P＋", "PL!HS-pb1-004-R", "PL!HS-pb1-004-P＋", "PL!HS-pb1-005-R", "PL!HS-pb1-005-P＋", "PL!HS-pb1-006-R", "PL!HS-pb1-006-P＋", "PL!HS-pb1-007-R", "PL!HS-pb1-007-P＋", "PL!HS-pb1-008-R", "PL!HS-pb1-008-P＋", "PL!HS-pb1-009-R", "PL!HS-pb1-009-P＋", "PL!HS-pb1-010-R", "PL!HS-pb1-010-P＋", "PL!HS-pb1-012-R", "PL!HS-pb1-012-P＋", "PL!HS-pb1-013-R", "PL!HS-pb1-013-P＋", "PL!HS-pb1-014-R", "PL!HS-pb1-014-P＋", "PL!HS-pb1-015-R", "PL!HS-pb1-015-P＋", "PL!HS-pb1-016-R", "PL!HS-pb1-016-P＋", "PL!-bp6-002-R", "PL!-bp6-002-P", "PL!-bp6-004-R", "PL!-bp6-004-P", "PL!-bp6-005-R", "PL!-bp6-005-P", "PL!-bp6-008-R", "PL!-bp6-008-P", "PL!-bp6-009-R", "PL!-bp6-009-P", "PL!S-bp6-001-R", "PL!S-bp6-001-P", "PL!S-bp6-003-R", "PL!S-bp6-003-P", "PL!S-bp6-005-R", "PL!S-bp6-005-P", "PL!S-bp6-006-R", "PL!S-bp6-006-P", "PL!S-bp6-007-R", "PL!S-bp6-007-P", "PL!S-bp6-008-R", "PL!S-bp6-008-P", "PL!S-bp6-015-N", "PL!SP-pb2-024-N", "PL!HS-bp6-002-R", "PL!HS-bp6-002-P", "PL!HS-bp6-003-R", "PL!HS-bp6-003-P", "PL!HS-bp6-004-R", "PL!HS-bp6-004-P", "PL!HS-bp6-007-R", "PL!HS-bp6-007-P", "PL!HS-bp6-008-R", "PL!HS-bp6-008-P", "PL!SP-sd2-023-P", "PL!SP-sd2-023-SD2", "PL!SP-sd2-025-P", "PL!SP-sd2-025-SD2", "PL!SP-pb2-001-R", "PL!SP-pb2-001-PP", "PL!SP-pb2-002-R", "PL!SP-pb2-002-PP", "PL!SP-pb2-003-R", "PL!SP-pb2-003-PP", "PL!SP-pb2-004-R", "PL!SP-pb2-004-PP", "PL!SP-pb2-005-R", "PL!SP-pb2-005-PP", "PL!SP-pb2-006-R", "PL!SP-pb2-006-PP", "PL!SP-pb2-007-R", "PL!SP-pb2-007-PP", "PL!SP-pb2-008-R", "PL!SP-pb2-008-PP", "PL!SP-pb2-009-R", "PL!SP-pb2-009-PP", "PL!SP-pb2-010-R", "PL!SP-pb2-010-PP", "PL!SP-pb2-011-R", "PL!SP-pb2-011-PP", "PL!SP-pb2-013-R", "PL!SP-pb2-013-P＋", "PL!SP-pb2-014-R", "PL!SP-pb2-014-P＋", "PL!SP-pb2-015-R", "PL!SP-pb2-015-P＋", "PL!SP-pb2-018-R", "PL!SP-pb2-018-P＋", "PL!SP-pb2-019-R", "PL!SP-pb2-019-P＋", "PL!SP-pb2-020-R", "PL!SP-pb2-020-P＋", "PL!SP-pb2-021-R", "PL!SP-pb2-021-P＋", "PL!SP-pb2-022-R", "PL!SP-pb2-022-P＋", "PL!S-bp7-001-R", "PL!S-bp7-001-P", "PL!S-bp7-002-R", "PL!S-bp7-002-P", "PL!S-bp7-004-R", "PL!S-bp7-004-P", "PL!S-bp7-006-R", "PL!S-bp7-006-P", "PL!S-bp7-008-R", "PL!S-bp7-008-P", "PL!S-bp7-009-R", "PL!S-bp7-009-P", "PL!S-bp7-020-L", "PL!S-bp7-020-SECL", "PL!S-bp7-022-L", "PL!S-bp7-022-SECL", "PL!N-bp7-001-R", "PL!N-bp7-001-P", "PL!N-bp7-002-R", "PL!N-bp7-002-P", "PL!N-bp7-004-R", "PL!N-bp7-004-P", "PL!N-bp7-005-R", "PL!N-bp7-005-P", "PL!N-bp7-008-R", "PL!N-bp7-008-P", "PL!N-bp7-009-R", "PL!N-bp7-009-P", "PL!N-bp7-010-R", "PL!N-bp7-010-P", "PL!N-bp7-012-R", "PL!N-bp7-012-P", "PL!N-bp7-025-L", "PL!N-bp7-025-SECL", "PL!N-bp7-026-L", "PL!N-bp7-026-SECL", "PL!SP-bp7-001-R", "PL!SP-bp7-001-P", "PL!SP-bp7-002-R", "PL!SP-bp7-002-P", "PL!SP-bp7-004-R", "PL!SP-bp7-004-P", "PL!SP-bp7-008-R", "PL!SP-bp7-008-P", "PL!SP-bp7-009-R", "PL!SP-bp7-009-P", "PL!SP-bp7-010-R", "PL!SP-bp7-010-P", "PL!SP-bp7-011-R", "PL!SP-bp7-011-P", "PL!SP-bp7-023-L", "PL!SP-bp7-023-SECL", "PL!SP-bp7-024-L", "PL!SP-bp7-024-SECL", "PL!N-sd2-007-P", "PL!N-sd2-007-SD2", "PL!N-sd2-012-SD2", "PL!N-sd2-014-SD2", "PL!N-sd2-025-P", "PL!N-sd2-025-SD2", "PL!N-sd2-026-P", "PL!N-sd2-026-SD2", "PL!N-sd2-027-P", "PL!N-sd2-027-SD2", "PL!-sd1-001-SD", "PL!-sd1-003-SD", "PL!-sd1-004-SD", "PL!-sd1-006-SD", "PL!-sd1-007-SD", "PL!-sd1-008-SD", "PL!-sd1-009-SD", "PL!-sd1-022-SD", "PL!-PR-003-PR", "PL!-PR-004-PR", "PL!-PR-014-PR", "PL!-PR-017-PR", "PL!S-PR-041-PR", "PL!S-PR-042-PR", "PL!S-PR-044-PR", "PL!S-PR-045-PR", "PL!N-PR-022-PR", "PL!N-PR-025-PR", "PL!N-PR-026-PR", "PL!N-PR-027-PR", "PL!SP-PR-018-PR", "PL!SP-PR-021-PR", "PL!SP-PR-022-PR", "PL!SP-PR-024-PR", "PL!HS-PR-016-PR", "PL!HS-PR-017-PR", "PL!HS-PR-028-PR", "PL!HS-PR-029-PR", "PL!HS-PR-035-PR", "LL-PR-004-PR", "LL-bp1-001-R＋", "PL!N-bp1-026-L", "PL!N-bp1-027-L", "PL!N-bp1-028-L", "PL!N-bp1-029-L", "PL!SP-bp1-023-L", "PL!SP-bp1-027-L", "PL!HS-bp1-021-L", "PL!HS-bp1-022-L", "PL!HS-bp1-023-L", "PL!N-sd1-007-SD", "PL!N-sd1-028-SD", "PL!SP-sd1-001-SD", "PL!SP-sd1-002-SD", "PL!SP-sd1-004-SD", "PL!SP-sd1-007-SD", "PL!SP-sd1-009-SD", "PL!SP-sd1-026-SD", "PL!SP-pb1-015-N", "PL!SP-pb1-016-N", "PL!SP-pb1-017-N", "PL!SP-pb1-020-N", "PL!S-bp2-021-L", "PL!S-bp2-022-L", "PL!S-bp2-025-L", "PL!SP-bp2-015-N", "PL!SP-bp2-020-N", "PL!SP-bp2-021-N", "PL!HS-bp2-012-N", "PL!HS-bp2-013-N", "PL!HS-bp2-014-N", "PL!HS-bp2-015-N", "PL!HS-bp2-017-N", "PL!HS-bp2-018-N", "PL!HS-bp2-019-L", "PL!HS-bp2-021-L", "PL!HS-bp2-023-L", "PL!HS-bp2-025-L", "LL-bp2-001-R＋", "PL!S-pb1-013-N", "PL!S-pb1-014-N", "PL!S-pb1-015-N", "PL!S-pb1-019-L", "PL!S-pb1-020-L", "PL!S-pb1-021-L", "PL!-bp3-019-L", "PL!-bp3-022-L", "PL!-bp3-023-L", "PL!-bp3-024-L", "PL!-bp3-025-L", "PL!-bp3-026-L", "PL!S-bp3-016-N", "PL!S-bp3-019-L", "PL!S-bp3-020-L", "PL!S-bp3-021-L", "PL!S-bp3-024-L", "PL!S-bp3-025-L", "PL!N-bp3-013-N", "PL!N-bp3-014-N", "PL!N-bp3-015-N", "PL!N-bp3-025-L", "PL!N-bp3-026-L", "PL!N-bp3-027-L", "PL!N-bp3-030-L", "PL!N-bp3-031-L", "LL-bp3-001-R＋", "PL!-pb1-028-L", "PL!-pb1-029-L", "PL!-pb1-030-L", "PL!-pb1-031-L", "PL!-pb1-032-L", "PL!-bp4-011-N", "PL!-bp4-013-N", "PL!-bp4-014-N", "PL!-bp4-017-N", "PL!-bp4-018-N", "PL!-bp4-019-L", "PL!-bp4-020-L", "PL!-bp4-021-L", "PL!-bp4-023-L", "PL!-bp4-024-L", "PL!N-bp4-018-N", "PL!N-bp4-021-N", "PL!N-bp4-023-N", "PL!N-bp4-025-L", "PL!N-bp4-026-L", "PL!N-bp4-027-L", "PL!N-bp4-028-L", "PL!N-bp4-029-L", "PL!N-bp4-030-L", "PL!N-bp4-031-L", "PL!SP-bp4-012-N", "PL!SP-bp4-016-N", "PL!SP-bp4-017-N", "PL!SP-bp4-018-N", "PL!SP-bp4-020-N", "PL!SP-bp4-022-N", "LL-bp4-001-R＋", "PL!N-pb1-034-N", "PL!N-pb1-036-N", "PL!N-pb1-037-L", "PL!N-pb1-038-L", "PL!N-pb1-039-L", "PL!N-pb1-042-L", "PL!-bp5-010-N", "PL!-bp5-011-N", "PL!-bp5-013-N", "PL!-bp5-014-N", "PL!-bp5-020-L", "PL!-bp5-021-L", "PL!-bp5-022-L", "PL!-bp5-023-L", "PL!S-bp5-010-N", "PL!S-bp5-011-N", "PL!S-bp5-013-N", "PL!S-bp5-015-N", "PL!S-bp5-016-N", "PL!S-bp5-017-N", "PL!S-bp5-019-L", "PL!S-bp5-020-L", "PL!N-bp5-013-N", "PL!N-bp5-015-N", "PL!N-bp5-021-N", "PL!N-bp5-026-L", "PL!N-bp5-027-L", "PL!N-bp5-028-L", "PL!N-bp5-029-L", "PL!N-bp5-030-L", "PL!SP-bp5-012-N", "PL!SP-bp5-013-N", "PL!SP-bp5-014-N", "PL!SP-bp5-015-N", "PL!SP-bp5-016-N", "PL!SP-bp5-017-N", "PL!SP-bp5-021-N", "PL!SP-bp5-023-L", "PL!SP-bp5-024-L", "PL!SP-bp5-025-L", "PL!SP-bp5-026-L", "PL!HS-bp1-002-RM", "PL!HS-bp5-013-N", "PL!HS-bp5-014-N", "PL!HS-bp5-017-L", "PL!HS-bp5-019-L", "PL!HS-bp5-020-L", "PL!HS-bp5-021-L", "PL!HS-bp5-022-L", "LL-bp5-001-L", "LL-bp5-002-L", "PL!-bp5-024-L", "PL!S-bp5-022-L", "PL!S-bp5-023-L", "PL!SP-bp5-027-L", "PL!HS-sd1-001-SD", "PL!HS-sd1-002-SD", "PL!HS-sd1-003-SD", "PL!HS-sd1-004-SD", "PL!HS-sd1-005-SD", "PL!HS-sd1-013-SD", "PL!HS-sd1-014-SD", "PL!HS-sd1-017-SD", "PL!S-sd1-001-SD", "PL!S-sd1-002-SD", "PL!S-sd1-003-SD", "PL!S-sd1-004-SD", "PL!S-sd1-005-SD", "PL!S-sd1-006-SD", "PL!S-sd1-007-SD", "PL!S-sd1-009-SD", "PL!S-sd1-019-SD", "PL!S-sd1-020-SD", "PL!S-sd1-022-SD", "PL!HS-pb1-018-N", "PL!HS-pb1-020-N", "PL!HS-pb1-021-N", "PL!HS-pb1-022-N", "PL!HS-pb1-025-L", "PL!HS-pb1-026-L", "PL!HS-pb1-027-L", "PL!HS-pb1-028-L", "PL!HS-pb1-029-L", "PL!HS-pb1-030-L", "PL!-bp6-010-N", "PL!-bp6-012-N", "PL!-bp6-013-N", "PL!-bp6-014-N", "PL!-bp6-015-N", "PL!-bp6-016-N", "PL!-bp6-019-L", "PL!-bp6-020-L", "PL!-bp6-021-L", "PL!-bp6-022-L", "PL!-bp6-023-L", "PL!-bp6-024-L", "PL!S-bp6-010-N", "PL!S-bp6-011-N", "PL!S-bp6-013-N", "PL!S-bp6-016-N", "PL!S-bp6-019-L", "PL!S-bp6-020-L", "PL!S-bp6-021-L", "PL!S-bp6-022-L", "PL!S-bp6-023-L", "PL!S-bp6-024-L", "PL!HS-bp6-009-R", "PL!HS-bp6-010-R", "PL!HS-bp6-011-R", "PL!HS-bp6-012-R", "PL!HS-bp6-013-R", "PL!HS-bp6-014-R", "PL!HS-bp6-015-R", "PL!HS-bp6-016-R", "PL!HS-bp6-017-N", "PL!HS-bp6-018-N", "PL!HS-bp6-019-N", "PL!HS-bp6-025-L", "PL!HS-bp6-027-L", "PL!HS-bp6-028-L", "PL!HS-bp6-029-L", "PL!HS-bp6-030-L", "PL!HS-bp6-031-L", "PL!HS-bp6-032-L", "LL-bp6-001-R＋", "PL!HS-cl1-001-CL", "PL!HS-cl1-002-CL", "PL!HS-cl1-003-CL", "PL!HS-cl1-004-CL", "PL!HS-cl1-006-CL", "PL!HS-cl1-008-CL", "PL!HS-cl1-009-CL", "PL!HS-cl1-010-CL", "PL!HS-cl1-011-CL", "PL!HS-cl1-012-CL", "PL!SP-sd2-001-SD2", "PL!SP-sd2-003-SD2", "PL!SP-sd2-004-SD2", "PL!SP-sd2-006-SD2", "PL!SP-sd2-008-SD2", "PL!SP-sd2-011-SD2", "PL!SP-sd2-012-SD2", "PL!SP-sd2-020-SD2", "PL!SP-sd2-022-SD2", "PL!SP-bp1-023-SRL", "PL!SP-bp1-027-SRL", "PL!SP-pb2-023-N", "PL!SP-pb2-026-N", "PL!SP-pb2-027-N", "PL!SP-pb2-028-N", "PL!SP-pb2-029-N", "PL!SP-pb2-030-N", "PL!SP-pb2-032-N", "PL!SP-pb2-035-N", "PL!SP-pb2-036-N", "PL!SP-pb2-037-N", "PL!SP-pb2-041-N", "PL!SP-pb2-045-L", "PL!SP-pb2-047-L", "PL!SP-pb2-048-L", "PL!SP-pb2-049-L", "PL!SP-pb2-050-L", "PL!SP-sd1-026-SRL", "PL!SP-pb2-046-L", "PL!S-bp7-010-N", "PL!S-bp7-011-N", "PL!S-bp7-012-N", "PL!S-bp7-013-N", "PL!S-bp7-014-N", "PL!S-bp7-015-N", "PL!S-bp7-016-N", "PL!S-bp7-017-N", "PL!S-bp7-018-N", "PL!S-bp7-019-L", "PL!S-bp7-021-L", "PL!S-bp7-023-L", "PL!S-bp7-024-L", "PL!S-bp7-025-L", "PL!N-bp1-026-SECL", "PL!N-bp7-013-N", "PL!N-bp7-014-N", "PL!N-bp7-017-N", "PL!N-bp7-018-N", "PL!N-bp7-019-N", "PL!N-bp7-020-N", "PL!N-bp7-022-N", "PL!N-bp7-023-N", "PL!N-bp7-024-N", "PL!N-bp7-027-L", "PL!N-bp7-028-L", "PL!N-bp7-029-L", "PL!N-bp7-031-L", "PL!SP-bp7-012-N", "PL!SP-bp7-013-N", "PL!SP-bp7-014-N", "PL!SP-bp7-015-N", "PL!SP-bp7-016-N", "PL!SP-bp7-017-N", "PL!SP-bp7-018-N", "PL!SP-bp7-019-N", "PL!SP-bp7-020-N", "PL!SP-bp7-022-N", "PL!SP-bp7-025-L", "PL!SP-bp7-026-L", "PL!SP-bp7-027-L", "PL!SP-bp7-028-L", "LL-bp7-001-R＋", "PL!N-sd2-001-SD2", "PL!N-sd2-003-SD2", "PL!N-sd2-005-SD2", "PL!N-sd2-006-SD2", "PL!N-sd2-009-SD2", "PL!N-sd2-010-SD2", "PL!N-sd2-013-SD2", "PL!N-sd2-015-SD2", "PL!N-sd2-017-SD2", "PL!N-sd2-019-SD2", "PL!N-sd2-021-SD2"];

/// Card_no → ability index pairs. Each entry is (card_no_string_index, ability_index).
/// Generated from the `cards` field of `unique_abilities`. Used at load time by
/// `CardLoader::build_abilities_map_shared` to build the card_no → Vec<AbilityRef>
/// mapping without parsing abilities.json into a `serde_json::Value`.
///
/// Format: flat array of [str_idx, ability_idx, str_idx, ability_idx, ...]
pub const CARD_ABILITY_PAIRS: &[u16] = &[4121,0, 4122,0, 4123,0, 4124,0, 4125,0, 4126,0, 4127,0, 4128,0, 4129,0, 4130,0, 4131,0, 4132,0, 4133,0, 4134,0, 4135,0, 4136,0, 4137,0, 4138,0, 4139,0, 4140,0, 4141,0, 4142,0, 4143,0, 4144,0, 4145,0, 4146,0, 4147,0, 4148,0, 4149,0, 4150,0, 4151,0, 4152,0, 4153,0, 4154,0, 4155,1, 4156,1, 4157,1, 4158,1, 4159,1, 4160,1, 4161,1, 4162,1, 4163,1, 4164,1, 4165,1, 4166,1, 4167,1, 4168,1, 4169,1, 4170,1, 4171,1, 4172,1, 4173,1, 4174,1, 4175,1, 4176,1, 4177,1, 4178,1, 4179,1, 4180,1, 4181,1, 4182,1, 4183,2, 4184,2, 4185,2, 4186,2, 4187,2, 4188,2, 4189,2, 4190,2, 4191,2, 4192,2, 4193,2, 4194,2, 4195,2, 4196,2, 4197,2, 4198,2, 4199,2, 4200,2, 4201,2, 4202,2, 4203,2, 4204,2, 4205,3, 4206,3, 4207,3, 4208,3, 4209,3, 4210,3, 4211,3, 4212,3, 4213,3, 4214,3, 4215,3, 4216,3, 4217,3, 4218,3, 4219,3, 4220,3, 4221,3, 4222,4, 4223,4, 4224,4, 4225,4, 4226,4, 4227,4, 4228,4, 4229,4, 4230,4, 4231,4, 4232,4, 4233,4, 4234,4, 4235,4, 4236,4, 4237,4, 4238,5, 4239,5, 4240,5, 4241,5, 4242,5, 4243,5, 4244,5, 4245,5, 4246,5, 4247,5, 4248,6, 4249,6, 4250,6, 4251,6, 4252,6, 4253,6, 4254,6, 4255,7, 4256,7, 4257,7, 4258,7, 4259,7, 4260,7, 4261,7, 4262,8, 4263,8, 4264,8, 4265,8, 4266,8, 4267,8, 4268,8, 4269,9, 4270,9, 4271,9, 4272,9, 4273,9, 4274,9, 4275,9, 4276,10, 4277,10, 4278,10, 4279,10, 4280,10, 4281,10, 4282,11, 4283,11, 4284,11, 4285,11, 4286,11, 4287,11, 4288,12, 4289,12, 4290,12, 4291,12, 4292,12, 4293,12, 4294,13, 4295,13, 4296,13, 4297,13, 4298,13, 4299,13, 4300,14, 4301,14, 4302,14, 4303,14, 4304,14, 4305,14, 4306,15, 4307,15, 4308,15, 4309,15, 4310,15, 4311,15, 4312,16, 4313,16, 4314,16, 4315,16, 4316,16, 4317,17, 4318,17, 4319,17, 4320,17, 4321,17, 4262,18, 4263,18, 4264,18, 4265,18, 4322,18, 4323,19, 4324,19, 4325,19, 4326,19, 4327,19, 4328,20, 4329,20, 4330,20, 4331,20, 4332,20, 4333,21, 4334,21, 4335,21, 4336,21, 4337,21, 4338,22, 4339,22, 4340,22, 4341,22, 4258,23, 4259,23, 4260,23, 4261,23, 4269,24, 4270,24, 4271,24, 4272,24, 4323,25, 4324,25, 4325,25, 4326,25, 4342,26, 4343,26, 4344,26, 4345,26, 4346,27, 4347,27, 4348,27, 4349,27, 4350,28, 4351,28, 4352,28, 4353,28, 4354,29, 4355,29, 4356,29, 4357,29, 4354,30, 4355,30, 4356,30, 4357,30, 4358,31, 4359,31, 4360,31, 4361,31, 4358,32, 4359,32, 4360,32, 4361,32, 4294,33, 4295,33, 4296,33, 4297,33, 4362,34, 4363,34, 4364,34, 4365,34, 4366,35, 4367,35, 4368,35, 4369,35, 4366,36, 4367,36, 4368,36, 4369,36, 4370,37, 4371,37, 4372,37, 4373,37, 4370,38, 4371,38, 4372,38, 4373,38, 4374,39, 4375,39, 4376,39, 4377,39, 4378,40, 4379,40, 4380,40, 4381,40, 4378,41, 4379,41, 4380,41, 4381,41, 4382,42, 4383,42, 4384,42, 4385,42, 4301,43, 4302,43, 4303,43, 4304,43, 4386,44, 4387,44, 4388,44, 4389,44, 4386,45, 4387,45, 4388,45, 4389,45, 4390,46, 4391,46, 4392,46, 4393,46, 4390,47, 4391,47, 4392,47, 4393,47, 4394,48, 4395,48, 4396,48, 4397,48, 4394,49, 4395,49, 4396,49, 4397,49, 4398,50, 4399,50, 4400,50, 4401,50, 4398,51, 4399,51, 4400,51, 4401,51, 4402,52, 4403,52, 4404,52, 4405,52, 4402,53, 4403,53, 4404,53, 4405,53, 4406,54, 4407,54, 4408,54, 4409,54, 4406,55, 4407,55, 4408,55, 4409,55, 4410,56, 4411,56, 4412,56, 4413,56, 4410,57, 4411,57, 4412,57, 4413,57, 4414,58, 4415,58, 4416,58, 4417,58, 4418,59, 4419,59, 4420,59, 4421,59, 4418,60, 4419,60, 4420,60, 4421,60, 4422,61, 4423,61, 4424,61, 4425,61, 4426,62, 4427,62, 4428,62, 4429,62, 4430,63, 4431,63, 4432,63, 4433,63, 4430,64, 4431,64, 4432,64, 4433,64, 4434,65, 4435,65, 4436,65, 4437,65, 4434,66, 4435,66, 4436,66, 4437,66, 4438,67, 4439,67, 4440,67, 4441,67, 4442,68, 4443,68, 4444,68, 4445,68, 4446,69, 4447,69, 4448,69, 4449,69, 4446,70, 4447,70, 4448,70, 4449,70, 4446,71, 4447,71, 4448,71, 4449,71, 4450,72, 4451,72, 4452,72, 4453,72, 4450,73, 4451,73, 4452,73, 4453,73, 4454,74, 4455,74, 4456,74, 4457,74, 4454,75, 4455,75, 4456,75, 4457,75, 4454,76, 4455,76, 4456,76, 4457,76, 4458,77, 4459,77, 4460,77, 4461,77, 4458,78, 4459,78, 4460,78, 4461,78, 4462,79, 4463,79, 4464,79, 4465,79, 4462,80, 4463,80, 4464,80, 4465,80, 4306,81, 4307,81, 4308,81, 4309,81, 4466,82, 4467,82, 4468,82, 4469,82, 4466,83, 4467,83, 4468,83, 4469,83, 4470,84, 4471,84, 4472,84, 4473,84, 4470,85, 4471,85, 4472,85, 4473,85, 4470,86, 4471,86, 4472,86, 4473,86, 4474,87, 4475,87, 4476,87, 4477,87, 4478,88, 4479,88, 4480,88, 4481,88, 4482,89, 4483,89, 4484,89, 4485,89, 4482,90, 4483,90, 4484,90, 4485,90, 4486,91, 4487,91, 4488,91, 4489,91, 4486,92, 4487,92, 4488,92, 4489,92, 4490,93, 4491,93, 4492,93, 4493,93, 4490,94, 4491,94, 4492,94, 4493,94, 4494,95, 4495,95, 4496,95, 4497,95, 4498,96, 4499,96, 4500,96, 4501,96, 4502,97, 4503,97, 4504,97, 4505,97, 4506,98, 4507,98, 4508,98, 4509,98, 4510,99, 4511,99, 4512,99, 4513,99, 4510,100, 4511,100, 4512,100, 4513,100, 4514,101, 4515,101, 4516,101, 4517,101, 4514,102, 4515,102, 4516,102, 4517,102, 4518,103, 4519,103, 4520,103, 4521,103, 4522,104, 4523,104, 4524,104, 4525,104, 4522,105, 4523,105, 4524,105, 4525,105, 4526,106, 4527,106, 4528,106, 4529,106, 4530,107, 4531,107, 4532,107, 4533,107, 4530,108, 4531,108, 4532,108, 4533,108, 4534,109, 4535,109, 4536,109, 4537,109, 4538,110, 4539,110, 4540,110, 4541,110, 4538,111, 4539,111, 4540,111, 4541,111, 4542,112, 4543,112, 4544,112, 4545,112, 4542,113, 4543,113, 4544,113, 4545,113, 4546,114, 4547,114, 4548,114, 4549,114, 4546,115, 4547,115, 4548,115, 4549,115, 4550,116, 4551,116, 4552,116, 4553,116, 4550,117, 4551,117, 4552,117, 4553,117, 4554,118, 4555,118, 4556,118, 4557,118, 4558,119, 4559,119, 4560,119, 4561,119, 4562,120, 4563,120, 4564,120, 4565,120, 4562,121, 4563,121, 4564,121, 4565,121, 4566,122, 4567,122, 4568,122, 4569,122, 4566,123, 4567,123, 4568,123, 4569,123, 4570,124, 4571,124, 4572,124, 4573,124, 4574,125, 4575,125, 4576,125, 4577,125, 4578,126, 4579,126, 4580,126, 4581,126, 4578,127, 4579,127, 4580,127, 4581,127, 4582,128, 4583,128, 4584,128, 4585,128, 4586,129, 4587,129, 4588,129, 4589,129, 4586,130, 4587,130, 4588,130, 4589,130, 4590,131, 4591,131, 4592,131, 4593,131, 4590,132, 4591,132, 4592,132, 4593,132, 4594,133, 4595,133, 4596,133, 4597,133, 4594,134, 4595,134, 4596,134, 4597,134, 4598,135, 4599,135, 4600,135, 4601,135, 4598,136, 4599,136, 4600,136, 4601,136, 4598,137, 4599,137, 4600,137, 4601,137, 4602,138, 4603,138, 4604,138, 4605,138, 4602,139, 4603,139, 4604,139, 4605,139, 4606,140, 4607,140, 4608,140, 4609,140, 4606,141, 4607,141, 4608,141, 4609,141, 4606,142, 4607,142, 4608,142, 4609,142, 4610,143, 4611,143, 4612,143, 4613,143, 4610,144, 4611,144, 4612,144, 4613,144, 4614,145, 4615,145, 4616,145, 4617,145, 4614,146, 4615,146, 4616,146, 4617,146, 4618,147, 4619,147, 4620,147, 4621,147, 4618,148, 4619,148, 4620,148, 4621,148, 4622,149, 4623,149, 4624,149, 4625,149, 4622,150, 4623,150, 4624,150, 4625,150, 4622,151, 4623,151, 4624,151, 4625,151, 4626,152, 4627,152, 4628,152, 4629,152, 4626,153, 4627,153, 4628,153, 4629,153, 4626,154, 4627,154, 4628,154, 4629,154, 4630,155, 4631,155, 4632,155, 4633,155, 4630,156, 4631,156, 4632,156, 4633,156, 4630,157, 4631,157, 4632,157, 4633,157, 4634,158, 4635,158, 4636,158, 4637,158, 4634,159, 4635,159, 4636,159, 4637,159, 4638,160, 4639,160, 4640,160, 4641,160, 4638,161, 4639,161, 4640,161, 4641,161, 4642,162, 4643,162, 4644,162, 4645,162, 4642,163, 4643,163, 4644,163, 4645,163, 4642,164, 4643,164, 4644,164, 4645,164, 4646,165, 4647,165, 4648,165, 4649,166, 4650,166, 4651,166, 4652,167, 4653,167, 4654,167, 4655,168, 4656,168, 4657,168, 4658,169, 4659,169, 4660,169, 4661,170, 4662,170, 4663,170, 4664,171, 4665,171, 4666,171, 4667,172, 4668,172, 4669,172, 4670,173, 4671,173, 4672,173, 4673,174, 4674,174, 4675,174, 4676,175, 4677,175, 4678,175, 4676,176, 4677,176, 4678,176, 4679,177, 4680,177, 4681,177, 4682,178, 4683,178, 4684,178, 4685,179, 4686,179, 4687,179, 4193,180, 4194,180, 4195,180, 4688,181, 4689,181, 4690,181, 4691,182, 4692,182, 4693,182, 4694,183, 4695,183, 4696,183, 4697,184, 4698,184, 4699,184, 4697,185, 4698,185, 4699,185, 4700,186, 4701,186, 4702,186, 4703,187, 4704,187, 4705,187, 4706,188, 4707,188, 4708,188, 4709,189, 4710,189, 4711,189, 4712,190, 4713,190, 4714,190, 4715,191, 4716,191, 4717,191, 4718,192, 4719,192, 4720,192, 4442,193, 4443,193, 4444,193, 4721,194, 4722,194, 4723,194, 4721,195, 4722,195, 4723,195, 4724,196, 4725,196, 4726,196, 4727,197, 4728,197, 4729,197, 4730,198, 4731,198, 4732,198, 4733,199, 4734,199, 4735,199, 4736,200, 4737,200, 4738,200, 4739,201, 4740,201, 4741,201, 4742,202, 4743,202, 4744,202, 4745,203, 4746,203, 4747,203, 4748,204, 4749,204, 4750,204, 4751,205, 4752,205, 4753,205, 4754,206, 4755,206, 4756,206, 4757,207, 4758,207, 4759,207, 4760,208, 4761,208, 4762,208, 4763,209, 4764,209, 4765,209, 4766,210, 4767,210, 4768,210, 4769,211, 4770,211, 4771,211, 4772,212, 4773,212, 4774,212, 4772,213, 4773,213, 4774,213, 4775,214, 4776,214, 4777,214, 4778,215, 4779,215, 4780,215, 4781,216, 4782,216, 4783,216, 4784,217, 4785,217, 4786,217, 4787,218, 4788,218, 4789,218, 4790,219, 4791,219, 4792,219, 4793,220, 4794,220, 4795,220, 4796,221, 4797,221, 4798,221, 4799,222, 4800,222, 4801,222, 4802,223, 4803,223, 4804,223, 4802,224, 4803,224, 4804,224, 4802,225, 4803,225, 4804,225, 4805,226, 4806,226, 4807,226, 4808,227, 4809,227, 4810,227, 4811,228, 4812,228, 4813,228, 4814,229, 4815,229, 4816,229, 4814,230, 4815,230, 4816,230, 4817,231, 4818,231, 4819,231, 4820,232, 4821,232, 4822,232, 4823,233, 4824,233, 4825,233, 4826,234, 4827,234, 4828,235, 4829,235, 4830,236, 4831,236, 4832,237, 4833,237, 4834,238, 4835,238, 4836,239, 4837,239, 4188,240, 4189,240, 4838,241, 4839,241, 4840,242, 4841,242, 4842,243, 4843,243, 4844,244, 4845,244, 4846,245, 4847,245, 4848,246, 4849,246, 4850,247, 4851,247, 4852,248, 4853,248, 4854,249, 4855,249, 4856,250, 4857,250, 4858,251, 4859,251, 4860,252, 4861,252, 4862,253, 4863,253, 4864,254, 4865,254, 4866,255, 4867,255, 4868,256, 4869,256, 4870,257, 4871,257, 4872,258, 4873,258, 4874,259, 4875,259, 4876,260, 4877,260, 4878,261, 4879,261, 4880,262, 4881,262, 4882,263, 4883,263, 4884,264, 4885,264, 4886,265, 4887,265, 4888,266, 4889,266, 4890,267, 4891,267, 4892,268, 4893,268, 4894,269, 4895,269, 4894,270, 4895,270, 4896,271, 4897,271, 4898,272, 4899,272, 4900,273, 4901,273, 4902,274, 4903,274, 4904,275, 4905,275, 4906,276, 4907,276, 4908,277, 4909,277, 4910,278, 4911,278, 4912,279, 4913,279, 4914,280, 4915,280, 4916,281, 4917,281, 4918,282, 4919,282, 4920,283, 4921,283, 4922,284, 4923,284, 4924,285, 4925,285, 4300,286, 4305,286, 4926,287, 4927,287, 4928,288, 4929,288, 4930,289, 4931,289, 4932,290, 4933,290, 4934,291, 4935,291, 4936,292, 4937,292, 4938,293, 4939,293, 4940,294, 4941,294, 4942,295, 4943,295, 4944,296, 4945,296, 4946,297, 4947,297, 4946,298, 4947,298, 4948,299, 4949,299, 4950,300, 4951,300, 4952,301, 4953,301, 4954,302, 4955,302, 4956,303, 4957,303, 4958,304, 4959,304, 4960,305, 4961,305, 4962,306, 4963,306, 4964,307, 4965,307, 4964,308, 4965,308, 4966,309, 4967,309, 4968,310, 4969,310, 4970,311, 4971,311, 4972,312, 4973,312, 4974,313, 4975,313, 4976,314, 4977,314, 4978,315, 4979,315, 4978,316, 4979,316, 4328,317, 4329,317, 4980,318, 4981,318, 4982,319, 4983,319, 4984,320, 4985,320, 4986,321, 4987,321, 4988,322, 4989,322, 4990,323, 4991,323, 4992,324, 4993,324, 4994,325, 4995,325, 4996,326, 4997,326, 4998,327, 4999,327, 5000,328, 5001,328, 5002,329, 5003,329, 5004,330, 5005,330, 5006,331, 5007,331, 5008,332, 5009,332, 5010,333, 5011,333, 5012,334, 5013,334, 5014,335, 5015,335, 5016,336, 5017,336, 5018,337, 5019,337, 5020,338, 5021,338, 5020,339, 5021,339, 5022,340, 5023,340, 5024,341, 5025,341, 5026,342, 5027,342, 5028,343, 5029,343, 5030,344, 5031,344, 5032,345, 5033,345, 5034,346, 5035,346, 5034,347, 5035,347, 5036,348, 5037,348, 5038,349, 5039,349, 5040,350, 5041,350, 5042,351, 5043,351, 5044,352, 5045,352, 5046,353, 5047,353, 5046,354, 5047,354, 5048,355, 5049,355, 5050,356, 5051,356, 5052,357, 5053,357, 5054,358, 5055,358, 5056,359, 5057,359, 5058,360, 5059,360, 5060,361, 5061,361, 5062,362, 5063,362, 5064,363, 5065,363, 5066,364, 5067,364, 5068,365, 5069,365, 5070,366, 5071,366, 5072,367, 5073,367, 5074,368, 5075,368, 5076,369, 5077,369, 5078,370, 5079,370, 5080,371, 5081,371, 5082,372, 5083,372, 5084,373, 5085,373, 5086,374, 5087,374, 5088,375, 5089,375, 5088,376, 5089,376, 5090,377, 5091,377, 5092,378, 5093,378, 5094,379, 5095,379, 5096,380, 5097,380, 5098,381, 5099,381, 5100,382, 5101,382, 5100,383, 5101,383, 5102,384, 5103,384, 5102,385, 5103,385, 5104,386, 5105,386, 5104,387, 5105,387, 5106,388, 5107,388, 5108,389, 5109,389, 5110,390, 5111,390, 5110,391, 5111,391, 5112,392, 5113,392, 5112,393, 5113,393, 5114,394, 5115,394, 5116,395, 5117,395, 5116,396, 5117,396, 5118,397, 5119,397, 5120,398, 5121,398, 5122,399, 5123,399, 5124,400, 5125,400, 5124,401, 5125,401, 5126,402, 5127,402, 5128,403, 5129,403, 5130,404, 5131,404, 5130,405, 5131,405, 5132,406, 5133,406, 5132,407, 5133,407, 5134,408, 5135,408, 5136,409, 5137,409, 5138,410, 5139,410, 5140,411, 5141,411, 5142,412, 5143,412, 5144,413, 5145,413, 5146,414, 5147,414, 5148,415, 5149,415, 5150,416, 5151,416, 5152,417, 5153,417, 5154,418, 5155,418, 5156,419, 5157,419, 5158,420, 5159,420, 5160,421, 5161,421, 5162,422, 5163,422, 5162,423, 5163,423, 5164,424, 5165,424, 5166,425, 5167,425, 5166,426, 5167,426, 4554,427, 4555,427, 4556,428, 4557,428, 4558,429, 4559,429, 4560,430, 4561,430, 5168,431, 5169,431, 5170,432, 5171,432, 5170,433, 5171,433, 5172,434, 5173,434, 5172,435, 5173,435, 5174,436, 5175,436, 5174,437, 5175,437, 5176,438, 5177,438, 5178,439, 5179,439, 5180,440, 5181,440, 5182,441, 5183,441, 5182,442, 5183,442, 5184,443, 5185,443, 5184,444, 5185,444, 5186,445, 5187,445, 5186,446, 5187,446, 5188,447, 5189,447, 5190,448, 5191,448, 5192,449, 5193,449, 5192,450, 5193,450, 5194,451, 5195,451, 5194,452, 5195,452, 5196,453, 5197,453, 5198,454, 5199,454, 5200,455, 5201,455, 5202,456, 5203,456, 5204,457, 5205,457, 5206,458, 5207,458, 5208,459, 5209,459, 5210,460, 5211,460, 5212,461, 5213,461, 5214,462, 5215,462, 5216,463, 5217,463, 5218,464, 5219,464, 5220,465, 5221,465, 5222,466, 5223,466, 5224,467, 5225,467, 5226,468, 5227,468, 5226,469, 5227,469, 5228,470, 5229,470, 5228,471, 5229,471, 5230,472, 5231,472, 5232,473, 5233,473, 5232,474, 5233,474, 4823,475, 4824,475, 5234,476, 5235,476, 5236,477, 5237,477, 4310,478, 4311,478, 5238,479, 5239,479, 5240,480, 5241,480, 5242,481, 5243,481, 5244,482, 5245,482, 5246,483, 5247,483, 5246,484, 5247,484, 5248,485, 5249,485, 5248,486, 5249,486, 5250,487, 5251,487, 5252,488, 5253,488, 5254,489, 5255,489, 5256,490, 5257,490, 5256,491, 5257,491, 5258,492, 5259,492, 5258,493, 5259,493, 5260,494, 5261,494, 5262,495, 5263,495, 5264,496, 5265,496, 5266,497, 5267,497, 5268,498, 5269,498, 5270,499, 5271,499, 5272,500, 5273,500, 5274,501, 5275,501, 5276,502, 5277,502, 5278,503, 5279,503, 5280,504, 5281,504, 5280,505, 5281,505, 5282,506, 5283,506, 5284,507, 5285,507, 5284,508, 5285,508, 5286,509, 5287,509, 5288,510, 5289,510, 5288,511, 5289,511, 5290,512, 5291,512, 5290,513, 5291,513, 5292,514, 5293,514, 5294,515, 5295,515, 5296,516, 5297,516, 5298,517, 5299,517, 5300,518, 5301,518, 5302,519, 5303,519, 5304,520, 5305,520, 5306,521, 5307,521, 5308,522, 5309,522, 5308,523, 5309,523, 5310,524, 5311,524, 5310,525, 5311,525, 5312,526, 5313,526, 5312,527, 5313,527, 5314,528, 5315,528, 5316,529, 5317,529, 5318,530, 5319,530, 5318,531, 5319,531, 5320,532, 5321,532, 5320,533, 5321,533, 5322,534, 5323,534, 5324,535, 5325,535, 5326,536, 5327,536, 5328,537, 5329,537, 5330,538, 5331,538, 5332,539, 5333,539, 5334,540, 5335,540, 5336,541, 5337,541, 5338,542, 5339,542, 5340,543, 5340,544, 5341,545, 5341,546, 5342,547, 5343,548, 5344,549, 5345,550, 5346,551, 5347,552, 5348,553, 5349,554, 5350,555, 5351,556, 5352,557, 5353,558, 5354,559, 5355,560, 5356,561, 5357,562, 5358,563, 5358,564, 5359,565, 5360,566, 5361,567, 5362,568, 5363,569, 5364,570, 5365,571, 5366,572, 5367,573, 5368,574, 5369,575, 5370,576, 5370,577, 5371,578, 5372,579, 5373,580, 5374,581, 5375,582, 4880,583, 5376,584, 5377,585, 5378,586, 5379,587, 5380,588, 4298,589, 5381,590, 5382,591, 5383,592, 5384,593, 5385,594, 5386,595, 5387,596, 5388,597, 5389,598, 5390,599, 5391,600, 5392,601, 5393,602, 5394,603, 5395,604, 5396,605, 5397,606, 5398,607, 5399,608, 5400,609, 5401,610, 5402,611, 5403,612, 5404,613, 4718,614, 5405,615, 5406,616, 5407,617, 5408,618, 5408,619, 5408,620, 5409,621, 5410,622, 5411,623, 5412,624, 5412,625, 5413,626, 5414,627, 5415,628, 5416,629, 5417,630, 5418,631, 5418,632, 5419,633, 5420,634, 5420,635, 5421,636, 5422,637, 5423,638, 5424,639, 5425,640, 5426,641, 5427,642, 5428,643, 5429,644, 5430,645, 5431,646, 5432,647, 5433,648, 5434,649, 5435,650, 5435,651, 5436,652, 5437,653, 5438,654, 5438,655, 5439,656, 5440,657, 4445,658, 5441,659, 5442,660, 5443,661, 5444,662, 5445,663, 5446,664, 5447,665, 5447,666, 5448,667, 5449,668, 5450,669, 5451,670, 5452,671, 5453,672, 5454,673, 5454,674, 5455,675, 5455,676, 5456,677, 5457,678, 5458,679, 5459,680, 5460,681, 5461,682, 5462,683, 5463,684, 5464,685, 5465,686, 5466,687, 5467,688, 5468,689, 5469,690, 5470,691, 5471,692, 5472,693, 5473,694, 5474,695, 5475,696, 5476,697, 5477,698, 5478,699, 5479,700, 5480,701, 5481,702, 5482,703, 5483,704, 5484,705, 5485,706, 5486,707, 5487,708, 5488,709, 5489,710, 5490,711, 5491,712, 5492,713, 5493,714, 5493,715, 5494,716, 5495,717, 5496,718, 5497,719, 5497,720, 5498,721, 5499,722, 5500,723, 5501,724, 5502,725, 5503,726, 4275,727, 5504,728, 5505,729, 5506,730, 5507,731, 5508,732, 5509,733, 5510,734, 5511,735, 4332,736, 5512,737, 4719,738, 5513,739, 5514,740, 5515,741, 5515,742, 5516,743, 5517,744, 5518,745, 5518,746, 5519,747, 5520,748, 5520,749, 5521,750, 5522,751, 5523,752, 5524,753, 5525,754, 5526,755, 5526,756, 5527,757, 5527,758, 4217,759, 4299,760, 5528,761, 5529,762, 5530,763, 4720,764, 5531,765, 5532,766, 5533,767, 5534,768, 5535,769, 5536,770, 5537,771, 5538,772, 5539,773, 5540,774, 5541,775, 5542,776, 5543,777, 5544,778, 5545,779, 5545,780, 5546,781, 5546,782, 5547,783, 5548,784, 5549,785, 5550,786, 5551,787, 5552,788, 5553,789, 5554,790, 5555,791, 5556,792, 5557,793, 5558,794, 5559,795, 5559,796, 5560,797, 5561,798, 5562,799, 5563,800, 5564,801, 5565,802, 5566,803, 5567,804, 5568,805, 5569,806, 5570,807, 5571,808, 5572,809, 5573,810, 5574,811, 5575,812, 5576,813, 5577,814, 5578,815, 5579,816, 5580,817, 5581,818, 5582,819, 5583,820, 5584,821, 5585,822, 5585,823, 5586,824, 5587,825, 5588,826, 5589,827, 5590,828, 5591,829, 5592,830, 5592,831, 5593,832, 5594,833, 5595,834, 5596,835, 5597,836, 5598,837, 5599,838, 5600,839, 5601,840, 5602,841, 5603,842, 5604,843, 5605,844, 5606,845, 5607,846, 5608,847, 5609,848, 5610,849, 5611,850, 5612,851, 4881,852, 5613,853, 5614,854, 5615,855, 5616,856, 5617,857, 5618,858, 5619,859, 5620,860, 5621,861, 5622,862, 5623,863, 5624,864, 5625,865, 5626,866, 5627,867, 5628,868, 5628,869, 5629,870, 5630,871, 5631,872, 5631,873, 5632,874, 5633,875, 5634,876, 5635,877, 5636,878, 5637,879, 5638,880, 5639,881, 5640,882, 5641,883, 5642,884, 5643,885, 5644,886, 5645,887, 5646,888, 5647,889, 5648,890, 5649,891, 5650,892, 5651,893, 5652,894, 5653,895, 5654,896, 5655,897, 5656,898, 5657,899, 5658,900, 4827,901, 5659,902, 5659,903, 5660,904, 5661,905, 5662,906, 5663,907, 5664,908, 5665,909, 5666,910, 5667,911, 5668,912, 5669,913, 5670,914, 5671,915, 5672,916, 5672,917, 5673,918, 5673,919, 5674,920, 5674,921, 5674,922, 5675,923, 5676,924, 5677,925, 5678,926, 5679,927, 5680,928, 5680,929, 5681,930, 5682,931, 5683,932, 5684,933, 5684,934, 5685,935];
